age,gender,country,subscription_type,primary_device,monthly_fee,account_age_months,devices_used,completion_rate,cost_per_hour,churned
49.0,Female,USA,Premium,Smart TV,0.11,26,5,0.9839829059829059,0.008509541000515729,0
35.03946643148495,Male,USA,Standard,Mobile,0.11,1,5,0.8884274509803922,0.008022365382277866,0
41.0,Male,Canada,Standard,Gaming Console,0.14,18,5,0.49575757575757573,0.012791228871630882,0
56.0,Male,USA,Premium+,Mobile,0.15,19,4,0.7268333333333333,0.025380710659898477,0
37.0,Female,USA,Premium+,Desktop,0.25,3,4,0.8859999999999999,0.0528727529080014,1
14.0,Male,USA,Basic,Gaming Console,0.25,27,5,1.0068947368421053,0.018992149911369965,0
35.03946643148495,Male,USA,Standard,Tablet,0.27,19,5,0.7732222222222223,0.02624756966947505,0
26.0,Female,Canada,Standard,Desktop,0.34,35,5,0.7845320512820513,0.035546262415054895,1
51.0,Other,USA,Standard,Gaming Console,0.35,12,5,0.7918585858585858,0.043059257740414185,0
53.0,Male,Canada,Standard,Smart TV,0.38,13,5,0.649923076923077,0.02815857725083364,1
41.0,Male,USA,Premium,Laptop,0.39,4,5,0.7525256410256411,0.03807973962571196,1
36.0,Female,USA,Premium,Mobile,0.39,7,4,0.5787142857142857,0.07158152340165187,0
23.0,Female,USA,Standard,Smart TV,0.4,20,5,0.7565454545454545,0.05752636625119846,0
58.0,Male,USA,Standard,Gaming Console,0.41,2,5,0.98775,0.024243618803587264,1
29.0,Other,Canada,Basic,Smart TV,0.41,4,5,0.9924454545454546,0.03460889138998311,0
41.0,Male,USA,Premium,Smart TV,0.42,11,4,0.6893333333333334,0.08061420345489444,0
45.0,Prefer not to say,USA,Standard,Smart TV,0.42,1,5,0.7973636363636364,0.04888457807953443,0
40.0,Female,Canada,Premium,Mobile,0.44,14,5,0.6914615384615385,0.030530819937550593,0
35.03946643148495,Male,USA,Premium,Mobile,0.45,9,5,0.7017857142857143,0.029983342587451417,1
43.0,Female,Canada,Basic,Desktop,0.49,21,5,0.828875,0.07867273213807865,0
21.0,Male,Canada,Premium+,Smart TV,0.51,36,4,0.414,0.5057851239669422,0
6.0,Male,USA,Premium+,Smart TV,0.51,11,5,0.7101666666666666,0.08872136851261234,0
44.0,Male,USA,Premium,Desktop,0.53,19,5,0.6494461538461539,0.061867704280155644,0
35.0,Female,USA,Standard,Gaming Console,0.53,27,5,0.7144722222222222,0.0480072463768116,0
17.0,Male,USA,Standard,Smart TV,0.53,34,5,1.0333333333333332,0.09174841315637622,0
2.0,Male,USA,Basic,Smart TV,0.54,33,5,0.6103,0.05731470015920749,0
33.0,Female,Canada,Standard,Gaming Console,0.57,30,5,0.8772307692307693,0.041560335399197956,0
53.0,Prefer not to say,Canada,Premium,Desktop,0.6,18,5,0.5778253968253968,0.08843036109064112,0
33.0,Other,USA,Premium+,Gaming Console,0.6,35,5,1.1816666666666666,0.08152173913043477,0
50.0,Male,Canada,Premium,Laptop,0.62,14,4,0.48714285714285716,0.0791152700978307,0
39.0,Female,USA,Premium,Desktop,0.66,27,5,0.8107333333333333,0.05888475836431227,0
49.0,Male,Canada,Premium,Gaming Console,0.67,34,5,0.7426875,0.04929491109748621,0
22.0,Female,USA,Standard,Desktop,0.67,35,5,0.9035274725274725,0.03211375619108484,1
49.0,Male,Canada,Premium,Gaming Console,0.67,34,5,0.7426875,0.04929491109748621,0
13.0,Male,USA,Standard,Smart TV,0.68,25,4,0.5142857142857142,0.08036241875123104,0
30.0,Male,USA,Basic,Gaming Console,0.69,26,5,0.7609696969696969,0.11619421835531854,0
42.0,Male,Canada,Premium,Mobile,0.72,18,5,0.7928571428571429,0.27050720100187853,1
42.0,Male,Canada,Premium+,Smart TV,0.72,27,5,1.2172,0.11560074926411558,0
35.0,Prefer not to say,USA,Premium,Smart TV,0.74,16,4,0.7464666666666666,0.15411315515446025,0
58.0,Male,Canada,Standard,Desktop,0.74,33,5,0.7647000000000002,0.06837080381890977,1
41.0,Other,USA,Premium+,Smart TV,0.75,35,5,0.38049999999999995,0.13066202090592335,0
19.0,Female,USA,Standard,Desktop,0.76,16,5,0.5144,0.1888198757763975,1
34.0,Other,USA,Standard,Gaming Console,0.76,35,5,0.7909722222222222,0.0867414875404223,0
35.03946643148495,Male,Canada,Premium,Smart TV,0.77,18,5,0.7088181818181818,0.0630802839978154,0
24.0,Male,Canada,Premium,Smart TV,0.77,20,5,0.9769999999999999,0.12833333333333333,0
37.0,Male,USA,Premium,Laptop,0.78,19,5,0.523986111111111,0.0849210669569951,0
29.0,Male,USA,Basic,Smart TV,0.8,14,5,0.5522461538461538,0.07471980074719801,0
27.0,Other,Canada,Premium+,Smart TV,0.81,6,4,0.5592,0.08073089700996679,1
22.0,Female,Canada,Basic,Desktop,0.81,7,5,0.7488888888888888,0.11679884643114635,1
22.0,Female,Canada,Basic,Desktop,0.81,7,5,0.7488888888888888,0.11679884643114635,1
58.0,Female,USA,Premium,Gaming Console,0.82,9,5,0.8840989010989011,0.08253648716658278,0
50.0,Male,USA,Premium,Gaming Console,0.83,21,5,0.7334545454545455,0.09217101610216545,1
28.0,Female,USA,Standard,Laptop,0.83,24,5,0.8625714285714285,0.09092568924593755,0
43.0,Male,USA,Basic,Gaming Console,0.86,1,5,0.6244571428571428,0.0979684830074046,0
19.0,Male,USA,Standard,Laptop,0.87,18,5,0.8464945054945054,0.05844155844155844,0
27.0,Male,USA,Premium,Mobile,0.88,13,5,0.5454848484848485,0.04821037253469686,0
36.0,Male,USA,Standard,Gaming Console,0.89,23,5,0.9893333333333333,0.21411387329591017,0
9.0,Male,USA,Standard,Laptop,0.9,13,5,0.9612083333333332,0.1066772026866851,0
35.03946643148495,Other,USA,Premium,Laptop,0.91,18,5,0.680121212121212,0.1301859799713877,0
35.0,Female,Canada,Premium,Desktop,0.92,3,5,0.7064999999999999,0.06473554591298229,0
15.0,Female,USA,Standard,Smart TV,0.94,11,4,0.514,0.12879652888787393,0
47.0,Male,USA,Standard,Desktop,0.94,8,5,0.7857692307692308,0.06514958992722651,0
49.0,Female,USA,Premium,Laptop,0.94,23,4,0.5785,0.11648079306071871,0
31.0,Female,USA,Premium,Desktop,0.95,16,5,1.163,0.12385919165580181,1
18.0,Male,USA,Basic,Laptop,0.96,24,4,0.6126825396825397,0.11522304460892177,0
35.03946643148495,Male,USA,Premium+,Laptop,0.98,13,5,0.8715555555555555,0.07125545322346097,0
39.0,Male,USA,Basic,Tablet,0.98,36,5,0.5295,0.05719844357976655,0
44.0,Male,Canada,Standard,Desktop,0.99,30,5,0.6562857142857144,0.2091549295774648,0
35.03946643148495,Female,USA,Standard,Mobile,1.0,23,5,0.7548333333333332,0.12185215272136474,0
33.0,Female,USA,Standard,Mobile,1.0,7,5,0.8006923076923076,0.10978956999085088,1
32.0,Male,Canada,Premium+,Laptop,1.01,23,5,0.6426999999999999,0.0624871107444834,1
42.0,Male,USA,Standard,Mobile,1.04,15,5,0.6158666666666667,0.10878661087866108,1
36.0,Male,USA,Premium,Gaming Console,1.05,23,5,0.8054047619047618,0.055737414845616215,0
40.0,Female,USA,Standard,Tablet,1.05,14,4,0.7221111111111111,0.0826663167563312,0
30.0,Male,Canada,Premium,Smart TV,1.06,1,4,0.7886363636363636,0.16257668711656442,0
18.0,Male,USA,Premium,Mobile,1.08,6,5,0.7988,0.21238938053097348,0
31.0,Female,USA,Premium,Smart TV,1.11,22,4,0.4794285714285714,0.09725467289719626,0
14.0,Male,Canada,Premium+,Laptop,1.12,1,5,1.1205384615384615,0.09828872312417727,0
38.0,Female,USA,Standard,Tablet,1.12,17,5,0.9237124183006535,0.06204413258240237,0
37.0,Male,USA,Premium,Desktop,1.12,36,5,0.52875,0.11818501582835035,1
18.0,Female,USA,Standard,Gaming Console,1.13,18,5,0.7665952380952381,0.0919571409195714,0
35.03946643148495,Male,USA,Premium,Smart TV,1.14,3,5,0.766909090909091,0.21550094517958407,0
35.0,Female,USA,Premium,Smart TV,1.15,4,5,0.34950000000000003,0.37766830870279144,1
35.0,Male,USA,Standard,Laptop,1.16,6,5,1.0614444444444444,0.31536021748980514,1
40.0,Female,USA,Basic,Smart TV,1.17,27,5,0.9435694444444445,0.12374405076679003,0
25.0,Male,USA,Premium,Desktop,1.17,30,5,0.7721153846153845,0.07991803278688525,0
39.0,Prefer not to say,USA,Standard,Gaming Console,1.17,27,5,0.8444545454545455,0.14014773407865838,0
26.0,Male,Canada,Basic,Desktop,1.19,35,5,0.9884285714285714,0.15531868609963018,1
42.0,Female,USA,Premium,Desktop,1.2,14,5,0.9712857142857142,0.24144869215291748,0
39.0,Male,USA,Basic,Gaming Console,1.2,7,5,0.6390972222222222,0.10160880609652836,1
19.0,Female,USA,Standard,Laptop,1.2,26,5,0.5334444444444444,0.13904982618771725,0
39.0,Male,USA,Premium+,Mobile,1.22,24,4,0.6382,0.3961038961038961,0
13.0,Male,USA,Premium+,Desktop,1.22,30,4,0.24666666666666667,0.3607688516510596,0
14.0,Female,USA,Premium,Smart TV,1.22,15,5,0.6619999999999999,0.2238532110091743,0
28.0,Female,Canada,Standard,Tablet,1.23,29,4,0.8862142857142857,0.28516228748068007,0
30.0,Male,USA,Basic,Mobile,1.24,31,3,0.5602857142857143,0.19140725495240543,0
18.0,Female,Canada,Basic,Tablet,1.24,18,5,0.6845959595959596,0.10991283793765697,0
26.0,Male,Canada,Premium,Gaming Console,1.25,7,5,0.949125,0.14223402237815283,1
35.03946643148495,Female,USA,Standard,Tablet,1.25,8,5,1.0282499999999999,0.22658610271903323,0
56.0,Female,USA,Basic,Tablet,1.26,2,5,0.9339999999999999,0.40106100795755967,0
29.0,Female,Canada,Premium,Mobile,1.26,23,5,0.8736272727272727,0.15815899581589957,0
38.0,Female,USA,Standard,Laptop,1.27,34,5,0.8125604395604396,0.09283625730994151,0
35.03946643148495,Male,USA,Basic,Desktop,1.28,11,5,1.305404761904762,0.21874109940187977,0
22.0,Female,USA,Basic,Laptop,1.31,3,5,0.7110303030303029,0.12411179535765039,0
31.0,Female,USA,Premium,Desktop,1.31,33,5,0.695125,0.26491405460060663,0
30.0,Female,Canada,Standard,Smart TV,1.31,20,4,0.6904,0.25511197663096397,0
38.0,Male,USA,Standard,Tablet,1.31,2,5,0.893888888888889,0.16392075078206467,0
42.0,Male,USA,Premium,Gaming Console,1.32,8,5,0.8300000000000001,0.15636722606120435,0
18.0,Male,USA,Standard,Desktop,1.32,32,4,0.8004444444444444,0.16404308202154103,0
56.0,Male,Canada,Standard,Gaming Console,1.32,32,4,0.5578333333333333,0.27300930713547056,0
44.0,Male,Canada,Basic,Mobile,1.32,14,5,0.43386666666666673,0.2802547770700637,0
42.0,Male,Canada,Standard,Gaming Console,1.34,29,5,0.5535824175824176,0.15548249854960355,0
59.0,Female,USA,Basic,Laptop,1.34,3,5,0.599,0.1968176254589963,0
34.0,Other,USA,Premium+,Gaming Console,1.35,31,4,0.381125,0.20636942675159237,1
32.0,Female,Canada,Standard,Desktop,1.35,26,5,0.8572857142857143,0.19036427732079905,0
43.0,Female,USA,Basic,Smart TV,1.36,27,5,0.7418888888888888,0.1608515671200473,1
29.0,Female,USA,Standard,Mobile,1.36,35,5,0.6901999999999999,0.12339331619537273,0
33.0,Female,Canada,Premium,Laptop,1.36,25,3,1.2185,0.34767788666382615,1
11.0,Female,Canada,Premium+,Gaming Console,1.36,5,5,0.5970333333333333,0.05545738752208782,0
44.0,Female,Canada,Premium,Laptop,1.36,12,5,0.6446904761904761,0.3693979176097782,0
33.0,Female,Canada,Premium,Laptop,1.36,25,3,1.2185,0.34767788666382615,1
35.03946643148495,Female,Canada,Basic,Desktop,1.37,22,5,0.6265833333333334,0.1462373243195161,0
35.03946643148495,Female,Canada,Premium,Smart TV,1.37,25,4,0.6661111111111111,0.10494063577173497,0
3.0,Male,USA,Premium,Tablet,1.4,9,5,0.6170606060606061,0.12507444907683143,0
49.0,Male,USA,Premium+,Smart TV,1.4,2,5,1.0766363636363636,0.15426997245179064,0
20.0,Male,USA,Premium,Smart TV,1.41,32,5,0.763951048951049,0.11860367306883499,0
46.0,Female,USA,Standard,Smart TV,1.42,29,5,0.683909090909091,0.08888888888888889,0
46.0,Female,USA,Premium,Desktop,1.42,24,5,0.503125,0.19013613032805177,0
53.0,Male,Canada,Basic,Laptop,1.44,18,5,0.7805272727272727,0.16561242093156986,0
43.0,Male,USA,Basic,Mobile,1.44,17,5,0.643875,0.24344885883347417,1
43.0,Female,USA,Standard,Mobile,1.44,19,5,0.6231515151515151,0.09794807844915543,0
36.0,Female,USA,Premium,Smart TV,1.45,4,5,0.7483333333333333,0.13043478260869565,0
43.0,Female,Canada,Basic,Laptop,1.46,3,5,0.6846041666666667,0.09771332961517011,1
35.03946643148495,Female,Canada,Basic,Tablet,1.46,15,4,0.6831111111111111,0.1130030959752322,0
39.0,Male,USA,Premium,Tablet,1.47,10,5,0.6049166666666667,0.09242376611128575,0
28.0,Male,Canada,Basic,Desktop,1.48,21,5,0.7696923076923077,0.06584606258341984,0
55.0,Other,USA,Premium,Laptop,1.48,36,5,0.7408888888888889,0.19486504279131006,0
39.0,Male,USA,Premium,Tablet,1.48,16,5,1.0716999999999999,0.23692636072572038,0
48.0,Other,Canada,Standard,Tablet,1.48,7,5,0.518125,0.11767824012721972,0
32.0,Female,USA,Premium,Gaming Console,1.49,8,5,0.8900692307692306,0.11323622545915137,0
53.0,Male,Canada,Standard,Laptop,1.49,22,5,1.1184285714285713,0.17755710029791458,0
54.0,Female,USA,Premium,Gaming Console,1.49,19,5,0.6744166666666667,0.23763955342902712,0
39.0,Male,USA,Premium,Smart TV,1.49,6,5,0.7071190476190475,0.08793154322809088,0
51.0,Female,USA,Premium,Desktop,1.5,2,5,0.8086923076923076,0.1309662398137369,0
41.0,Female,USA,Standard,Desktop,1.5,14,5,0.6452,0.17653981953707337,0
35.03946643148495,Female,Canada,Premium,Tablet,1.51,33,5,0.8681666666666665,0.2463965189012782,0
50.0,Male,Canada,Standard,Tablet,1.51,20,5,0.7366666666666666,0.11069028711056811,0
47.0,Other,USA,Premium+,Gaming Console,1.53,26,5,0.5035714285714286,0.36515513126491644,0
35.03946643148495,Prefer not to say,USA,Standard,Mobile,1.53,18,5,0.8689090909090909,0.08995590396864281,0
33.0,Other,USA,Standard,Laptop,1.54,14,5,0.7867999999999999,0.1253221212532212,0
55.0,Female,USA,Premium,Mobile,1.54,8,5,0.850875,0.3502653525398029,0
35.03946643148495,Female,USA,Premium,Desktop,1.55,23,5,0.7065128205128205,0.07824331145885917,1
22.0,Male,USA,Premium,Tablet,1.57,13,5,1.0899444444444444,0.15409782430885,0
22.0,Male,USA,Premium,Desktop,1.59,21,5,0.564120879120879,0.12547678547941601,1
33.0,Female,USA,Standard,Tablet,1.59,35,4,0.7348333333333334,0.19670103092783506,1
28.0,Female,USA,Premium+,Desktop,1.59,28,5,0.6290833333333333,0.05725259557102563,1
26.0,Female,USA,Basic,Mobile,1.62,2,5,1.128969696969697,0.08022449653350942,0
60.0,Female,USA,Basic,Smart TV,1.62,12,5,0.7012,0.1777940369489665,0
30.0,Female,Canada,Standard,Tablet,1.62,2,4,0.7472857142857143,0.1602373887240356,0
50.0,Male,Canada,Premium,Tablet,1.63,8,5,0.7937176470588235,0.09892777665385392,0
52.0,Male,Canada,Premium+,Gaming Console,1.63,8,5,0.8104615384615385,0.10261252754170601,0
41.0,Male,Canada,Standard,Laptop,1.65,4,5,0.8724285714285713,0.12843798650752464,1
25.0,Male,USA,Premium,Desktop,1.66,25,5,0.4459696969696969,0.1425912670007158,0
22.0,Male,Canada,Standard,Mobile,1.67,9,5,0.7279848484848486,0.20866305705955848,0
33.0,Female,USA,Basic,Gaming Console,1.67,5,5,0.5938181818181818,0.17665726375176302,0
35.0,Female,Canada,Premium,Smart TV,1.68,16,5,0.5675757575757576,0.19534883720930232,0
44.0,Male,USA,Premium,Gaming Console,1.68,4,5,0.6864285714285715,0.4144736842105264,0
27.0,Male,USA,Premium,Mobile,1.69,29,5,0.5922380952380952,0.16213623281100095,0
32.0,Male,Canada,Premium,Gaming Console,1.69,32,5,0.80975,0.24569905500363456,0
32.0,Male,USA,Standard,Laptop,1.7,25,5,0.8059090909090909,0.13410465422035234,0
28.0,Male,USA,Premium,Tablet,1.7,31,5,0.5755897435897436,0.10857994464551841,0
40.0,Male,USA,Standard,Mobile,1.71,30,5,0.795918181818182,0.2688679245283019,0
20.0,Prefer not to say,Canada,Premium,Gaming Console,1.71,30,5,0.594,0.5585193249863909,0
17.0,Female,Canada,Basic,Tablet,1.71,2,5,0.6952,0.17048853439680955,0
35.03946643148495,Male,USA,Premium,Laptop,1.72,1,4,0.5675714285714286,0.3251417769376181,1
27.0,Female,USA,Basic,Gaming Console,1.72,30,5,0.8401031746031746,0.09365641165260007,1
35.03946643148495,Male,USA,Premium+,Laptop,1.72,24,4,0.29210714285714284,0.34983050847457625,0
18.0,Male,Canada,Premium,Smart TV,1.73,1,5,0.9611904761904762,0.1634130982367758,0
61.0,Male,USA,Basic,Mobile,1.74,14,5,0.6859285714285714,0.13780359028511088,0
22.0,Female,USA,Premium+,Gaming Console,1.74,10,4,0.758,0.31164179104477613,0
30.0,Female,Canada,Premium,Desktop,1.75,12,5,0.7972181818181818,0.12694958287994196,0
27.0,Male,USA,Standard,Gaming Console,1.76,36,5,0.488875,0.22110552763819097,0
24.0,Male,Canada,Basic,Gaming Console,1.76,29,5,0.4118888888888889,0.24569567240577014,0
31.0,Male,USA,Premium+,Desktop,1.76,31,5,0.7989999999999999,0.18235192540148507,0
19.0,Female,USA,Premium,Tablet,1.76,13,5,0.8431666666666666,0.6041189931350115,0
30.0,Female,USA,Premium+,Smart TV,1.77,10,5,0.6821428571428572,0.14247383954923531,0
28.0,Female,USA,Standard,Smart TV,1.78,21,5,0.6973636363636364,0.13685289595079445,0
35.03946643148495,Female,USA,Standard,Mobile,1.78,27,5,0.6969861111111111,0.08857190247138828,0
55.0,Female,USA,Standard,Mobile,1.79,24,5,1.0938333333333334,0.13169834457388105,1
38.0,Female,Canada,Premium+,Smart TV,1.79,34,5,0.8251111111111111,0.27128062642081335,0
44.0,Male,USA,Standard,Desktop,1.8,8,5,0.5858749999999999,0.11396011396011396,0
31.0,Male,USA,Premium,Mobile,1.8,32,5,0.8415681818181817,0.15358361774744028,0
50.0,Male,USA,Standard,Desktop,1.82,12,5,0.86175,0.21701112877583467,0
19.0,Female,USA,Premium+,Mobile,1.82,12,5,0.7965714285714285,0.2389496717724289,0
36.0,Female,USA,Premium,Laptop,1.82,24,5,1.1276363636363635,0.1379833206974981,1
35.03946643148495,Male,Canada,Standard,Desktop,1.83,27,5,0.7052539682539682,0.09481865284974093,0
31.0,Female,USA,Standard,Gaming Console,1.84,8,5,0.601125,0.2689403166869671,0
35.0,Male,Canada,Standard,Smart TV,1.84,36,5,0.61875,0.2667310944672626,0
27.0,Male,USA,Premium+,Mobile,1.85,34,5,0.9147272727272727,0.21734873702760918,0
52.0,Female,USA,Premium+,Laptop,1.87,9,5,0.8517820512820513,0.24828501880947113,0
30.0,Male,Canada,Standard,Mobile,1.87,5,5,0.8046,0.27973074046372476,0
49.0,Female,Canada,Basic,Tablet,1.87,19,5,0.7295714285714285,0.21769499417927823,1
43.0,Female,Canada,Premium,Mobile,1.88,19,5,0.8332857142857144,0.10093959731543624,1
37.0,Female,USA,Basic,Tablet,1.88,16,5,1.1026545454545453,0.19321685508735867,0
45.0,Other,USA,Premium,Mobile,1.89,3,5,0.8461587301587301,0.24329543016520058,0
17.0,Male,USA,Standard,Gaming Console,1.9,34,4,0.7025,0.20415472779369623,0
35.03946643148495,Female,Canada,Basic,Desktop,1.9,15,5,0.5964965034965035,0.19533927347498287,0
48.0,Female,USA,Basic,Laptop,1.91,10,5,0.5750333333333334,0.14974519796158367,0
33.0,Prefer not to say,Canada,Basic,Smart TV,1.91,22,5,0.8882142857142857,0.17920250195465207,0
62.0,Male,Canada,Premium,Smart TV,1.91,10,5,0.667125,0.3580131208997188,1
33.0,Prefer not to say,Canada,Basic,Smart TV,1.91,22,5,0.8882142857142857,0.17920250195465207,0
42.0,Female,Canada,Premium,Mobile,1.92,34,5,0.7207272727272727,0.06874738915080264,1
27.0,Male,USA,Premium+,Tablet,1.92,36,5,0.7576666666666667,0.44530344027831453,0
13.0,Male,USA,Basic,Smart TV,1.92,26,5,0.6588455882352942,0.2029240796195173,0
37.0,Male,Canada,Standard,Tablet,1.93,33,4,0.671,0.2719586660403945,0
54.0,Male,USA,Premium,Smart TV,1.93,25,5,0.8043333333333333,0.23109159848333666,0
27.0,Other,USA,Standard,Laptop,1.94,7,5,0.7430000000000001,0.13438005079658277,0
51.0,Prefer not to say,Canada,Basic,Smart TV,1.94,13,5,0.6247142857142858,0.35294117647058815,0
35.03946643148495,Female,USA,Standard,Mobile,1.94,9,5,0.8257777777777777,0.21408865183005332,0
44.0,Male,USA,Premium,Mobile,1.95,4,5,0.8370980392156862,0.11816988183011816,0
40.0,Male,USA,Basic,Mobile,1.96,21,5,0.6062500000000001,0.25427027027027027,0
32.0,Male,USA,Basic,Tablet,1.97,10,5,0.6625714285714286,0.27475592747559274,0
55.0,Male,USA,Standard,Gaming Console,1.98,36,5,0.7264285714285714,0.3978566644340254,0
10.0,Other,USA,Premium,Tablet,1.98,27,5,0.518,0.18473021303063286,0
29.0,Female,USA,Premium,Tablet,1.99,31,5,0.882,0.35273264401772525,0
30.0,Female,USA,Standard,Tablet,1.99,3,3,0.57925,0.77734375,0
12.0,Male,USA,Premium+,Desktop,1.99,20,4,0.8038888888888889,0.2598476605005441,0
33.0,Female,USA,Premium+,Laptop,1.99,32,5,0.7042820512820512,0.22255358807082945,0
26.0,Female,USA,Premium,Desktop,2.0,5,4,0.8241142857142857,0.345821325648415,0
18.0,Female,USA,Premium+,Smart TV,2.0,8,5,0.972,0.44166359955833634,0
19.0,Other,USA,Premium,Laptop,2.0,22,5,0.81,0.4652966265994571,0
26.0,Female,USA,Premium,Desktop,2.0,5,4,0.8241142857142857,0.345821325648415,0
47.0,Male,USA,Premium+,Smart TV,2.01,5,5,0.861,0.3006731488406881,1
25.0,Female,USA,Standard,Desktop,2.01,7,4,0.7390666666666665,0.18962264150943395,0
43.0,Male,Canada,Standard,Desktop,2.01,27,5,0.608030303030303,0.17805994389487673,0
21.0,Female,USA,Standard,Laptop,2.01,15,4,0.6889722222222222,0.23138910207214117,0
35.0,Prefer not to say,USA,Basic,Tablet,2.01,2,4,1.0207272727272727,0.14538878842676312,0
33.0,Prefer not to say,Canada,Standard,Gaming Console,2.02,15,4,0.7806904761904763,0.37143732761262643,1
35.03946643148495,Male,USA,Standard,Desktop,2.03,31,5,0.8392727272727273,0.1529766390354182,0
28.0,Male,USA,Premium+,Gaming Console,2.03,34,5,0.9941538461538462,0.07576982892690512,0
95.0,Female,USA,Basic,Smart TV,2.03,19,4,0.8583333333333334,0.3058764439979909,0
49.0,Male,Canada,Premium,Tablet,2.03,10,5,0.5678333333333334,0.3254074271974352,0
30.0,Male,USA,Standard,Laptop,2.04,22,5,0.52425,0.43512264486313545,0
42.0,Female,USA,Standard,Desktop,2.04,7,5,0.8107380952380951,0.07801644464274332,0
14.0,Prefer not to say,USA,Premium,Smart TV,2.05,2,5,0.7767142857142857,0.09235620964108725,1
20.0,Male,USA,Standard,Laptop,2.06,17,5,0.868698717948718,0.14875436273919848,0
56.0,Female,Canada,Premium+,Desktop,2.06,30,4,0.736,2.153310104529617,0
24.0,Male,USA,Basic,Smart TV,2.06,24,5,0.36542424242424243,0.1842026825633383,0
61.0,Male,USA,Premium,Tablet,2.07,36,4,0.851,0.18517966303861633,0
31.0,Female,USA,Basic,Tablet,2.07,15,4,0.5661111111111111,0.3380511703864997,0
24.0,Female,Canada,Premium,Smart TV,2.08,9,4,0.9924999999999999,0.19942473633748803,1
18.0,Male,USA,Standard,Smart TV,2.1,31,5,1.2572,1.6600790513833994,0
20.0,Female,Canada,Premium,Mobile,2.1,23,5,0.8198697478991597,0.14750643877312103,0
37.0,Male,USA,Standard,Desktop,2.1,1,4,0.8015,0.30266634638481865,0
35.03946643148495,Male,USA,Standard,Tablet,2.11,31,5,0.7055476190476191,0.09454817027632563,1
44.0,Male,USA,Premium+,Tablet,2.11,11,5,0.6057777777777777,0.2851351351351351,0
29.0,Male,USA,Standard,Gaming Console,2.12,13,5,0.8428585858585859,0.27652173913043476,0
38.0,Female,Canada,Premium,Tablet,2.13,22,5,0.679875,0.28268082282680823,0
16.0,Male,Canada,Standard,Laptop,2.14,27,5,0.6012500000000001,2.6097560975609757,1
36.0,Male,USA,Premium,Laptop,2.14,36,4,0.6913333333333334,0.2743003631702628,1
21.0,Female,Canada,Basic,Laptop,2.14,14,4,0.3735,0.47101980924431397,0
31.0,Female,USA,Premium,Smart TV,2.15,10,5,0.8187062937062937,0.16731517509727625,0
33.0,Male,Canada,Standard,Gaming Console,2.16,18,5,1.2795714285714284,0.37209302325581395,0
39.0,Female,USA,Premium,Desktop,2.16,10,4,0.8091794871794872,0.257040856802856,0
21.0,Female,USA,Standard,Laptop,2.16,1,5,0.4751111111111111,0.3917775090689238,0
40.0,Female,USA,Basic,Tablet,2.16,6,5,0.4994722222222222,0.22476586888657646,0
33.0,Female,USA,Basic,Laptop,2.17,24,5,0.9886363636363635,0.14350270031962967,0
36.0,Female,USA,Premium,Tablet,2.18,8,4,0.6262307692307693,0.16916709777547853,0
39.0,Male,USA,Standard,Tablet,2.18,21,5,0.8180000000000001,0.17333686721441827,0
27.0,Female,Canada,Standard,Smart TV,2.19,34,5,0.8611428571428571,0.27993182786536,0
32.0,Male,USA,Standard,Smart TV,2.19,29,5,0.6113090909090909,0.1893917555491496,0
45.0,Male,Canada,Standard,Mobile,2.19,28,5,0.6329358974358974,0.14203869851907902,0
28.0,Male,Canada,Premium,Laptop,2.2,12,4,0.6744444444444444,0.2646351242983159,0
26.0,Female,USA,Basic,Gaming Console,2.2,11,4,0.9470666666666665,0.49943246311010214,0
35.0,Other,USA,Premium+,Tablet,2.2,30,5,0.9775694444444444,0.39204039204039204,0
35.03946643148495,Male,USA,Premium,Mobile,2.2,36,4,0.742,0.3486529318541997,0
35.03946643148495,Male,Canada,Premium,Tablet,2.2,28,5,0.7607181818181818,0.291583830351226,1
28.0,Male,Canada,Premium,Laptop,2.2,12,4,0.6744444444444444,0.2646351242983159,0
48.0,Prefer not to say,Canada,Basic,Smart TV,2.21,28,5,0.7459285714285715,0.26831242411978956,0
37.0,Female,Canada,Basic,Laptop,2.22,32,5,0.4546428571428571,0.16497399058706963,0
35.0,Male,USA,Basic,Laptop,2.22,8,4,0.7455694444444445,0.2023701002734731,0
41.0,Male,Canada,Basic,Mobile,2.22,30,5,0.7847142857142857,0.12206744868035191,0
33.0,Male,Canada,Premium,Gaming Console,2.22,24,4,0.9914363636363636,0.20457686991245586,0
39.0,Female,USA,Premium,Gaming Console,2.22,20,5,0.6916470588235294,0.11706802601511691,0
47.0,Female,USA,Premium,Laptop,2.23,33,5,0.6078,0.1390418788319651,0
44.0,Female,USA,Standard,Mobile,2.24,30,5,0.5651,0.21924959216965745,0
37.0,Male,USA,Basic,Gaming Console,2.25,9,5,0.8557142857142856,0.9513742071881606,0
52.0,Other,USA,Basic,Desktop,2.25,28,4,0.7326825396825396,0.2651217596229379,0
35.03946643148495,Male,USA,Premium,Gaming Console,2.25,36,5,0.8943333333333334,0.9164969450101834,0
22.0,Female,Canada,Standard,Gaming Console,2.26,26,5,0.5989682539682539,0.14724725811705938,0
27.0,Male,Canada,Standard,Tablet,2.26,20,5,0.750525641025641,0.29180116204002576,0
28.0,Female,USA,Standard,Desktop,2.27,4,5,0.6007142857142858,0.2085758039816233,0
-4.0,Female,Canada,Standard,Gaming Console,2.27,11,5,0.6759666666666666,0.12547213265776141,0
18.0,Prefer not to say,USA,Basic,Tablet,2.28,32,5,0.7929999999999999,0.3722448979591836,0
53.0,Female,USA,Basic,Tablet,2.29,31,4,0.45557142857142857,0.2595881352730021,0
14.0,Female,USA,Standard,Mobile,2.29,33,5,0.69625,0.4721649484536083,0
24.0,Female,USA,Basic,Laptop,2.3,21,4,0.7165192307692307,0.19071310116086232,0
24.0,Female,Canada,Premium,Gaming Console,2.3,33,5,0.881,0.28465346534653463,0
24.0,Female,Canada,Premium,Gaming Console,2.3,33,5,0.881,0.28465346534653463,0
29.0,Prefer not to say,USA,Premium+,Tablet,2.31,8,4,0.4787070707070707,0.11372774267662265,0
30.0,Male,USA,Standard,Laptop,2.31,24,5,1.1177777777777778,0.1451917033312382,0
23.0,Male,USA,Premium,Tablet,2.32,31,5,0.6703333333333333,0.3996554694229112,0
25.0,Female,USA,Standard,Tablet,2.32,2,5,0.6933666666666667,0.21488113615313362,0
33.0,Male,Canada,Basic,Desktop,2.32,10,5,0.339375,0.7091186958736627,0
29.0,Female,Canada,Standard,Laptop,2.33,29,5,0.7117777777777778,0.19662447257383966,0
37.0,Prefer not to say,USA,Standard,Tablet,2.33,6,5,0.4692,0.1881814510701306,0
41.0,Female,Canada,Standard,Desktop,2.33,29,5,0.8321025641025641,0.10353254832259498,0
35.03946643148495,Male,Canada,Standard,Smart TV,2.33,24,5,0.97725,0.4208308248043347,0
38.0,Other,Canada,Premium+,Gaming Console,2.33,23,5,0.6810849673202616,0.17153374233128835,0
51.0,Male,Canada,Standard,Laptop,2.34,28,5,0.8245833333333333,0.49245878639074003,0
94.0,Female,USA,Premium,Gaming Console,2.34,8,5,0.5871111111111111,0.14835164835164835,0
26.0,Female,USA,Standard,Desktop,2.35,32,5,0.6620833333333334,0.2598599336527829,0
29.0,Female,USA,Premium,Laptop,2.35,33,4,0.6836666666666666,0.12799564270152505,0
35.03946643148495,Male,Canada,Standard,Mobile,2.35,22,5,0.876012987012987,0.1729000613120785,0
36.0,Female,USA,Standard,Laptop,2.35,32,5,1.2746,0.45366795366795365,0
29.0,Male,USA,Basic,Desktop,2.36,21,5,0.44876923076923075,0.1220479227719359,0
18.0,Female,USA,Basic,Desktop,2.36,22,5,0.39399999999999996,0.4404354587869362,0
45.0,Female,USA,Premium,Tablet,2.36,14,5,0.8962757352941176,0.2165137614678899,0
39.0,Male,Canada,Basic,Smart TV,2.36,34,5,0.8751272727272726,0.4014743407995463,0
42.0,Female,Canada,Premium+,Smart TV,2.36,25,5,0.9676923076923077,0.16208791208791207,0
26.0,Female,Canada,Premium,Mobile,2.36,34,5,0.7899285714285714,0.17622899813316736,0
43.0,Male,USA,Standard,Mobile,2.36,3,4,0.9564999999999999,0.5048128342245988,0
49.0,Female,Canada,Premium+,Tablet,2.36,23,3,1.0884444444444443,0.08192548021291368,1
29.0,Male,USA,Premium,Smart TV,2.37,25,4,0.6957500000000001,0.41169658367110595,0
41.0,Male,Canada,Standard,Mobile,2.38,8,5,0.964,0.26173020527859236,0
31.0,Other,USA,Basic,Smart TV,2.38,18,5,1.0298021978021978,0.15747684164093514,0
42.0,Male,USA,Premium,Smart TV,2.38,29,5,0.771076923076923,0.17146974063400575,0
29.0,Male,USA,Premium+,Mobile,2.38,1,5,0.8861428571428571,0.25341614906832294,0
20.0,Female,Canada,Basic,Gaming Console,2.39,8,5,0.8528585858585859,0.2782844944692412,0
24.0,Other,USA,Standard,Gaming Console,2.39,10,5,0.8115555555555556,0.3889340927583401,0
43.0,Female,USA,Premium,Mobile,2.39,29,5,0.845448717948718,0.23566146261298274,0
44.0,Male,USA,Premium+,Laptop,2.39,35,5,0.964,0.15551458627046957,0
39.0,Male,USA,Standard,Mobile,2.4,13,5,0.4149861111111111,0.18407260641697556,0
33.0,Male,USA,Premium,Gaming Console,2.4,17,4,0.479,0.36400404448938317,0
20.0,Male,Canada,Premium,Desktop,2.4,17,4,0.7007222222222222,0.6091370558375634,0
35.03946643148495,Female,Canada,Basic,Desktop,2.42,28,5,0.9286666666666668,0.335180055401662,0
27.0,Female,USA,Standard,Desktop,2.42,27,5,0.9624363636363636,0.1779411764705882,0
44.0,Female,USA,Premium,Gaming Console,2.43,31,5,0.5678187134502924,0.18017795353435492,0
35.03946643148495,Male,USA,Basic,Desktop,2.44,1,4,0.8015,0.24800948670167708,0
37.0,Male,Canada,Standard,Desktop,2.44,16,4,1.1347999999999998,0.9773030707610147,1
33.0,Male,USA,Basic,Laptop,2.45,8,4,0.5645,0.4179698606767131,0
35.03946643148495,Female,USA,Premium,Laptop,2.45,21,5,0.5544545454545454,0.20910384068278806,0
35.03946643148495,Female,Canada,Premium,Desktop,2.45,13,5,0.6893333333333334,0.22015875393140633,0
37.0,Female,USA,Premium,Mobile,2.46,22,5,0.7438181818181818,0.32561217736598275,0
43.0,Male,USA,Standard,Mobile,2.48,36,5,0.7304666666666666,0.4030335861321776,0
22.0,Male,USA,Standard,Laptop,2.48,23,5,0.6119047619047618,0.1864895350294523,0
35.03946643148495,Male,Canada,Standard,Laptop,2.48,16,5,0.49420000000000003,0.36125273124544793,0
35.03946643148495,Male,Canada,Basic,Tablet,2.48,5,4,0.6714285714285715,0.15736040609137056,0
35.03946643148495,Female,Canada,Standard,Smart TV,2.49,27,5,0.92275,0.18210628961482206,0
44.0,Other,Canada,Basic,Mobile,2.51,35,5,0.8703296703296703,0.10354073564798899,0
41.0,Prefer not to say,Canada,Premium,Gaming Console,2.51,35,5,0.5843626373626374,0.13824123370662753,0
38.0,Female,USA,Basic,Laptop,2.52,21,5,0.9146483516483516,0.20141201545224457,1
55.0,Female,USA,Standard,Smart TV,2.52,3,4,0.722111111111111,0.30434782608695654,1
90.0,Prefer not to say,USA,Standard,Tablet,2.52,20,5,0.8156904761904762,0.42651622002820877,0
27.0,Female,USA,Premium,Desktop,2.52,5,5,0.7311666666666666,0.4623853211009174,0
90.0,Prefer not to say,USA,Standard,Tablet,2.52,20,5,0.8156904761904762,0.42651622002820877,0
36.0,Male,Canada,Premium,Desktop,2.53,7,5,0.7725,0.24456259062348956,0
24.0,Female,USA,Basic,Laptop,2.53,17,4,0.706,0.44686488077715625,0
18.0,Female,Canada,Standard,Gaming Console,2.54,23,5,0.5414965034965036,0.1979992204755099,0
33.0,Female,USA,Premium,Laptop,2.55,9,5,0.8064444444444445,0.28233991511348955,1
34.0,Male,USA,Premium,Mobile,2.55,7,5,0.8325363636363636,0.2946841294298921,0
19.0,Male,USA,Basic,Tablet,2.56,3,5,0.821,0.18218479421183725,0
28.0,Female,USA,Basic,Desktop,2.56,8,5,0.8865,0.4578241430700447,0
101.0,Male,USA,Premium+,Smart TV,2.56,17,5,0.6617607843137254,0.13743736578382248,0
29.0,Other,USA,Standard,Desktop,2.56,34,5,0.8861428571428571,0.14906832298136646,0
101.0,Male,USA,Premium+,Smart TV,2.56,17,5,0.6617607843137254,0.13743736578382248,0
35.0,Male,Canada,Standard,Mobile,2.57,6,5,0.8733333333333333,0.3108244305583551,0
40.0,Female,Canada,Premium,Laptop,2.57,9,5,0.6771111111111111,0.30064340027295766,0
39.0,Male,USA,Premium,Tablet,2.57,27,5,0.5866666666666667,0.28154098959284274,0
13.0,Male,USA,Premium,Mobile,2.57,29,5,0.5811111111111111,0.2584646329198793,1
31.0,Male,USA,Standard,Smart TV,2.57,1,5,0.6513,0.45273047563123897,1
29.0,Female,USA,Standard,Smart TV,2.57,9,4,0.7990549450549451,0.29017689123071133,0
49.0,Female,Canada,Premium,Smart TV,2.58,22,5,0.5173333333333333,0.4432989690721649,0
46.0,Female,Canada,Standard,Desktop,2.58,9,5,0.4793333333333333,0.45502645502645495,0
41.0,Female,USA,Premium,Smart TV,2.58,17,5,0.9085,0.3407440017609509,0
47.0,Female,Canada,Basic,Tablet,2.58,19,5,0.9502999999999999,0.36185133239831696,0
36.0,Male,USA,Premium+,Desktop,2.58,32,5,1.228222222222222,0.33499242588184375,0
35.0,Female,Canada,Standard,Laptop,2.58,14,4,0.6253939393939394,0.27427356484762583,1
8.0,Female,USA,Basic,Mobile,2.59,30,5,0.928969696969697,0.23025633427174397,0
21.0,Female,USA,Premium,Laptop,2.59,32,5,0.44300000000000006,0.23308834558272082,0
35.03946643148495,Prefer not to say,Canada,Standard,Tablet,2.59,32,5,0.7001272727272727,0.2832148715144887,0
27.0,Female,Canada,Basic,Desktop,2.6,24,5,0.4896666666666667,0.4336947456213511,0
40.0,Female,Canada,Premium+,Laptop,2.6,12,5,0.802,0.19211822660098524,0
56.0,Female,USA,Basic,Laptop,2.6,0,5,0.9375714285714285,1.0773480662983428,0
39.0,Male,Canada,Premium,Tablet,2.6,27,5,0.8066454545454546,0.20850040096230954,0
38.0,Male,Canada,Standard,Desktop,2.6,6,5,0.7136,0.18881626724763978,0
46.0,Female,USA,Premium+,Tablet,2.6,9,5,0.8731428571428571,0.7365439093484419,0
23.0,Male,USA,Basic,Mobile,2.6,10,4,0.8834545454545454,0.32918337201941333,0
35.03946643148495,Prefer not to say,USA,Standard,Gaming Console,2.61,30,5,0.758275641025641,0.29281974569932684,0
39.0,Male,USA,Premium,Smart TV,2.61,22,4,0.9217777777777778,0.3976637887252412,0
35.0,Female,USA,Standard,Desktop,2.61,26,5,0.5716153846153846,0.19668425018839483,0
25.0,Female,USA,Basic,Tablet,2.61,25,5,0.7886666666666666,0.17694915254237287,1
22.0,Female,USA,Premium,Smart TV,2.62,36,5,0.8331153846153847,0.18537735849056605,0
34.0,Male,USA,Premium,Laptop,2.62,17,5,1.059051282051282,0.21373215499660098,1
26.0,Male,USA,Premium,Gaming Console,2.62,32,5,0.5663571428571428,0.4454519693964296,1
38.0,Female,USA,Premium+,Smart TV,2.62,30,5,0.9547857142857142,0.20213449916420212,0
26.0,Female,USA,Premium,Laptop,2.63,26,5,0.7343472222222222,0.27268014515292893,0
35.03946643148495,Male,USA,Premium,Tablet,2.63,22,4,0.6581818181818182,0.3874294132089369,0
48.0,Female,USA,Standard,Smart TV,2.63,11,5,0.7129,0.25958216811975654,0
29.0,Male,Canada,Standard,Smart TV,2.64,20,5,0.8339000000000001,0.17283142389525366,0
24.0,Male,USA,Premium,Smart TV,2.64,27,4,1.0478,0.20741128715464188,0
48.0,Female,USA,Standard,Desktop,2.64,35,4,0.809,0.45806824754193176,0
25.0,Male,Canada,Premium,Smart TV,2.64,25,4,1.001625,0.40803709428129825,0
43.0,Prefer not to say,USA,Standard,Mobile,2.64,17,4,0.6552976190476191,0.24742268041237114,0
46.0,Female,USA,Premium+,Gaming Console,2.64,21,5,0.9630454545454545,0.1138176331105842,0
54.0,Male,Canada,Standard,Laptop,2.65,29,5,0.7756666666666665,0.4982764023816985,0
31.0,Male,USA,Standard,Smart TV,2.65,10,4,0.9255,0.7227272727272728,0
26.0,Other,USA,Premium,Gaming Console,2.65,27,5,0.9857333333333334,0.21379588543767644,0
18.0,Male,Canada,Standard,Gaming Console,2.65,36,5,0.97275,0.22627010103885015,0
35.03946643148495,Male,USA,Standard,Mobile,2.66,30,5,0.8479047619047618,0.6435483870967742,0
34.0,Prefer not to say,Canada,Premium,Smart TV,2.66,27,5,0.6693461538461539,0.25879682179341656,0
22.0,Male,USA,Premium,Desktop,2.66,12,4,0.731047619047619,0.33727810650887574,0
50.0,Male,Canada,Premium,Smart TV,2.66,20,4,0.7522142857142857,0.27960756832515765,0
28.0,Male,USA,Standard,Smart TV,2.66,8,4,0.595,0.3446339883394515,1
33.0,Male,Canada,Premium,Tablet,2.67,27,5,0.7835734265734267,0.17567715758306832,1
22.0,Prefer not to say,USA,Standard,Laptop,2.67,30,4,1.0513,0.2277185501066098,1
48.0,Female,USA,Basic,Laptop,2.67,30,5,0.6212105263157894,0.18042572361752449,0
20.0,Male,Canada,Premium,Laptop,2.68,9,5,0.8161875000000001,0.2576923076923077,0
21.0,Female,USA,Premium,Mobile,2.68,35,5,0.629375,0.3952802359882006,0
36.0,Male,Canada,Premium,Mobile,2.68,15,5,0.4383333333333333,0.3856115107913669,0
43.0,Female,USA,Premium,Smart TV,2.69,31,4,0.6222000000000001,0.7998017839444996,0
50.0,Male,USA,Standard,Tablet,2.7,8,5,0.7788601398601398,0.17730108350662147,0
43.0,Female,USA,Premium,Laptop,2.7,3,5,0.7653333333333333,0.3410526315789474,0
35.03946643148495,Female,Canada,Standard,Smart TV,2.7,35,5,0.7221818181818181,0.21162638798171132,0
26.0,Female,USA,Premium+,Desktop,2.71,24,5,0.7613146853146853,0.24820638070523585,0
35.03946643148495,Male,USA,Basic,Smart TV,2.71,4,5,0.6850681818181819,0.4845053635280095,0
42.0,Male,USA,Standard,Mobile,2.71,2,5,0.9744615384615385,0.19858329262335123,0
41.0,Prefer not to say,USA,Premium,Laptop,2.72,26,5,0.5924642857142857,1.1004720161834123,0
33.0,Male,Canada,Basic,Smart TV,2.72,1,5,0.6048888888888888,1.2680652680652682,0
52.0,Female,USA,Premium,Desktop,2.72,5,5,0.5311250000000001,0.507778469197262,0
12.0,Prefer not to say,USA,Basic,Smart TV,2.72,7,5,0.923125,0.23512462181241897,0
41.0,Prefer not to say,USA,Premium,Laptop,2.72,26,5,0.5924642857142857,1.1004720161834123,0
35.03946643148495,Female,USA,Premium,Desktop,2.73,7,5,1.106875,0.32512901945216355,0
30.0,Male,Canada,Standard,Laptop,2.73,29,5,0.8085454545454545,0.31040363843092666,0
35.0,Male,USA,Basic,Mobile,2.73,8,5,0.6967272727272728,0.22925122463261022,0
44.0,Male,Canada,Premium,Laptop,2.74,6,4,0.5418571428571428,0.3174357984166828,0
35.0,Female,USA,Premium,Laptop,2.74,19,5,0.4576,0.5858873841767641,0
32.0,Female,USA,Standard,Desktop,2.74,3,5,0.884,0.18769265897933557,0
42.0,Female,Canada,Basic,Gaming Console,2.75,10,5,0.5003333333333333,0.47400172364263143,1
37.0,Male,Canada,Basic,Laptop,2.75,30,5,0.8206923076923077,0.19203910614525138,0
51.0,Female,USA,Standard,Mobile,2.77,25,5,0.8744736842105263,0.11072618254497002,0
26.0,Female,Canada,Premium,Desktop,2.77,25,5,0.9586428571428571,0.16733789770438984,0
28.0,Male,USA,Basic,Gaming Console,2.77,33,4,0.43772727272727274,0.2861077638147702,0
32.0,Male,USA,Premium+,Desktop,2.78,9,5,0.5044,0.28758620689655173,0
34.0,Prefer not to say,Canada,Premium+,Smart TV,2.78,19,4,0.7564166666666666,0.18087182823682496,0
35.03946643148495,Male,USA,Premium,Laptop,2.78,13,5,0.5724545454545454,0.2284931506849315,0
43.0,Male,USA,Premium,Mobile,2.78,12,5,0.6654230769230769,0.25681293302540414,0
34.0,Male,USA,Standard,Laptop,2.79,7,5,0.9692884615384616,0.40989226248775706,0
33.0,Male,USA,Premium+,Tablet,2.8,21,5,0.7991428571428572,0.489938757655293,0
51.0,Female,USA,Premium+,Desktop,2.81,23,5,0.9048461538461539,0.18642193719593103,0
28.0,Female,USA,Standard,Gaming Console,2.81,33,4,0.6927777777777777,0.5955492758742493,0
35.03946643148495,Male,USA,Standard,Smart TV,2.82,34,5,0.7047802197802198,0.23680895731280616,0
18.0,Female,Canada,Standard,Laptop,2.83,22,4,0.6218571428571429,1.162217659137577,0
39.0,Male,USA,Standard,Desktop,2.83,21,5,0.588125,0.655345426476264,0
39.0,Male,USA,Standard,Desktop,2.83,21,5,0.588125,0.655345426476264,0
32.0,Male,USA,Standard,Gaming Console,2.84,19,5,0.7578750000000001,0.5207823960880195,0
8.0,Female,USA,Premium,Desktop,2.84,12,5,0.7801374269005847,0.11042706240684337,0
31.0,Female,USA,Basic,Laptop,2.84,30,5,0.7763333333333333,0.20689655172413793,1
8.0,Female,USA,Premium,Desktop,2.84,12,5,0.7801374269005847,0.11042706240684337,0
41.0,Male,USA,Basic,Smart TV,2.85,11,4,0.9232380952380952,0.3736888111888112,0
35.0,Male,Canada,Premium,Mobile,2.85,3,5,0.6163333333333333,0.27795838751625485,0
34.0,Female,USA,Basic,Laptop,2.85,24,5,0.7809285714285715,0.30546623794212213,0
35.03946643148495,Male,Canada,Standard,Laptop,2.85,31,5,0.7662222222222222,0.6366344005956812,0
26.0,Female,USA,Basic,Gaming Console,2.86,27,5,0.7969999999999999,0.311377245508982,1
31.0,Male,USA,Basic,Laptop,2.86,14,4,0.5714999999999999,0.5706684403059527,1
42.0,Female,USA,Premium+,Laptop,2.86,32,4,0.4144,0.7509846827133481,1
61.0,Female,USA,Basic,Laptop,2.86,32,5,0.6052380952380952,0.3405437586822782,0
26.0,Male,USA,Premium,Tablet,2.86,1,5,0.8400000000000001,0.34047619047619043,0
29.0,Male,Canada,Standard,Tablet,2.86,10,5,0.5275,0.292732855680655,0
30.0,Female,USA,Premium,Tablet,2.87,7,5,0.49727272727272726,0.2688104901654699,0
28.0,Female,USA,Basic,Laptop,2.87,33,5,0.8000714285714285,0.1277732433034058,0
35.03946643148495,Female,USA,Premium,Mobile,2.87,18,5,0.6076111111111111,0.16015625000000003,1
14.0,Female,USA,Basic,Desktop,2.87,22,5,0.7505,0.4198975859546452,1
14.0,Male,USA,Basic,Desktop,2.87,22,5,0.7505,0.4198975859546452,1
35.03946643148495,Female,USA,Standard,Tablet,2.88,23,5,0.7742,0.204739336492891,0
33.0,Male,USA,Basic,Laptop,2.88,5,4,1.3916666666666666,0.3540983606557377,1
41.0,Female,USA,Standard,Smart TV,2.88,12,4,0.7194999999999999,0.6035626964722319,0
21.0,Other,USA,Standard,Laptop,2.89,13,4,0.69625,0.5715227422544495,0
58.0,Female,USA,Premium,Tablet,2.89,19,5,0.7509423076923077,0.23219068023567221,0
41.0,Male,USA,Premium,Desktop,2.9,24,4,0.5807142857142857,0.990888382687927,1
9.0,Male,USA,Premium,Desktop,2.9,30,5,0.6766,0.21881287726358148,0
44.0,Female,USA,Premium,Smart TV,2.9,12,5,0.816452380952381,0.17849815346737793,0
22.0,Female,USA,Standard,Gaming Console,2.91,4,5,0.9896153846153846,0.2691536919993834,0
21.0,Male,USA,Standard,Gaming Console,2.92,36,5,1.108090909090909,0.2612585744109752,0
27.0,Female,USA,Basic,Mobile,2.92,11,5,1.062,0.6905794245171462,1
35.0,Male,USA,Standard,Laptop,2.92,3,5,0.7688,0.4415322580645161,0
34.0,Male,USA,Standard,Mobile,2.92,32,5,0.9058222222222223,0.09217171717171717,0
24.0,Other,USA,Basic,Tablet,2.93,22,4,0.5871111111111111,0.27611119836657766,0
43.0,Female,USA,Standard,Mobile,2.93,15,5,0.8128333333333333,0.2828185328185328,0
34.0,Female,USA,Basic,Tablet,2.94,28,5,0.7022222222222222,0.7723292469352014,1
35.03946643148495,Male,USA,Premium,Gaming Console,2.94,30,5,0.5557272727272727,0.2316176470588235,0
31.0,Female,Canada,Basic,Smart TV,2.96,33,5,0.7262142857142857,0.15821826280623608,0
30.0,Male,USA,Premium,Mobile,2.96,36,5,0.6544615384615384,0.23570006635700066,0
27.0,Male,USA,Premium,Laptop,2.96,19,4,0.6519999999999999,0.380218368657675,0
23.0,Male,USA,Premium,Tablet,2.96,32,5,0.39899999999999997,0.5347786811201445,0
34.0,Female,USA,Standard,Desktop,2.96,5,5,0.7404,0.3053120165033522,0
29.0,Male,USA,Basic,Tablet,2.96,27,5,0.6828888888888889,0.2610996765657159,0
40.0,Female,USA,Basic,Gaming Console,2.97,23,5,0.9103333333333334,0.2852112676056338,0
35.03946643148495,Prefer not to say,USA,Standard,Laptop,2.97,17,5,0.5333333333333333,0.2025,0
30.0,Female,Canada,Premium,Gaming Console,2.98,9,5,0.7830000000000001,0.6406305983518451,1
35.03946643148495,Male,Canada,Standard,Desktop,2.98,8,5,0.9296363636363637,0.1289950220041844,0
42.0,Female,Canada,Premium,Mobile,2.99,22,5,0.9437692307692307,0.19201541260836993,1
30.0,Male,USA,Premium,Tablet,2.99,24,5,0.6827393483709272,0.12161062906724515,0
27.0,Female,USA,Premium,Desktop,2.99,5,5,0.7700606060606061,0.3837433155080214,0
35.0,Female,Canada,Premium,Gaming Console,3.0,21,5,0.7927666666666666,0.27397260273972607,0
31.0,Male,Canada,Standard,Laptop,3.0,4,5,0.8215,0.20463847203274216,0
32.0,Male,USA,Standard,Smart TV,3.0,20,5,0.9533030303030303,0.28553299492385786,0
40.0,Male,Canada,Premium+,Desktop,3.0,34,5,0.5015,0.25659301496792586,0
42.0,Male,USA,Standard,Gaming Console,3.0,1,5,0.700047619047619,0.33444816053511706,0
32.0,Male,USA,Premium,Laptop,3.01,21,5,0.6215384615384615,0.4676333505955463,0
47.0,Female,Canada,Premium,Tablet,3.02,14,5,0.8564166666666666,0.33413239904112113,0
21.0,Other,USA,Standard,Desktop,3.02,14,5,0.7232222222222222,0.40204126913689814,0
26.0,Male,Canada,Standard,Laptop,3.02,14,5,0.9381692307692306,0.20433017591339647,0
56.0,Other,USA,Standard,Mobile,3.02,36,5,0.6027272727272728,0.47747035573122526,1
23.0,Female,Canada,Premium+,Smart TV,3.02,10,5,1.0156363636363637,0.4738493723849372,0
37.0,Male,USA,Premium,Laptop,3.02,35,4,0.7108,0.4264532831254413,0
35.03946643148495,Other,USA,Premium,Smart TV,3.03,20,4,0.9594,0.5301837270341206,0
35.03946643148495,Prefer not to say,USA,Standard,Gaming Console,3.03,21,5,0.35514285714285715,0.6832018038331453,0
35.03946643148495,Female,USA,Basic,Laptop,3.03,1,5,0.5947777777777778,0.16910054878615943,0
33.0,Female,Canada,Premium,Mobile,3.03,17,4,0.837,0.36853841475775384,0
35.03946643148495,Male,USA,Premium,Smart TV,3.03,20,4,0.9594,0.5301837270341206,0
37.0,Prefer not to say,USA,Premium,Laptop,3.04,31,5,0.7849166666666667,0.32740980075390413,0
36.0,Male,Canada,Standard,Desktop,3.04,2,5,0.5895714285714286,0.19821777874375135,0
42.0,Female,USA,Premium,Tablet,3.04,16,5,0.5475535714285714,0.11088819989057086,0
36.0,Male,Canada,Standard,Desktop,3.04,2,5,0.5895714285714286,0.19821777874375135,0
43.0,Male,USA,Premium,Smart TV,3.05,5,5,0.5795,0.3297891511984141,0
40.0,Prefer not to say,USA,Standard,Smart TV,3.05,1,4,0.8005,1.063335270191749,0
30.0,Male,USA,Standard,Gaming Console,3.05,21,5,0.6994825174825176,0.40857334226389813,0
52.0,Female,USA,Basic,Tablet,3.05,33,5,0.7960202020202022,0.38132944363409044,0
15.0,Prefer not to say,USA,Standard,Smart TV,3.05,12,5,0.4692222222222222,0.3543764523625097,0
30.0,Male,USA,Standard,Gaming Console,3.05,21,5,0.6994825174825176,0.40857334226389813,0
37.0,Male,USA,Premium+,Mobile,3.06,26,5,0.5488666666666666,0.21658605638787307,0
40.0,Female,USA,Basic,Mobile,3.06,2,5,0.7534358974358975,0.3295638126009693,0
35.0,Female,Canada,Premium,Gaming Console,3.06,20,5,0.7456666666666667,0.2931502474852307,0
36.0,Male,Canada,Premium,Mobile,3.07,12,3,0.7018571428571427,0.17544528050290506,1
45.0,Male,Canada,Premium,Laptop,3.07,20,5,0.6847230769230768,0.3199027440083362,0
36.0,Female,USA,Standard,Tablet,3.07,13,5,0.879,0.1650537634408602,1
18.0,Male,Canada,Standard,Gaming Console,3.08,8,5,1.3245636363636364,0.29106945975744214,0
31.0,Male,USA,Basic,Mobile,3.08,18,4,0.7233333333333333,0.5227722772277228,0
39.0,Male,USA,Premium+,Mobile,3.08,4,5,0.3993846153846154,0.27902763098293826,1
38.0,Prefer not to say,USA,Standard,Desktop,3.08,29,4,0.53,0.16737614346526586,0
38.0,Prefer not to say,USA,Standard,Desktop,3.08,29,4,0.53,0.16737614346526586,0
31.0,Male,USA,Basic,Mobile,3.08,18,4,0.7233333333333333,0.5227722772277228,0
12.0,Male,USA,Premium,Laptop,3.09,34,4,0.9927777777777778,0.25200489329889897,0
20.0,Male,USA,Basic,Gaming Console,3.09,35,5,0.7712485380116959,0.1990765596478041,0
19.0,Male,USA,Premium,Mobile,3.1,14,5,0.6095999999999999,0.46199701937406856,1
31.0,Female,USA,Premium+,Tablet,3.1,34,5,0.4703611111111112,0.19793551133340428,0
35.03946643148495,Male,USA,Standard,Desktop,3.1,22,5,0.9224,0.3066776586974444,0
11.0,Female,USA,Standard,Tablet,3.1,15,5,0.9104615384615384,0.2831481199573756,0
28.0,Male,Canada,Standard,Desktop,3.1,7,5,0.5990000000000001,0.3866140095614217,0
11.0,Female,USA,Standard,Tablet,3.1,15,5,0.9104615384615384,0.2831481199573756,0
32.0,Male,USA,Standard,Tablet,3.11,21,5,0.7217142857142858,0.2365618661257606,1
39.0,Female,USA,Standard,Mobile,3.11,3,5,0.7024285714285714,0.6168595041322313,0
18.0,Male,Canada,Basic,Tablet,3.11,24,5,0.7554615384615384,0.42807983482450096,0
26.0,Prefer not to say,USA,Basic,Gaming Console,3.11,18,5,0.9154301470588235,0.20179517681410186,0
32.0,Male,USA,Standard,Tablet,3.11,21,5,0.7217142857142858,0.2365618661257606,1
18.0,Female,USA,Standard,Gaming Console,3.12,3,4,0.6617999999999999,0.14817160044324837,0
25.0,Other,Canada,Premium,Laptop,3.12,8,4,0.8535,0.6624203821656052,0
43.0,Female,USA,Premium,Gaming Console,3.13,26,5,0.8483055555555556,0.4748419721871049,1
16.0,Female,USA,Premium,Laptop,3.13,7,4,1.0419636363636364,0.3543396226415094,0
23.0,Female,USA,Premium,Gaming Console,3.14,28,5,0.5774871794871794,0.18526895466614218,0
12.0,Female,USA,Basic,Desktop,3.14,30,5,0.6541181818181818,0.3114564390808398,0
26.0,Female,USA,Premium+,Mobile,3.14,18,5,0.791969696969697,0.2704565030146425,0
35.0,Female,Canada,Premium,Tablet,3.14,33,5,0.5697777777777777,0.5402925150559219,0
35.03946643148495,Male,USA,Premium,Desktop,3.14,3,5,0.8202222222222222,0.46029806987539695,0
20.0,Female,USA,Premium,Tablet,3.15,7,5,0.5608181818181819,0.6613016095171448,1
30.0,Male,USA,Premium,Mobile,3.15,19,5,0.644,0.28567110036275695,0
42.0,Male,USA,Premium,Tablet,3.16,23,4,0.7817222222222222,0.43899050706181986,1
40.0,Male,Canada,Standard,Mobile,3.16,32,5,0.49602631578947365,0.15113591072140295,0
24.0,Male,Canada,Standard,Desktop,3.16,14,5,0.8183125,0.24165179709406068,0
26.0,Male,USA,Premium,Tablet,3.16,24,5,0.9897333333333334,0.15847542627883654,0
20.0,Male,USA,Standard,Mobile,3.18,17,5,0.7405104895104895,0.22569198012775019,0
22.0,Female,USA,Standard,Gaming Console,3.18,18,5,0.6401181818181818,0.17159816530263516,0
35.03946643148495,Prefer not to say,USA,Standard,Desktop,3.18,26,5,0.8465,0.7458952306489446,0
36.0,Male,USA,Premium+,Mobile,3.18,2,5,0.5684230769230769,0.22147417295414976,0
27.0,Male,USA,Premium,Smart TV,3.19,27,5,0.7895714285714286,0.19960371258733967,0
29.0,Female,USA,Premium,Mobile,3.19,35,5,0.7886666666666666,0.2526732673267327,0
35.03946643148495,Male,Canada,Standard,Desktop,3.19,8,4,0.8439583333333334,0.25227362593910635,1
35.0,Male,USA,Premium,Tablet,3.2,23,5,0.8588666666666667,1.1130434782608696,0
43.0,Female,USA,Premium,Tablet,3.2,31,5,0.961923076923077,0.20556745182012848,1
35.0,Male,USA,Premium,Smart TV,3.2,33,5,0.5184545454545454,0.20940124331988222,1
35.03946643148495,Male,USA,Premium,Mobile,3.2,19,5,0.5811666666666666,0.3013182674199623,0
57.0,Female,Canada,Premium,Tablet,3.21,10,5,0.849948717948718,0.2784846732215153,0
24.0,Female,Canada,Premium,Mobile,3.21,33,5,1.1634,0.7965260545905707,1
19.0,Male,USA,Premium+,Mobile,3.21,2,5,0.382875,0.5482493595217762,0
40.0,Female,USA,Premium,Desktop,3.22,20,5,0.91675,0.8033264033264033,0
43.0,Female,USA,Standard,Tablet,3.22,31,4,1.0082222222222224,0.5796579657965796,0
45.0,Male,Canada,Basic,Mobile,3.22,32,5,0.9543999999999999,0.8447748141670312,0
35.03946643148495,Female,USA,Standard,Gaming Console,3.22,3,5,0.5662666666666667,0.4187256176853056,0
11.0,Female,USA,Basic,Smart TV,3.23,20,3,1.0598,0.9375907111756169,0
46.0,Male,USA,Premium,Tablet,3.23,25,5,0.734,0.13758341615788727,0
35.03946643148495,Female,USA,Standard,Mobile,3.23,15,5,0.7702142857142856,0.5933864053888549,0
28.0,Female,Canada,Premium,Tablet,3.23,14,5,0.7300363636363636,0.39640008181632236,1
24.0,Prefer not to say,USA,Standard,Mobile,3.24,20,5,0.9415,0.432,0
52.0,Male,Canada,Basic,Tablet,3.25,3,5,0.706423076923077,0.3199343724364233,0
33.0,Female,Canada,Premium,Laptop,3.25,28,5,0.7829999999999999,0.17501346257404415,0
24.0,Male,Canada,Premium,Desktop,3.26,34,5,0.9744,0.1569319640564827,0
21.0,Male,Canada,Standard,Laptop,3.26,7,5,0.9993594771241829,0.176566167178191,0
54.0,Female,USA,Standard,Desktop,3.27,24,5,0.7314055944055944,0.34554420570623456,0
31.0,Male,USA,Premium,Mobile,3.27,30,5,0.821595238095238,0.23604427333974976,0
24.0,Male,USA,Standard,Gaming Console,3.27,24,5,0.8962727272727272,0.16229630242369097,1
35.03946643148495,Female,USA,Premium,Tablet,3.27,24,5,1.0161428571428572,0.2164368450082736,0
39.0,Other,USA,Basic,Tablet,3.27,5,5,0.6364545454545455,0.42578124999999994,1
24.0,Female,USA,Basic,Desktop,3.27,26,5,0.5011249999999999,0.19022687609075045,1
53.0,Male,USA,Standard,Desktop,3.28,24,4,1.0086,0.4872493191384005,0
35.0,Female,Canada,Standard,Laptop,3.28,19,5,1.0101176470588236,0.14411247803163446,0
58.0,Male,USA,Standard,Gaming Console,3.28,15,5,0.7293626373626374,0.26630581867388364,0
40.0,Male,Canada,Standard,Gaming Console,3.3,5,5,0.5936363636363636,0.24318349299926306,0
35.03946643148495,Prefer not to say,USA,Premium+,Gaming Console,3.3,27,4,1.0634204545454544,0.3307165525304827,0
36.0,Male,USA,Premium,Smart TV,3.31,21,5,0.7796666666666667,0.3240332843857073,0
21.0,Male,USA,Premium,Tablet,3.31,25,5,0.7054848484848485,0.41556811048336467,0
23.0,Female,USA,Premium,Tablet,3.31,28,5,0.9088333333333334,1.1407237219988513,0
46.0,Prefer not to say,USA,Standard,Tablet,3.31,31,5,0.7357181818181819,0.412975670617592,0
39.0,Female,USA,Basic,Laptop,3.31,23,4,0.48100000000000004,0.654797230464886,0
19.0,Male,USA,Premium,Smart TV,3.31,27,5,0.5958888888888889,0.47150997150997154,0
44.0,Male,Canada,Premium,Laptop,3.31,24,5,0.7933636363636363,0.6373555840821566,0
14.0,Male,USA,Basic,Mobile,3.32,18,5,0.5393142857142856,0.42328941776455586,0
24.0,Female,USA,Standard,Laptop,3.32,10,5,0.9434999999999999,0.6805603006491286,0
34.0,Male,USA,Premium,Laptop,3.33,9,5,0.8461538461538461,0.1634222149517422,1
52.0,Female,USA,Premium,Smart TV,3.33,36,5,0.6034999999999999,0.38526802930967985,1
33.0,Female,USA,Standard,Tablet,3.34,15,4,0.8912857142857142,0.20480327031170156,0
50.0,Female,USA,Standard,Laptop,3.36,12,5,0.789,0.7444608567208271,0
35.0,Other,USA,Standard,Tablet,3.36,14,5,0.8479,0.38591117917304746,0
42.0,Female,USA,Basic,Gaming Console,3.36,13,4,0.7588333333333332,0.29791635880005907,0
30.0,Male,USA,Standard,Smart TV,3.36,4,5,0.8156293706293707,0.2899467855601898,0
30.0,Male,USA,Standard,Smart TV,3.36,4,5,0.8156293706293707,0.2899467855601898,0
32.0,Female,USA,Premium,Gaming Console,3.37,26,5,0.8506931818181818,0.4255050505050505,0
31.0,Prefer not to say,USA,Premium,Desktop,3.37,33,5,0.7581023391812864,0.18198181981819822,1
15.0,Female,Canada,Standard,Smart TV,3.38,2,4,0.6174545454545455,0.4715182515694024,0
21.0,Female,USA,Premium,Smart TV,3.38,31,5,0.6567666666666667,0.39325189063408955,0
31.0,Female,USA,Basic,Gaming Console,3.38,18,5,0.8893333333333333,0.45237564131162167,0
26.0,Male,USA,Premium,Tablet,3.38,16,5,0.8008333333333333,0.2869675958681194,0
7.0,Female,USA,Standard,Gaming Console,3.39,18,5,0.7757361111111112,0.3793360686311078,0
35.0,Male,USA,Premium,Mobile,3.39,29,5,0.5916000000000001,0.6028452874925904,0
35.03946643148495,Male,USA,Basic,Smart TV,3.39,34,5,0.48896666666666666,0.3646468268196487,0
35.0,Male,USA,Premium,Mobile,3.39,29,5,0.5916000000000001,0.6028452874925904,0
35.03946643148495,Female,Canada,Standard,Tablet,3.4,25,5,0.5258333333333334,1.0868407032498668,0
25.0,Female,USA,Basic,Tablet,3.4,10,4,0.7207000000000001,0.5301455301455301,0
35.03946643148495,Male,Canada,Premium,Laptop,3.41,21,4,0.7641904761904761,0.39384023099133786,0
19.0,Other,USA,Standard,Gaming Console,3.41,18,5,0.8423333333333334,0.595980192251675,0
31.0,Male,Canada,Premium,Desktop,3.42,35,5,0.6691111111111112,0.41572123176661263,1
41.0,Male,USA,Basic,Gaming Console,3.42,17,5,0.8777690058479533,0.19111483654652142,0
26.0,Female,Canada,Basic,Gaming Console,3.42,23,5,0.7739090909090909,0.30613158287334025,0
47.0,Male,USA,Basic,Mobile,3.43,25,5,0.8302222222222222,0.3774761555392516,1
22.0,Male,USA,Basic,Gaming Console,3.44,6,5,0.7197692307692307,0.20878009306089418,0
41.0,Male,USA,Premium,Desktop,3.45,13,5,0.7471111111111111,0.2967316513761468,0
27.0,Male,Canada,Standard,Laptop,3.45,28,5,0.8691111111111112,0.43855932203389836,0
23.0,Female,USA,Premium,Smart TV,3.45,2,5,1.047875,0.21607515657620044,0
34.0,Male,Canada,Premium,Smart TV,3.45,35,5,0.571,0.4128440366972477,0
34.0,Male,Canada,Premium,Smart TV,3.45,35,5,0.571,0.4128440366972477,0
23.0,Female,Canada,Standard,Mobile,3.46,1,5,0.7047142857142856,0.7158620689655172,0
35.03946643148495,Male,Canada,Premium,Tablet,3.46,28,5,0.73975,0.47321632094825616,0
35.0,Male,USA,Premium,Laptop,3.47,18,5,0.6807619047619047,0.3285466308979012,0
9.0,Male,USA,Basic,Gaming Console,3.47,19,4,0.6020000000000001,0.35210553018772195,0
35.03946643148495,Male,USA,Premium,Mobile,3.47,33,4,0.8048571428571428,0.5236418511066399,0
35.03946643148495,Male,Canada,Standard,Desktop,3.47,5,5,0.6820384615384616,0.3132240108319542,0
51.0,Other,USA,Basic,Mobile,3.47,30,4,0.796,0.2918418839360808,0
44.0,Other,USA,Standard,Mobile,3.48,24,5,0.8323636363636364,0.3890441587479038,0
35.03946643148495,Female,USA,Premium,Desktop,3.48,9,5,0.7483333333333333,0.4016929588303193,1
27.0,Female,Canada,Standard,Tablet,3.48,10,5,0.7183333333333333,0.2409416108931456,0
15.0,Male,USA,Premium,Tablet,3.48,19,4,0.7611188811188812,0.25460309718327034,0
21.0,Male,USA,Standard,Laptop,3.48,18,5,0.9087843137254903,0.312341062079282,0
51.0,Prefer not to say,Canada,Premium+,Smart TV,3.49,21,5,0.60775,0.4192192192192193,0
34.0,Male,USA,Basic,Gaming Console,3.49,17,5,0.63,0.18213446986170306,0
33.0,Female,USA,Basic,Tablet,3.5,22,5,0.9545714285714285,0.584958217270195,0
35.03946643148495,Male,Canada,Basic,Smart TV,3.5,25,5,0.592875,0.5736137667304014,1
33.0,Female,USA,Basic,Tablet,3.5,22,5,0.9545714285714285,0.584958217270195,0
49.0,Female,USA,Basic,Mobile,3.51,10,5,0.6931764705882353,0.16964717254712422,0
35.03946643148495,Female,USA,Premium,Tablet,3.51,4,5,0.6016111111111111,0.6628895184135977,0
1.0,Male,USA,Premium,Smart TV,3.51,25,5,0.7618601398601399,0.3140002981959147,0
35.03946643148495,Female,USA,Basic,Gaming Console,3.51,2,5,0.8038888888888889,0.6356776335647449,0
23.0,Male,USA,Premium+,Desktop,3.52,31,5,0.8346060606060606,0.2289430894308943,0
44.0,Female,USA,Premium,Laptop,3.53,22,4,0.6995454545454545,0.14232914454673745,0
23.0,Female,USA,Premium,Laptop,3.53,22,4,1.23725,0.8161849710982658,0
35.03946643148495,Male,USA,Standard,Tablet,3.53,20,4,0.5047272727272727,0.6207502930832355,0
22.0,Female,USA,Standard,Mobile,3.53,3,5,0.7150714285714286,0.16450485436893203,0
35.03946643148495,Male,USA,Standard,Tablet,3.53,20,4,0.5047272727272727,0.6207502930832355,0
48.0,Female,USA,Premium,Mobile,3.54,35,4,0.8553333333333333,0.7507953340402969,0
37.0,Male,USA,Standard,Laptop,3.54,16,4,0.9018888888888887,0.30711393869288606,0
36.0,Female,Canada,Basic,Tablet,3.55,19,5,0.721090909090909,0.46874999999999994,0
30.0,Female,Canada,Premium,Mobile,3.55,31,5,0.7050714285714286,0.37725823591923485,0
42.0,Female,USA,Premium+,Smart TV,3.55,32,5,0.8409642857142857,0.34622886866059815,0
36.0,Female,Canada,Basic,Tablet,3.55,19,5,0.721090909090909,0.46874999999999994,0
42.0,Female,USA,Premium,Gaming Console,3.56,27,5,0.56125,0.3617886178861789,0
25.0,Prefer not to say,USA,Basic,Desktop,3.57,4,5,1.0100714285714285,0.18601823708206686,0
34.0,Female,USA,Standard,Laptop,3.59,14,5,0.8595,0.5331683168316832,0
32.0,Female,USA,Standard,Gaming Console,3.6,2,5,0.7165555555555556,0.3654204026391474,0
35.03946643148495,Male,Canada,Standard,Desktop,3.6,29,4,0.6955555555555555,0.35207823960880197,0
48.0,Female,USA,Premium,Mobile,3.6,21,5,0.7573626373626373,0.32085561497326204,0
26.0,Prefer not to say,USA,Basic,Desktop,3.6,17,5,0.6556503496503496,0.494279176201373,0
32.0,Female,USA,Standard,Gaming Console,3.6,2,5,0.7165555555555556,0.3654204026391474,0
46.0,Female,USA,Standard,Gaming Console,3.61,1,5,0.7473522727272727,0.4933940774487471,0
31.0,Female,USA,Basic,Desktop,3.61,25,5,0.6417692307692309,0.3593231585932315,0
35.03946643148495,Female,Canada,Premium,Desktop,3.61,29,5,0.6461470588235294,0.30489864864864863,0
35.03946643148495,Female,USA,Basic,Smart TV,3.61,33,5,1.04075,0.45313807531380745,0
27.0,Male,Canada,Standard,Laptop,3.61,19,5,0.3986666666666666,0.31031518624641835,0
17.0,Male,Canada,Basic,Laptop,3.61,33,4,0.8118888888888889,0.5877883310719132,0
55.0,Prefer not to say,Canada,Standard,Desktop,3.62,23,4,0.8094848484848485,0.29422920617718773,0
37.0,Female,USA,Premium,Mobile,3.62,11,5,0.7633333333333333,0.9713774597495528,0
49.0,Male,USA,Premium,Desktop,3.63,15,5,0.8322499999999999,0.4388474712875276,1
35.0,Female,USA,Basic,Smart TV,3.63,7,5,0.9686999999999999,0.3620947630922693,0
10.0,Female,USA,Standard,Tablet,3.63,15,4,0.598,0.5188184849928537,0
34.0,Female,USA,Premium,Smart TV,3.64,6,5,0.5436666666666666,0.1671769748928353,1
21.0,Male,USA,Premium,Laptop,3.64,9,5,0.8802571428571428,0.6594202898550724,0
37.0,Female,USA,Standard,Mobile,3.64,15,5,0.6897272727272727,0.5294545454545455,0
40.0,Male,USA,Premium,Tablet,3.64,20,5,0.6628571428571428,0.421784472769409,0
57.0,Male,USA,Basic,Smart TV,3.64,26,5,0.483,0.6604172966434835,0
50.0,Female,USA,Premium,Gaming Console,3.65,12,5,0.9966153846153847,0.16818984716995625,1
38.0,Female,USA,Premium,Laptop,3.65,1,5,0.5355000000000001,0.897908979089791,0
24.0,Male,USA,Premium+,Laptop,3.66,6,5,0.7139999999999999,0.5013698630136986,0
25.0,Male,USA,Basic,Laptop,3.66,22,5,0.6093333333333333,0.3281039892424921,0
13.0,Female,USA,Standard,Smart TV,3.67,1,4,0.6624505494505495,0.20687711386696733,0
48.0,Female,USA,Premium,Mobile,3.67,6,5,0.9092454545454546,0.40189815659791933,0
29.0,Male,USA,Basic,Gaming Console,3.67,19,5,0.4974848484848484,0.33393994540491356,0
75.0,Male,USA,Standard,Mobile,3.67,6,5,0.6316,0.6559428060768543,0
24.0,Female,USA,Standard,Gaming Console,3.68,2,5,0.8741,0.39985512495472647,0
50.0,Female,USA,Standard,Desktop,3.68,13,5,0.6117222222222222,0.4038778123285165,0
20.0,Male,USA,Basic,Gaming Console,3.68,7,5,0.8048571428571429,0.4626990779547359,0
10.0,Female,Canada,Premium,Desktop,3.68,3,4,0.9228333333333334,0.47018739352640543,0
51.0,Female,USA,Premium,Mobile,3.68,13,5,0.7831944444444444,0.6930320150659134,0
35.0,Male,USA,Standard,Desktop,3.69,27,5,0.793,1.3616236162361623,0
56.0,Other,USA,Premium,Laptop,3.7,33,4,1.21,1.8893617021276596,0
35.03946643148495,Female,Canada,Premium,Desktop,3.7,17,5,0.703375,0.9219269102990033,0
45.0,Female,USA,Standard,Mobile,3.7,31,4,0.38175,0.5644546147978642,1
35.03946643148495,Female,USA,Standard,Desktop,3.71,11,5,0.6637857142857144,0.3741805345436208,0
18.0,Female,Canada,Premium+,Smart TV,3.71,33,5,0.7592,0.2566290062255015,0
27.0,Female,USA,Premium,Smart TV,3.71,24,4,0.634625,0.42562141491395794,0
41.0,Female,USA,Standard,Mobile,3.72,2,5,0.7226,0.5213735108619482,0
96.0,Male,Canada,Premium,Gaming Console,3.72,21,5,0.948969696969697,0.2448442299254059,0
9.0,Male,USA,Premium+,Smart TV,3.72,27,5,1.086060606060606,0.24646643109540636,0
48.0,Other,USA,Standard,Desktop,3.72,27,5,0.42100000000000004,1.1987110633727176,0
39.0,Female,Canada,Premium,Laptop,3.73,16,5,0.8385050505050504,0.19151120999486565,0
30.0,Female,USA,Standard,Laptop,3.73,3,5,0.8748571428571428,0.21348850519889342,0
46.0,Male,Canada,Premium,Tablet,3.73,2,4,0.83975,0.5356629966491143,0
42.0,Female,Canada,Basic,Tablet,3.73,26,5,0.828,0.6684587813620072,0
35.03946643148495,Male,USA,Standard,Smart TV,3.73,35,5,0.9862500000000001,0.3173117822203318,0
35.03946643148495,Female,Canada,Premium,Mobile,3.74,13,5,0.8483736263736263,0.16879795396419442,0
18.0,Male,USA,Premium+,Mobile,3.74,2,5,0.9823653846153846,0.5125628140703518,0
32.0,Male,USA,Standard,Laptop,3.74,8,5,0.8485,0.22842019543973946,0
32.0,Male,Canada,Premium,Laptop,3.74,3,5,0.6161372549019608,0.24046292327475352,1
36.0,Male,Canada,Premium,Mobile,3.74,33,4,0.9002857142857142,0.36013480982185847,0
35.03946643148495,Male,USA,Standard,Desktop,3.74,28,5,0.9042152777777778,0.1418816388467375,0
40.0,Female,Canada,Standard,Smart TV,3.75,19,5,0.7896181818181818,0.653689715281813,0
24.0,Male,USA,Premium,Desktop,3.75,31,5,0.5214545454545455,0.3606347171020997,0
30.0,Female,USA,Standard,Tablet,3.75,32,5,0.717025641025641,0.15208868460186564,0
40.0,Female,Canada,Standard,Smart TV,3.75,19,5,0.7896181818181818,0.653689715281813,0
50.0,Male,Canada,Premium,Tablet,3.76,21,3,0.9415694444444445,0.6184210526315789,0
33.0,Female,Canada,Basic,Laptop,3.76,14,5,0.8246923076923078,0.11083271923360354,0
46.0,Female,Canada,Basic,Gaming Console,3.76,26,5,0.9483939393939393,0.19112165367671977,1
7.0,Female,Canada,Premium,Gaming Console,3.76,20,5,0.8200833333333333,0.35499606608969314,0
31.0,Male,USA,Standard,Tablet,3.76,24,5,0.9888888888888888,0.4436578171091444,0
23.0,Male,USA,Basic,Gaming Console,3.77,5,5,0.6384707602339181,0.16232508073196986,0
35.03946643148495,Female,Canada,Standard,Gaming Console,3.77,18,5,0.8377333333333334,0.2826793301674581,0
45.0,Female,USA,Premium+,Mobile,3.77,26,5,0.5356071428571428,0.2893323100537222,1
39.0,Male,USA,Standard,Mobile,3.77,28,5,0.746375,0.8113342898134864,1
27.0,Female,USA,Premium+,Gaming Console,3.77,8,5,0.917,0.21704087507196318,0
47.0,Male,Canada,Premium,Smart TV,3.78,20,5,0.8050909090909091,0.5488867376573087,0
15.0,Male,USA,Premium,Smart TV,3.78,27,4,0.75,0.7111947318908748,0
21.0,Male,Canada,Premium,Smart TV,3.78,19,5,0.8607878787878789,0.30031779661016944,1
38.0,Male,USA,Standard,Laptop,3.79,11,5,0.6454285714285714,0.7857636489288181,0
34.0,Other,USA,Standard,Desktop,3.79,25,5,0.5874444444444444,0.27603787327021123,1
32.0,Prefer not to say,USA,Basic,Laptop,3.79,27,5,0.7190833333333333,0.4044823906083244,0
35.0,Female,USA,Premium,Laptop,3.79,13,5,0.8681558441558441,0.36413130504403524,0
42.0,Male,USA,Basic,Gaming Console,3.79,13,5,0.6973333333333334,0.21593390941031243,0
30.0,Male,USA,Standard,Laptop,3.8,14,4,0.6722857142857144,0.7078547035082271,0
51.0,Female,USA,Standard,Mobile,3.8,36,5,0.5188333333333334,0.7765667574931879,0
42.0,Male,USA,Standard,Mobile,3.8,5,5,0.6857692307692308,0.35348837209302325,1
43.0,Prefer not to say,USA,Standard,Gaming Console,3.81,25,5,0.6014166666666667,0.4572,0
53.0,Female,USA,Premium,Laptop,3.81,12,5,0.662125,0.3920425312982336,0
26.0,Female,USA,Standard,Gaming Console,3.81,26,5,0.5334640522875818,0.29058090758866145,1
52.0,Male,Canada,Standard,Smart TV,3.82,23,4,0.7618750000000001,0.5761689291101055,0
35.03946643148495,Male,Canada,Standard,Smart TV,3.82,36,5,0.746,0.32132342632833305,0
28.0,Female,Canada,Standard,Laptop,3.82,35,5,0.461,0.300196463654224,0
30.0,Female,USA,Basic,Desktop,3.83,21,5,0.7702222222222223,0.28038067349926793,0
21.0,Female,USA,Standard,Smart TV,3.83,11,5,0.7567499999999999,1.0454959053685169,0
45.0,Female,USA,Standard,Tablet,3.83,16,5,0.9849583333333332,0.24413045787740362,1
32.0,Female,USA,Standard,Gaming Console,3.83,2,5,0.8877582417582419,0.21317254174397038,0
31.0,Male,USA,Premium,Gaming Console,3.84,8,4,0.43275,0.5329632199861207,0
61.0,Female,USA,Standard,Laptop,3.84,16,5,0.8024065934065934,0.2507618632999564,0
43.0,Female,Canada,Basic,Gaming Console,3.84,5,5,0.64925,0.8638920134983125,0
46.0,Male,USA,Premium+,Tablet,3.84,5,5,1.108095238095238,0.35020519835841313,0
36.0,Male,Canada,Premium,Desktop,3.84,24,5,0.8518333333333332,0.2492966890283488,0
30.0,Female,Canada,Standard,Smart TV,3.84,34,5,0.8617894736842104,0.23249243188698285,0
21.0,Female,USA,Basic,Smart TV,3.85,19,5,0.7648888888888888,0.5839231547017188,0
34.0,Male,USA,Standard,Mobile,3.85,20,4,0.574,2.269155206286837,1
35.0,Female,USA,Standard,Gaming Console,3.85,25,5,0.5424285714285715,0.6347897774113768,0
39.0,Female,USA,Basic,Desktop,3.85,22,5,0.7891111111111111,0.2919615773508594,0
35.03946643148495,Female,USA,Basic,Laptop,3.86,8,5,0.6060000000000001,0.612374405076679,0
45.0,Female,USA,Standard,Mobile,3.87,24,5,0.7248571428571429,0.9818181818181818,0
51.0,Female,USA,Premium+,Tablet,3.87,13,5,1.1581000000000001,0.37045309508615193,0
60.0,Male,USA,Basic,Tablet,3.87,6,5,0.6279230769230769,0.36641944137604543,0
51.0,Female,USA,Premium+,Tablet,3.87,13,5,1.1581000000000001,0.37045309508615193,0
35.0,Female,USA,Premium,Desktop,3.88,29,5,0.627909090909091,0.4144561153640733,0
46.0,Male,USA,Standard,Smart TV,3.88,11,4,0.6669999999999999,0.4105820105820106,0
45.0,Prefer not to say,Canada,Standard,Laptop,3.88,16,5,0.5624444444444444,0.6510067114093959,0
20.0,Female,USA,Basic,Tablet,3.88,14,4,0.8047142857142857,0.991904559011504,0
29.0,Male,USA,Standard,Tablet,3.89,18,5,0.7006000000000001,0.43126385809312634,0
57.0,Female,USA,Standard,Tablet,3.89,30,5,0.714764705882353,0.16112108242440978,0
46.0,Male,USA,Basic,Mobile,3.89,34,5,1.1807,0.4379808594483018,0
20.0,Male,USA,Standard,Gaming Console,3.9,15,5,0.666125,0.4436860068259386,0
30.0,Prefer not to say,USA,Basic,Laptop,3.9,21,5,0.6159999999999999,0.7342328208346406,0
36.0,Female,USA,Premium+,Laptop,3.9,32,5,0.8399444444444444,0.5048543689320388,1
24.0,Female,USA,Standard,Laptop,3.91,12,5,0.5146428571428572,0.3547557840616966,0
40.0,Female,Canada,Basic,Desktop,3.91,35,5,0.49300909090909095,0.4975609756097561,0
41.0,Male,USA,Basic,Smart TV,3.91,7,5,0.8782613636363638,0.5194862710363153,0
27.0,Male,USA,Premium+,Desktop,3.92,8,5,1.2017045454545454,0.32021783526208303,0
38.0,Male,Canada,Basic,Desktop,3.93,4,5,0.8099090909090909,0.24944462075531576,0
25.0,Male,USA,Premium,Tablet,3.93,34,5,1.0205454545454544,0.3413433700057904,0
61.0,Other,USA,Premium+,Desktop,3.94,17,5,0.36990909090909085,0.4278733031674208,0
51.0,Female,Canada,Standard,Laptop,3.94,17,5,0.6759166666666667,0.1829721362229102,1
35.03946643148495,Other,Canada,Premium,Desktop,3.94,4,5,0.7305714285714286,0.7077844311377246,0
38.0,Female,USA,Basic,Desktop,3.95,21,5,1.088125,0.5375368564300295,0
55.0,Male,Canada,Standard,Mobile,3.95,9,5,0.6885238095238095,0.648959474260679,0
16.0,Female,Canada,Premium+,Gaming Console,3.95,12,4,0.6403333333333333,0.5505226480836237,1
64.0,Male,Canada,Premium+,Tablet,3.95,12,5,0.6734545454545454,0.34492795808470383,0
42.0,Male,USA,Basic,Smart TV,3.95,22,4,0.8710000000000001,0.34618755477651186,0
18.0,Male,USA,Premium,Tablet,3.95,8,5,1.1897777777777778,0.6076923076923078,1
31.0,Female,USA,Standard,Gaming Console,3.96,13,5,1.1992857142857143,0.7518987341772152,1
43.0,Male,USA,Basic,Tablet,3.96,21,5,1.0189444444444444,0.30079756931257123,0
18.0,Female,Canada,Premium,Gaming Console,3.97,25,5,0.6493571428571427,0.33658329800763037,0
35.03946643148495,Other,USA,Basic,Laptop,3.97,17,5,0.6388452380952381,0.11740930599369086,1
29.0,Female,USA,Standard,Smart TV,3.98,27,5,0.5978888888888889,0.5693848354792561,0
35.03946643148495,Male,USA,Standard,Desktop,3.98,8,5,0.5271666666666667,0.26639892904953144,0
48.0,Female,USA,Standard,Mobile,3.98,36,5,0.8873697478991598,0.14502611441758775,0
35.03946643148495,Female,Canada,Basic,Mobile,3.98,31,5,1.042181818181818,0.24514936864798276,0
48.0,Male,USA,Basic,Desktop,3.99,24,5,0.9517692307692307,0.30288461538461536,0
36.0,Male,USA,Standard,Mobile,3.99,11,5,0.5781333333333333,0.3105864037363778,0
38.0,Female,USA,Premium,Laptop,3.99,20,4,0.8486923076923076,0.38563144329896903,0
37.0,Female,USA,Basic,Tablet,4.0,17,5,0.57125,0.5641748942172072,0
25.0,Male,USA,Standard,Desktop,4.0,29,5,0.6086666666666667,0.7481296758104738,0
30.0,Female,Canada,Basic,Laptop,4.0,17,5,0.9208809523809522,0.48602673147023084,0
59.0,Female,Canada,Premium+,Desktop,4.01,23,4,1.01375,0.602102102102102,0
47.0,Male,USA,Premium,Mobile,4.01,20,5,0.8044545454545455,0.47995212447636143,1
45.0,Male,USA,Premium,Desktop,4.01,20,5,0.96225,0.34239362459086375,0
35.0,Female,USA,Standard,Smart TV,4.02,29,4,0.7225555555555556,0.775812158250241,0
51.0,Male,Canada,Standard,Gaming Console,4.02,27,5,0.18766666666666665,1.3588732394366194,0
35.0,Female,USA,Standard,Smart TV,4.02,29,4,0.7225555555555556,0.775812158250241,0
56.0,Male,USA,Standard,Desktop,4.03,1,5,0.8896666666666666,0.3614890118104351,0
35.03946643148495,Male,USA,Premium+,Gaming Console,4.03,32,5,0.7622203947368421,0.19245463228271253,0
43.0,Male,USA,Basic,Gaming Console,4.03,14,5,0.651125,0.37000765110941086,1
30.0,Female,USA,Basic,Gaming Console,4.04,36,5,0.4611666666666666,0.4867469879518072,0
33.0,Female,USA,Premium,Smart TV,4.04,26,5,0.7488571428571429,0.6367218282111898,0
43.0,Male,Canada,Basic,Tablet,4.04,14,5,0.7465461538461539,0.49469387755102034,0
24.0,Male,USA,Standard,Laptop,4.05,18,5,0.9940909090909091,0.3527362461895776,0
30.0,Female,Canada,Basic,Desktop,4.05,5,5,0.47869230769230775,0.4087468460891505,1
35.03946643148495,Female,USA,Standard,Tablet,4.06,11,5,0.6155090909090909,0.3399385989394362,0
19.0,Female,Canada,Standard,Laptop,4.06,8,5,0.532875,0.3026462914647782,0
16.0,Male,USA,Premium,Mobile,4.06,3,4,0.4285,0.41648144982048213,0
41.0,Male,USA,Basic,Tablet,4.07,14,5,0.8322756410256411,0.4625,1
14.0,Female,USA,Basic,Mobile,4.07,27,5,0.672046218487395,0.22336046830696057,0
41.0,Female,USA,Premium,Mobile,4.07,31,5,0.6188333333333333,0.7348781221787543,0
34.0,Female,USA,Premium+,Tablet,4.08,8,5,0.7926666666666666,0.6322314049586776,0
28.0,Male,USA,Standard,Smart TV,4.08,8,5,0.67475,0.34218618954431085,0
15.0,Male,USA,Premium,Gaming Console,4.08,31,4,1.0582222222222222,0.4985743380855397,1
44.0,Male,Canada,Standard,Desktop,4.08,27,5,0.5824965034965035,0.27022850204216803,0
35.03946643148495,Male,Canada,Premium,Smart TV,4.08,32,5,0.7587272727272727,0.6857142857142857,0
37.0,Female,USA,Basic,Laptop,4.09,17,5,0.6573571428571428,0.3552917330244679,1
38.0,Female,Canada,Standard,Laptop,4.09,9,5,0.6204242424242424,0.29277022190408014,0
26.0,Male,USA,Standard,Desktop,4.09,21,5,0.714,0.4466690935566072,1
35.03946643148495,Male,USA,Standard,Mobile,4.09,3,5,1.041,0.6151917773878164,0
16.0,Female,USA,Basic,Desktop,4.1,23,5,0.9355333333333333,0.37431527693244054,0
45.0,Male,USA,Basic,Gaming Console,4.1,17,5,1.0106666666666666,0.6542553191489361,0
41.0,Female,USA,Standard,Mobile,4.1,29,5,0.827111111111111,0.3110773899848254,0
52.0,Female,USA,Standard,Mobile,4.1,24,5,0.8225934065934066,0.31506147540983603,0
24.0,Female,USA,Standard,Tablet,4.1,22,5,0.863375,0.5559322033898305,0
50.0,Female,USA,Premium,Tablet,4.1,1,5,0.5154666666666667,0.3654731837765562,0
64.0,Male,USA,Standard,Desktop,4.11,35,5,0.8969166666666667,0.25409582689335397,0
41.0,Other,Canada,Premium,Desktop,4.11,20,5,0.8068333333333334,0.5874225821819914,0
35.03946643148495,Female,Canada,Standard,Smart TV,4.11,29,5,0.702,0.5760336370007008,0
30.0,Female,USA,Basic,Laptop,4.12,8,5,0.9560659340659341,0.17695060844667143,0
39.0,Male,Canada,Premium,Desktop,4.12,22,5,0.6656692307692307,0.3474838346921564,0
35.03946643148495,Female,USA,Premium,Smart TV,4.12,30,5,0.5901090909090909,0.3342347214710655,0
26.0,Female,Canada,Premium,Smart TV,4.13,16,5,0.8030222222222223,0.18904485810192248,0
35.0,Female,Canada,Standard,Gaming Console,4.13,26,5,0.5635,0.7636363636363637,1
36.0,Female,USA,Premium,Tablet,4.13,4,5,0.5998333333333333,1.0118415679869333,0
35.0,Female,Canada,Standard,Laptop,4.13,25,5,0.8599583333333334,0.7529626253418413,0
36.0,Female,Canada,Basic,Desktop,4.15,15,5,0.6642857142857143,0.24972420018052355,0
44.0,Prefer not to say,Canada,Standard,Gaming Console,4.15,7,5,0.5472333333333333,0.37230861244019137,1
40.0,Prefer not to say,USA,Premium+,Laptop,4.15,36,5,0.6375555555555557,0.25227963525835867,1
31.0,Male,USA,Premium,Mobile,4.15,9,5,0.7572142857142857,0.4431393486385478,1
47.0,Male,Canada,Standard,Laptop,4.15,29,5,0.31366666666666665,1.787508973438622,0
33.0,Female,USA,Premium,Tablet,4.16,29,5,0.6303333333333333,0.72117885004334,1
23.0,Male,USA,Premium,Tablet,4.16,28,5,0.3846666666666666,0.7068819031435853,0
29.0,Male,USA,Standard,Gaming Console,4.16,31,4,0.7696666666666667,0.6034816247582205,0
30.0,Female,Canada,Standard,Smart TV,4.16,17,5,0.5827142857142857,0.40578767680052025,0
47.0,Female,USA,Standard,Desktop,4.18,15,5,0.774625,0.2262312826988995,0
37.0,Female,USA,Standard,Smart TV,4.18,19,5,0.7704825174825174,0.2911201392919327,0
29.0,Prefer not to say,USA,Standard,Laptop,4.18,24,4,0.7088,1.6296296296296295,0
31.0,Male,USA,Premium+,Smart TV,4.19,19,5,0.558,0.29635742072380056,0
35.03946643148495,Female,USA,Standard,Gaming Console,4.19,2,4,1.024,0.8146467919637072,0
14.0,Female,USA,Basic,Smart TV,4.19,15,5,0.4266363636363637,0.3776475890040559,0
17.0,Male,USA,Premium,Laptop,4.19,27,5,0.7755,1.1365280289330921,0
35.03946643148495,Male,USA,Basic,Laptop,4.2,26,5,0.6852361111111112,0.3926456840137114,1
25.0,Female,USA,Premium,Mobile,4.2,34,5,0.5077142857142857,5.3276955602537,0
43.0,Male,Canada,Standard,Laptop,4.2,8,5,0.8261428571428571,0.38822985672469573,0
38.0,Female,USA,Basic,Mobile,4.2,34,5,0.5275238095238095,0.3225806451612903,1
53.0,Female,USA,Standard,Smart TV,4.2,26,5,0.8655972222222222,0.2215579391594866,0
29.0,Male,USA,Premium+,Desktop,4.21,17,5,0.6027,0.705586592178771,1
35.03946643148495,Other,Canada,Premium,Laptop,4.21,19,5,0.8429583333333335,0.6755817063385932,0
33.0,Male,USA,Basic,Tablet,4.21,21,5,0.9102857142857143,0.5460440985732814,0
14.0,Female,USA,Standard,Laptop,4.21,21,5,1.0269090909090908,0.39530516431924884,0
35.0,Male,USA,Standard,Desktop,4.21,4,5,0.5629333333333334,0.5733091239219246,0
48.0,Female,USA,Standard,Laptop,4.22,18,4,1.0366666666666666,0.629694105943795,0
31.0,Female,USA,Standard,Desktop,4.22,17,5,0.8371999999999999,0.40499040307101725,0
56.0,Male,USA,Premium+,Laptop,4.23,3,4,0.967111111111111,0.46095168906647294,0
18.0,Female,USA,Standard,Gaming Console,4.23,11,5,0.3867777777777778,0.20639180287875097,0
16.0,Female,USA,Standard,Desktop,4.23,15,5,0.8798888888888889,0.7569340888756337,0
35.0,Female,USA,Standard,Desktop,4.24,32,5,0.6470476190476191,0.2831700801424755,0
25.0,Male,USA,Standard,Tablet,4.24,34,4,1.047904761904762,0.6209421527947279,0
19.0,Male,USA,Premium+,Gaming Console,4.24,28,5,0.568871794871795,0.2877502544960977,1
19.0,Female,USA,Premium,Desktop,4.25,25,5,0.8288566176470589,0.27672273467173086,0
35.0,Male,Canada,Standard,Laptop,4.25,9,4,0.6004999999999999,4.34412265758092,0
50.0,Female,USA,Standard,Smart TV,4.26,6,5,0.547974025974026,0.416897732833143,0
43.0,Female,USA,Basic,Gaming Console,4.26,29,5,1.0847333333333333,0.9638009049773754,0
35.03946643148495,Male,USA,Standard,Laptop,4.26,16,5,0.6887142857142857,0.5220588235294117,0
45.0,Male,Canada,Basic,Tablet,4.26,18,5,0.6031111111111112,0.8741450068399451,1
43.0,Female,USA,Basic,Gaming Console,4.26,29,5,1.0847333333333333,0.9638009049773754,0
23.0,Female,USA,Premium,Gaming Console,4.28,16,5,0.9029666666666667,0.2846060068713288,0
22.0,Prefer not to say,USA,Basic,Gaming Console,4.28,11,4,0.67625,0.7877300613496933,0
32.0,Prefer not to say,USA,Basic,Laptop,4.28,15,5,0.7096428571428572,0.30928580031313985,0
40.0,Male,Canada,Standard,Smart TV,4.28,5,4,0.7251428571428571,0.8594377510040161,0
25.0,Female,USA,Standard,Mobile,4.28,23,4,0.6878272727272727,0.5114519020115514,1
25.0,Male,Canada,Basic,Laptop,4.29,4,4,0.5387777777777778,0.5397357936674355,0
33.0,Female,Canada,Standard,Desktop,4.29,19,5,0.7672406015037594,0.27763995254017904,0
42.0,Female,USA,Standard,Tablet,4.29,13,5,0.6223333333333334,0.3800383877159309,0
53.0,Male,USA,Premium,Laptop,4.29,29,5,0.8940000000000001,0.7100689655172413,0
29.0,Female,USA,Premium,Tablet,4.29,21,5,1.0095,0.21973706675772584,1
28.0,Male,USA,Standard,Smart TV,4.3,14,5,0.6080909090909091,0.23855755894590852,1
39.0,Female,Canada,Premium+,Mobile,4.3,29,5,1.1932615384615384,0.39461609054756797,0
19.0,Male,Canada,Premium,Laptop,4.3,13,5,0.6798961038961039,0.1754385964912281,0
38.0,Female,USA,Premium,Desktop,4.3,28,5,0.9699166666666665,0.3188334157192288,0
29.0,Female,Canada,Premium,Gaming Console,4.3,36,5,0.725875,0.3922761137296639,0
27.0,Female,Canada,Premium,Laptop,4.32,16,5,0.6946904761904762,0.7272727272727274,1
42.0,Female,USA,Premium,Mobile,4.32,13,5,0.5640833333333333,0.5618903099934967,0
44.0,Male,USA,Standard,Gaming Console,4.32,31,5,0.7925164835164835,0.30670926517571884,0
34.0,Female,USA,Premium,Tablet,4.33,18,5,0.6223666666666666,0.6991388589881593,1
9.0,Female,USA,Standard,Smart TV,4.34,6,5,1.0635252525252525,0.2690360574439508,0
43.0,Male,USA,Premium,Mobile,4.34,32,5,1.0343333333333333,0.7435750999428896,0
35.03946643148495,Female,Canada,Premium,Smart TV,4.35,4,4,0.6036666666666667,0.6384540117416829,0
52.0,Other,USA,Premium,Gaming Console,4.36,3,5,0.8378333333333333,0.5845810055865922,0
35.03946643148495,Male,Canada,Standard,Tablet,4.36,34,4,0.8993333333333333,0.7751111111111112,0
43.0,Prefer not to say,USA,Standard,Smart TV,4.37,32,5,0.7389761904761905,0.2678790355537392,0
45.0,Male,Canada,Standard,Laptop,4.37,18,5,0.6466428571428571,0.22943647182359117,0
27.0,Female,USA,Standard,Desktop,4.38,30,5,1.0107777777777778,0.5604606525911708,0
5.0,Female,USA,Standard,Laptop,4.38,30,5,0.8678253968253968,0.42448715877887255,0
50.0,Prefer not to say,Canada,Premium+,Mobile,4.39,13,5,0.5984444444444444,0.5551106427818756,1
14.0,Prefer not to say,Canada,Premium,Mobile,4.39,12,5,0.6263000000000001,0.4263515700874068,0
26.0,Male,Canada,Premium+,Desktop,4.4,1,5,0.7964444444444445,0.9981096408317581,0
49.0,Male,Canada,Basic,Desktop,4.4,2,5,0.7805,0.4093023255813954,1
40.0,Male,Canada,Premium,Desktop,4.41,2,5,0.7032857142857143,0.6417657045840407,0
35.0,Male,USA,Basic,Smart TV,4.41,13,5,0.6715333333333333,0.30330123796423664,0
27.0,Male,USA,Standard,Mobile,4.41,25,5,0.9149999999999999,0.5243757431629014,0
35.03946643148495,Female,USA,Standard,Mobile,4.41,27,5,0.782,0.3319533308242379,0
27.0,Male,Canada,Premium,Mobile,4.41,12,5,1.2954285714285714,0.6928515318146111,0
44.0,Male,USA,Premium,Smart TV,4.42,36,4,0.6260000000000001,0.24067519738633272,1
22.0,Female,USA,Standard,Mobile,4.42,26,5,0.784,1.3762324857291124,0
29.0,Male,Canada,Standard,Smart TV,4.42,1,5,0.8180606060606062,0.36869178367857636,0
38.0,Female,USA,Standard,Laptop,4.42,36,5,0.3236,0.9574007220216607,0
38.0,Female,USA,Standard,Laptop,4.42,36,5,0.3236,0.9574007220216607,0
26.0,Male,USA,Basic,Smart TV,4.43,14,5,0.9892857142857143,0.7135570469798657,0
34.0,Male,USA,Premium,Mobile,4.43,3,5,0.8365661764705883,0.29253797050407215,0
39.0,Female,USA,Premium,Desktop,4.43,12,5,0.7165833333333333,0.4263031275060144,0
44.0,Male,USA,Premium+,Smart TV,4.43,26,5,0.8319272727272727,0.361485108119135,0
42.0,Other,Canada,Standard,Tablet,4.43,30,5,0.7193095238095238,0.301155676410605,0
12.0,Female,USA,Basic,Desktop,4.43,8,4,0.6120000000000001,0.5326653306613226,1
35.0,Male,Canada,Basic,Desktop,4.44,26,4,0.648625,0.6237415125263405,0
35.03946643148495,Prefer not to say,Canada,Premium,Mobile,4.44,34,5,0.6732857142857143,0.9045840407470289,0
52.0,Female,USA,Premium,Laptop,4.45,15,5,0.721857142857143,0.5946547884187082,0
8.0,Prefer not to say,USA,Premium,Tablet,4.45,10,5,0.7529999999999999,0.23559516456366367,0
35.03946643148495,Female,USA,Premium,Tablet,4.45,3,3,1.2210666666666667,0.8068902991840434,0
31.0,Female,USA,Standard,Smart TV,4.46,10,5,0.6937777777777778,0.40276941601444916,0
54.0,Male,USA,Premium,Mobile,4.46,17,5,0.8945555555555555,0.8615582743077913,1
33.0,Male,Canada,Basic,Tablet,4.46,14,5,0.6350961538461539,0.302543810062182,0
48.0,Male,USA,Premium,Smart TV,4.46,31,4,0.941,1.595706618962433,0
57.0,Male,Canada,Premium,Laptop,4.46,3,5,0.8133333333333334,0.8607269218398197,0
30.0,Prefer not to say,USA,Premium+,Mobile,4.46,9,4,0.778,0.6035182679296346,0
32.0,Male,Canada,Basic,Desktop,4.47,21,5,0.5989,0.445588968267154,0
44.0,Prefer not to say,USA,Premium,Desktop,4.47,2,5,0.800235294117647,0.32438316400580547,0
35.03946643148495,Male,USA,Premium,Mobile,4.48,25,5,0.808142857142857,0.7114875595553203,0
46.0,Female,USA,Basic,Gaming Console,4.48,17,4,0.7998928571428572,0.28064314053038214,1
30.0,Female,Canada,Standard,Tablet,4.48,21,5,0.7712857142857144,0.7699799484388428,0
35.0,Female,Canada,Standard,Laptop,4.48,27,5,0.7666428571428571,0.2539922517244638,0
32.0,Male,USA,Premium,Mobile,4.49,36,4,0.856764705882353,0.3344091360476663,0
49.0,Female,USA,Premium,Mobile,4.49,28,5,1.0724141414141415,0.42606357741578366,0
22.0,Female,USA,Basic,Tablet,4.49,16,5,0.7228272727272728,0.546228710462287,0
62.0,Female,USA,Standard,Desktop,4.49,30,5,0.591,1.0810593900481542,0
41.0,Male,Canada,Standard,Gaming Console,4.49,29,5,0.7865,0.3162342998004461,1
30.0,Female,Canada,Premium+,Laptop,4.5,24,3,0.6402000000000001,1.3768485466598674,0
26.0,Other,Canada,Premium,Gaming Console,4.5,23,5,0.6391212121212121,0.49153468050245763,0
56.0,Female,Canada,Standard,Mobile,4.5,32,4,0.9779444444444444,0.25800286669851885,0
47.0,Male,Canada,Premium,Mobile,4.51,12,5,0.5318571428571429,0.3476361767728674,1
35.03946643148495,Male,Canada,Basic,Gaming Console,4.51,26,5,0.6242857142857143,0.5635152019991669,0
33.0,Prefer not to say,USA,Basic,Gaming Console,4.52,18,5,0.794,0.8451230913057026,0
38.0,Female,Canada,Premium,Laptop,4.52,3,4,0.5176666666666666,0.3913984701977197,1
21.0,Female,USA,Standard,Smart TV,4.52,4,5,0.5023333333333333,0.3723740216943567,0
31.0,Female,USA,Premium+,Desktop,4.52,16,5,0.7400833333333333,0.350342333031908,0
32.0,Male,USA,Premium+,Laptop,4.52,17,4,0.7254583333333333,0.4972497249724972,0
29.0,Male,Canada,Premium,Mobile,4.53,23,5,0.812,0.2395769061260468,1
26.0,Male,USA,Standard,Desktop,4.54,6,5,0.8947272727272727,0.5998678705131029,1
39.0,Female,USA,Basic,Laptop,4.55,8,5,0.7573636363636365,0.4648390941597139,0
40.0,Male,Canada,Standard,Laptop,4.55,4,5,0.8079000000000001,0.45675087836707373,0
39.0,Male,Canada,Standard,Laptop,4.55,20,4,0.9046000000000001,0.6453900709219859,0
37.0,Prefer not to say,USA,Standard,Gaming Console,4.55,9,5,0.6104999999999999,0.6458481192334988,0
16.0,Male,USA,Basic,Gaming Console,4.55,2,5,0.5909722222222222,1.122994652406417,0
25.0,Female,Canada,Standard,Smart TV,4.56,19,4,0.6774444444444444,0.8258376094174463,0
35.0,Female,Canada,Basic,Laptop,4.56,15,5,0.7654545454545454,0.44977807003123454,1
21.0,Female,USA,Premium,Tablet,4.56,20,5,0.7720909090909089,0.25779704136436443,0
30.0,Male,USA,Standard,Tablet,4.56,12,5,0.8627301587301588,0.4477905073649754,0
54.0,Male,USA,Premium,Tablet,4.56,13,5,0.4402857142857143,0.8106666666666666,0
30.0,Prefer not to say,USA,Standard,Gaming Console,4.57,33,5,0.9041923076923077,0.35518134715025906,0
9.0,Male,Canada,Basic,Desktop,4.57,30,4,0.7727777777777778,0.7906574394463668,0
27.0,Prefer not to say,Canada,Standard,Laptop,4.58,32,4,0.8940000000000001,0.3656686626746507,0
25.0,Male,Canada,Standard,Smart TV,4.58,13,4,0.7548333333333332,0.2586352941176471,0
36.0,Male,USA,Premium,Smart TV,4.58,5,5,0.7490000000000001,0.2997709174211847,0
35.03946643148495,Male,USA,Basic,Gaming Console,4.58,1,5,0.6082222222222222,0.8332322619769557,0
40.0,Male,USA,Premium,Mobile,4.58,34,5,0.772,0.5068240501659904,0
45.0,Female,USA,Standard,Mobile,4.58,26,5,0.787,0.29717746296096037,0
35.0,Female,USA,Basic,Laptop,4.59,30,5,0.8057756410256411,0.4946120689655172,0
35.0,Female,Canada,Premium,Mobile,4.6,29,5,0.7142999999999999,0.6264185201997275,0
31.0,Male,USA,Standard,Smart TV,4.6,22,5,0.7018,0.2929003502069404,1
26.0,Male,USA,Standard,Mobile,4.6,19,5,0.9872142857142858,0.19930675909878684,1
29.0,Other,USA,Basic,Laptop,4.61,12,5,0.36024242424242425,0.8792116973935156,0
32.0,Male,Canada,Standard,Gaming Console,4.61,26,5,0.8994848484848486,0.1759877839282306,0
59.0,Female,USA,Premium,Desktop,4.61,10,5,0.540409090909091,0.3936806148590948,0
62.0,Male,USA,Standard,Desktop,4.61,8,4,0.7003999999999999,0.9567623659633345,0
31.0,Female,USA,Basic,Tablet,4.61,9,5,0.6151794871794871,0.45048859934853425,0
39.0,Female,USA,Premium+,Smart TV,4.62,9,5,1.0349047619047618,0.9267803410230692,0
21.0,Female,Canada,Standard,Smart TV,4.62,29,5,0.6062626262626263,0.48016629135631383,0
36.0,Prefer not to say,USA,Basic,Laptop,4.62,35,5,0.5518,0.9243081027009002,0
35.03946643148495,Male,USA,Basic,Gaming Console,4.62,35,4,0.8407142857142857,0.4680851063829787,1
33.0,Male,USA,Premium+,Tablet,4.62,19,5,0.439,0.37611940298507457,0
60.0,Female,USA,Premium,Mobile,4.62,11,5,0.6268090909090909,0.3985621854780733,1
18.0,Female,USA,Standard,Tablet,4.63,29,4,0.9385363636363636,0.5038084874863983,1
33.0,Male,Canada,Standard,Smart TV,4.63,34,4,0.6325000000000001,1.5,0
42.0,Male,USA,Basic,Desktop,4.63,33,5,0.9136666666666666,0.524348810872027,0
1.0,Male,Canada,Premium,Desktop,4.63,24,5,0.75225,0.6255347894618328,0
23.0,Male,USA,Standard,Gaming Console,4.64,6,5,0.6652,0.12118046487333507,0
8.0,Other,USA,Premium,Tablet,4.64,27,5,0.9802000000000001,0.7594108019639934,1
34.0,Prefer not to say,USA,Standard,Desktop,4.64,24,5,0.822969696969697,0.40103716508210885,0
41.0,Male,USA,Standard,Mobile,4.64,9,5,0.7324166666666666,0.6392652123995407,0
32.0,Other,USA,Standard,Smart TV,4.65,2,5,0.8520000000000001,0.5871212121212122,0
32.0,Female,Canada,Basic,Mobile,4.65,34,5,0.6801318681318682,0.6887188348555913,0
49.0,Female,Canada,Premium,Smart TV,4.65,8,5,0.8958181818181818,0.7209302325581396,0
12.0,Male,Canada,Basic,Mobile,4.66,33,5,0.5594861111111111,0.625923438549362,0
41.0,Male,Canada,Basic,Mobile,4.66,27,5,0.8936454545454546,0.4350396763653337,1
35.03946643148495,Male,Canada,Premium+,Desktop,4.66,1,4,1.0617999999999999,0.3018460541941056,1
40.0,Female,USA,Premium,Desktop,4.66,2,4,0.8231666666666666,0.28815830155621974,0
38.0,Prefer not to say,USA,Basic,Desktop,4.66,20,5,0.94675,0.9013539651837523,0
28.0,Female,Canada,Premium+,Laptop,4.66,24,4,0.922125,0.6267652992602555,0
32.0,Female,USA,Basic,Gaming Console,4.66,16,5,0.7307000000000001,0.6308664259927798,0
41.0,Female,USA,Premium,Gaming Console,4.66,14,4,0.6877500000000001,1.3652343750000002,0
21.0,Male,USA,Premium+,Desktop,4.67,12,5,0.7125833333333333,0.6751807228915663,0
23.0,Other,USA,Standard,Laptop,4.68,2,4,0.8492000000000001,0.35187969924812024,0
44.0,Female,USA,Basic,Tablet,4.68,28,4,0.7835000000000001,0.91376505043931,0
20.0,Male,USA,Standard,Laptop,4.68,9,5,0.885,0.6311530681051921,0
35.03946643148495,Male,USA,Premium,Smart TV,4.68,8,5,0.5909696969696969,0.643004350812915,0
35.03946643148495,Female,USA,Basic,Smart TV,4.68,19,5,0.7568181818181818,0.3767610358245001,0
32.0,Male,Canada,Premium,Laptop,4.69,3,5,0.8787083333333334,0.4929059379926433,0
48.0,Male,USA,Premium,Mobile,4.69,17,5,0.5096666666666667,0.36640625,0
27.0,Male,USA,Premium,Laptop,4.69,7,5,0.7795000000000001,0.6282652377762893,0
25.0,Male,USA,Standard,Smart TV,4.69,5,5,0.6496666666666666,0.5374331550802139,0
60.0,Male,USA,Standard,Mobile,4.69,17,5,0.709875,0.6460055096418733,0
11.0,Female,Canada,Premium,Smart TV,4.7,5,5,0.5112857142857142,0.4797550187138482,0
52.0,Female,USA,Premium+,Desktop,4.7,22,5,0.6281176470588236,0.2566669700555202,1
30.0,Male,USA,Premium,Desktop,4.7,17,3,0.6091666666666666,1.0303251735476797,1
21.0,Female,USA,Premium+,Smart TV,4.7,22,5,0.7838333333333333,1.153846153846154,0
48.0,Male,USA,Standard,Gaming Console,4.7,14,5,0.49942857142857144,0.24073757896534062,0
35.03946643148495,Male,USA,Standard,Desktop,4.71,14,4,0.7996666666666665,0.5547703180212014,0
35.03946643148495,Female,USA,Premium,Desktop,4.71,30,4,0.4568571428571429,0.7967296306738088,0
40.0,Other,Canada,Premium+,Gaming Console,4.71,1,5,0.8494333333333333,0.33590871270652556,0
15.0,Female,USA,Standard,Mobile,4.72,13,5,0.8188525641025641,0.6052575336610386,1
36.0,Male,USA,Standard,Tablet,4.73,21,5,0.5509090909090909,0.3598326359832636,1
15.0,Female,USA,Premium,Smart TV,4.73,7,4,0.576875,0.5632069855129986,1
49.0,Male,USA,Standard,Smart TV,4.73,5,5,0.597923076923077,0.5916197623514696,0
35.03946643148495,Male,USA,Basic,Mobile,4.73,33,5,0.8568274509803921,0.3510638297872341,1
26.0,Male,USA,Premium,Smart TV,4.73,4,4,0.8791428571428571,0.6162866449511402,0
45.0,Female,Canada,Premium,Desktop,4.74,14,5,0.8830549450549451,0.4016949152542373,0
35.03946643148495,Female,Canada,Standard,Tablet,4.74,26,5,0.7736161616161616,0.3987661245092541,0
37.0,Male,Canada,Basic,Desktop,4.74,28,5,0.7093333333333334,0.4200265839610102,0
18.0,Female,Canada,Premium,Mobile,4.74,17,5,0.7245714285714286,0.5731559854897218,0
28.0,Male,Canada,Basic,Smart TV,4.74,3,5,0.6673333333333333,0.2224307836696387,0
45.0,Male,USA,Basic,Gaming Console,4.74,25,4,1.0612857142857142,0.22393700787401574,0
29.0,Prefer not to say,Canada,Premium+,Tablet,4.75,7,4,0.5364285714285714,0.76,0
21.0,Male,USA,Premium+,Laptop,4.76,9,4,1.0739999999999998,1.2882273342354533,0
40.0,Male,USA,Standard,Laptop,4.77,7,5,0.7837333333333333,0.7998882057015091,0
29.0,Male,USA,Standard,Desktop,4.77,18,5,0.9778,0.7223624432104996,0
55.0,Female,USA,Standard,Gaming Console,4.77,19,5,0.6728571428571428,0.3615919140871762,0
16.0,Female,USA,Basic,Smart TV,4.77,35,5,0.574,1.6600928074245938,1
29.0,Male,USA,Premium,Laptop,4.77,18,5,0.925625,0.6417040358744394,0
30.0,Male,USA,Standard,Mobile,4.77,7,4,0.7157142857142857,0.5876796714579055,1
13.0,Female,USA,Premium,Laptop,4.77,36,5,0.5993611111111111,1.0759398496240598,0
16.0,Male,USA,Premium,Desktop,4.78,9,4,0.4172,0.4746772591857001,1
35.03946643148495,Male,Canada,Standard,Tablet,4.78,29,5,0.7151111111111111,0.5094138543516874,0
32.0,Other,USA,Standard,Desktop,4.78,33,5,0.8576161616161616,0.4858546501778757,0
25.0,Male,USA,Standard,Gaming Console,4.78,13,5,0.8103333333333333,0.5043967639817095,0
43.0,Male,Canada,Premium,Laptop,4.79,9,5,0.6622467532467532,0.36060225846925975,0
28.0,Female,USA,Basic,Gaming Console,4.79,9,5,0.6274423076923077,0.2827626918536009,0
35.03946643148495,Female,USA,Premium,Tablet,4.79,19,5,0.34259523809523806,0.22411104179663133,0
37.0,Male,USA,Premium,Laptop,4.79,17,5,0.7775789473684211,0.21288888888888888,0
29.0,Male,USA,Premium+,Desktop,4.8,4,5,0.79925,0.21425383127510791,0
36.0,Female,USA,Standard,Desktop,4.8,4,5,0.8123888888888888,0.22858957060084134,0
28.0,Female,USA,Premium+,Tablet,4.81,21,4,0.7852222222222222,1.3136094674556211,1
35.0,Male,USA,Premium,Desktop,4.81,31,5,0.545,1.2792553191489362,0
56.0,Male,USA,Basic,Smart TV,4.81,3,5,0.8462857142857142,0.5548932897519707,0
38.0,Female,USA,Premium,Smart TV,4.81,12,5,0.8755274725274724,0.12374581939799331,0
40.0,Female,USA,Standard,Laptop,4.81,28,5,0.46058974358974364,0.4782896917467683,0
31.0,Female,USA,Premium+,Smart TV,4.81,11,4,0.46485714285714286,0.8065958636109557,0
43.0,Other,USA,Standard,Desktop,4.82,35,5,0.9160153846153847,0.4286984879928847,0
11.0,Male,Canada,Premium,Laptop,4.82,28,5,0.6000000000000001,0.3702470874407886,0
37.0,Female,USA,Standard,Laptop,4.82,21,4,0.9102363636363637,0.15745630750803072,0
35.03946643148495,Female,Canada,Premium,Smart TV,4.82,18,5,0.6685324675324675,0.17703232125367288,0
27.0,Female,Canada,Standard,Smart TV,4.82,22,5,1.1459000000000001,0.5973972319768643,0
42.0,Female,Canada,Premium,Desktop,4.82,35,4,0.8598888888888888,0.7738827936847738,0
37.0,Female,USA,Standard,Laptop,4.82,21,4,0.9102363636363637,0.15745630750803072,0
48.0,Female,USA,Basic,Desktop,4.83,19,5,0.8930606060606061,0.7303427419354839,0
25.0,Male,USA,Premium,Mobile,4.83,26,5,0.8720833333333333,0.5011239840913021,0
34.0,Female,USA,Premium,Smart TV,4.83,36,5,0.8045,0.34142318567389257,0
35.03946643148495,Female,USA,Standard,Gaming Console,4.83,2,5,0.7667083333333333,0.5806451612903226,0
52.0,Male,Canada,Premium,Tablet,4.84,10,5,0.5520202020202021,0.3067497623323122,0
14.0,Male,Canada,Premium,Gaming Console,4.84,3,5,0.6625333333333333,0.33056346044393853,0
35.03946643148495,Male,USA,Standard,Mobile,4.84,19,5,0.9997777777777777,0.2614802809292275,0
35.0,Female,USA,Premium,Gaming Console,4.84,4,4,0.6711318681318681,0.3764095917044718,0
34.0,Female,USA,Standard,Smart TV,4.85,3,5,1.0382727272727272,0.5222541277817659,0
18.0,Other,USA,Basic,Mobile,4.85,32,3,0.6194,1.2180828798660528,0
42.0,Female,USA,Premium,Smart TV,4.85,18,5,0.7353737373737375,0.3908663532572196,0
47.0,Female,USA,Standard,Tablet,4.85,6,5,0.7775714285714285,1.0341151385927503,1
35.03946643148495,Male,USA,Premium+,Laptop,4.85,22,5,0.8807714285714285,0.8660714285714286,0
20.0,Female,USA,Basic,Laptop,4.85,26,5,0.6800277777777778,0.28357045410251414,1
38.0,Female,USA,Premium,Gaming Console,4.85,32,5,0.8117181818181818,0.48735555183386364,0
41.0,Male,USA,Premium,Smart TV,4.85,4,4,0.842,1.9309887193098874,0
35.0,Male,Canada,Standard,Laptop,4.86,20,5,1.238,0.517388218594748,0
35.03946643148495,Female,USA,Basic,Mobile,4.86,5,5,0.725375,0.6277717976318623,1
51.0,Female,USA,Standard,Gaming Console,4.86,6,5,0.8398666666666667,1.2211055276381912,0
49.0,Other,USA,Standard,Mobile,4.86,35,5,0.5747,0.4619040076033581,0
35.0,Female,USA,Standard,Tablet,4.86,7,5,0.778,0.3882822902796272,0
28.0,Male,Canada,Basic,Desktop,4.86,1,4,0.655,3.5735294117647065,0
35.03946643148495,Female,Canada,Premium+,Mobile,4.86,27,5,0.794901098901099,0.4440383736866149,1
29.0,Other,Canada,Standard,Desktop,4.86,7,5,0.7811111111111111,1.050810810810811,0
39.0,Male,USA,Basic,Tablet,4.86,2,5,1.048,0.4423543689320388,0
35.0,Male,Canada,Standard,Laptop,4.86,20,5,1.238,0.517388218594748,0
37.0,Male,USA,Basic,Desktop,4.87,24,5,1.0951111111111111,0.8303495311167945,1
25.0,Female,USA,Premium,Tablet,4.87,18,5,0.8126923076923077,0.665149100842249,0
39.0,Male,USA,Premium+,Smart TV,4.87,27,5,0.8056089743589743,0.29652932819159733,0
35.03946643148495,Male,USA,Standard,Desktop,4.88,2,5,0.6961,0.5527657164432697,0
37.0,Male,USA,Premium+,Laptop,4.88,24,5,0.8628194444444444,0.8435609334485739,0
35.03946643148495,Male,USA,Premium+,Laptop,4.89,36,4,0.6338253968253968,0.24776220233068738,1
29.0,Male,USA,Standard,Desktop,4.89,22,5,1.2082615384615383,0.3306660655922461,0
29.0,Male,USA,Basic,Desktop,4.89,9,5,1.0463194444444444,0.8159065628476083,0
17.0,Female,USA,Standard,Gaming Console,4.89,27,5,0.8769487179487179,0.6785383903792783,0
35.03946643148495,Male,USA,Standard,Desktop,4.89,9,5,1.0322142857142858,0.6916548797736917,0
19.0,Female,Canada,Standard,Mobile,4.89,30,5,0.6629047619047619,0.4627030436839615,0
42.0,Female,Canada,Premium,Smart TV,4.89,22,5,1.3124444444444445,0.47124959845807896,1
50.0,Female,Canada,Standard,Gaming Console,4.89,29,4,0.8215,3.58679706601467,1
31.0,Male,Canada,Premium,Desktop,4.9,18,5,0.5141904761904762,0.6976744186046511,0
51.0,Female,USA,Standard,Desktop,4.9,12,5,0.7175,0.9156026160074743,1
57.0,Male,USA,Premium,Laptop,4.9,25,5,0.5422424242424242,0.33781454670803174,0
17.0,Male,USA,Premium,Gaming Console,4.91,9,5,0.7183999999999999,0.39348203552824895,0
48.0,Female,USA,Basic,Mobile,4.91,6,5,0.7611249999999999,0.514585152838428,0
49.0,Male,USA,Premium,Laptop,4.91,24,5,0.6371,0.1428432893716059,0
58.0,Female,USA,Standard,Tablet,4.91,32,5,0.9630555555555556,0.2956050571944612,0
39.0,Female,USA,Basic,Desktop,4.91,26,5,0.6168888888888888,0.3258849557522124,0
35.0,Female,USA,Premium,Gaming Console,4.92,3,5,0.5189999999999999,0.6945882352941176,0
39.0,Other,USA,Standard,Smart TV,4.92,2,5,0.9656,0.8674698795180722,0
33.0,Female,USA,Premium,Smart TV,4.93,5,5,1.0248888888888887,0.3047285464098073,0
47.0,Female,USA,Premium+,Desktop,4.94,10,5,0.8353809523809523,0.6500000000000001,0
54.0,Female,USA,Premium,Mobile,4.94,16,5,0.6051538461538462,0.39833355731756487,0
35.03946643148495,Prefer not to say,USA,Basic,Gaming Console,4.94,13,5,0.6651555555555555,0.37748344370860926,0
32.0,Male,Canada,Premium,Mobile,4.94,22,4,0.906,0.5967384739279245,1
27.0,Male,USA,Basic,Laptop,4.94,6,4,0.839,0.38897637795275597,0
35.03946643148495,Prefer not to say,Canada,Standard,Desktop,4.94,35,5,0.6332000000000001,0.7250489236790607,0
35.03946643148495,Female,USA,Standard,Gaming Console,4.94,28,5,0.6295000000000001,0.80151433207139,1
31.0,Female,USA,Premium,Tablet,4.95,7,5,0.7045833333333332,0.4038618438944792,1
26.0,Male,Canada,Premium,Laptop,4.95,15,5,0.760021978021978,0.35765895953757226,1
35.0,Male,USA,Premium,Laptop,4.95,11,5,0.7000793650793651,0.632183908045977,0
56.0,Other,Canada,Basic,Desktop,4.96,23,5,0.8149230769230769,0.523943661971831,0
16.0,Female,USA,Premium,Desktop,4.96,1,5,0.8822237762237761,0.3594637033458147,0
23.0,Female,USA,Basic,Gaming Console,4.96,16,5,0.7293846153846153,0.3868954758190328,1
50.0,Male,Canada,Standard,Desktop,4.97,17,3,1.0262222222222221,0.5955662073097663,0
35.03946643148495,Male,USA,Basic,Mobile,4.97,25,5,0.6253376623376624,0.5852796859666339,0
31.0,Male,Canada,Basic,Desktop,4.97,36,5,0.611,0.3034805617748829,0
28.0,Male,USA,Premium,Smart TV,4.97,18,5,0.7405555555555555,0.4489611562782294,0
44.0,Female,USA,Premium,Laptop,4.97,2,5,1.0309166666666667,0.5963999999999999,0
26.0,Male,Canada,Standard,Gaming Console,4.97,24,4,0.43466666666666665,1.1368661837590543,0
26.0,Male,Canada,Standard,Gaming Console,4.97,24,4,0.43466666666666665,1.1368661837590543,0
35.03946643148495,Female,USA,Standard,Tablet,4.98,27,5,0.9901111111111112,0.6889554991929905,0
31.0,Female,Canada,Premium,Smart TV,4.98,11,5,0.7532222222222222,0.6569920844327177,0
28.0,Female,USA,Premium,Desktop,4.98,17,5,0.3768888888888889,0.2596454640250261,1
33.0,Male,USA,Premium,Smart TV,4.98,8,5,0.7261428571428572,0.531294452347084,0
29.0,Female,Canada,Standard,Mobile,4.98,28,5,0.6168181818181818,0.48396501457725954,0
35.03946643148495,Male,USA,Standard,Tablet,4.98,31,5,0.8844000000000001,0.4139650872817955,0
35.03946643148495,Female,USA,Standard,Tablet,4.98,27,5,0.9901111111111112,0.6889554991929905,0
45.0,Male,Canada,Premium+,Desktop,4.99,13,4,0.8212857142857143,0.5786625434866641,0
51.0,Male,Canada,Premium,Smart TV,4.99,23,5,1.041,1.2866351525569404,0
59.0,Female,Canada,Standard,Tablet,4.99,10,5,0.9924545454545456,0.36067943621250453,0
43.0,Prefer not to say,USA,Premium,Smart TV,4.99,17,5,0.6512097902097902,0.4059110629067245,0
49.0,Male,Canada,Basic,Desktop,4.99,5,5,1.093111111111111,1.0605738575982997,1
29.0,Female,Canada,Basic,Desktop,5.0,32,5,0.9243095238095238,0.5045408678102926,0
41.0,Female,USA,Premium,Smart TV,5.0,7,5,0.7381,0.5065000844166807,0
41.0,Prefer not to say,USA,Premium,Mobile,5.0,21,4,0.47100000000000003,1.0779734099892202,0
36.0,Male,Canada,Premium,Tablet,5.0,10,5,0.4799285714285715,0.3656307129798903,0
41.0,Female,USA,Basic,Desktop,5.0,22,5,0.5732291666666667,0.43821209465381245,0
41.0,Female,USA,Basic,Desktop,5.0,22,5,0.5732291666666667,0.43821209465381245,0
33.0,Female,USA,Premium,Laptop,5.01,4,5,0.7065555555555555,0.4222503160556257,0
40.0,Prefer not to say,USA,Premium,Desktop,5.01,15,4,1.4195714285714285,0.23360273546782717,0
35.03946643148495,Female,Canada,Premium+,Laptop,5.01,27,4,0.9339560439560439,0.1990069513406157,0
41.0,Male,Canada,Premium,Tablet,5.01,16,5,0.8037380952380953,0.3078341013824885,0
19.0,Female,USA,Standard,Smart TV,5.01,10,5,0.46,0.656475212928587,0
43.0,Other,USA,Standard,Tablet,5.01,10,5,0.831625,0.6971243042671613,0
17.0,Female,USA,Standard,Tablet,5.02,7,5,0.59475,0.8436974789915965,0
27.0,Male,USA,Premium,Gaming Console,5.02,11,5,0.7402222222222222,0.2748175182481752,0
36.0,Male,USA,Standard,Desktop,5.02,20,5,0.6287857142857143,0.3828164717844432,0
43.0,Female,USA,Premium,Laptop,5.03,8,5,1.0585384615384617,0.4533573681838666,0
41.0,Male,USA,Premium+,Desktop,5.04,21,5,0.9918333333333333,1.8184004810583285,0
54.0,Male,USA,Premium,Mobile,5.04,10,5,0.61975,0.17938070945545143,0
10.0,Male,Canada,Premium,Laptop,5.04,13,5,0.4615000000000001,1.6197107659346548,0
35.0,Other,USA,Premium+,Mobile,5.05,29,5,0.7472666666666666,0.7061291074341645,0
23.0,Male,USA,Standard,Desktop,5.05,25,4,0.607,1.1910377358490565,0
38.0,Male,Canada,Standard,Mobile,5.05,9,5,0.4974685314685315,0.5830286703867615,0
33.0,Male,USA,Standard,Mobile,5.05,11,4,0.4902222222222222,0.5837025621267578,0
28.0,Male,Canada,Premium,Tablet,5.06,1,5,1.0928181818181817,0.6038186157517899,0
14.0,Male,Canada,Basic,Mobile,5.06,13,5,0.8241111111111111,0.4944625407166124,0
35.03946643148495,Female,USA,Standard,Smart TV,5.06,18,5,0.507,0.5325381512015436,0
42.0,Male,USA,Premium,Smart TV,5.06,23,5,1.0832444444444445,0.9950835791543755,0
31.0,Female,Canada,Basic,Laptop,5.07,22,5,0.8677333333333332,0.3043217286914766,0
21.0,Male,Canada,Premium,Gaming Console,5.07,31,4,0.48444444444444446,0.26160990712074306,0
39.0,Male,USA,Premium,Laptop,5.07,24,5,0.8495340909090909,0.7002762430939228,0
38.0,Female,USA,Premium,Gaming Console,5.07,2,5,1.0838333333333332,0.567855142803808,0
30.0,Female,USA,Premium+,Smart TV,5.07,17,5,0.48875,0.8490092101590846,1
35.03946643148495,Female,USA,Premium,Mobile,5.08,21,5,0.4973333333333333,1.2172523961661341,0
32.0,Female,USA,Premium,Gaming Console,5.08,8,5,0.7073333333333334,0.7119831814996496,1
56.0,Male,USA,Premium+,Gaming Console,5.08,21,5,0.5931052631578947,0.248938255472068,0
29.0,Male,USA,Standard,Mobile,5.09,29,5,0.9375714285714285,0.8118022328548643,0
35.03946643148495,Male,USA,Standard,Mobile,5.09,36,4,0.6729999999999999,0.9469767441860465,0
41.0,Female,USA,Standard,Laptop,5.09,6,5,0.8945555555555555,0.7375030185945423,0
36.0,Male,Canada,Premium,Tablet,5.09,33,5,1.0087777777777778,0.27995233293610783,0
29.0,Male,USA,Basic,Smart TV,5.09,1,5,0.8725714285714286,0.5624309392265193,0
41.0,Male,USA,Basic,Gaming Console,5.09,4,5,0.7146272727272727,0.2623260608142931,0
25.0,Female,Canada,Premium,Desktop,5.1,27,5,0.6925555555555556,0.9586466165413531,0
35.03946643148495,Female,USA,Basic,Desktop,5.1,2,5,0.2653333333333333,1.0179640718562872,0
46.0,Female,USA,Standard,Desktop,5.1,28,5,0.6630666666666667,2.6153846153846154,0
23.0,Male,Canada,Premium,Desktop,5.11,5,5,1.0474,0.774633653360283,1
35.0,Female,USA,Standard,Gaming Console,5.11,15,5,0.555625,0.5051903114186851,0
32.0,Male,USA,Premium,Tablet,5.11,3,5,0.5967802197802199,0.38474087087463926,0
45.0,Prefer not to say,USA,Premium,Smart TV,5.11,13,5,1.0166944444444446,1.019281914893617,0
39.0,Other,USA,Premium,Tablet,5.11,27,5,0.8257333333333333,0.32067775337307813,0
26.0,Prefer not to say,USA,Premium,Mobile,5.12,5,4,1.0822380952380952,1.014866204162537,1
38.0,Male,USA,Premium,Smart TV,5.12,25,5,0.8322745098039215,0.3605210656026288,0
35.03946643148495,Female,USA,Premium+,Mobile,5.12,4,5,0.8050666666666666,0.2734312416555407,0
7.0,Male,Canada,Standard,Gaming Console,5.13,6,4,0.47674999999999995,1.1370520871813816,0
35.0,Female,USA,Standard,Mobile,5.13,33,5,0.857,1.0287433155080214,0
44.0,Male,Canada,Premium,Desktop,5.13,26,5,0.7145555555555556,0.5163563160543533,0
35.03946643148495,Female,USA,Premium,Gaming Console,5.13,6,5,0.9048888888888889,0.5914681014604151,0
46.0,Female,USA,Premium+,Desktop,5.13,13,5,0.610125,0.37901736239379386,0
45.0,Female,Canada,Basic,Mobile,5.14,20,5,0.6908472222222222,0.5815576089006221,1
29.0,Male,Canada,Premium,Gaming Console,5.14,31,5,0.7986666666666666,0.4550686144311642,0
36.0,Male,USA,Premium+,Smart TV,5.14,30,4,0.6832222222222222,0.4855928200283419,0
44.0,Male,USA,Standard,Desktop,5.14,30,5,0.6538461538461539,0.7096180395766221,0
31.0,Female,Canada,Standard,Desktop,5.14,13,5,0.7353181818181818,0.5231552162849873,0
44.0,Male,USA,Standard,Desktop,5.14,30,5,0.6538461538461539,0.7096180395766221,0
29.0,Female,USA,Premium,Laptop,5.15,15,5,0.6315384615384615,0.4008822003113648,0
40.0,Male,Canada,Basic,Mobile,5.15,18,5,0.7577142857142858,0.32007458048477316,0
20.0,Male,Canada,Standard,Tablet,5.15,5,5,0.6320961538461538,0.5355285961871751,0
8.0,Other,USA,Standard,Smart TV,5.15,18,5,0.9569363636363636,0.2770555007621268,0
29.0,Male,Canada,Basic,Gaming Console,5.15,25,4,1.0162499999999999,2.3660030627871365,0
41.0,Male,USA,Premium,Desktop,5.15,27,5,0.6550192307692309,0.4321678321678322,1
46.0,Female,USA,Premium,Mobile,5.15,3,5,0.8138021978021978,0.3581778138402689,1
32.0,Male,USA,Basic,Desktop,5.16,11,5,0.8217500000000001,0.3707784431137725,0
32.0,Male,USA,Standard,Laptop,5.16,30,5,0.9149333333333334,0.5990712074303405,1
35.03946643148495,Female,USA,Premium+,Tablet,5.16,23,5,0.9395714285714285,0.38076497355798794,1
37.0,Male,USA,Premium,Tablet,5.17,9,5,0.8675873015873015,0.42528105292020835,0
51.0,Female,USA,Premium,Mobile,5.17,12,5,0.8155555555555556,0.31721034870641174,1
34.0,Prefer not to say,USA,Premium+,Laptop,5.18,11,5,0.6371692307692307,0.7141544117647058,0
59.0,Female,Canada,Basic,Laptop,5.18,21,5,0.8550909090909091,0.5894177887350653,0
42.0,Male,USA,Premium+,Laptop,5.18,26,5,0.6593333333333334,0.4622936189201248,1
45.0,Male,Canada,Basic,Laptop,5.19,34,5,0.9637142857142857,0.5109944207417132,0
35.03946643148495,Female,Canada,Premium,Smart TV,5.19,15,5,0.6175999999999999,0.6474012474012474,0
35.03946643148495,Male,USA,Standard,Laptop,5.19,33,5,1.0650363636363638,0.757479931890051,0
28.0,Female,USA,Premium+,Gaming Console,5.19,32,5,0.7857142857142857,0.9105263157894737,0
36.0,Male,USA,Premium,Desktop,5.19,10,5,0.8247333333333333,0.4307053941908714,1
28.0,Female,USA,Standard,Laptop,5.2,18,5,0.5693186813186812,0.4656716417910448,1
35.03946643148495,Male,USA,Basic,Mobile,5.2,18,5,1.22,0.8771436603879673,0
55.0,Female,USA,Basic,Gaming Console,5.2,14,5,0.6666181818181819,0.5228758169934641,1
32.0,Female,USA,Basic,Laptop,5.21,17,5,1.0187884615384615,0.40476498769908065,0
49.0,Female,USA,Standard,Laptop,5.21,13,5,1.0106000000000002,1.9809885931558937,0
28.0,Male,Canada,Basic,Mobile,5.21,7,5,0.5223333333333333,1.1913109756097562,0
41.0,Female,USA,Premium,Mobile,5.21,30,4,0.9256666666666666,0.24223169314219295,0
30.0,Male,USA,Basic,Mobile,5.22,17,5,0.7723333333333333,0.43609022556390975,0
60.0,Male,USA,Premium+,Mobile,5.22,8,5,0.41100000000000003,1.004812319538017,0
36.0,Male,USA,Premium,Desktop,5.22,3,5,0.7755,0.631578947368421,0
35.03946643148495,Male,USA,Basic,Laptop,5.23,7,3,0.5155714285714286,0.8392618347151645,0
34.0,Female,Canada,Premium+,Desktop,5.23,2,5,0.870125,0.7800149142431022,0
37.0,Prefer not to say,USA,Standard,Laptop,5.23,3,5,0.4902727272727273,0.4714543269230769,0
17.0,Male,Canada,Premium,Laptop,5.23,8,5,0.4598000000000001,0.36156239198064294,0
19.0,Female,Canada,Basic,Gaming Console,5.23,10,5,0.8340714285714286,0.38240311966853524,0
35.03946643148495,Male,USA,Basic,Laptop,5.23,7,3,0.5155714285714286,0.8392618347151645,0
32.0,Male,Canada,Basic,Gaming Console,5.24,7,5,0.7672222222222222,1.3991989319092124,0
34.0,Male,Canada,Basic,Tablet,5.24,19,5,0.6409181818181819,0.5893158388003749,0
30.0,Male,USA,Standard,Tablet,5.24,22,5,0.527034188034188,0.2699407572765519,0
27.0,Male,USA,Premium,Smart TV,5.25,5,5,0.9096363636363637,0.3890810276679842,0
52.0,Male,USA,Premium,Smart TV,5.25,32,5,0.9916805555555557,0.49435028248587565,1
27.0,Female,USA,Basic,Tablet,5.25,2,5,0.6938888888888888,1.0732538330494037,0
24.0,Male,Canada,Basic,Mobile,5.25,33,4,0.4682857142857143,1.0338037413849688,0
60.0,Female,USA,Standard,Desktop,5.26,16,5,0.8667272727272727,0.7380729653882132,0
54.0,Male,USA,Premium,Gaming Console,5.26,2,5,0.828,0.4167436947048725,0
40.0,Male,Canada,Standard,Mobile,5.26,30,5,0.9204761904761904,0.7923675621390911,0
44.0,Female,USA,Standard,Tablet,5.27,7,4,0.82525,0.9191860465116278,0
47.0,Male,Canada,Premium+,Laptop,5.27,34,5,0.8488571428571429,1.0839904010970172,0
27.0,Male,USA,Premium,Tablet,5.27,31,5,1.0438461538461539,0.5502958579881657,0
12.0,Female,Canada,Standard,Smart TV,5.28,19,5,0.8019356725146198,0.4794914484637506,0
23.0,Female,USA,Standard,Tablet,5.28,4,5,0.6173846153846154,0.48470012239902077,0
36.0,Male,Canada,Standard,Tablet,5.28,15,5,0.7640476190476191,1.1326421165534504,1
47.0,Female,Canada,Premium,Smart TV,5.28,31,5,0.4121666666666666,0.3003697733952783,0
39.0,Female,USA,Standard,Gaming Console,5.28,14,5,0.6069861111111111,0.7455871969875265,0
41.0,Male,Canada,Basic,Mobile,5.29,26,5,0.6596363636363636,0.3697146185206756,0
45.0,Female,Canada,Basic,Desktop,5.29,25,5,0.6528571428571428,0.8958509737510584,0
21.0,Female,USA,Basic,Tablet,5.29,24,5,1.0779999999999998,0.6992729676140119,0
47.0,Female,USA,Basic,Desktop,5.3,22,5,0.9492999999999999,0.6832831972496777,0
29.0,Male,USA,Premium,Gaming Console,5.3,12,5,0.8315666666666666,0.41304065463047146,0
26.0,Male,USA,Standard,Laptop,5.31,9,5,0.47407692307692306,0.3742511453071772,0
35.03946643148495,Male,USA,Premium+,Tablet,5.31,28,5,0.6465,1.0133587786259541,0
26.0,Male,USA,Premium+,Desktop,5.31,3,4,0.6821111111111111,0.752302243211334,0
39.0,Male,USA,Standard,Smart TV,5.31,24,5,0.8112000000000001,0.4554030874785591,0
46.0,Female,Canada,Premium,Tablet,5.32,29,5,0.6425454545454545,0.612432847275518,0
29.0,Female,USA,Basic,Mobile,5.32,17,5,0.5377777777777777,0.30906274206041834,0
23.0,Other,USA,Standard,Laptop,5.32,7,5,1.037,0.6954248366013072,0
24.0,Female,USA,Premium,Smart TV,5.33,4,5,0.7861904761904761,0.42560553633217996,0
14.0,Female,Canada,Basic,Smart TV,5.33,19,4,1.014904761904762,1.0914675767918087,0
52.0,Female,USA,Premium,Smart TV,5.33,33,4,0.6812857142857143,0.6176129779837775,0
49.0,Male,Canada,Premium,Mobile,5.34,27,5,0.9102000000000001,0.8708888284860016,0
16.0,Male,USA,Basic,Laptop,5.34,18,5,0.6749999999999999,0.6038447041085563,0
47.0,Female,USA,Premium,Mobile,5.34,33,5,0.8466666666666667,0.7402957486136783,1
42.0,Female,USA,Premium,Smart TV,5.34,4,4,0.5597777777777778,0.4784231745557712,0
45.0,Female,Canada,Premium,Desktop,5.34,26,5,0.7388571428571429,0.3738186909345467,0
46.0,Female,USA,Premium+,Laptop,5.34,9,5,0.6857777777777778,0.2677139037433155,0
27.0,Prefer not to say,USA,Premium,Laptop,5.36,36,5,0.5366825396825396,0.5286865033700477,0
35.03946643148495,Female,Canada,Premium+,Mobile,5.36,10,5,0.7268809523809523,1.2364475201845444,0
35.03946643148495,Female,USA,Standard,Laptop,5.36,14,5,0.7218333333333333,0.37356255081891043,0
55.0,Female,USA,Standard,Desktop,5.36,31,5,0.7875714285714286,1.387402933563417,0
36.0,Female,USA,Basic,Tablet,5.37,1,5,0.598023076923077,0.49599753694581283,1
29.0,Male,USA,Standard,Desktop,5.37,21,5,0.6935333333333334,0.4702276707530648,0
35.03946643148495,Male,USA,Premium,Gaming Console,5.37,15,5,0.8688750000000001,0.7877750611246944,0
38.0,Female,USA,Standard,Mobile,5.38,34,5,0.4288888888888889,0.5047693510555121,1
35.0,Male,USA,Basic,Gaming Console,5.38,33,5,0.6588999999999999,0.2636608674344524,0
42.0,Male,Canada,Standard,Desktop,5.38,21,4,0.8899166666666667,0.6017897091722595,0
58.0,Female,USA,Premium,Mobile,5.38,6,5,0.5917142857142856,0.18127702588869546,0
15.0,Female,USA,Basic,Mobile,5.39,15,5,0.855,0.25967560623092983,0
59.0,Female,USA,Basic,Laptop,5.39,33,5,0.7907666666666666,0.38522930315664083,0
40.0,Male,Canada,Premium,Laptop,5.39,6,5,0.8731666666666666,0.4852941176470588,0
45.0,Male,Canada,Standard,Mobile,5.39,18,5,1.139,0.5038167938931298,0
30.0,Male,USA,Premium,Mobile,5.4,6,4,0.3828888888888889,0.9691893508824408,0
52.0,Female,Canada,Premium,Smart TV,5.4,24,5,0.8622857142857143,0.6481296259251851,0
19.0,Female,USA,Basic,Mobile,5.4,31,4,0.7713333333333332,0.8823529411764705,0
11.0,Prefer not to say,Canada,Premium,Laptop,5.4,20,5,0.4477142857142857,0.6109749198566848,0
19.0,Female,USA,Basic,Mobile,5.4,31,4,0.7713333333333332,0.8823529411764705,0
30.0,Male,USA,Premium,Mobile,5.4,6,4,0.3828888888888889,0.9691893508824408,0
43.0,Male,USA,Basic,Smart TV,5.41,32,5,0.8572527472527472,0.2677555060628558,0
35.03946643148495,Female,Canada,Basic,Tablet,5.41,33,5,0.4194,1.7660500544069644,1
36.0,Female,USA,Basic,Tablet,5.41,21,5,0.5279404761904762,0.39789164010786954,0
23.0,Male,Canada,Premium,Desktop,5.41,28,4,0.8716666666666666,0.8363823756763721,0
28.0,Male,USA,Premium+,Desktop,5.41,2,5,0.890921568627451,0.31044376434583015,0
31.0,Female,USA,Premium,Laptop,5.42,6,5,0.8989583333333333,0.4885083370887787,1
23.0,Female,Canada,Standard,Desktop,5.42,30,3,0.5820238095238095,0.9434290687554393,0
59.0,Male,USA,Standard,Laptop,5.43,22,5,0.476875,0.2424287521392961,0
28.0,Male,Canada,Premium,Tablet,5.44,17,5,0.7023571428571429,0.4047619047619048,0
21.0,Male,Canada,Basic,Gaming Console,5.44,21,5,0.6733076923076923,0.6350194552529184,0
34.0,Female,USA,Premium,Tablet,5.44,15,5,0.5337181818181818,0.6310904872389791,0
32.0,Other,USA,Standard,Mobile,5.45,19,4,0.7413636363636363,0.41199445634370674,0
26.0,Male,USA,Premium,Desktop,5.45,16,4,0.782,0.5396930186499422,1
38.0,Male,Canada,Standard,Gaming Console,5.45,15,5,1.0420694444444445,0.4492992580379225,0
30.0,Male,USA,Standard,Tablet,5.45,11,5,0.7874358974358975,0.43380206951446004,1
26.0,Male,USA,Standard,Mobile,5.45,15,5,0.5751818181818182,0.4397525551371705,0
38.0,Female,USA,Premium,Laptop,5.45,16,5,0.8452316176470589,0.44290938642828115,0
52.0,Male,USA,Standard,Smart TV,5.45,8,4,0.9454444444444443,0.7489693082913421,0
31.0,Male,USA,Premium,Tablet,5.46,20,5,0.8393333333333333,0.6255489784227611,0
32.0,Female,USA,Standard,Desktop,5.47,4,5,1.0869545454545455,0.6440345368916797,0
45.0,Female,Canada,Standard,Tablet,5.47,3,5,0.9761363636363637,0.5986866107260124,0
48.0,Male,USA,Premium,Tablet,5.47,25,5,0.3517142857142857,1.5401220084467384,0
31.0,Male,USA,Premium,Laptop,5.48,15,5,0.9696666666666667,0.5848452508004269,0
18.0,Prefer not to say,USA,Premium,Laptop,5.48,15,5,0.7316923076923078,0.6434442270058708,0
65.0,Male,USA,Basic,Gaming Console,5.49,24,5,0.6278181818181819,0.7223684210526315,0
37.0,Female,Canada,Basic,Laptop,5.49,12,5,1.5392000000000001,0.9260612876019118,1
31.0,Female,USA,Premium,Smart TV,5.49,18,4,0.88875,0.8480947476828012,0
35.03946643148495,Other,USA,Standard,Desktop,5.49,25,5,1.071,0.8228828378715963,0
29.0,Male,Canada,Premium,Desktop,5.5,2,5,1.0156987179487178,0.7125890736342042,0
51.0,Male,USA,Standard,Tablet,5.5,35,5,0.7939743589743591,0.6444053895723492,1
41.0,Female,Canada,Premium,Tablet,5.5,35,5,0.56175,0.6625175667536638,0
45.0,Female,USA,Basic,Tablet,5.5,27,5,1.0201333333333333,0.9136212624584719,0
24.0,Female,USA,Standard,Smart TV,5.5,12,4,0.7951428571428572,1.253799392097264,0
51.0,Male,USA,Premium,Gaming Console,5.51,34,5,0.5708333333333333,0.367455818606202,0
51.0,Female,USA,Basic,Laptop,5.51,27,5,0.6252181818181818,0.6952681388012618,1
35.03946643148495,Female,USA,Standard,Desktop,5.51,1,4,0.4141666666666667,2.1233140655105975,1
45.0,Male,USA,Basic,Tablet,5.51,34,5,0.6447857142857143,0.23840773058339945,0
45.0,Male,USA,Basic,Tablet,5.51,34,5,0.6447857142857143,0.23840773058339945,0
32.0,Male,USA,Standard,Desktop,5.52,6,5,0.8308021978021978,0.5241335654375692,0
25.0,Male,USA,Premium,Laptop,5.53,33,4,0.7765972222222222,0.7469608284556506,0
35.03946643148495,Female,Canada,Standard,Mobile,5.53,33,5,0.4318181818181819,0.46025801081980866,0
37.0,Male,USA,Basic,Gaming Console,5.53,24,5,0.886625,0.550340023221098,0
31.0,Female,Canada,Standard,Gaming Console,5.53,15,5,0.7154666666666667,0.4165725047080979,0
36.0,Male,USA,Standard,Smart TV,5.53,32,5,0.7429999999999999,0.7396344181899241,0
24.0,Prefer not to say,Canada,Basic,Gaming Console,5.53,6,5,0.662611111111111,0.965938864628821,0
58.0,Male,USA,Standard,Smart TV,5.53,1,5,0.8224583333333333,0.7141627206198881,0
24.0,Prefer not to say,Canada,Basic,Gaming Console,5.53,6,5,0.662611111111111,0.965938864628821,0
30.0,Male,Canada,Premium,Laptop,5.54,18,5,0.8793809523809524,0.4440288538605397,1
17.0,Female,USA,Standard,Smart TV,5.55,31,5,0.7650714285714286,0.47796756136070034,0
35.0,Male,USA,Premium,Mobile,5.55,24,4,0.9679142857142857,0.9219269102990032,1
50.0,Male,USA,Standard,Gaming Console,5.55,15,5,0.8195,0.7370517928286852,0
30.0,Female,USA,Premium+,Smart TV,5.55,11,5,0.495,0.5433186490455213,0
36.0,Male,USA,Premium+,Mobile,5.56,27,5,0.6322000000000001,0.9780123131046612,0
35.03946643148495,Male,Canada,Standard,Desktop,5.56,15,4,0.6890000000000001,11.083056478405314,0
41.0,Male,USA,Standard,Tablet,5.57,4,5,0.69591452991453,0.645422943221321,0
60.0,Male,USA,Basic,Desktop,5.58,30,5,0.92025,0.9167579408543263,0
37.0,Female,Canada,Premium,Desktop,5.58,35,4,0.8528666666666667,0.5992482548773939,0
51.0,Female,USA,Premium+,Smart TV,5.58,6,5,0.5390128205128205,0.6513618677042802,1
56.0,Female,USA,Standard,Gaming Console,5.59,22,5,0.7565454545454545,0.4961538461538461,0
41.0,Male,USA,Premium,Laptop,5.59,6,5,0.6686363636363637,0.33889057290087904,0
39.0,Prefer not to say,USA,Premium,Laptop,5.59,30,4,0.4719861111111111,0.7997138769670958,0
35.03946643148495,Male,USA,Premium,Desktop,5.6,27,5,0.7817474747474747,0.7190241814680077,0
45.0,Female,USA,Standard,Laptop,5.6,7,5,0.4256666666666667,0.5492888670917115,0
36.0,Female,Canada,Standard,Gaming Console,5.6,1,5,0.7978000000000001,0.7323452484742807,0
24.0,Male,Canada,Premium,Smart TV,5.6,15,5,0.5539999999999999,0.6307490144546648,0
37.0,Male,USA,Basic,Smart TV,5.6,21,5,0.8364375000000001,0.5140758873929008,0
35.03946643148495,Prefer not to say,USA,Basic,Laptop,5.61,1,5,0.8988333333333334,1.232064421669107,0
54.0,Female,Canada,Standard,Mobile,5.61,13,4,1.0217142857142856,1.1123595505617976,0
35.03946643148495,Male,USA,Basic,Tablet,5.61,8,5,0.6387777777777777,0.8203753351206434,0
58.0,Female,Canada,Premium,Gaming Console,5.61,9,5,0.5585333333333333,0.3223829135140313,0
20.0,Male,USA,Basic,Desktop,5.61,34,5,0.43842857142857145,1.3453237410071943,0
19.0,Female,USA,Premium+,Laptop,5.61,33,5,0.9675454545454545,0.658450704225352,0
60.0,Female,USA,Premium,Tablet,5.62,17,4,1.0328194444444443,0.578586135895676,1
43.0,Female,Canada,Standard,Desktop,5.62,1,5,0.7594285714285715,0.7728627091450837,0
37.0,Female,USA,Standard,Desktop,5.62,12,5,0.9894444444444445,1.210337401292175,0
37.0,Male,USA,Premium+,Mobile,5.62,14,4,0.8281666666666666,0.5868430212321616,1
42.0,Male,USA,Premium,Tablet,5.62,35,5,0.3805,0.5800791329778083,1
8.0,Female,Canada,Premium,Tablet,5.62,17,5,0.8527272727272728,0.29342151061608085,1
48.0,Female,USA,Premium,Gaming Console,5.63,13,5,0.8773737373737374,0.5895287958115183,0
20.0,Female,Canada,Premium+,Mobile,5.63,13,5,0.9197714285714285,0.8657098923628909,1
32.0,Male,USA,Basic,Gaming Console,5.63,26,4,1.0606363636363636,0.6134011258398401,0
45.0,Male,Canada,Standard,Mobile,5.63,2,4,0.9928888888888889,1.036196319018405,0
29.0,Male,USA,Premium,Smart TV,5.64,34,4,0.7753846153846154,0.5457184325108853,0
16.0,Male,Canada,Standard,Tablet,5.64,29,5,1.0071363636363637,0.5451909134847753,0
27.0,Female,Canada,Standard,Mobile,5.64,9,4,0.702875,0.4293871336124857,1
39.0,Female,USA,Standard,Gaming Console,5.64,3,5,0.9204166666666667,0.5296603537329785,0
36.0,Other,Canada,Premium,Desktop,5.64,1,5,0.6001000000000001,0.38847434278498444,1
26.0,Female,USA,Basic,Desktop,5.64,21,5,0.6683916083916084,0.8957120169401799,0
29.0,Male,USA,Premium,Smart TV,5.64,34,4,0.7753846153846154,0.5457184325108853,0
1.0,Female,Canada,Standard,Gaming Console,5.65,13,4,0.650375,0.6295264623955432,0
36.0,Male,Canada,Premium,Gaming Console,5.65,10,4,0.7493333333333334,1.3752535496957405,0
96.0,Male,USA,Standard,Tablet,5.65,10,3,0.32233333333333336,2.4963181148748164,0
47.0,Male,USA,Standard,Gaming Console,5.66,29,5,0.8735333333333333,0.721938775510204,0
43.0,Female,Canada,Standard,Gaming Console,5.66,17,5,0.6152222222222222,0.6228906823184152,0
42.0,Female,USA,Premium,Smart TV,5.66,1,5,1.0854444444444442,1.628776978417266,0
42.0,Female,Canada,Premium,Laptop,5.66,23,5,0.8896666666666667,0.6983343615052436,1
31.0,Male,USA,Premium,Gaming Console,5.66,4,5,0.6699861111111112,0.6446469248291571,0
31.0,Female,USA,Standard,Mobile,5.66,28,5,0.8612,0.8313341493268053,0
31.0,Female,USA,Standard,Laptop,5.66,2,5,0.567625,0.6742108397855866,0
47.0,Prefer not to say,USA,Premium,Tablet,5.66,10,5,0.7686666666666666,0.4483760232373911,0
19.0,Male,Canada,Premium,Smart TV,5.67,20,5,0.8592857142857142,0.9689547137567643,0
30.0,Female,Canada,Premium,Desktop,5.67,32,5,0.5306666666666666,1.5365853658536586,0
26.0,Male,USA,Premium,Desktop,5.67,5,5,0.7219500000000001,0.26177285318559557,1
47.0,Male,Canada,Premium+,Laptop,5.68,21,5,0.8581666666666667,0.3897529734675206,0
25.0,Male,USA,Premium,Desktop,5.68,20,5,0.9247153846153846,0.5977898614278196,0
53.0,Other,USA,Basic,Desktop,5.68,28,5,0.7098888888888888,0.645699128457749,0
40.0,Male,USA,Basic,Mobile,5.69,28,4,0.5351666666666667,1.0756143667296785,0
40.0,Female,Canada,Premium,Mobile,5.69,14,5,0.7453333333333333,0.535277516462841,1
8.0,Male,USA,Basic,Gaming Console,5.69,14,5,0.5061666666666667,1.9115341545352746,1
43.0,Male,Canada,Basic,Smart TV,5.69,17,5,0.654756862745098,0.35722507062885844,0
47.0,Male,USA,Standard,Gaming Console,5.69,2,5,0.8439090909090909,0.67497034400949,0
17.0,Male,USA,Premium,Smart TV,5.69,5,5,0.42447863247863254,0.418638871857756,0
51.0,Other,USA,Basic,Smart TV,5.69,18,5,0.725125,0.7976635514018692,0
25.0,Male,Canada,Standard,Tablet,5.7,7,5,0.8938000000000001,0.4147465437788018,0
35.03946643148495,Other,Canada,Standard,Mobile,5.7,29,5,0.769611111111111,0.6168831168831169,0
48.0,Male,Canada,Premium,Laptop,5.7,6,3,0.9849333333333332,0.49767171129220017,0
36.0,Female,Canada,Standard,Desktop,5.7,16,5,0.6094999999999999,1.026102610261026,0
37.0,Other,USA,Premium,Gaming Console,5.7,23,5,0.7968076923076923,0.6916076845298281,0
37.0,Female,Canada,Premium,Desktop,5.7,27,5,0.86775,0.594059405940594,1
39.0,Male,USA,Basic,Desktop,5.7,31,5,0.7335714285714285,0.5946791862284819,0
34.0,Male,USA,Premium+,Smart TV,5.71,13,5,0.643142857142857,1.0109176748303332,0
35.03946643148495,Prefer not to say,USA,Basic,Smart TV,5.71,18,5,0.5102361111111111,0.7301790281329922,0
60.0,Female,USA,Premium,Mobile,5.72,6,5,0.9536309523809524,0.600630031501575,0
23.0,Male,USA,Basic,Mobile,5.72,11,5,0.7563809523809524,0.7564469914040114,0
49.0,Male,USA,Standard,Tablet,5.72,27,5,0.7976,0.2428359159414137,0
35.03946643148495,Female,USA,Premium,Desktop,5.72,8,4,0.7343636363636363,0.5471938775510203,1
49.0,Male,USA,Standard,Tablet,5.72,27,5,0.7976,0.2428359159414137,0
43.0,Male,USA,Standard,Tablet,5.73,28,5,0.6797777777777777,0.7279271649375397,0
52.0,Male,Canada,Premium+,Mobile,5.73,28,4,1.0318333333333334,0.6095744680851064,0
45.0,Male,USA,Premium,Laptop,5.74,17,5,0.84575,0.1852708591102265,0
52.0,Female,Canada,Premium+,Desktop,5.74,6,5,0.6430404040404041,0.9503311258278144,0
30.0,Female,Canada,Premium,Desktop,5.75,26,5,0.5933611111111111,0.673828125,0
37.0,Female,USA,Basic,Smart TV,5.75,36,5,0.7392727272727273,0.36106750392464676,0
18.0,Female,USA,Premium,Laptop,5.75,5,5,0.5846263736263736,0.5242364382312719,0
26.0,Female,USA,Standard,Smart TV,5.75,30,5,0.7252083333333332,1.3088012139605463,0
48.0,Other,Canada,Standard,Laptop,5.76,20,5,0.6145824175824176,0.6089867841409691,1
32.0,Male,Canada,Standard,Desktop,5.76,8,5,0.6890833333333333,0.7627455307879055,0
20.0,Female,Canada,Basic,Smart TV,5.76,24,5,0.752875,0.58025520483546,0
35.03946643148495,Female,USA,Premium+,Gaming Console,5.76,33,5,0.8268,0.8925619834710743,1
25.0,Prefer not to say,USA,Standard,Desktop,5.77,30,5,0.6546969696969697,0.5766155896069287,0
33.0,Male,Canada,Basic,Laptop,5.78,28,5,0.6659999999999999,0.6844286560094731,0
35.0,Female,Canada,Standard,Tablet,5.78,2,5,1.0745,0.6244148361541232,0
41.0,Female,Canada,Standard,Gaming Console,5.78,12,5,0.5849393939393939,0.6396163777203984,0
20.0,Male,Canada,Premium,Mobile,5.78,2,5,0.76,0.9681742043551088,0
29.0,Female,USA,Basic,Laptop,5.78,29,4,0.935,0.24405348346235048,0
21.0,Prefer not to say,USA,Standard,Tablet,5.79,13,4,1.04,1.4173806609547124,1
41.0,Female,USA,Standard,Desktop,5.79,33,5,0.7724444444444445,0.9063396817114532,0
47.0,Male,USA,Standard,Tablet,5.79,15,5,0.5244861111111111,0.45011661052086027,0
40.0,Female,Canada,Basic,Gaming Console,5.79,34,5,0.8225,0.48723702664796636,0
52.0,Female,USA,Premium+,Desktop,5.79,3,5,0.834030303030303,0.4846540178571429,0
33.0,Female,USA,Premium,Smart TV,5.79,33,5,1.0142121212121211,0.7341504649196956,1
31.0,Female,USA,Premium,Mobile,5.8,16,5,0.8019411764705883,0.40013797861331496,0
29.0,Male,USA,Premium,Gaming Console,5.8,3,5,1.0422689075630251,0.4884210526315789,0
23.0,Female,Canada,Premium,Mobile,5.8,27,5,0.7892745098039216,0.5585874799357946,0
35.03946643148495,Male,USA,Premium,Desktop,5.8,28,5,0.43750641025641024,0.31702650997540316,0
27.0,Female,Canada,Basic,Tablet,5.81,4,5,0.6402619047619047,0.4269442743417024,0
31.0,Male,USA,Premium,Tablet,5.81,26,4,0.3028,1.2112578179291174,0
41.0,Female,USA,Premium+,Tablet,5.81,29,5,1.0714444444444444,0.7286789297658862,0
15.0,Male,Canada,Premium+,Desktop,5.81,1,5,0.6215999999999999,0.7475873900922153,1
27.0,Male,Canada,Premium,Smart TV,5.82,25,5,0.6501858974358975,0.5413953488372093,1
22.0,Male,USA,Basic,Mobile,5.82,3,5,0.5257000000000001,0.7407721680101824,1
35.03946643148495,Male,USA,Basic,Gaming Console,5.83,18,5,0.5401111111111111,0.7381304072589153,0
68.0,Female,USA,Standard,Smart TV,5.83,35,4,0.932939393939394,0.4228723404255319,1
40.0,Female,USA,Premium,Laptop,5.83,11,5,0.5379181818181817,0.5799071618037135,0
23.0,Female,Canada,Basic,Tablet,5.83,10,5,0.7214444444444444,0.47244732576985415,0
40.0,Female,USA,Premium,Laptop,5.83,11,5,0.5379181818181817,0.5799071618037135,0
39.0,Prefer not to say,USA,Premium,Mobile,5.84,31,5,0.6484369747899159,0.6316928069226608,0
49.0,Male,USA,Premium,Smart TV,5.84,36,5,0.5354285714285714,1.2691053965954362,0
29.0,Female,USA,Basic,Desktop,5.84,11,4,0.7864431818181818,0.7922224734343205,0
36.0,Female,USA,Premium,Smart TV,5.86,27,5,0.8592087912087912,0.5123123998251494,0
29.0,Male,USA,Basic,Smart TV,5.86,16,5,0.667936974789916,0.32357813362782994,1
53.0,Other,Canada,Standard,Laptop,5.86,3,4,0.4874666666666666,0.806977277943539,0
17.0,Female,Canada,Premium,Mobile,5.86,20,5,1.0372727272727271,0.8666502341631748,0
35.03946643148495,Male,Canada,Premium,Gaming Console,5.86,9,5,0.8267540106951872,0.3066457352171638,1
19.0,Male,USA,Basic,Tablet,5.86,30,5,0.7454999999999999,0.3610968470781555,0
35.03946643148495,Male,Canada,Premium,Desktop,5.87,33,5,0.7233766233766233,0.29203980099502486,0
24.0,Male,Canada,Standard,Gaming Console,5.87,30,5,0.9265320512820512,0.44285175405507354,0
41.0,Female,USA,Standard,Desktop,5.87,27,5,0.7884666666666665,0.8322306238185256,0
47.0,Male,USA,Basic,Desktop,5.88,3,5,0.6757777777777778,0.6069155341476001,0
24.0,Female,USA,Premium,Smart TV,5.88,26,5,0.6633090909090908,0.5422686750691669,1
56.0,Female,USA,Premium,Laptop,5.88,6,5,0.41045454545454546,0.6119687771032091,0
28.0,Male,USA,Standard,Mobile,5.88,5,5,0.72775,0.7919191919191919,0
35.03946643148495,Male,Canada,Premium,Desktop,5.88,10,4,0.6265000000000001,0.9170782427865869,0
60.0,Male,Canada,Premium,Laptop,5.88,18,5,0.650968253968254,0.6593160156980004,0
42.0,Female,Canada,Basic,Smart TV,5.88,14,4,0.44569047619047614,1.1108312342569269,0
35.03946643148495,Male,Canada,Premium,Desktop,5.88,10,4,0.6265000000000001,0.9170782427865869,0
26.0,Male,Canada,Basic,Mobile,5.89,15,5,0.5469722222222222,0.5880199667221297,1
41.0,Male,USA,Premium+,Mobile,5.89,14,5,0.6906666666666667,0.4898807873579151,0
37.0,Male,USA,Premium,Mobile,5.89,9,5,0.5730181818181819,0.41571579814139514,0
35.0,Female,USA,Premium,Laptop,5.89,5,5,0.7611190476190477,0.603483606557377,0
48.0,Female,USA,Standard,Mobile,5.89,10,5,0.5511904761904762,0.42686314772315487,0
19.0,Female,USA,Basic,Mobile,5.89,11,5,0.8557142857142856,1.3315749811605122,0
45.0,Female,USA,Basic,Gaming Console,5.91,5,5,0.8715555555555555,0.5803600654664485,0
35.03946643148495,Female,USA,Premium,Laptop,5.91,1,5,0.7503030303030302,0.2867771936918722,0
20.0,Male,USA,Premium,Tablet,5.91,6,5,1.0675833333333333,0.4986640416256504,0
53.0,Male,USA,Basic,Tablet,5.91,3,5,0.9121818181818182,0.5380880121396056,0
18.0,Female,Canada,Premium,Mobile,5.91,30,5,0.612,0.3651529193697869,0
35.03946643148495,Male,USA,Standard,Gaming Console,5.92,29,5,1.0514761904761905,0.4542199488491049,1
25.0,Female,USA,Premium,Smart TV,5.92,32,5,0.7065714285714286,0.4320642257632891,0
56.0,Male,USA,Standard,Smart TV,5.92,12,4,0.8242983193277311,0.3117156647652479,1
38.0,Male,Canada,Basic,Gaming Console,5.93,16,5,0.9364272727272728,0.29346750247443093,0
54.0,Male,USA,Premium,Laptop,5.93,12,5,0.5122,1.241018486222532,0
17.0,Female,USA,Basic,Laptop,5.93,21,5,0.7875714285714286,0.9113729508196721,0
31.0,Female,Canada,Standard,Desktop,5.94,3,4,0.8561363636363637,0.5043872063402208,0
22.0,Male,USA,Premium,Tablet,5.94,16,5,0.503109090909091,0.74234534471985,1
46.0,Female,USA,Premium,Smart TV,5.95,24,5,0.5531515151515153,0.6359102244389029,0
26.0,Male,USA,Basic,Desktop,5.95,1,5,0.6252539682539684,0.7690650581645841,1
40.0,Male,USA,Standard,Laptop,5.95,11,4,0.37825,2.1969230769230768,0
35.03946643148495,Male,USA,Premium,Laptop,5.95,21,5,0.7599047619047619,0.6246719160104987,0
40.0,Female,Canada,Premium,Desktop,5.96,9,5,1.1322619047619047,1.6632558139534883,0
33.0,Male,Canada,Premium,Mobile,5.96,31,5,0.7892727272727272,0.5377443609022556,0
27.0,Female,USA,Standard,Mobile,5.96,27,4,0.8107142857142857,0.8996226415094339,0
41.0,Prefer not to say,USA,Standard,Gaming Console,5.96,26,5,0.5463202614379085,0.5263467765675597,0
35.03946643148495,Male,USA,Premium+,Gaming Console,5.96,12,5,0.8541904761904762,0.7897526501766783,0
35.03946643148495,Male,USA,Premium,Laptop,5.96,15,5,0.753111111111111,0.7006269592476488,0
35.03946643148495,Female,USA,Standard,Laptop,5.97,19,5,0.8465181818181817,0.6325269291894754,0
35.03946643148495,Female,USA,Premium+,Desktop,5.97,24,5,0.7957013888888889,0.3689740420271941,0
59.0,Female,Canada,Premium,Mobile,5.97,25,4,1.0319444444444446,0.754899894625922,0
57.0,Female,USA,Standard,Smart TV,5.98,3,5,0.8008461538461539,0.5979003499416764,0
40.0,Male,Canada,Standard,Laptop,5.98,1,5,0.8287222222222222,1.0138457191296975,0
35.03946643148495,Male,USA,Basic,Smart TV,5.98,32,5,0.8303809523809523,0.9467018469656993,0
29.0,Other,USA,Premium,Mobile,5.98,21,5,0.93425,2.325340246273494,0
48.0,Male,USA,Standard,Gaming Console,5.98,20,5,0.6053846153846154,0.3444039162987138,0
51.0,Female,Canada,Premium,Desktop,5.98,7,4,0.6647181818181818,0.5505600736535216,0
48.0,Male,USA,Standard,Gaming Console,5.98,20,5,0.6053846153846154,0.3444039162987138,0
35.03946643148495,Male,USA,Premium,Smart TV,5.99,19,5,0.5153030303030304,0.6248261474269818,0
35.03946643148495,Male,Canada,Premium+,Desktop,5.99,12,4,0.851,1.0533411488862836,1
49.0,Other,USA,Premium,Smart TV,5.99,12,5,0.4889999999999999,1.3823076923076925,1
38.0,Female,Canada,Basic,Laptop,5.99,29,4,0.9864761904761905,0.3361391694725029,0
34.0,Male,Canada,Premium,Smart TV,5.99,4,5,0.8845000000000001,0.2196284527010511,1
34.0,Other,USA,Premium+,Mobile,5.99,9,5,0.751909090909091,0.6176318955146933,1
12.0,Female,USA,Standard,Gaming Console,5.99,28,5,0.8207142857142857,1.1034694504144917,1
38.0,Female,Canada,Basic,Laptop,5.99,29,4,0.9864761904761905,0.3361391694725029,0
29.0,Female,USA,Standard,Smart TV,6.0,25,5,0.8105714285714285,0.44085231447465095,0
43.0,Female,USA,Premium,Laptop,6.0,5,4,0.578209090909091,0.5381165919282511,0
31.0,Male,USA,Standard,Desktop,6.0,32,5,0.5034000000000001,0.19138755980861244,0
58.0,Male,Canada,Standard,Tablet,6.0,22,5,0.8124,0.6773283160865475,0
24.0,Male,USA,Premium,Desktop,6.01,2,5,0.6257697368421054,0.44623190199232765,0
35.0,Female,USA,Standard,Mobile,6.01,2,5,0.8717142857142857,0.3089974293059126,0
34.0,Male,USA,Standard,Tablet,6.01,20,5,0.5851818181818182,0.46806853582554514,0
44.0,Female,USA,Standard,Tablet,6.01,11,5,0.9079363636363635,0.5076728143038152,1
35.03946643148495,Male,Canada,Standard,Desktop,6.02,2,4,0.5121794871794872,0.4846370589024553,0
28.0,Male,Canada,Premium+,Smart TV,6.02,23,5,0.9323333333333335,1.2727272727272725,0
31.0,Female,USA,Premium,Tablet,6.02,19,4,0.9248333333333334,3.6011964107676966,0
25.0,Female,USA,Premium,Smart TV,6.02,6,5,0.4035,0.7870995859664414,1
27.0,Female,USA,Premium,Laptop,6.02,26,5,0.8844363636363636,0.5322723253757736,0
30.0,Prefer not to say,Canada,Standard,Desktop,6.03,7,5,0.6265555555555555,0.47624062129788075,0
55.0,Male,USA,Standard,Tablet,6.03,15,5,0.6838888888888888,0.5904046997389033,0
17.0,Female,Canada,Premium,Tablet,6.03,19,5,0.7320972222222222,0.6755041075429424,0
40.0,Female,USA,Premium,Mobile,6.03,30,5,0.6095555555555556,0.9056320400500626,1
46.0,Female,Canada,Premium+,Tablet,6.03,28,5,0.9183749999999999,0.7753964852121732,0
50.0,Female,USA,Basic,Mobile,6.04,36,5,0.574,2.130511463844797,0
39.0,Male,USA,Basic,Desktop,6.04,25,5,0.7463,0.7447595561035757,0
23.0,Female,Canada,Standard,Desktop,6.04,5,4,1.0862857142857143,0.9915184678522572,1
40.0,Female,USA,Basic,Desktop,6.04,1,4,1.0060606060606059,0.46295350025549303,0
35.03946643148495,Male,Canada,Standard,Desktop,6.04,23,5,0.703625,0.6892354507417269,0
35.03946643148495,Female,USA,Basic,Gaming Console,6.04,36,5,0.6916181818181819,0.37892095357590966,0
35.0,Male,Canada,Standard,Tablet,6.05,34,5,1.38125,0.7265812650120096,0
15.0,Prefer not to say,Canada,Basic,Laptop,6.05,29,5,0.6807000000000001,0.8659351145038167,0
26.0,Male,USA,Premium,Mobile,6.05,25,5,0.6245142857142858,0.3032074841296359,0
17.0,Female,Canada,Basic,Gaming Console,6.05,35,5,0.6500181818181818,0.9217877094972067,0
20.0,Male,USA,Basic,Laptop,6.06,6,5,0.5064444444444445,1.0448275862068965,0
59.0,Male,Canada,Basic,Desktop,6.06,31,5,1.0001111111111112,0.9991755976916734,0
32.0,Female,USA,Premium+,Laptop,6.06,17,5,0.8572857142857142,1.0439276485788112,0
20.0,Female,USA,Premium,Gaming Console,6.07,8,5,0.8089176470588235,0.5579898881568868,1
27.0,Male,Canada,Standard,Tablet,6.09,14,5,0.8450333333333333,0.3538983050847458,0
32.0,Female,USA,Standard,Mobile,6.09,24,5,0.6832727272727273,0.564498686853082,0
30.0,Female,Canada,Standard,Desktop,6.09,8,5,0.47533333333333333,0.930244399185336,0
51.0,Female,Canada,Standard,Laptop,6.09,1,5,0.66525,1.1059322033898304,0
45.0,Prefer not to say,USA,Basic,Laptop,6.09,12,5,0.5897333333333334,0.40590979782270603,0
30.0,Male,USA,Standard,Mobile,6.09,23,5,0.7316,0.7402755267423015,0
30.0,Male,USA,Standard,Mobile,6.09,23,5,0.7316,0.7402755267423015,0
45.0,Other,USA,Basic,Gaming Console,6.1,14,3,0.8465,1.4823815309842039,0
35.03946643148495,Male,USA,Standard,Laptop,6.1,29,5,0.6143333333333334,1.2896405919661729,0
34.0,Male,USA,Standard,Laptop,6.1,33,5,0.6562666666666667,0.735678391959799,0
35.03946643148495,Male,USA,Standard,Gaming Console,6.1,17,5,0.9565,0.4375373580394501,1
54.0,Female,USA,Premium,Mobile,6.1,24,5,1.1455714285714285,0.4677914110429448,0
31.0,Male,USA,Premium,Laptop,6.1,12,5,0.7775384615384615,0.40175631174533477,0
41.0,Male,USA,Premium,Gaming Console,6.1,28,4,0.8655,2.349165596919127,1
31.0,Male,USA,Premium,Laptop,6.1,12,5,0.7775384615384615,0.40175631174533477,0
67.0,Female,USA,Premium+,Gaming Console,6.11,32,5,0.6858,0.5953231568691134,0
35.03946643148495,Female,USA,Premium,Smart TV,6.11,15,5,0.8281468531468532,0.8575438596491228,1
35.0,Male,Canada,Premium,Mobile,6.11,32,5,0.4222666666666667,0.7743979721166033,0
57.0,Female,USA,Standard,Tablet,6.11,23,5,0.8452884615384615,0.34834663625997725,0
44.0,Female,USA,Premium,Desktop,6.11,15,5,0.904625,0.5862785862785862,0
33.0,Female,USA,Premium,Desktop,6.11,29,5,0.694,0.6056500908640343,0
57.0,Female,USA,Standard,Tablet,6.11,23,5,0.8452884615384615,0.34834663625997725,0
35.03946643148495,Male,Canada,Standard,Tablet,6.12,29,5,0.8315333333333335,1.6334519572953736,0
45.0,Male,Canada,Standard,Mobile,6.12,14,5,0.8521666666666667,0.4255417777262719,1
24.0,Female,USA,Basic,Smart TV,6.12,23,5,1.0710549019607845,0.28101323945817713,1
32.0,Female,USA,Premium+,Desktop,6.12,23,4,0.69675,1.0393433342768186,0
35.03946643148495,Male,USA,Basic,Tablet,6.12,14,4,0.731,1.0254118961184027,0
36.0,Male,Canada,Standard,Smart TV,6.12,30,5,0.8496666666666667,0.5755485893416928,0
35.03946643148495,Female,Canada,Standard,Desktop,6.12,13,5,0.9952857142857142,0.9022113022113021,0
35.03946643148495,Female,USA,Premium,Laptop,6.12,19,5,0.6016666666666666,0.6831627906976744,0
38.0,Male,USA,Basic,Desktop,6.13,26,4,0.623875,0.7492360969647586,0
6.0,Male,USA,Basic,Laptop,6.13,11,5,0.623909090909091,0.716540035067212,0
46.0,Male,USA,Premium,Laptop,6.13,34,4,1.3824166666666666,1.7308235294117646,0
19.0,Prefer not to say,Canada,Basic,Laptop,6.13,19,5,0.6305811965811966,0.43153819077789507,0
36.0,Female,Canada,Premium,Desktop,6.14,8,5,0.4271666666666667,0.9029411764705882,0
38.0,Female,USA,Premium,Tablet,6.14,6,5,0.6637142857142857,0.6676332004349401,0
35.03946643148495,Female,USA,Premium,Gaming Console,6.14,21,5,0.6840128205128205,0.23200453429057247,0
54.0,Female,USA,Standard,Gaming Console,6.15,21,5,0.7876842105263158,0.35203205495134526,0
42.0,Female,Canada,Premium,Tablet,6.15,7,4,0.6911190476190476,0.36236865363841697,1
30.0,Female,USA,Premium+,Mobile,6.15,25,5,0.348,9.271356783919597,0
46.0,Other,USA,Basic,Gaming Console,6.16,21,5,0.665,0.40125936380414723,0
42.0,Male,USA,Standard,Gaming Console,6.16,17,4,0.6181428571428571,0.9590036325895174,0
45.0,Female,USA,Standard,Desktop,6.17,21,5,0.8689722222222221,0.5339679792297706,1
41.0,Female,USA,Premium,Mobile,6.17,20,5,1.0141944444444444,0.7123340388685779,0
37.0,Male,USA,Premium,Gaming Console,6.17,17,5,0.5350897435897437,0.5508928571428572,0
35.03946643148495,Male,Canada,Premium,Desktop,6.17,35,5,0.8669230769230769,0.6717474142623843,0
26.0,Female,USA,Basic,Tablet,6.18,7,5,0.9697142857142858,0.3997412677878395,0
12.0,Female,Canada,Premium,Smart TV,6.18,36,5,0.7577777777777777,0.7345483359746433,0
29.0,Female,USA,Basic,Mobile,6.18,28,5,0.7081190476190476,0.6021435531016563,1
35.0,Female,USA,Standard,Tablet,6.19,6,5,1.1528809523809525,0.44114502910084336,0
37.0,Male,USA,Premium,Desktop,6.19,29,3,0.7115,2.48760884125921,0
26.0,Female,USA,Basic,Tablet,6.19,8,4,0.603,1.045902562658406,0
23.0,Female,Canada,Standard,Laptop,6.2,9,5,0.8750833333333333,0.47993807250677334,0
35.0,Male,USA,Standard,Laptop,6.2,25,5,0.5964615384615384,0.6763636363636364,0
43.0,Female,USA,Standard,Tablet,6.2,8,5,0.5109861111111111,0.7496977025392986,1
41.0,Female,USA,Basic,Gaming Console,6.2,18,4,0.7407777777777778,1.241241241241241,1
42.0,Female,USA,Standard,Tablet,6.2,5,5,0.5448461538461539,0.7099236641221375,0
43.0,Female,USA,Standard,Tablet,6.2,8,5,0.5109861111111111,0.7496977025392986,1
36.0,Female,USA,Standard,Laptop,6.22,12,4,0.5247142857142857,0.7846930193439865,0
35.03946643148495,Male,USA,Premium,Laptop,6.22,24,4,0.4863090909090909,0.4274914089347079,0
29.0,Male,Canada,Basic,Smart TV,6.23,7,5,0.8837777777777778,0.7965054336245472,0
24.0,Female,Canada,Standard,Tablet,6.23,2,5,0.7436666666666667,0.5551759988118223,1
20.0,Female,USA,Basic,Laptop,6.23,8,5,0.5489999999999999,0.6128873585833743,0
35.03946643148495,Female,USA,Premium,Tablet,6.23,11,5,0.7794444444444444,0.7961661341853036,0
21.0,Male,Canada,Premium,Tablet,6.23,2,5,0.8954285714285714,0.5016776271641391,0
41.0,Other,USA,Basic,Desktop,6.24,25,5,0.7914666666666665,0.5398702235039654,0
33.0,Female,Canada,Basic,Gaming Console,6.24,14,5,1.0272000000000001,1.4851249504165016,0
16.0,Male,USA,Premium,Desktop,6.24,19,5,0.8795454545454545,0.8344105192779139,1
31.0,Male,Canada,Basic,Smart TV,6.25,34,4,0.778875,0.556379821958457,0
42.0,Other,USA,Premium,Laptop,6.25,20,5,0.6322,0.6498007277768151,0
8.0,Male,USA,Basic,Mobile,6.25,16,5,0.9414166666666668,0.8301970334292671,0
32.0,Male,USA,Premium,Laptop,6.25,29,5,0.5614725274725275,0.2099781622711238,0
32.0,Male,USA,Premium,Laptop,6.25,29,5,0.5614725274725275,0.2099781622711238,0
32.0,Male,USA,Premium,Laptop,6.25,29,5,0.5614725274725275,0.2099781622711238,0
24.0,Other,USA,Premium+,Mobile,6.26,14,5,0.7041000000000001,0.8992099593009335,0
45.0,Female,Canada,Premium,Mobile,6.26,31,5,0.5896,0.42421504404788796,0
64.0,Male,Canada,Basic,Mobile,6.26,32,5,0.692,0.4441291238027669,0
53.0,Other,USA,Premium,Desktop,6.27,4,4,0.8467380952380952,0.48298883040184876,0
22.0,Female,USA,Premium,Mobile,6.27,14,5,1.1644444444444444,0.7958536069388619,0
27.0,Female,USA,Basic,Tablet,6.27,24,5,0.7862272727272728,0.7554216867469878,0
35.03946643148495,Prefer not to say,USA,Premium,Gaming Console,6.27,24,5,0.711375,0.8716404077849861,0
31.0,Male,USA,Basic,Laptop,6.27,17,5,0.8787499999999999,0.8557779799818015,0
35.03946643148495,Female,USA,Standard,Tablet,6.27,15,5,1.010654761904762,0.5956301456618112,0
19.0,Female,Canada,Premium,Desktop,6.27,25,5,1.044,0.848443843031123,0
49.0,Female,Canada,Premium+,Smart TV,6.27,17,4,0.8025714285714285,0.6470588235294118,0
19.0,Male,USA,Premium,Gaming Console,6.27,4,5,0.9002857142857144,0.46221894581643935,0
42.0,Female,USA,Standard,Laptop,6.27,22,5,0.9467500000000001,0.5298591549295774,0
32.0,Male,Canada,Standard,Tablet,6.27,22,5,0.8848333333333332,0.4395886889460154,0
36.0,Male,USA,Premium,Laptop,6.28,26,5,1.1287142857142858,1.0110008049369466,1
50.0,Other,USA,Premium+,Desktop,6.28,20,5,0.7877777777777779,0.5250836120401338,1
52.0,Female,Canada,Standard,Gaming Console,6.28,6,5,0.7969181818181819,0.816114359974009,0
30.0,Female,USA,Premium,Gaming Console,6.28,27,5,0.7061666666666666,0.9612244897959185,1
23.0,Female,USA,Basic,Mobile,6.29,26,5,0.5045119047619048,0.42504786575064757,0
31.0,Female,Canada,Premium,Smart TV,6.29,21,5,0.5391111111111111,1.0021242697822623,1
39.0,Male,USA,Basic,Laptop,6.29,2,4,0.6295000000000001,0.6715302491103202,0
24.0,Female,USA,Standard,Tablet,6.29,33,5,0.7725714285714286,0.6174738219895288,0
47.0,Male,USA,Basic,Smart TV,6.29,30,4,0.8252272727272727,0.8267250821467689,0
23.0,Female,USA,Premium+,Gaming Console,6.3,29,4,1.2631428571428571,0.8606557377049179,1
27.0,Male,USA,Standard,Desktop,6.31,12,4,0.7865192307692308,0.4299829642248722,0
18.0,Female,USA,Standard,Smart TV,6.31,20,4,0.6143636363636363,0.569494584837545,0
35.03946643148495,Female,USA,Premium,Tablet,6.32,36,5,0.6932857142857143,0.817770109984904,0
31.0,Male,USA,Standard,Mobile,6.32,23,5,0.7180769230769231,0.628543013426156,1
33.0,Male,Canada,Premium,Smart TV,6.32,33,5,0.5707619047619047,0.2872509658359216,0
35.03946643148495,Male,USA,Premium,Smart TV,6.32,33,5,0.6151538461538462,0.4377741861002078,0
33.0,Female,USA,Basic,Tablet,6.33,27,5,0.7946249999999999,0.9958049292081803,0
33.0,Male,USA,Premium,Gaming Console,6.33,14,5,0.4577181818181818,0.33886509635974305,0
37.0,Female,USA,Standard,Mobile,6.34,23,5,0.5316060606060606,0.2892555699186374,0
35.03946643148495,Female,USA,Premium,Tablet,6.34,27,5,0.552875,1.528324628364805,1
36.0,Female,USA,Standard,Tablet,6.35,12,5,0.8003333333333333,0.5631929046563192,1
41.0,Male,Canada,Premium,Smart TV,6.35,28,5,0.5488888888888889,0.5353379232822818,0
25.0,Male,Canada,Standard,Tablet,6.35,2,5,0.8661111111111112,0.6072680905323558,0
31.0,Male,Canada,Basic,Smart TV,6.35,11,5,0.7109999999999999,0.8277210514881598,1
25.0,Female,Canada,Standard,Tablet,6.35,2,5,0.8661111111111112,0.6072680905323558,0
35.03946643148495,Female,USA,Basic,Laptop,6.36,19,5,0.5082222222222222,0.6443768996960486,0
30.0,Female,USA,Premium,Desktop,6.36,3,5,0.44099999999999995,0.6437246963562753,0
39.0,Male,Canada,Premium,Mobile,6.36,18,5,0.5787361111111111,1.1880448318804482,0
35.03946643148495,Male,USA,Premium,Tablet,6.36,23,5,0.092,3.18,0
5.0,Female,USA,Standard,Gaming Console,6.36,24,5,0.7390714285714286,1.0338661609319968,0
25.0,Female,Canada,Premium,Mobile,6.37,8,5,0.6619358974358975,0.7252371916508539,1
-2.0,Female,USA,Premium,Smart TV,6.37,25,5,0.821736111111111,0.6064741351951761,0
39.0,Male,USA,Premium,Desktop,6.37,13,5,0.536125,1.014062085433802,0
30.0,Female,Canada,Premium+,Tablet,6.37,11,4,0.675936507936508,0.7467760844079719,0
45.0,Male,Canada,Premium,Smart TV,6.38,16,4,0.7055555555555555,0.6649296508598228,0
40.0,Male,Canada,Premium,Tablet,6.38,2,5,0.5623333333333332,1.1157097056251821,0
43.0,Female,USA,Basic,Tablet,6.38,17,5,0.7182666666666666,0.43190793185151755,1
25.0,Female,USA,Premium,Desktop,6.38,36,5,0.6436111111111111,1.1596485913359587,0
29.0,Prefer not to say,USA,Basic,Tablet,6.38,16,5,1.08075,1.1631722880583408,1
31.0,Female,USA,Basic,Mobile,6.39,17,4,0.49747252747252746,0.41421780466724284,0
46.0,Female,USA,Premium,Smart TV,6.39,16,5,0.8495555555555555,0.8596412556053811,1
24.0,Female,USA,Basic,Desktop,6.4,14,5,0.56525,1.4912621359223301,0
35.03946643148495,Female,USA,Premium,Gaming Console,6.4,28,5,0.8265,0.4686927865250824,0
28.0,Male,USA,Premium+,Laptop,6.4,36,5,0.77425,0.5863490609253321,0
44.0,Male,USA,Premium,Tablet,6.41,27,5,0.7619,1.1910808299783215,1
18.0,Male,USA,Basic,Gaming Console,6.41,17,4,0.8423333333333334,0.6066246056782335,1
42.0,Female,USA,Basic,Mobile,6.41,25,4,0.8774,0.31581540482837905,0
23.0,Male,USA,Standard,Gaming Console,6.41,4,5,0.6566868686868687,0.5527450416786432,0
33.0,Female,USA,Standard,Desktop,6.41,19,4,0.7675384615384615,0.4750494071146245,0
39.0,Male,USA,Standard,Laptop,6.42,22,4,0.8380000000000001,0.20789033407091587,1
35.0,Female,USA,Premium+,Mobile,6.42,9,5,0.7688333333333334,0.6652849740932643,0
28.0,Male,USA,Basic,Mobile,6.42,1,5,0.43285714285714283,1.3821313240043056,0
35.03946643148495,Male,USA,Basic,Tablet,6.42,22,4,0.6456904761904763,0.9976689976689975,0
54.0,Male,USA,Basic,Mobile,6.42,10,5,1.1236666666666666,6.114285714285714,0
35.0,Female,USA,Premium+,Mobile,6.42,9,5,0.7688333333333334,0.6652849740932643,0
35.03946643148495,Male,USA,Basic,Tablet,6.42,22,4,0.6456904761904763,0.9976689976689975,0
35.03946643148495,Female,USA,Premium,Laptop,6.43,27,5,0.6937,0.644396191748789,0
32.0,Female,Canada,Basic,Laptop,6.43,35,5,0.6611111111111111,0.9462840323767474,1
41.0,Female,USA,Standard,Mobile,6.43,5,5,0.9213333333333333,0.41519586741282816,0
36.0,Female,USA,Standard,Desktop,6.43,13,5,0.620375,0.7886345053147995,0
45.0,Female,Canada,Standard,Desktop,6.43,32,3,0.5195714285714286,0.7354174609226076,0
21.0,Male,USA,Basic,Mobile,6.43,35,5,0.6566470588235295,0.232928817243253,0
41.0,Female,USA,Premium,Desktop,6.44,20,5,0.7948125,0.8736151933077098,0
14.0,Female,Canada,Premium,Tablet,6.44,7,5,0.6950000000000001,1.0662251655629138,0
43.0,Female,USA,Premium,Mobile,6.45,15,4,0.8793333333333333,1.4686907020872866,0
33.0,Female,Canada,Premium+,Smart TV,6.45,30,5,0.7238461538461538,0.29941972920696325,1
43.0,Female,USA,Premium,Mobile,6.45,15,4,0.8793333333333333,1.4686907020872866,0
23.0,Female,USA,Standard,Desktop,6.46,29,5,0.5953516483516483,0.41419106646719384,0
30.0,Female,USA,Basic,Desktop,6.46,1,5,1.0854285714285714,0.30553365915182096,0
35.03946643148495,Male,USA,Basic,Desktop,6.46,15,5,0.6627575757575758,0.66426735218509,0
35.0,Female,USA,Standard,Laptop,6.46,16,3,0.663875,0.7056253413435281,0
29.0,Male,USA,Premium,Tablet,6.46,20,5,0.6688383838383838,0.6778593913955928,0
29.0,Male,USA,Premium,Tablet,6.46,20,5,0.6688383838383838,0.6778593913955928,0
18.0,Female,USA,Standard,Tablet,6.47,32,5,0.4522307692307692,0.4519734544184421,1
46.0,Female,Canada,Premium,Desktop,6.47,6,5,0.905,0.8820722563053851,0
6.0,Male,Canada,Standard,Gaming Console,6.47,35,5,0.5234,0.7446767696144253,0
41.0,Male,Canada,Basic,Desktop,6.48,9,5,1.1949545454545456,0.5775401069518716,1
-1.0,Female,USA,Premium,Desktop,6.48,17,5,0.8806,0.7476923076923078,0
10.0,Male,Canada,Standard,Desktop,6.48,24,5,0.9400714285714284,1.073143803477781,1
52.0,Male,Canada,Basic,Laptop,6.48,18,5,0.595,0.36706948640483394,0
15.0,Female,Canada,Basic,Laptop,6.49,31,5,0.8436842105263158,0.4247845532889713,0
33.0,Female,Canada,Premium,Laptop,6.49,36,5,0.7397619047619048,1.002574665293512,0
35.0,Male,Canada,Premium,Tablet,6.49,2,4,0.7013636363636364,1.0266279989454257,0
35.03946643148495,Female,USA,Standard,Tablet,6.49,24,5,0.6642222222222223,1.3281036834924964,0
6.0,Male,Canada,Premium,Desktop,6.5,35,5,0.4946666666666666,1.1548711874444775,0
34.0,Male,USA,Premium,Mobile,6.5,19,5,0.9278627450980392,0.3807478277848287,0
34.0,Other,USA,Premium,Smart TV,6.5,25,5,0.7827575757575758,0.6516290726817043,0
47.0,Female,Canada,Premium,Desktop,6.51,15,5,0.9139047619047619,0.6394891944990175,1
30.0,Male,USA,Premium,Mobile,6.51,33,5,0.40349999999999997,0.3410460141447656,0
24.0,Female,USA,Premium+,Laptop,6.51,5,4,0.8755714285714286,1.899805447470817,1
35.0,Male,Canada,Premium,Gaming Console,6.51,20,5,0.8298741258741259,0.7041644131963223,0
49.0,Female,USA,Standard,Tablet,6.52,27,5,0.6665757575757576,0.4806487283450055,0
32.0,Male,USA,Basic,Gaming Console,6.52,9,4,0.9716293706293706,0.660253164556962,0
23.0,Female,Canada,Basic,Desktop,6.52,13,4,0.5343333333333333,1.14519906323185,0
44.0,Female,USA,Basic,Tablet,6.52,16,5,0.6545607843137254,0.43510176843510173,0
35.03946643148495,Male,USA,Standard,Desktop,6.52,33,4,0.6704848484848485,0.6199683042789222,0
32.0,Female,USA,Standard,Desktop,6.53,7,4,0.8343931623931624,0.6452569169960474,0
12.0,Female,USA,Premium+,Mobile,6.53,23,5,0.759888888888889,0.3329367777022434,1
35.0,Male,USA,Basic,Tablet,6.53,32,5,0.5446985294117647,0.440175261206606,0
50.0,Other,Canada,Standard,Smart TV,6.54,36,5,0.9357301587301587,0.7879518072289156,0
36.0,Male,USA,Standard,Laptop,6.54,36,5,0.8354204545454547,0.7445920303605313,0
34.0,Prefer not to say,USA,Basic,Laptop,6.54,7,5,1.0394444444444444,0.9353992848629321,0
35.03946643148495,Female,USA,Premium,Desktop,6.54,2,5,0.7942,0.598535692495424,0
57.0,Female,USA,Premium+,Laptop,6.54,22,5,0.538142857142857,1.1160409556313993,0
20.0,Male,Canada,Premium,Gaming Console,6.55,7,5,0.70075,0.6220322886989554,0
24.0,Female,USA,Premium,Tablet,6.55,14,4,0.8356666666666666,1.6751918158567776,0
30.0,Female,USA,Basic,Laptop,6.55,32,5,0.8457435897435897,0.8098083659592005,0
20.0,Male,USA,Basic,Laptop,6.55,24,4,0.5161333333333333,0.6647496617050067,0
28.0,Male,USA,Standard,Laptop,6.56,28,5,0.8489,0.5532752319370255,0
50.0,Male,Canada,Premium,Gaming Console,6.56,24,3,0.39425,1.4470588235294117,1
18.0,Other,USA,Premium+,Desktop,6.56,36,5,0.6187777777777778,1.1172296338347998,0
35.0,Female,Canada,Basic,Smart TV,6.56,26,4,0.9448571428571428,1.2365692742695569,0
34.0,Male,USA,Basic,Desktop,6.56,32,5,0.8579333333333332,0.27040395713107995,1
27.0,Male,USA,Premium,Smart TV,6.57,5,4,0.8358888888888889,0.7872977831036548,0
45.0,Male,USA,Premium+,Laptop,6.57,2,5,0.6970000000000001,1.6831767719897524,1
30.0,Prefer not to say,USA,Basic,Desktop,6.57,34,4,0.887888888888889,1.0665584415584415,0
37.0,Male,USA,Standard,Tablet,6.57,20,5,0.6500181818181818,1.088950276243094,1
27.0,Male,USA,Premium,Smart TV,6.57,5,4,0.8358888888888889,0.7872977831036548,0
27.0,Male,USA,Standard,Tablet,6.58,5,5,0.7829176470588235,0.4428491306786316,0
30.0,Female,USA,Standard,Laptop,6.58,22,5,0.7345714285714287,0.7237396883593034,0
37.0,Prefer not to say,USA,Premium,Desktop,6.58,21,5,0.7024080882352941,0.16222879684418148,0
35.03946643148495,Female,USA,Premium,Desktop,6.58,3,5,0.736,0.5849755519336198,0
26.0,Male,USA,Basic,Tablet,6.58,23,5,0.9176666666666666,2.655010087424344,0
49.0,Female,Canada,Premium,Desktop,6.59,30,5,0.6845181818181818,0.7571811566449634,1
40.0,Male,Canada,Premium,Mobile,6.6,9,5,0.7047000000000001,0.635940260157379,0
45.0,Female,USA,Standard,Desktop,6.6,16,5,0.7984666666666667,1.9760479041916166,0
31.0,Male,USA,Premium+,Laptop,6.6,33,5,0.703,0.780295566502463,0
40.0,Male,Canada,Premium,Mobile,6.6,9,5,0.7047000000000001,0.635940260157379,0
28.0,Male,USA,Premium,Desktop,6.61,26,5,0.6368611111111111,0.8731836195508585,0
20.0,Male,USA,Standard,Tablet,6.61,4,5,0.9323333333333333,0.9962321024868123,0
19.0,Female,USA,Premium,Desktop,6.61,36,5,0.8183095238095237,0.31543784299689814,0
30.0,Female,USA,Premium,Mobile,6.61,12,5,0.6871515151515152,0.6972573839662448,0
42.0,Female,Canada,Premium+,Mobile,6.61,10,4,0.6705897435897435,0.40606122657929766,0
27.0,Female,USA,Basic,Mobile,6.61,18,5,0.6218571428571429,0.5037469833608536,0
31.0,Female,USA,Premium,Laptop,6.61,26,5,0.8244285714285715,1.0874691527282698,0
47.0,Male,USA,Premium,Smart TV,6.62,24,5,0.6985714285714286,0.816611842105263,0
38.0,Prefer not to say,Canada,Standard,Laptop,6.62,34,5,0.8304796380090498,0.42368,1
29.0,Female,USA,Premium,Smart TV,6.62,28,5,0.7856153846153846,0.4503401360544218,0
34.0,Female,Canada,Basic,Smart TV,6.63,21,5,0.7072307692307692,0.5489925476124758,0
35.0,Male,USA,Premium,Gaming Console,6.63,24,5,0.852,0.7673611111111109,1
62.0,Female,Canada,Basic,Mobile,6.63,2,5,0.46287878787878783,0.5374223182923533,0
16.0,Male,USA,Standard,Mobile,6.63,31,5,0.6783766233766233,0.7641183250096042,0
62.0,Male,USA,Premium,Laptop,6.63,26,5,0.7643636363636364,0.6857438372694363,0
17.0,Female,Canada,Standard,Gaming Console,6.63,12,4,1.0042,0.3186733958183129,0
52.0,Male,Canada,Basic,Desktop,6.64,7,5,0.4,1.3423180592991912,0
41.0,Other,USA,Premium,Tablet,6.64,35,5,0.8868888888888888,0.8248447204968943,0
21.0,Female,Canada,Basic,Smart TV,6.64,27,5,0.5378888888888889,1.6012861736334405,0
23.0,Male,USA,Premium+,Tablet,6.65,17,5,0.7831923076923077,0.4385097263435543,0
39.0,Male,USA,Premium,Gaming Console,6.65,21,5,0.8618181818181818,0.4993742177722153,0
33.0,Male,Canada,Premium,Desktop,6.65,36,5,0.8735555555555556,0.876923076923077,0
28.0,Female,USA,Premium,Smart TV,6.65,15,5,1.0117454545454545,0.9729334308705194,0
30.0,Female,Canada,Premium,Desktop,6.66,26,5,0.6877142857142857,0.597130902570233,1
39.0,Female,USA,Standard,Tablet,6.66,36,5,0.6894941176470588,0.5085263425808094,0
37.0,Male,USA,Premium,Smart TV,6.66,14,5,0.7787999999999999,2.1705594785442694,0
52.0,Female,Canada,Premium,Tablet,6.66,29,5,0.7881818181818182,0.7748691099476439,0
18.0,Male,USA,Premium,Mobile,6.66,21,5,0.7206703296703296,0.7012987012987012,0
31.0,Female,USA,Standard,Laptop,6.66,32,5,0.8257692307692308,0.8375602599035842,0
30.0,Other,USA,Premium,Mobile,6.66,35,4,0.6793333333333333,0.6550819672131148,0
30.0,Female,Canada,Premium,Desktop,6.66,26,5,0.6877142857142857,0.597130902570233,1
29.0,Female,Canada,Standard,Mobile,6.67,11,5,0.7685,0.6886938564790913,0
35.03946643148495,Female,Canada,Premium+,Tablet,6.67,27,5,0.4213809523809524,0.6204651162790698,0
28.0,Male,USA,Standard,Smart TV,6.67,28,4,0.9047142857142856,1.0333075135553833,0
20.0,Male,Canada,Premium+,Gaming Console,6.67,32,5,0.6289010989010989,0.44437041972018654,0
35.03946643148495,Female,USA,Standard,Laptop,6.68,14,3,0.72,2.2708215297450423,0
35.03946643148495,Female,Canada,Standard,Mobile,6.68,5,4,0.19566666666666666,3.8317399617590824,1
26.0,Male,USA,Basic,Tablet,6.68,11,4,0.7713076923076925,0.5163617624323628,0
26.0,Male,USA,Basic,Tablet,6.68,11,4,0.7713076923076925,0.5163617624323628,0
35.03946643148495,Female,Canada,Standard,Mobile,6.68,5,4,0.19566666666666666,3.8317399617590824,1
35.03946643148495,Male,Canada,Basic,Tablet,6.69,33,4,0.5697272727272726,0.9790243902439025,0
51.0,Female,Canada,Standard,Mobile,6.69,27,4,0.734,1.0065195586760283,0
24.0,Female,Canada,Premium+,Mobile,6.69,19,5,0.9113434343434343,0.6176334820741652,0
30.0,Female,USA,Premium,Desktop,6.69,4,5,0.8364285714285714,0.8233846153846154,0
64.0,Female,USA,Standard,Smart TV,6.69,19,5,0.9550000000000001,0.9433607520564041,0
39.0,Male,USA,Premium,Mobile,6.69,34,5,0.580929292929293,1.4089154089154088,0
34.0,Male,USA,Basic,Mobile,6.7,31,5,0.6506000000000001,2.081822889694459,1
35.03946643148495,Female,USA,Premium,Smart TV,6.7,31,5,0.6167142857142857,0.7372088758481569,0
35.03946643148495,Female,USA,Basic,Smart TV,6.7,12,4,0.853,0.9700772200772201,1
35.03946643148495,Other,USA,Standard,Mobile,6.7,25,3,0.5536666666666666,1.4189904694669961,0
51.0,Female,USA,Basic,Desktop,6.71,31,5,0.8006153846153847,0.6090771558245083,0
45.0,Male,Canada,Standard,Gaming Console,6.71,31,5,0.6918888888888889,1.174103237095363,0
28.0,Female,Canada,Basic,Mobile,6.71,29,5,0.5951000000000001,0.7313351498637601,0
35.03946643148495,Female,Canada,Premium,Smart TV,6.72,33,5,0.5965555555555555,0.36064400715563505,0
35.03946643148495,Female,USA,Premium,Smart TV,6.72,22,5,0.9326666666666668,0.5072336142911058,0
19.0,Female,USA,Premium,Desktop,6.72,26,5,0.554043956043956,0.7034193998604326,0
45.0,Male,USA,Basic,Desktop,6.73,8,5,0.5679090909090909,0.39097598760650665,0
22.0,Female,USA,Premium,Smart TV,6.73,30,5,0.8988666666666667,0.46510020732550106,0
41.0,Male,Canada,Standard,Laptop,6.73,33,5,0.6572999999999999,0.6561585960350991,0
53.0,Female,Canada,Premium,Desktop,6.74,29,5,0.4715,0.9914194655552832,0
41.0,Male,USA,Premium,Gaming Console,6.74,25,5,0.7630238095238095,1.0022304832713755,0
51.0,Female,USA,Standard,Tablet,6.75,35,5,0.9013333333333333,0.9030100334448161,0
35.03946643148495,Male,USA,Premium,Tablet,6.75,24,5,0.4936666666666667,0.6987577639751553,1
44.0,Female,USA,Premium,Mobile,6.75,18,5,0.660409090909091,1.2415695892090741,1
52.0,Male,USA,Basic,Desktop,6.75,1,5,0.6932142857142857,0.7272400790087987,0
40.0,Female,Canada,Premium,Gaming Console,6.76,23,5,0.6906428571428571,0.47768225179601925,0
35.03946643148495,Prefer not to say,USA,Premium,Smart TV,6.76,5,5,0.8355714285714285,0.7041666666666667,0
29.0,Female,USA,Basic,Smart TV,6.76,20,5,0.8157222222222222,0.9251824817518247,0
51.0,Female,Canada,Standard,Laptop,6.76,24,4,0.7802222222222224,0.7361161524500907,0
30.0,Male,Canada,Premium,Desktop,6.76,35,5,0.6295972222222221,0.7614041674488454,0
39.0,Female,USA,Standard,Smart TV,6.77,8,5,0.8092222222222223,0.9519568783688773,0
30.0,Female,Canada,Standard,Smart TV,6.78,7,5,0.6305333333333333,0.44135835955299985,0
22.0,Female,Canada,Premium,Mobile,6.78,8,5,0.5981212121212122,0.8353182751540041,0
35.03946643148495,Male,Canada,Premium,Mobile,6.78,21,5,0.7719666666666667,0.43084092353314973,1
40.0,Female,USA,Standard,Desktop,6.79,17,5,0.6574285714285715,1.215756490599821,0
38.0,Male,USA,Standard,Laptop,6.79,22,5,0.4470119047619048,0.6230310445022175,0
40.0,Female,USA,Premium+,Laptop,6.79,19,5,0.8057272727272726,1.101081081081081,0
11.0,Female,Canada,Standard,Desktop,6.79,14,5,0.9459285714285715,0.5782824698367637,0
23.0,Male,USA,Standard,Smart TV,6.79,18,5,1.0086153846153847,0.6076968973747017,0
25.0,Male,USA,Standard,Mobile,6.79,9,5,0.35300000000000004,0.8991392628558817,0
26.0,Female,USA,Premium,Laptop,6.79,32,5,0.8490606060606061,1.177456647398844,0
25.0,Other,USA,Premium,Gaming Console,6.79,22,5,0.667,1.0835106382978723,0
33.0,Female,Canada,Standard,Laptop,6.8,11,5,1.0518214285714285,0.4370179948586118,0
30.0,Male,USA,Premium,Gaming Console,6.8,3,5,0.7751428571428571,1.4649910233393177,0
30.0,Male,Canada,Premium,Smart TV,6.8,30,5,0.98075,1.2252252252252251,0
35.03946643148495,Female,Canada,Standard,Mobile,6.8,20,4,0.6663333333333332,0.7079646017699115,0
44.0,Male,Canada,Premium,Tablet,6.81,12,4,0.5374861111111111,0.8484219269102989,0
26.0,Female,USA,Premium,Gaming Console,6.81,17,5,0.8117142857142857,1.1717809004875248,0
39.0,Female,Canada,Premium+,Gaming Console,6.81,27,5,0.8075,1.8103677447939739,0
58.0,Prefer not to say,Canada,Premium,Gaming Console,6.81,3,5,0.5739010989010989,0.6673199412052914,0
41.0,Female,USA,Premium,Desktop,6.82,3,5,0.7432000000000001,0.8051948051948051,0
44.0,Male,USA,Premium,Laptop,6.82,5,5,0.6574285714285715,1.1857432628223703,0
22.0,Prefer not to say,USA,Premium+,Gaming Console,6.83,29,4,0.8971428571428572,0.9319990902888332,0
53.0,Female,USA,Standard,Gaming Console,6.83,16,4,0.7274285714285713,0.7838561591430756,0
36.0,Male,Canada,Standard,Smart TV,6.83,20,4,0.8195714285714284,2.0929519918283965,0
39.0,Male,Canada,Standard,Gaming Console,6.83,21,5,0.6321666666666667,1.0322418136020153,0
34.0,Male,USA,Premium,Smart TV,6.83,13,4,0.7914722222222222,0.7091192247793736,0
42.0,Male,USA,Basic,Laptop,6.84,12,5,0.900625,0.3266735652312346,0
38.0,Male,USA,Basic,Gaming Console,6.84,3,4,0.7593472222222222,0.8189982039513071,0
47.0,Prefer not to say,Canada,Standard,Laptop,6.84,4,4,0.7429272727272727,1.4901960784313724,1
31.0,Male,Canada,Standard,Gaming Console,6.84,15,5,0.7640595238095238,0.4868327402135231,0
32.0,Prefer not to say,USA,Premium,Mobile,6.84,3,5,0.7516428571428573,0.40986717267552175,0
52.0,Male,Canada,Premium,Tablet,6.84,35,3,0.733,3.013215859030837,1
36.0,Male,USA,Standard,Laptop,6.84,21,5,0.9553333333333334,0.7587354409317801,1
47.0,Female,USA,Premium+,Tablet,6.85,22,4,0.645,0.6359275878075196,0
27.0,Male,USA,Premium,Mobile,6.85,33,5,0.5179696969696971,0.4212360356667008,0
24.0,Male,USA,Premium,Gaming Console,6.85,24,5,0.6296666666666666,0.45414364640883975,0
29.0,Male,Canada,Standard,Tablet,6.85,13,5,0.8318749999999999,0.7297585227272727,0
26.0,Male,USA,Premium,Gaming Console,6.85,18,5,0.8242857142857143,0.35324452084228625,0
23.0,Male,Canada,Standard,Gaming Console,6.85,13,5,0.38125641025641027,0.5855534976492378,0
38.0,Female,USA,Standard,Tablet,6.85,15,3,0.7002857142857142,0.4352891336581232,0
35.03946643148495,Female,Canada,Premium,Laptop,6.86,22,5,0.6813750000000001,1.5502824858757063,0
37.0,Male,Canada,Premium,Desktop,6.86,24,5,0.7331666666666666,0.9354545454545455,1
35.0,Male,USA,Standard,Laptop,6.87,29,5,0.8180952380952382,0.3232434127979925,0
56.0,Female,USA,Basic,Mobile,6.87,1,5,0.6990357142857143,0.5013378739965945,0
35.03946643148495,Male,Canada,Premium,Gaming Console,6.87,21,5,0.8411923076923077,0.7038934426229508,0
59.0,Female,USA,Standard,Desktop,6.88,5,5,0.43920000000000003,2.5340699815837944,0
32.0,Female,USA,Standard,Laptop,6.89,23,5,1.3395000000000001,3.635883905013193,0
28.0,Male,USA,Premium,Gaming Console,6.9,7,5,0.6430961538461539,0.4747706422018349,0
35.03946643148495,Male,USA,Premium,Laptop,6.9,31,4,0.50375,2.101522842639594,0
36.0,Male,USA,Premium,Smart TV,6.9,9,5,0.8716153846153847,0.49957765174369495,0
13.0,Female,USA,Basic,Mobile,6.91,28,5,0.6775181818181819,0.773218948153674,0
27.0,Prefer not to say,Canada,Basic,Desktop,6.91,29,5,0.7994333333333333,0.6413985148514851,0
24.0,Female,USA,Standard,Desktop,6.91,33,5,0.9322,0.7387740555951533,0
35.03946643148495,Female,USA,Basic,Tablet,6.91,15,5,0.5298888888888889,1.3187022900763359,0
12.0,Female,USA,Premium,Gaming Console,6.91,1,5,0.5144090909090909,1.0262376237623763,0
29.0,Female,Canada,Premium,Tablet,6.91,35,5,0.6263846153846153,0.2673458859943255,0
29.0,Male,Canada,Premium,Laptop,6.91,8,5,0.7664166666666667,0.6424918642491864,0
46.0,Female,USA,Premium,Smart TV,6.91,34,5,0.7586181818181819,0.6881327800829876,1
12.0,Female,USA,Premium,Gaming Console,6.91,1,5,0.5144090909090909,1.0262376237623763,0
32.0,Male,USA,Premium,Tablet,6.92,8,5,0.7408888888888889,0.7773825126380827,1
44.0,Female,USA,Basic,Laptop,6.92,26,4,0.8491875,0.4010819165378671,0
54.0,Male,USA,Standard,Smart TV,6.92,14,5,0.49675,1.0063015026660203,1
28.0,Female,USA,Premium+,Mobile,6.92,9,4,1.0260333333333334,1.2112018669778295,0
35.0,Male,Canada,Premium+,Desktop,6.93,30,5,0.6829,0.8592684438933662,0
33.0,Male,USA,Premium,Laptop,6.93,12,4,0.8122666666666667,1.986622073578595,0
35.03946643148495,Other,USA,Basic,Gaming Console,6.93,2,4,1.0447142857142857,0.7399893219434063,0
50.0,Female,USA,Premium,Gaming Console,6.93,27,5,0.6735934065934066,0.5122582234815818,1
40.0,Male,USA,Standard,Desktop,6.94,36,5,1.116,1.1373941546025674,0
35.03946643148495,Other,Canada,Premium,Smart TV,6.94,26,5,0.475,0.7952635599694424,0
25.0,Male,Canada,Standard,Mobile,6.94,29,5,0.8029272727272727,0.49689737470167067,0
47.0,Female,USA,Standard,Gaming Console,6.95,13,5,0.35385714285714287,0.8536335721596724,0
36.0,Female,USA,Standard,Gaming Console,6.95,2,5,0.7431717171717171,0.4679084380610414,0
53.0,Female,USA,Premium,Gaming Console,6.96,6,5,0.9937676767676769,1.145364783324191,0
36.0,Male,USA,Premium+,Mobile,6.96,4,5,0.8843333333333334,3.063829787234043,0
46.0,Male,Canada,Premium,Desktop,6.97,12,5,0.8924545454545455,0.8214496169711254,0
46.0,Male,Canada,Premium,Desktop,6.97,12,5,0.8924545454545455,0.8214496169711254,0
45.0,Male,USA,Standard,Mobile,6.98,36,5,0.9504285714285714,1.4030150753768846,0
35.0,Other,Canada,Standard,Smart TV,6.98,21,5,1.125875,0.9654218533886584,0
19.0,Female,Canada,Premium+,Smart TV,6.98,19,4,0.7470666666666667,0.5216741405082213,0
37.0,Male,Canada,Premium,Mobile,6.98,13,5,0.8804273504273504,0.4873167326041425,0
41.0,Male,USA,Basic,Tablet,6.98,7,5,0.7244848484848484,0.5199900670474299,0
35.03946643148495,Male,USA,Premium+,Laptop,6.99,34,5,0.9750192307692307,0.49242691088411417,1
27.0,Male,USA,Standard,Tablet,6.99,16,5,1.0524,1.6762589928057554,0
50.0,Female,Canada,Premium+,Mobile,6.99,14,5,0.6608333333333333,2.7774834437086096,0
29.0,Male,USA,Basic,Laptop,6.99,13,4,0.7460666666666667,2.188935281837161,0
35.03946643148495,Female,Canada,Premium,Desktop,6.99,18,4,0.6345142857142857,1.4116459104678558,0
19.0,Male,Canada,Standard,Smart TV,7.0,17,5,0.821015873015873,0.6505576208178439,0
15.0,Male,Canada,Premium+,Smart TV,7.0,31,5,0.3717142857142857,1.1469142545057345,0
16.0,Female,USA,Premium,Tablet,7.0,12,5,0.7294285714285714,1.2582384661473935,0
35.03946643148495,Male,USA,Premium+,Gaming Console,7.01,35,5,0.5808333333333333,1.3467819404418826,0
36.0,Male,Canada,Premium,Gaming Console,7.01,35,4,0.39425,2.575627679118188,0
34.0,Male,Canada,Basic,Desktop,7.01,34,4,0.74,1.1270096463022508,0
35.0,Female,USA,Basic,Smart TV,7.02,11,5,0.6088333333333333,1.2198088618592526,0
35.0,Other,USA,Premium,Mobile,7.02,4,5,1.0105555555555554,1.2802431610942249,0
41.0,Prefer not to say,Canada,Premium,Smart TV,7.02,26,5,0.6706000000000001,1.1399188092016237,1
9.0,Prefer not to say,Canada,Standard,Mobile,7.03,29,4,0.456,0.5056341404938864,0
38.0,Male,USA,Premium,Tablet,7.03,31,3,0.6742727272727272,1.0358546168958742,0
54.0,Female,USA,Premium,Laptop,7.03,35,5,1.1681,0.664461247637051,0
56.0,Male,USA,Standard,Laptop,7.03,31,5,0.4789230769230769,0.7048796791443851,0
35.03946643148495,Male,Canada,Premium,Mobile,7.03,28,5,0.8186195652173913,0.5007122507122508,0
6.0,Female,USA,Premium,Mobile,7.04,25,4,0.6018888888888889,1.2726724917143717,0
53.0,Female,USA,Standard,Smart TV,7.04,3,5,0.3032,2.75,0
31.0,Male,USA,Premium,Gaming Console,7.04,35,5,0.82775,0.7790483216525267,0
40.0,Male,Canada,Premium,Desktop,7.04,19,5,0.5939000000000001,1.1472026072786528,1
15.0,Female,USA,Premium,Laptop,7.05,7,5,0.8515999999999999,0.30665506742061766,0
35.03946643148495,Female,USA,Basic,Gaming Console,7.05,23,4,0.8015454545454546,0.6981350057765308,0
48.0,Male,USA,Standard,Smart TV,7.05,13,5,0.964,0.9475806451612903,0
5.0,Male,USA,Standard,Gaming Console,7.06,17,5,0.8865384615384616,0.42939685757729346,0
34.0,Female,USA,Standard,Gaming Console,7.06,10,4,0.489,0.4067991933160472,0
37.0,Female,Canada,Basic,Laptop,7.06,4,5,0.7411666666666668,0.5196908354803091,0
26.0,Female,Canada,Standard,Mobile,7.06,6,5,0.6887575757575757,0.6382401687509416,0
63.0,Female,Canada,Basic,Gaming Console,7.06,25,5,0.7927,0.9206694196913713,1
34.0,Female,USA,Basic,Smart TV,7.07,19,5,0.7467,0.7376108502869065,0
44.0,Female,USA,Premium,Mobile,7.07,24,5,0.8577474747474747,0.7112676056338029,0
49.0,Male,USA,Premium,Mobile,7.07,19,5,0.43980952380952376,0.7259969193907239,0
35.03946643148495,Male,USA,Standard,Laptop,7.07,25,5,0.7889999999999999,0.8985384452446515,0
61.0,Female,USA,Standard,Laptop,7.07,1,5,0.7582087912087913,0.3305798004987532,0
35.03946643148495,Other,USA,Premium,Mobile,7.08,19,5,0.8946944444444445,0.8504504504504505,0
44.0,Male,USA,Basic,Tablet,7.08,30,5,0.5697777777777777,1.4760250173731757,1
32.0,Female,USA,Standard,Smart TV,7.08,16,5,0.4946666666666667,0.49195136074116963,0
54.0,Male,USA,Premium,Mobile,7.08,21,5,0.7658888888888888,0.4576106862005817,0
15.0,Male,USA,Standard,Tablet,7.08,36,5,0.7036250000000001,1.121732241880116,0
46.0,Female,Canada,Standard,Smart TV,7.09,30,5,0.5115961538461539,0.4381501699454115,0
37.0,Male,USA,Premium,Smart TV,7.09,36,5,0.7501818181818183,0.9322813938198553,0
46.0,Male,Canada,Standard,Mobile,7.09,4,5,0.5818181818181818,0.4156326331216414,0
35.03946643148495,Female,USA,Standard,Laptop,7.1,30,5,0.46075,0.6340229200773925,0
57.0,Male,USA,Standard,Smart TV,7.1,18,5,0.8316153846153846,0.6668753913587976,0
35.03946643148495,Male,Canada,Standard,Gaming Console,7.1,10,4,0.9151428571428573,1.0674016537208717,0
35.03946643148495,Female,USA,Standard,Desktop,7.1,11,5,0.8392666666666666,0.5219308992893898,0
24.0,Female,USA,Standard,Mobile,7.1,10,5,0.7187272727272729,0.7858328721638074,0
32.0,Female,USA,Standard,Tablet,7.11,27,5,0.8985238095238095,1.0037647058823531,0
19.0,Female,USA,Standard,Desktop,7.11,14,5,0.518,0.5586694604504977,0
31.0,Female,Canada,Basic,Laptop,7.11,25,5,0.4881428571428571,1.0797266514806378,0
50.0,Female,USA,Basic,Desktop,7.11,15,5,0.937625,0.6374775851763299,0
42.0,Female,USA,Premium,Tablet,7.11,14,5,0.5726000000000001,1.0783619817997978,0
29.0,Female,Canada,Premium,Desktop,7.12,8,5,0.6942499999999999,1.213291678500426,0
9.0,Female,USA,Basic,Smart TV,7.12,20,5,0.778030303030303,0.7046016823354776,0
33.0,Female,Canada,Premium,Gaming Console,7.12,31,5,0.8771333333333333,0.5816201497617427,1
36.0,Female,Canada,Basic,Desktop,7.13,19,5,0.8243333333333334,0.47665738161559884,0
40.0,Female,Canada,Basic,Gaming Console,7.13,23,5,0.9065714285714286,0.8100738496496874,0
38.0,Male,USA,Standard,Laptop,7.13,16,5,1.0416666666666667,0.6920090585571012,0
52.0,Female,USA,Standard,Smart TV,7.13,22,5,0.7852727272727273,0.7967964239150679,0
39.0,Other,USA,Basic,Mobile,7.13,10,5,0.5161428571428571,1.7057416267942584,0
37.0,Female,USA,Standard,Laptop,7.14,14,4,0.7547777777777778,0.5004088307440719,1
30.0,Male,USA,Standard,Laptop,7.14,1,5,0.8186111111111112,0.8428093645484949,1
40.0,Female,Canada,Premium,Tablet,7.14,30,5,0.9032222222222221,1.1445364680737375,0
51.0,Male,Canada,Standard,Laptop,7.14,6,5,0.5488888888888889,1.4176042356055591,0
37.0,Male,USA,Premium,Desktop,7.15,19,3,0.9794444444444445,0.8585151090654394,0
25.0,Female,USA,Standard,Tablet,7.15,28,5,0.5926666666666667,0.6763361185558885,0
31.0,Male,USA,Premium+,Tablet,7.15,36,5,0.5953472222222222,0.8758677011024908,0
42.0,Male,Canada,Premium+,Desktop,7.15,34,5,0.57325,1.000933271115259,1
16.0,Male,USA,Basic,Smart TV,7.16,35,5,0.4606923076923077,0.5275696917597936,1
38.0,Female,USA,Standard,Laptop,7.16,20,5,1.0022222222222221,0.5143062372800191,1
41.0,Other,USA,Basic,Mobile,7.16,9,5,0.7036666666666667,0.8909166321028619,0
28.0,Female,USA,Basic,Tablet,7.16,32,5,0.9533566433566434,0.1952993590035005,0
23.0,Male,USA,Premium,Desktop,7.16,25,4,0.7281111111111112,1.0748061045784338,1
23.0,Prefer not to say,USA,Premium,Laptop,7.16,36,5,0.7089666666666666,0.9333043667173582,0
33.0,Female,USA,Premium,Desktop,7.16,26,5,0.6524285714285714,0.4527824620573356,1
44.0,Male,USA,Basic,Tablet,7.16,20,5,0.5087916666666666,0.8968684759916493,0
37.0,Female,Canada,Standard,Gaming Console,7.17,5,5,0.9129090909090909,0.7365177195685669,0
57.0,Prefer not to say,USA,Premium,Gaming Console,7.17,20,5,0.6193535353535354,0.7935805201992252,0
25.0,Female,USA,Standard,Tablet,7.17,28,5,0.7661666666666667,0.5285012285012285,0
28.0,Male,USA,Premium,Desktop,7.18,21,5,0.7976912280701753,0.33416071982624884,1
38.0,Female,Canada,Premium,Tablet,7.18,25,5,0.7483636363636365,0.8112994350282484,0
48.0,Prefer not to say,Canada,Premium,Tablet,7.18,4,5,1.10275,0.52098198089249,0
22.0,Prefer not to say,USA,Basic,Laptop,7.18,23,5,0.9103333333333332,2.2733509234828495,0
38.0,Male,USA,Basic,Smart TV,7.18,4,5,1.068125,0.7001462701121404,0
49.0,Male,Canada,Basic,Desktop,7.18,13,5,0.6802605042016807,0.4676508901432913,0
35.03946643148495,Female,USA,Premium,Gaming Console,7.19,2,4,0.8583333333333334,2.8683510638297873,0
41.0,Male,USA,Premium,Tablet,7.19,5,5,0.7871428571428571,0.9279414927941494,0
30.0,Prefer not to say,USA,Premium+,Smart TV,7.19,15,5,0.7751764705882354,0.8683574879227054,0
51.0,Female,USA,Premium,Desktop,7.2,12,5,0.5289285714285714,0.33900965235815744,0
35.0,Male,USA,Basic,Smart TV,7.2,11,5,0.7869333333333333,0.8046191097038555,0
2.0,Female,USA,Premium+,Smart TV,7.2,16,5,0.6475555555555557,1.386392811296534,0
38.0,Other,Canada,Basic,Desktop,7.2,10,5,0.8958999999999999,0.6685236768802227,0
45.0,Female,Canada,Premium,Smart TV,7.2,7,4,0.9354,2.1840242669362997,1
39.0,Prefer not to say,Canada,Basic,Desktop,7.2,24,5,0.6451538461538462,0.41747197526092,0
24.0,Male,Canada,Standard,Laptop,7.21,9,5,0.8152727272727273,0.4129438717067584,0
35.03946643148495,Other,Canada,Premium+,Smart TV,7.21,34,5,0.983,0.789272030651341,1
49.0,Male,Canada,Premium,Tablet,7.21,23,5,0.6568571428571429,1.3539906103286385,1
27.0,Other,USA,Premium,Gaming Console,7.21,11,5,1.2261250000000001,0.7533960292580982,0
24.0,Male,USA,Premium,Laptop,7.22,21,4,0.9902000000000001,1.3495327102803738,0
35.0,Male,USA,Premium,Tablet,7.22,36,5,0.6761428571428572,0.7488331892826274,1
47.0,Male,USA,Standard,Smart TV,7.22,25,5,0.7637857142857143,0.2925840875320816,0
26.0,Female,USA,Standard,Desktop,7.22,30,5,0.723875,0.7313861218976868,0
50.0,Prefer not to say,USA,Premium,Gaming Console,7.22,36,5,0.7535454545454545,0.44937759336099586,0
30.0,Male,USA,Premium,Laptop,7.23,2,5,0.9755833333333335,0.8891166222586595,0
31.0,Female,USA,Standard,Tablet,7.23,23,5,0.9496980392156862,0.5644762524398178,0
44.0,Male,Canada,Premium+,Tablet,7.23,18,5,0.716,1.7470801449859046,0
28.0,Female,USA,Premium,Laptop,7.23,33,5,0.8511,0.7717487991460594,0
61.0,Male,USA,Basic,Mobile,7.24,1,5,0.4931978021978022,0.9160691691269506,0
37.0,Male,USA,Basic,Laptop,7.24,11,5,1.0442857142857143,0.6472954850245864,1
32.0,Female,Canada,Standard,Laptop,7.24,32,5,0.3881428571428571,0.9189760947746987,1
35.0,Male,Canada,Basic,Gaming Console,7.24,7,5,0.8012121212121212,0.8584980237154151,1
25.0,Male,USA,Premium+,Tablet,7.24,33,5,0.4386,0.7480626829688306,0
42.0,Female,USA,Premium+,Gaming Console,7.24,12,5,0.6960999999999999,2.0666032350142722,0
11.0,Female,USA,Basic,Gaming Console,7.24,2,5,0.9144615384615384,0.5296269202633505,1
51.0,Male,USA,Premium,Gaming Console,7.25,32,5,0.6713333333333333,5.731225296442688,0
46.0,Male,Canada,Premium,Gaming Console,7.25,5,5,0.7349642857142857,0.6769374416433239,1
35.0,Male,Canada,Premium,Mobile,7.25,32,5,0.7042222222222223,0.8893886730729912,0
39.0,Female,Canada,Premium,Smart TV,7.25,32,5,0.8704395604395604,0.5961353981088118,0
33.0,Male,Canada,Premium,Gaming Console,7.25,4,5,0.9318782051282051,0.3229398663697105,0
36.0,Female,USA,Premium,Laptop,7.25,13,4,1.1402,1.5109412990621742,0
21.0,Prefer not to say,USA,Basic,Gaming Console,7.26,13,5,0.7895,0.9714540588760036,0
34.0,Female,Canada,Basic,Gaming Console,7.26,23,5,0.8379120879120879,0.6895678328320405,0
27.0,Male,USA,Basic,Laptop,7.27,21,4,1.1070333333333333,0.547302383939774,0
37.0,Prefer not to say,Canada,Premium,Desktop,7.28,12,5,0.8334423076923076,0.49255751014884985,0
13.0,Other,USA,Basic,Gaming Console,7.29,3,5,0.5245,0.677299473521214,0
34.0,Other,USA,Premium,Tablet,7.29,26,5,0.7771428571428571,1.1802482460874257,0
30.0,Prefer not to say,Canada,Premium,Mobile,7.29,33,5,0.7554444444444444,1.1808855291576672,0
47.0,Female,USA,Premium,Desktop,7.29,12,5,0.9754285714285714,0.5930847457627119,0
30.0,Prefer not to say,Canada,Premium,Mobile,7.29,33,5,0.7554444444444444,1.1808855291576672,0
30.0,Female,USA,Premium,Desktop,7.3,16,4,1.0115,3.3460656990068753,0
39.0,Female,USA,Premium,Tablet,7.3,35,5,0.797090909090909,0.8508158508158506,0
25.0,Female,Canada,Premium,Laptop,7.3,5,5,0.6715454545454546,0.5757097791798107,0
51.0,Other,USA,Premium,Mobile,7.3,18,5,1.0634285714285714,0.39384947396816833,1
35.0,Female,USA,Basic,Smart TV,7.3,3,5,0.571923076923077,0.7760453579021971,0
22.0,Male,Canada,Standard,Smart TV,7.3,10,5,0.5863333333333334,0.887178448450476,0
13.0,Male,USA,Premium+,Laptop,7.31,3,4,0.755923076923077,0.5622356108191258,0
24.0,Female,Canada,Standard,Tablet,7.31,26,4,0.829,0.8637258763292635,1
65.0,Male,USA,Standard,Desktop,7.31,24,5,0.665,1.5010266940451744,1
28.0,Female,Canada,Premium+,Desktop,7.31,12,5,1.0294999999999999,1.084033613445378,0
34.0,Male,USA,Standard,Desktop,7.32,21,5,0.8937777777777778,1.0447193149381542,0
38.0,Female,Canada,Standard,Mobile,7.32,16,5,0.688025641025641,0.6809302325581396,0
22.0,Female,USA,Basic,Mobile,7.32,21,4,0.9641818181818181,0.711600777705768,0
11.0,Prefer not to say,Canada,Premium+,Tablet,7.32,12,5,0.8482941176470589,0.5433626128912533,0
33.0,Male,Canada,Standard,Laptop,7.33,8,5,1.2014679487179487,0.5359493053863027,0
20.0,Prefer not to say,USA,Standard,Smart TV,7.33,34,5,0.5436931818181818,1.0187630298818622,0
52.0,Female,Canada,Standard,Smart TV,7.34,16,4,0.6568571428571428,0.4014585232452142,0
28.0,Female,Canada,Standard,Laptop,7.34,25,4,0.919015873015873,1.3103243082415945,0
17.0,Female,USA,Premium,Smart TV,7.34,25,4,1.0403333333333333,2.520892959358901,1
35.03946643148495,Male,USA,Premium+,Gaming Console,7.34,12,5,0.7843611111111111,1.5617021276595744,0
23.0,Male,Canada,Premium+,Mobile,7.35,19,4,0.5796666666666667,1.115890688259109,0
32.0,Male,USA,Standard,Gaming Console,7.35,8,5,0.32733333333333337,1.9705093833780163,0
18.0,Male,USA,Standard,Smart TV,7.35,7,5,0.7737692307692308,0.5483710519771201,0
21.0,Female,USA,Premium+,Desktop,7.35,25,5,1.248875,0.7882037533512064,0
62.0,Male,USA,Premium+,Gaming Console,7.36,10,5,0.8762000000000001,2.2473282442748093,1
22.0,Female,USA,Basic,Tablet,7.36,11,5,0.6674675324675324,0.8269662921348314,1
36.0,Male,Canada,Basic,Gaming Console,7.36,6,5,0.762,1.100149476831091,0
13.0,Female,Canada,Premium,Tablet,7.37,7,4,0.6873333333333332,1.1548707234264821,0
41.0,Female,USA,Basic,Desktop,7.37,1,5,0.8137142857142857,1.3732919254658387,1
41.0,Female,USA,Standard,Mobile,7.37,33,4,0.4774285714285714,1.0387596899224807,0
35.03946643148495,Female,USA,Premium,Smart TV,7.37,13,4,0.7334285714285713,0.39834249166741736,0
46.0,Male,Canada,Basic,Gaming Console,7.37,25,5,0.8267500000000001,0.5641025641025641,0
24.0,Female,USA,Standard,Tablet,7.37,24,5,0.9476666666666667,1.1444099378881987,0
19.0,Male,USA,Standard,Laptop,7.37,2,4,0.5938571428571429,2.4363636363636365,1
46.0,Prefer not to say,USA,Standard,Gaming Console,7.38,36,5,0.45457142857142857,0.6421113689095127,0
53.0,Male,Canada,Standard,Desktop,7.38,24,5,0.6088888888888888,0.9943858073209072,0
47.0,Male,Canada,Basic,Desktop,7.38,31,4,0.7603333333333333,1.2665903890160182,0
31.0,Female,USA,Standard,Gaming Console,7.38,4,5,0.6956904761904763,0.6228724152482769,0
51.0,Male,Canada,Standard,Laptop,7.38,7,5,1.1166363636363634,0.8875526157546602,1
46.0,Female,USA,Standard,Tablet,7.39,33,5,0.7630357142857143,0.7448345372081302,0
9.0,Male,USA,Standard,Tablet,7.39,33,5,0.6244347826086957,0.4352606262884067,0
24.0,Female,USA,Premium,Desktop,7.39,30,5,0.6060000000000001,1.075430511763279,0
55.0,Other,USA,Premium,Tablet,7.39,19,5,0.873102564102564,0.754466564573762,0
29.0,Prefer not to say,USA,Basic,Smart TV,7.39,30,4,0.7993809523809524,0.7175918433403463,0
56.0,Other,USA,Premium,Tablet,7.39,27,5,0.8243333333333334,2.577906976744186,0
55.0,Female,USA,Premium,Gaming Console,7.4,9,5,0.5372222222222223,0.7815525435662736,0
20.0,Female,USA,Premium,Mobile,7.4,25,5,0.7277142857142856,1.4750830564784052,0
30.0,Female,USA,Premium,Gaming Console,7.4,28,5,1.12175,1.2574341546304162,0
33.0,Female,Canada,Premium+,Laptop,7.4,17,5,0.6630128205128205,0.7645944549681418,0
51.0,Male,USA,Standard,Gaming Console,7.4,22,5,0.960875,2.6412849494348603,0
36.0,Female,USA,Premium,Desktop,7.41,25,4,0.865,2.749536178107607,1
42.0,Female,USA,Standard,Mobile,7.41,9,4,0.6861428571428572,1.5076297049847402,0
35.03946643148495,Male,USA,Premium,Gaming Console,7.41,24,4,0.5464685314685315,0.46613545816733065,0
26.0,Prefer not to say,USA,Basic,Gaming Console,7.41,5,5,0.5336571428571428,1.059075750357313,0
35.03946643148495,Male,USA,Basic,Desktop,7.41,6,5,1.1622,1.5458970792767732,0
39.0,Female,USA,Standard,Gaming Console,7.42,3,5,0.4494,0.7663969702186263,0
34.0,Prefer not to say,USA,Standard,Smart TV,7.42,28,5,0.9630303030303031,0.6042345276872964,1
35.03946643148495,Other,USA,Basic,Mobile,7.42,2,4,0.7896666666666666,1.8824524312896405,1
35.03946643148495,Other,USA,Standard,Mobile,7.42,16,5,0.6284444444444444,1.081107333657115,0
42.0,Male,USA,Premium,Gaming Console,7.42,15,5,0.9914454545454545,0.6159380188157167,0
16.0,Prefer not to say,USA,Premium,Desktop,7.42,17,5,0.6824117647058824,0.4553078339128656,0
35.0,Female,USA,Standard,Mobile,7.42,28,5,0.8189272727272727,1.120281831907398,0
45.0,Other,USA,Standard,Tablet,7.43,6,4,0.5195,3.5550239234449763,0
30.0,Male,USA,Standard,Desktop,7.43,25,5,0.43225,0.9886892880904856,0
35.03946643148495,Prefer not to say,USA,Standard,Mobile,7.43,6,4,0.7983750000000001,1.3456082100814972,1
24.0,Male,Canada,Standard,Desktop,7.43,2,5,0.8516999999999999,0.20532424465733237,0
39.0,Male,USA,Premium+,Tablet,7.44,7,5,0.8964000000000001,0.7453665052596428,0
35.03946643148495,Female,USA,Premium,Smart TV,7.44,25,4,0.5718,0.8196841718692619,0
9.0,Female,USA,Premium,Gaming Console,7.45,16,5,0.7647333333333333,1.4791528788881534,0
39.0,Male,USA,Premium+,Laptop,7.45,3,5,0.5427619047619048,0.5222572730459165,0
30.0,Male,Canada,Premium+,Smart TV,7.45,18,5,1.1237,0.7487437185929648,0
35.03946643148495,Male,USA,Basic,Tablet,7.45,34,4,0.8448571428571428,0.8619359814886232,0
44.0,Female,Canada,Premium,Laptop,7.45,35,4,0.7545,1.6772983114446531,0
33.0,Female,Canada,Premium,Smart TV,7.45,28,5,0.742,0.932415519399249,0
40.0,Prefer not to say,Canada,Premium+,Gaming Console,7.45,8,4,0.6632,1.1411794740873116,0
32.0,Other,USA,Standard,Desktop,7.45,15,5,0.9243846153846154,0.4013648199694712,0
10.0,Female,USA,Basic,Mobile,7.46,19,5,0.8908333333333334,0.591828639428798,1
35.03946643148495,Male,USA,Standard,Mobile,7.46,24,5,0.7250457516339869,0.30210583153347736,0
49.0,Male,USA,Premium,Gaming Console,7.46,2,5,0.9807000000000001,0.6631111111111111,0
19.0,Female,Canada,Basic,Smart TV,7.46,2,5,1.2204285714285714,1.0626780626780625,0
43.0,Female,Canada,Basic,Mobile,7.46,8,5,0.7564444444444445,0.7314920738682792,0
21.0,Male,Canada,Standard,Gaming Console,7.47,20,5,0.7900666666666667,0.4849599653754598,0
43.0,Female,Canada,Standard,Mobile,7.47,29,5,0.4948571428571429,0.5475201563645248,0
33.0,Female,Canada,Premium+,Gaming Console,7.47,22,4,0.3626090909090909,1.1653666146645865,0
50.0,Other,USA,Premium,Mobile,7.47,19,5,0.5982000000000001,0.8845470692717584,0
26.0,Male,USA,Basic,Gaming Console,7.48,1,4,0.6751,0.798718633208756,0
38.0,Female,USA,Standard,Laptop,7.48,8,5,0.7742828282828282,0.8972411035585764,0
56.0,Male,USA,Premium+,Gaming Console,7.49,20,4,0.8096000000000001,1.4280266920877023,0
44.0,Male,USA,Premium,Laptop,7.49,3,5,0.6198333333333333,0.6369950389794472,0
36.0,Female,USA,Standard,Gaming Console,7.49,9,5,0.861875,0.6771131535332228,0
25.0,Male,USA,Premium,Mobile,7.49,18,5,0.8979999999999999,0.35416502482465134,0
38.0,Female,Canada,Premium,Gaming Console,7.5,24,5,0.8428461538461538,0.4389387436597737,0
26.0,Male,USA,Premium+,Tablet,7.5,28,4,0.8666666666666666,1.7864231838030964,0
20.0,Male,USA,Basic,Mobile,7.5,7,5,0.7867058823529411,0.34522439585730724,0
47.0,Male,USA,Premium,Mobile,7.51,29,5,0.4666,0.6767798137578852,0
37.0,Female,USA,Standard,Smart TV,7.51,19,5,0.963625,0.8506701906739662,0
37.0,Female,USA,Standard,Laptop,7.52,2,5,0.8830153846153845,0.4873096446700507,0
37.0,Female,USA,Premium+,Laptop,7.52,17,4,0.6283636363636365,0.6423690205011389,0
40.0,Female,USA,Standard,Smart TV,7.52,25,5,0.7077090909090908,0.7315175097276263,0
30.0,Female,USA,Standard,Desktop,7.52,5,5,0.7141,1.142567738668017,0
35.03946643148495,Female,USA,Standard,Laptop,7.53,9,5,0.6093,0.944792973651192,0
42.0,Female,USA,Premium+,Tablet,7.53,6,5,0.5622222222222222,1.4645056726094003,0
45.0,Male,Canada,Standard,Gaming Console,7.53,19,5,0.376125,1.407476635514019,1
21.0,Male,Canada,Premium,Tablet,7.53,11,5,0.36125,0.3836291075825763,0
31.0,Prefer not to say,USA,Premium,Smart TV,7.53,1,5,0.5487272727272727,0.5150478796169631,0
26.0,Female,USA,Standard,Smart TV,7.54,8,4,0.7202222222222222,0.6748210023866348,0
42.0,Male,USA,Standard,Laptop,7.54,25,5,0.6377142857142857,1.3216476774758983,0
37.0,Female,Canada,Premium,Tablet,7.54,6,5,0.9305555555555556,1.04,1
40.0,Female,USA,Standard,Laptop,7.54,6,5,1.0846,0.7945205479452054,0
38.0,Other,USA,Premium,Mobile,7.54,29,4,0.5823333333333334,2.683274021352313,0
35.03946643148495,Male,USA,Premium,Tablet,7.55,27,5,0.702,0.7215673781459062,0
14.0,Male,USA,Standard,Smart TV,7.55,29,4,0.6533749999999999,0.6724061154816684,0
35.03946643148495,Female,USA,Standard,Tablet,7.55,1,5,0.8537777777777777,2.1862934362934365,0
15.0,Female,USA,Standard,Tablet,7.55,16,5,0.659,5.770700636942675,0
29.0,Male,USA,Premium,Gaming Console,7.55,24,4,0.7295357142857143,0.5708165322580645,0
25.0,Male,Canada,Standard,Laptop,7.55,16,4,1.0908333333333333,1.0754985754985753,0
55.0,Female,USA,Premium,Mobile,7.55,1,5,0.7777181818181818,0.7311168495803745,0
47.0,Male,USA,Premium,Laptop,7.55,25,5,0.9077832167832168,0.8820093457943925,0
20.0,Female,USA,Premium,Laptop,7.56,11,5,0.3644545454545455,0.6580589003336718,0
35.03946643148495,Male,USA,Premium,Mobile,7.56,22,4,0.9912857142857141,0.7981699806440259,0
21.0,Female,USA,Standard,Mobile,7.56,17,5,0.6145757575757576,0.6836473247927656,1
35.03946643148495,Prefer not to say,USA,Premium,Gaming Console,7.56,31,5,0.7173076923076923,0.8906342038091496,0
41.0,Female,USA,Basic,Smart TV,7.56,32,5,0.7101111111111111,0.8475336322869955,1
57.0,Female,USA,Premium+,Desktop,7.56,18,5,0.5864333333333334,0.8561721404303508,0
36.0,Female,USA,Premium+,Tablet,7.57,35,5,0.30083333333333334,1.1372058087130696,0
33.0,Male,USA,Basic,Smart TV,7.58,17,5,0.6021538461538462,0.8958046090210753,1
48.0,Female,Canada,Premium,Desktop,7.58,27,5,0.6469047619047619,0.850411368735976,0
35.03946643148495,Male,USA,Standard,Gaming Console,7.58,29,5,0.5688205128205128,0.5088956025511916,0
37.0,Female,Canada,Standard,Desktop,7.59,29,5,0.907125,1.3581866984789739,0
21.0,Female,USA,Premium,Laptop,7.59,27,5,0.8243333333333334,1.1145374449339207,0
26.0,Male,Canada,Standard,Laptop,7.59,33,5,0.5301071428571429,0.698787785791008,0
31.0,Prefer not to say,USA,Premium,Gaming Console,7.59,33,5,0.8641000000000001,1.4235698655829945,0
40.0,Female,USA,Standard,Desktop,7.6,12,4,0.7358333333333332,1.049240681086056,0
29.0,Other,Canada,Premium+,Mobile,7.6,23,5,0.724,1.005069429138197,0
42.0,Male,USA,Standard,Mobile,7.6,30,5,0.728,0.8610271903323263,0
48.0,Female,USA,Basic,Smart TV,7.6,32,5,1.0406857142857144,1.8116805721096545,0
24.0,Male,Canada,Standard,Gaming Console,7.61,13,5,0.6657205882352941,0.5921410971339645,1
48.0,Other,Canada,Standard,Smart TV,7.61,36,5,0.4908666666666667,1.9088628762541808,0
22.0,Male,USA,Premium,Laptop,7.61,13,5,0.9608272727272728,0.7246468814473893,0
21.0,Female,USA,Premium,Desktop,7.61,14,5,0.7660833333333332,0.8324521422060164,0
35.03946643148495,Male,USA,Premium,Desktop,7.61,11,4,0.8864545454545455,1.0436571428571428,0
52.0,Female,USA,Premium,Tablet,7.62,11,5,0.4372333333333333,0.5489913544668588,0
32.0,Female,USA,Standard,Gaming Console,7.62,3,4,0.855375,3.6142292490118577,0
27.0,Female,USA,Premium,Tablet,7.62,7,4,0.82,0.8267631103074141,0
29.0,Male,USA,Premium+,Tablet,7.62,29,4,0.696509090909091,0.6498933901918977,0
25.0,Male,USA,Basic,Laptop,7.62,33,5,0.8092,0.5756011582525493,0
54.0,Female,USA,Basic,Smart TV,7.62,8,5,0.8703333333333333,0.664148750726322,0
27.0,Male,USA,Premium,Tablet,7.63,20,5,0.7391515151515151,1.1978021978021978,1
34.0,Male,USA,Standard,Smart TV,7.63,29,4,0.6022727272727273,0.36027386479892975,0
31.0,Female,USA,Premium,Tablet,7.63,16,5,0.5641666666666666,1.476297968397291,0
36.0,Male,USA,Standard,Mobile,7.64,2,5,0.8328888888888889,1.0361663652802893,0
10.0,Female,USA,Standard,Desktop,7.64,17,5,0.8929090909090909,1.066046511627907,1
34.0,Female,Canada,Premium,Tablet,7.64,33,5,0.8078472222222222,1.051858650757228,0
15.0,Female,Canada,Standard,Tablet,7.64,26,4,0.7008666666666666,1.3229437229437229,0
49.0,Female,Canada,Premium,Tablet,7.64,22,5,0.8204242424242423,0.3561771561771562,0
32.0,Male,USA,Standard,Smart TV,7.64,26,5,0.9301428571428572,1.366726296958855,0
40.0,Female,USA,Standard,Tablet,7.65,29,5,0.623375,1.0382266455553042,0
29.0,Female,USA,Basic,Mobile,7.65,6,5,0.7598181818181817,0.7212445003142679,1
41.0,Prefer not to say,USA,Basic,Laptop,7.65,18,5,0.7398241758241759,0.5301455301455301,0
34.0,Male,USA,Premium+,Desktop,7.65,13,5,0.9118194444444445,0.7549342105263158,0
20.0,Prefer not to say,USA,Premium,Mobile,7.65,16,5,0.8001,0.3350120429165755,0
29.0,Female,Canada,Premium+,Tablet,7.66,12,5,0.7212727272727273,0.5646191646191646,0
43.0,Female,Canada,Standard,Laptop,7.66,25,4,1.0013666666666667,0.6847437425506555,0
23.0,Female,USA,Basic,Desktop,7.66,22,5,0.3225,1.0906502135738014,0
21.0,Female,USA,Premium+,Mobile,7.66,8,5,0.6790303030303031,0.8070237050043897,0
35.0,Prefer not to say,USA,Premium,Desktop,7.67,34,5,0.7175384615384616,1.1922279792746113,0
35.03946643148495,Female,USA,Standard,Gaming Console,7.67,10,5,0.7602222222222221,0.46163105627445084,0
53.0,Male,USA,Premium,Laptop,7.67,24,4,0.5076666666666667,1.0526075022872827,0
46.0,Female,USA,Basic,Gaming Console,7.67,4,5,0.42583333333333334,1.402193784277879,1
55.0,Male,USA,Basic,Tablet,7.67,12,5,0.735,0.7966072355894063,0
35.03946643148495,Male,Canada,Premium,Mobile,7.67,2,4,0.5992,3.7876543209876545,0
48.0,Female,Canada,Premium,Gaming Console,7.67,34,5,0.8956923076923076,0.9993485342019545,0
55.0,Female,USA,Standard,Gaming Console,7.67,21,5,0.8845244755244756,0.6632079550367488,0
52.0,Female,Canada,Premium,Desktop,7.68,34,5,0.5676333333333334,0.6168674698795181,0
42.0,Male,USA,Standard,Tablet,7.68,33,5,0.7457142857142858,0.9425240335446922,0
22.0,Male,Canada,Standard,Laptop,7.68,27,5,0.7033846153846154,0.5541791942273001,0
56.0,Female,USA,Premium,Smart TV,7.68,30,5,0.6764545454545455,0.6933493830875714,0
37.0,Female,USA,Standard,Gaming Console,7.68,10,5,0.727079365079365,1.890849405006155,0
45.0,Male,USA,Standard,Laptop,7.69,11,5,0.7322083333333333,0.7803145611364789,0
14.0,Other,USA,Premium,Laptop,7.69,34,5,0.9,1.6609071274298055,0
26.0,Female,USA,Premium,Tablet,7.69,29,4,0.8734999999999999,0.8324012267725057,0
33.0,Male,USA,Premium,Tablet,7.7,31,5,0.5887142857142857,1.32,0
35.03946643148495,Male,USA,Standard,Gaming Console,7.7,12,4,0.8888333333333334,1.3936651583710407,0
35.03946643148495,Male,USA,Basic,Desktop,7.7,10,5,0.6131249999999999,2.0026007802340704,0
51.0,Other,USA,Premium,Laptop,7.7,12,5,0.6602857142857143,1.4578731461028716,0
30.0,Male,USA,Premium,Desktop,7.71,2,5,0.575076923076923,0.6793949184902336,0
51.0,Female,Canada,Premium+,Laptop,7.71,27,5,0.5630000000000001,1.1209110734189482,0
40.0,Male,USA,Premium+,Gaming Console,7.71,17,5,0.766948717948718,0.681095406360424,1
30.0,Male,Canada,Standard,Smart TV,7.72,11,5,0.7194848484848484,0.9910141206675224,0
30.0,Male,USA,Premium+,Gaming Console,7.72,2,5,0.5426904761904762,1.0362416107382548,0
45.0,Female,Canada,Premium+,Laptop,7.73,5,5,0.6332222222222222,0.46218236173393124,0
35.03946643148495,Prefer not to say,USA,Standard,Tablet,7.73,27,5,0.7787205882352941,0.28610202948615143,0
16.0,Female,USA,Basic,Desktop,7.73,16,5,0.6373030303030304,0.7269592476489029,0
45.0,Female,Canada,Premium+,Laptop,7.73,5,5,0.6332222222222222,0.46218236173393124,0
44.0,Male,USA,Premium+,Laptop,7.74,16,5,0.6990000000000001,0.5007547983610092,0
17.0,Other,USA,Basic,Gaming Console,7.74,19,4,0.492125,0.7098746560684805,0
18.0,Female,USA,Premium+,Gaming Console,7.74,21,5,0.8975113636363636,0.5024886388227656,0
19.0,Male,USA,Premium,Laptop,7.74,18,5,0.9453333333333334,0.8735891647855529,0
23.0,Other,USA,Basic,Tablet,7.74,14,4,0.7477777777777779,1.1475166790214975,0
36.0,Female,Canada,Premium+,Tablet,7.74,28,5,0.5475952380952381,0.6196957566052842,0
44.0,Female,USA,Standard,Laptop,7.74,5,5,0.8083426573426573,0.45338279800839604,1
58.0,Male,USA,Basic,Smart TV,7.74,2,5,0.8135833333333333,0.9417967957817887,0
40.0,Female,USA,Standard,Gaming Console,7.75,29,5,0.781051282051282,0.36843356310910386,0
36.0,Male,Canada,Standard,Smart TV,7.76,16,5,1.154030303030303,0.7919714237115155,0
35.03946643148495,Female,USA,Premium,Smart TV,7.77,10,4,0.6456666666666666,4.053913043478261,0
42.0,Male,USA,Standard,Tablet,7.77,16,5,1.0590714285714287,0.6984269662921347,0
39.0,Male,USA,Standard,Desktop,7.77,4,5,0.6877564102564102,0.8753285767930904,0
30.0,Female,USA,Premium,Mobile,7.77,1,5,0.7565454545454545,1.0034438226431337,0
36.0,Male,USA,Basic,Tablet,7.78,31,5,0.6632666666666667,0.6349292709466812,0
28.0,Male,Canada,Standard,Tablet,7.78,3,4,0.6612857142857143,0.7037539574853007,0
36.0,Female,Canada,Basic,Smart TV,7.78,14,5,1.0427777777777778,1.0366422385076617,0
47.0,Male,USA,Premium,Laptop,7.78,12,5,0.6907692307692308,0.5106103697221615,0
45.0,Male,Canada,Standard,Mobile,7.78,22,5,0.62575,0.6784883720930233,0
30.0,Female,USA,Premium,Mobile,7.78,29,5,0.5116666666666667,0.8273661822048919,0
36.0,Male,USA,Basic,Tablet,7.78,31,5,0.6632666666666667,0.6349292709466812,0
52.0,Prefer not to say,USA,Premium,Laptop,7.79,29,4,0.49872222222222223,1.1523668639053253,1
19.0,Male,USA,Standard,Smart TV,7.79,35,5,0.8008333333333333,0.8002054442732408,0
36.0,Male,USA,Standard,Mobile,7.8,10,5,0.8654166666666666,0.3878667329686723,0
40.0,Male,USA,Premium,Tablet,7.8,18,5,0.7288472222222222,0.9261824658618641,0
56.0,Male,USA,Premium+,Desktop,7.8,3,5,0.7858461538461539,0.5770653514180024,0
54.0,Male,USA,Premium,Laptop,7.8,2,5,0.8305757575757575,0.9154929577464787,0
65.0,Female,USA,Standard,Laptop,7.8,20,5,0.78,0.8523037698051356,1
41.0,Male,USA,Premium,Gaming Console,7.8,14,4,0.7359393939393939,0.7488,1
24.0,Female,USA,Standard,Mobile,7.8,27,4,0.6728461538461539,1.085343228200371,1
38.0,Male,Canada,Basic,Desktop,7.8,33,4,0.6945714285714286,1.061465184849172,0
23.0,Male,Canada,Premium,Smart TV,7.81,31,4,0.5312857142857143,2.2442528735632186,0
35.03946643148495,Female,USA,Premium,Mobile,7.81,6,5,0.6318049535603716,0.46691909127142284,0
19.0,Female,USA,Standard,Desktop,7.81,26,5,0.6969705882352941,0.398097018095319,0
44.0,Male,USA,Premium,Smart TV,7.81,35,3,0.618,2.453403141361257,0
28.0,Male,Canada,Premium,Desktop,7.81,12,5,0.795375,1.2479360852197068,1
39.0,Female,USA,Basic,Smart TV,7.82,24,5,0.518,0.6919333431647249,0
51.0,Male,USA,Premium,Smart TV,7.82,36,5,0.6719285714285714,0.5016035920461834,0
32.0,Female,Canada,Standard,Tablet,7.82,3,5,0.5828181818181818,0.9075435203094777,1
32.0,Female,USA,Premium+,Gaming Console,7.82,4,5,0.9778888888888888,1.4607721046077211,0
25.0,Male,USA,Standard,Desktop,7.82,30,5,0.8806428571428571,0.6100637108308412,0
30.0,Other,Canada,Premium,Desktop,7.82,25,5,0.968,1.101149964796996,1
36.0,Prefer not to say,USA,Standard,Gaming Console,7.82,33,5,0.8948333333333334,1.448595245446125,0
41.0,Female,USA,Premium,Gaming Console,7.83,25,5,0.7548571428571428,0.4320794628897269,0
53.0,Female,USA,Premium,Tablet,7.83,29,5,0.5761978021978021,0.5916876574307305,1
35.03946643148495,Female,USA,Standard,Mobile,7.83,18,5,0.639809090909091,0.616859243697479,0
23.0,Other,USA,Premium,Gaming Console,7.84,15,4,0.5873333333333333,1.945409429280397,0
35.03946643148495,Prefer not to say,USA,Premium,Laptop,7.84,1,5,0.7188484848484848,0.6644067796610169,0
31.0,Female,USA,Basic,Desktop,7.84,27,5,0.5948,1.864447086801427,0
43.0,Female,USA,Standard,Gaming Console,7.84,6,4,0.7924285714285714,1.0111779879621667,0
39.0,Other,USA,Premium+,Laptop,7.85,25,5,0.7240128205128206,0.7233911841499001,0
35.0,Female,USA,Standard,Smart TV,7.86,35,5,0.7474999999999999,0.4311574328030719,0
53.0,Female,USA,Premium+,Mobile,7.86,32,5,0.9614545454545455,0.5453283996299723,0
40.0,Female,USA,Premium+,Desktop,7.86,10,4,0.822875,0.7291280148423005,0
27.0,Female,Canada,Premium,Smart TV,7.87,33,5,0.6053333333333333,1.3978685612788633,1
35.03946643148495,Female,Canada,Premium,Mobile,7.87,29,5,0.6299642857142858,0.6907548273844353,0
41.0,Male,USA,Premium+,Smart TV,7.87,14,5,0.8447142857142856,1.493358633776091,0
22.0,Female,USA,Standard,Smart TV,7.87,10,5,1.0771538461538461,0.6683651804670913,0
27.0,Female,Canada,Standard,Tablet,7.88,6,5,0.6171428571428572,1.216988416988417,0
55.0,Female,USA,Basic,Smart TV,7.88,18,5,0.6739292929292929,0.7478645998101866,0
45.0,Female,USA,Standard,Mobile,7.88,17,4,0.9390000000000001,1.0846524432209221,1
49.0,Other,USA,Standard,Tablet,7.88,23,5,0.5957979797979798,0.6681741096664783,0
40.0,Female,Canada,Standard,Smart TV,7.88,32,5,0.3317272727272727,0.4635748602804197,0
42.0,Female,USA,Premium+,Desktop,7.89,16,4,0.6889000000000001,0.9507933319943763,0
26.0,Female,Canada,Basic,Laptop,7.89,12,5,0.7222666666666666,0.3133646653869067,0
35.03946643148495,Male,USA,Premium,Tablet,7.89,21,5,0.5825054945054944,0.5817154091914475,0
21.0,Male,Canada,Premium+,Smart TV,7.89,9,5,0.6551730769230768,0.746569941649582,0
33.0,Other,Canada,Premium,Laptop,7.9,22,5,0.8826363636363637,0.6732954545454546,0
35.03946643148495,Male,USA,Premium,Mobile,7.9,23,5,0.6016666666666667,0.7805038695866952,1
19.0,Male,USA,Premium,Desktop,7.9,22,5,0.5671904761904762,0.5555555555555556,0
56.0,Female,Canada,Premium,Tablet,7.9,5,5,0.6404545454545455,1.0200129115558423,0
48.0,Male,USA,Premium,Desktop,7.9,30,5,0.8225272727272727,0.5217391304347826,0
35.03946643148495,Other,USA,Premium,Gaming Console,7.91,35,5,0.7028,0.7680854507201812,1
53.0,Female,USA,Standard,Laptop,7.91,33,5,0.5995555555555556,0.9105909439754413,0
35.03946643148495,Female,USA,Standard,Smart TV,7.91,12,4,0.8849803921568626,0.5158134985327681,0
38.0,Male,Canada,Basic,Laptop,7.91,7,5,0.8053333333333335,0.8453865336658355,0
28.0,Female,USA,Premium,Tablet,7.91,20,4,0.485,1.9514802631578951,0
35.03946643148495,Female,USA,Standard,Smart TV,7.91,12,4,0.8849803921568626,0.5158134985327681,0
55.0,Female,USA,Standard,Tablet,7.92,25,5,0.5968571428571428,1.6905016008537885,0
43.0,Prefer not to say,USA,Standard,Desktop,7.92,22,4,1.0346666666666666,3.189261744966443,0
32.0,Female,USA,Standard,Desktop,7.92,26,5,0.6748333333333333,0.5402455661664393,0
31.0,Male,Canada,Premium,Laptop,7.92,28,5,0.7424285714285714,2.032506415739949,0
17.0,Male,USA,Standard,Gaming Console,7.92,11,5,0.8430833333333334,1.1199622908319584,1
25.0,Female,USA,Premium+,Laptop,7.92,34,4,0.62,1.3255230125523014,1
29.0,Female,USA,Premium,Tablet,7.92,23,5,0.9415,1.5004736343542782,0
55.0,Female,USA,Standard,Tablet,7.92,25,5,0.5968571428571428,1.6905016008537885,0
31.0,Female,USA,Standard,Tablet,7.93,1,5,0.5488181818181818,0.4432231020027946,0
35.0,Male,USA,Basic,Desktop,7.93,12,5,0.415,1.5939698492462313,0
38.0,Male,USA,Basic,Gaming Console,7.93,6,5,0.6504615384615384,0.5545454545454545,0
39.0,Female,USA,Premium,Laptop,7.93,22,5,1.061916083916084,0.7510655090765588,1
23.0,Male,USA,Standard,Laptop,7.94,30,5,0.6290461538461538,0.3976295801686004,0
27.0,Male,Canada,Standard,Tablet,7.95,27,5,0.6620238095238096,0.5177466623249756,0
44.0,Female,USA,Basic,Tablet,7.96,30,4,0.6486153846153846,0.6134874759152215,0
50.0,Other,USA,Standard,Desktop,7.97,28,5,0.7226363636363635,0.7135183527305282,1
35.03946643148495,Male,USA,Standard,Mobile,7.97,25,5,0.4362222222222223,1.247261345852895,0
47.0,Female,USA,Standard,Desktop,7.97,23,5,0.8916944444444443,1.5591783501793282,0
30.0,Other,Canada,Premium+,Desktop,7.98,28,4,0.8944285714285715,2.2606232294617565,0
35.03946643148495,Female,USA,Basic,Smart TV,7.98,32,5,0.7182941176470589,0.5490825688073395,1
33.0,Female,Canada,Basic,Smart TV,7.98,1,5,0.6768000000000001,1.592814371257485,0
26.0,Male,USA,Standard,Smart TV,7.98,4,5,0.8272222222222222,0.5164491424873261,0
38.0,Female,USA,Basic,Mobile,7.98,31,5,0.692,2.635112823335168,0
39.0,Male,Canada,Standard,Mobile,7.99,21,5,0.4809230769230769,0.4540202670707454,1
52.0,Male,USA,Standard,Mobile,7.99,2,4,0.595,0.9450029568302779,1
49.0,Female,USA,Premium,Desktop,7.99,3,5,0.7420833333333333,0.8284085018144115,1
35.03946643148495,Female,USA,Standard,Mobile,8.0,28,4,0.564125,1.343408900083963,0
14.0,Female,USA,Standard,Mobile,8.0,7,5,0.39954545454545454,0.7312614259597806,0
29.0,Male,USA,Standard,Mobile,8.0,17,5,0.5262307692307693,0.7434944237918216,1
48.0,Male,Canada,Standard,Laptop,8.0,25,5,0.8942380952380952,0.5320917858330562,0
37.0,Female,USA,Premium+,Laptop,8.0,9,5,1.1451111111111112,4.351767905711696,0
35.03946643148495,Prefer not to say,Canada,Premium,Desktop,8.0,23,5,0.4640833333333333,1.043024771838331,1
38.0,Male,USA,Premium,Laptop,8.01,5,5,0.9432142857142858,0.6565573770491804,0
35.03946643148495,Prefer not to say,USA,Premium,Laptop,8.01,23,5,0.47384615384615386,0.6797736916548798,0
39.0,Other,Canada,Basic,Gaming Console,8.02,33,5,0.9188,0.9828431372549019,0
41.0,Male,Canada,Premium,Mobile,8.02,23,5,0.320625,0.9378288832586239,0
35.03946643148495,Female,USA,Standard,Gaming Console,8.02,20,5,0.6432727272727273,1.0688582852065747,0
46.0,Male,USA,Standard,Mobile,8.03,36,5,0.5799166666666666,0.9979287489643741,0
43.0,Male,Canada,Premium+,Desktop,8.03,16,5,0.655447963800905,0.5660244360902255,0
57.0,Male,USA,Standard,Laptop,8.04,1,5,0.5312380952380953,0.5444080803521046,1
49.0,Male,USA,Premium,Laptop,8.04,16,5,0.8416363636363635,0.858210282867817,0
32.0,Female,USA,Standard,Desktop,8.04,36,5,0.48816666666666664,0.9981378026070763,0
49.0,Female,USA,Standard,Smart TV,8.05,21,5,0.45349999999999996,1.2976894142933906,0
34.0,Male,Canada,Premium,Mobile,8.05,30,5,0.5430238095238096,1.1123906034085675,1
7.0,Female,USA,Premium,Tablet,8.06,14,5,0.8795,0.7203932667957694,0
36.0,Female,USA,Premium+,Laptop,8.06,24,5,0.5169999999999999,1.7142857142857142,1
35.03946643148495,Prefer not to say,USA,Premium+,Laptop,8.06,10,4,0.6529166666666666,0.588822598319737,0
13.0,Female,Canada,Standard,Desktop,8.06,19,5,0.5793333333333333,0.7273274176567905,0
42.0,Male,USA,Basic,Smart TV,8.06,34,4,1.0224285714285715,0.6379105658884052,0
22.0,Other,Canada,Basic,Tablet,8.06,14,5,0.5463535353535354,0.7061915887850467,1
7.0,Male,Canada,Premium,Smart TV,8.07,31,5,0.5507222222222222,0.6585963003264418,0
40.0,Female,USA,Basic,Gaming Console,8.07,35,5,0.9150833333333332,0.4931757995518436,0
57.0,Male,Canada,Standard,Desktop,8.07,3,5,0.5350897435897435,0.5637443241355222,0
35.03946643148495,Male,USA,Premium,Tablet,8.07,22,5,0.5002222222222222,0.6140773620798985,1
45.0,Female,USA,Standard,Laptop,8.07,14,5,0.6892999999999999,0.37543614794138175,0
31.0,Female,Canada,Premium,Desktop,8.08,9,4,0.7426060606060606,0.7086683233445402,0
47.0,Other,USA,Premium,Gaming Console,8.08,22,5,0.8311875,0.4444851929953242,1
26.0,Female,USA,Standard,Smart TV,8.08,31,5,1.2059,0.9948696901292838,0
32.0,Female,Canada,Standard,Smart TV,8.09,12,4,0.8525555555555555,0.5247000324289266,0
31.0,Male,USA,Basic,Gaming Console,8.09,11,4,0.7748888888888888,1.2086653386454183,0
47.0,Male,USA,Standard,Tablet,8.09,6,5,0.645,0.44630378815741084,0
54.0,Male,USA,Standard,Smart TV,8.09,26,5,0.7167000000000001,0.5640906449738524,0
35.03946643148495,Female,Canada,Premium,Smart TV,8.09,26,5,0.6289090909090909,1.0186778593913957,1
31.0,Male,Canada,Premium,Tablet,8.09,21,5,1.0516363636363635,0.9956923076923077,0
31.0,Male,USA,Basic,Gaming Console,8.09,11,4,0.7748888888888888,1.2086653386454183,0
33.0,Female,USA,Standard,Mobile,8.1,32,4,0.5731666666666666,1.2749213011542495,0
35.03946643148495,Male,USA,Premium,Mobile,8.1,2,5,0.41333333333333333,1.385009974351667,0
8.0,Male,USA,Premium,Tablet,8.1,30,5,0.48275,0.8970099667774085,1
48.0,Male,USA,Basic,Mobile,8.1,31,5,0.6823999999999999,1.4537840263236612,0
48.0,Female,Canada,Premium,Gaming Console,8.1,4,5,0.88625,2.6806398234969664,0
35.03946643148495,Other,Canada,Premium+,Mobile,8.1,27,5,0.5631515151515151,1.0049627791563274,0
48.0,Female,Canada,Premium,Gaming Console,8.1,4,5,0.88625,2.6806398234969664,0
40.0,Male,USA,Premium+,Smart TV,8.11,21,4,0.6172,2.2717086834733893,0
43.0,Female,Canada,Premium,Smart TV,8.11,14,5,1.0344444444444445,0.613309805898664,1
47.0,Male,USA,Premium,Tablet,8.11,26,5,0.46825,2.4053386060306474,0
24.0,Male,USA,Basic,Mobile,8.12,33,5,0.8327777777777777,0.7335140018066847,0
14.0,Female,USA,Premium+,Smart TV,8.12,17,5,0.5922,0.3825977697502748,1
23.0,Female,Canada,Standard,Tablet,8.12,30,5,0.8314999999999999,1.205940594059406,0
27.0,Female,USA,Premium+,Mobile,8.12,13,4,0.9831666666666667,0.6579338284942605,0
29.0,Male,USA,Premium,Tablet,8.12,12,5,0.5988333333333333,1.0388059701492536,0
38.0,Female,Canada,Premium,Laptop,8.12,25,5,0.8768571428571429,1.5466666666666664,1
36.0,Prefer not to say,USA,Premium,Smart TV,8.12,2,4,0.8852222222222221,0.6563384076518927,0
57.0,Prefer not to say,USA,Standard,Tablet,8.12,33,5,0.6065,0.6572237960339943,1
40.0,Female,Canada,Premium,Tablet,8.13,13,5,0.8714505494505493,0.5980872976949485,0
36.0,Female,USA,Premium,Laptop,8.13,19,5,0.490625,0.7289300657501494,0
45.0,Prefer not to say,Canada,Premium,Tablet,8.13,8,5,0.687857142857143,0.8968560397131827,0
21.0,Prefer not to say,USA,Premium,Mobile,8.13,16,5,0.6874583333333333,1.2128294380905023,0
29.0,Male,USA,Premium,Tablet,8.13,13,5,0.8298888888888889,0.5221579961464355,0
38.0,Male,Canada,Premium+,Gaming Console,8.14,16,5,0.8215714285714285,0.5250483766931843,0
43.0,Female,Canada,Premium,Desktop,8.15,25,5,0.7674285714285715,1.531475101785155,0
27.0,Female,USA,Premium,Gaming Console,8.15,20,5,0.9792083333333335,1.3180592991913747,0
44.0,Female,Canada,Basic,Mobile,8.15,1,5,0.4077777777777778,1.0364561254768971,0
35.03946643148495,Male,USA,Standard,Desktop,8.15,21,5,0.6061111111111112,1.912397340633555,0
25.0,Female,Canada,Premium,Laptop,8.15,16,4,0.298,1.166229430002385,0
20.0,Female,Canada,Standard,Gaming Console,8.15,9,5,0.6941904761904762,1.6844643472270064,0
17.0,Male,Canada,Standard,Laptop,8.16,3,5,0.8001309523809523,0.7286798630748624,0
19.0,Male,USA,Basic,Laptop,8.16,7,5,1.07525,1.0281394372112558,0
50.0,Male,USA,Premium,Smart TV,8.16,9,5,0.8767777777777778,0.6861948142957253,0
35.03946643148495,Other,USA,Premium+,Gaming Console,8.16,10,5,0.7251328671328671,0.7799904412936115,0
35.0,Female,Canada,Premium,Tablet,8.16,13,4,0.7123333333333333,5.026694045174538,0
55.0,Female,USA,Standard,Gaming Console,8.16,17,5,0.7976666666666666,1.64240187856424,0
56.0,Male,Canada,Standard,Laptop,8.16,1,4,0.9758333333333333,2.9547374773687394,0
35.03946643148495,Male,USA,Premium,Desktop,8.16,7,5,0.33075000000000004,3.290322580645162,0
38.0,Other,USA,Premium,Smart TV,8.16,26,5,0.7207142857142856,1.2258387581372057,0
18.0,Male,Canada,Basic,Gaming Console,8.17,14,5,0.6822476780185758,0.5797752808988764,0
33.0,Male,Canada,Basic,Mobile,8.17,24,4,0.9259423076923077,0.6434759779469676,1
26.0,Female,USA,Standard,Mobile,8.18,5,4,0.45755555555555555,1.1311362064991932,1
35.03946643148495,Male,Canada,Premium,Smart TV,8.18,22,5,0.6915666666666667,0.5518326961996852,0
37.0,Male,USA,Premium,Gaming Console,8.18,30,5,0.6111249999999999,0.8369713506139154,0
38.0,Male,Canada,Premium+,Smart TV,8.18,11,5,0.933945054945055,0.6351753591303222,0
35.03946643148495,Female,USA,Premium+,Laptop,8.18,12,4,0.5938000000000001,0.6527463758478521,0
43.0,Female,USA,Premium,Smart TV,8.19,4,5,0.7399090909090908,0.7786404690223419,0
21.0,Male,Canada,Premium,Tablet,8.19,16,4,0.724,0.8559484410381466,0
23.0,Male,USA,Premium,Laptop,8.19,9,5,0.6021699346405228,0.46301705455573355,0
19.0,Male,USA,Standard,Desktop,8.19,32,5,0.3851428571428572,0.9093264248704663,0
46.0,Female,USA,Premium,Tablet,8.2,4,5,0.911,0.6711226299277042,0
56.0,Male,USA,Premium+,Desktop,8.2,2,5,0.6907272727272727,0.7206679361359307,0
33.0,Prefer not to say,USA,Basic,Gaming Console,8.2,36,4,0.6623749999999999,0.9959514170040485,0
35.03946643148495,Female,USA,Basic,Smart TV,8.2,5,5,0.8828888888888888,0.597377367654201,0
32.0,Female,USA,Premium,Gaming Console,8.2,3,5,0.6651871345029239,0.4692417739628039,0
43.0,Prefer not to say,USA,Basic,Laptop,8.2,28,5,0.6639285714285714,0.7605503168959653,0
33.0,Female,USA,Premium,Desktop,8.2,3,4,0.7679370629370629,0.7607855265192515,0
56.0,Male,USA,Premium,Laptop,8.21,13,4,0.4946666666666667,0.5215457914240339,0
35.03946643148495,Male,USA,Standard,Laptop,8.21,29,5,0.5956666666666668,0.7375355592154516,0
56.0,Male,USA,Premium,Laptop,8.21,13,4,0.4946666666666667,0.5215457914240339,0
29.0,Female,USA,Basic,Laptop,8.22,4,5,0.5749696969696969,0.6270022883295194,1
35.03946643148495,Female,Canada,Standard,Gaming Console,8.22,26,3,0.8247142857142857,0.8569939183318853,1
38.0,Female,Canada,Basic,Gaming Console,8.22,2,5,0.7136666666666667,0.9559992246559412,1
22.0,Male,USA,Standard,Tablet,8.22,9,5,0.7782626262626262,0.4942378995891372,0
39.0,Female,USA,Premium,Tablet,8.22,29,5,0.6653809523809524,1.506414172266341,0
39.0,Female,USA,Premium,Tablet,8.22,29,5,0.6653809523809524,1.506414172266341,0
29.0,Male,Canada,Premium,Gaming Console,8.23,17,5,0.714,0.7831879460745441,0
48.0,Female,Canada,Standard,Gaming Console,8.23,12,5,0.7274666666666666,1.5538074260541221,0
20.0,Female,Canada,Basic,Desktop,8.24,15,5,0.5980000000000001,0.9786223277909739,0
24.0,Male,Canada,Standard,Tablet,8.24,4,4,0.8018363636363637,0.5058835567379515,0
46.0,Male,USA,Standard,Mobile,8.24,23,5,0.6656794871794872,0.7429000751314802,0
35.03946643148495,Female,Canada,Premium,Desktop,8.24,33,4,0.9250833333333333,0.8660010509721494,0
41.0,Male,USA,Standard,Laptop,8.25,21,4,0.6156461538461538,0.4676428908833255,0
22.0,Female,Canada,Standard,Desktop,8.25,12,4,0.5985555555555555,0.3613138686131387,0
38.0,Female,USA,Standard,Desktop,8.25,22,5,0.6279571428571429,0.7935235652452708,0
101.0,Female,Canada,Basic,Desktop,8.26,36,4,0.7855714285714285,1.9871692060946269,0
15.0,Female,USA,Premium+,Tablet,8.26,1,5,0.7099230769230769,0.8745367919534145,0
27.0,Male,Canada,Premium+,Desktop,8.26,10,5,1.0347499999999998,1.573333333333333,1
44.0,Female,Canada,Standard,Gaming Console,8.26,7,5,0.699875,1.2665474060822899,0
33.0,Female,USA,Basic,Tablet,8.26,7,4,1.0622727272727273,1.1179787953981501,0
35.0,Male,USA,Basic,Tablet,8.26,6,5,0.710875,1.1913461538461536,0
47.0,Female,Canada,Standard,Gaming Console,8.26,7,4,0.6655,2.8797210923881464,0
27.0,Male,Canada,Premium+,Desktop,8.26,10,5,1.0347499999999998,1.573333333333333,1
34.0,Female,USA,Basic,Desktop,8.27,29,5,0.9608363636363637,0.5021250758955677,0
25.0,Other,Canada,Premium,Smart TV,8.27,29,5,0.9387676767676767,0.9054744525547446,1
33.0,Male,USA,Premium,Gaming Console,8.27,18,5,0.4192857142857143,0.9816023738872403,0
35.0,Male,USA,Basic,Tablet,8.28,9,4,0.9411111111111112,1.4534815681685194,1
33.0,Male,USA,Premium,Tablet,8.28,36,5,0.7556923076923078,0.6221665623043205,0
31.0,Female,USA,Basic,Gaming Console,8.28,31,3,0.5337999999999999,1.338362068965517,0
46.0,Male,USA,Premium,Gaming Console,8.28,31,5,0.679875,1.2860471136422469,0
29.0,Female,USA,Premium,Desktop,8.28,17,5,0.6955272727272727,0.8863514719000891,0
24.0,Female,USA,Premium,Laptop,8.28,33,5,0.733,1.9840255591054314,0
27.0,Female,USA,Standard,Laptop,8.29,30,5,0.7408589743589744,0.5526666666666666,1
24.0,Male,USA,Basic,Desktop,8.29,9,5,0.7063999999999999,2.036855036855037,1
32.0,Female,USA,Premium,Mobile,8.29,5,5,0.5697142857142857,1.043423536815607,0
35.0,Male,USA,Premium,Tablet,8.3,2,5,0.7715,0.5881658202432974,0
28.0,Female,USA,Standard,Laptop,8.3,25,4,0.8666904761904763,1.0444630872483223,0
53.0,Male,Canada,Basic,Gaming Console,8.3,4,5,0.7346703296703297,0.5967645296584781,0
39.0,Male,USA,Premium+,Tablet,8.31,16,5,0.5015,0.2891943622759701,0
44.0,Male,USA,Basic,Tablet,8.31,22,5,0.6827777777777777,1.2873741285824942,0
33.0,Male,Canada,Premium,Smart TV,8.31,28,5,0.7528809523809523,1.0433145009416196,0
31.0,Female,Canada,Premium,Tablet,8.32,9,5,0.6458571428571429,1.6551724137931032,0
37.0,Female,USA,Premium,Desktop,8.32,31,5,0.582974358974359,0.6534886765283415,0
35.03946643148495,Female,Canada,Premium+,Smart TV,8.33,21,5,0.8077333333333334,0.47686289476195026,0
35.03946643148495,Female,USA,Standard,Tablet,8.33,14,5,0.6615972222222222,0.40060916960564286,0
38.0,Male,USA,Premium+,Desktop,8.33,19,5,0.6378571428571429,1.6148626817447496,0
42.0,Female,USA,Premium,Desktop,8.33,4,5,0.8426161616161616,1.0135875076049483,0
42.0,Female,USA,Premium,Desktop,8.33,4,5,0.8426161616161616,1.0135875076049483,0
37.0,Male,Canada,Basic,Mobile,8.34,23,5,0.5052564102564103,0.5922594389868623,0
49.0,Male,USA,Standard,Smart TV,8.34,29,5,0.6863333333333332,1.0660417554324668,0
17.0,Male,Canada,Basic,Tablet,8.34,8,5,1.0470000000000002,0.9118075801749269,0
24.0,Female,USA,Premium,Smart TV,8.34,20,5,0.8781025641025642,0.6692523739467701,0
19.0,Female,USA,Standard,Gaming Console,8.34,7,5,0.9931000000000001,1.0789133247089262,0
27.0,Female,USA,Premium,Laptop,8.34,33,5,0.5708333333333333,2.6116910229645094,0
47.0,Male,USA,Standard,Laptop,8.35,35,4,0.921,0.6321766561514195,0
29.0,Female,Canada,Premium,Smart TV,8.35,12,5,0.8264,0.6099342585829072,0
45.0,Other,Canada,Standard,Tablet,8.35,6,5,0.5685555555555555,1.0627916843445055,0
43.0,Prefer not to say,USA,Premium,Tablet,8.35,25,5,0.648125,1.0737248178311185,0
41.0,Male,Canada,Standard,Gaming Console,8.36,13,5,0.8534666666666667,0.6427473090722706,1
36.0,Female,USA,Standard,Laptop,8.36,1,5,1.2277500000000001,1.6206785137318254,0
35.03946643148495,Female,USA,Premium,Laptop,8.36,30,5,1.0165714285714287,1.2782874617737001,0
49.0,Other,Canada,Standard,Desktop,8.36,21,5,0.6701633986928105,0.506359781950333,0
35.0,Female,Canada,Standard,Laptop,8.38,28,5,0.7233571428571429,0.671474358974359,0
27.0,Male,USA,Premium,Gaming Console,8.38,7,5,0.7133939393939394,1.0455396132252028,0
33.0,Male,USA,Basic,Gaming Console,8.38,32,4,0.7704848484848483,0.9467143664093393,0
28.0,Female,USA,Standard,Laptop,8.39,12,5,0.5622430555555556,0.605922002888782,0
26.0,Male,USA,Basic,Gaming Console,8.39,34,5,0.8393,0.8857997536512405,1
39.0,Female,USA,Basic,Mobile,8.39,19,5,0.8054423076923076,0.8814568376816669,0
26.0,Male,Canada,Basic,Mobile,8.39,35,5,0.5451250000000001,0.8524978831498731,0
21.0,Other,Canada,Premium,Desktop,8.39,12,4,0.7545833333333334,0.7622652937613569,0
37.0,Male,Canada,Basic,Smart TV,8.39,3,4,0.7581818181818181,0.9311875693673697,0
32.0,Female,USA,Basic,Mobile,8.39,14,5,0.7717777777777778,0.6766129032258065,0
43.0,Male,Canada,Premium,Smart TV,8.4,10,4,0.4405,1.9156214367160773,0
29.0,Female,USA,Basic,Laptop,8.4,25,5,0.6955064102564101,0.33075206720042005,0
26.0,Male,USA,Premium+,Gaming Console,8.4,5,5,0.6534,1.3486754080813486,0
46.0,Female,Canada,Premium,Desktop,8.4,27,5,0.69575,3.3577614923384416,0
30.0,Female,USA,Premium,Tablet,8.4,19,5,0.6843372549019607,0.5531774777741192,0
35.03946643148495,Female,USA,Premium,Laptop,8.4,21,4,0.7670666666666667,1.486725663716814,0
46.0,Female,Canada,Premium,Desktop,8.4,27,5,0.69575,3.3577614923384416,0
46.0,Female,USA,Basic,Mobile,8.41,14,5,0.6656428571428571,0.6166442624954174,0
43.0,Prefer not to say,Canada,Premium,Gaming Console,8.41,18,5,0.6794230769230769,0.564808596373405,0
14.0,Male,Canada,Premium,Desktop,8.41,34,5,0.754,0.8227621066362302,0
43.0,Female,USA,Basic,Tablet,8.41,1,5,0.7278333333333333,1.2493191384005942,0
45.0,Female,USA,Standard,Smart TV,8.41,10,5,0.834275641025641,0.675863916421109,0
46.0,Male,USA,Premium,Tablet,8.41,11,5,0.6588333333333334,2.0200160128102485,1
43.0,Male,USA,Standard,Tablet,8.42,22,5,0.777,0.9510542168674698,0
35.03946643148495,Female,Canada,Standard,Tablet,8.42,34,5,0.7381428571428572,0.6952931461601981,1
51.0,Female,Canada,Premium,Tablet,8.42,15,5,0.7868999999999999,1.2706237424547282,0
26.0,Female,Canada,Standard,Smart TV,8.42,14,5,0.9855,0.8368394898128209,0
20.0,Male,Canada,Standard,Tablet,8.42,3,5,0.8270833333333334,1.4668989547038327,0
38.0,Male,USA,Standard,Mobile,8.43,9,5,0.7632181818181818,0.5014872099940512,0
35.03946643148495,Other,USA,Premium,Mobile,8.43,33,4,0.5164444444444445,1.5257918552036198,0
47.0,Female,USA,Basic,Mobile,8.43,28,4,0.5788461538461538,0.9411983624860438,0
35.03946643148495,Female,USA,Basic,Mobile,8.45,12,5,1.0105555555555557,0.5124835742444152,0
48.0,Female,USA,Basic,Tablet,8.45,16,4,0.6271111111111111,1.3687904967602589,0
49.0,Female,USA,Premium+,Smart TV,8.45,13,5,0.8548888888888889,1.1344819870217049,0
41.0,Other,USA,Standard,Laptop,8.46,21,5,0.8323,1.0623691921305984,0
25.0,Other,USA,Standard,Gaming Console,8.46,8,5,0.6811111111111111,0.8651781148798364,0
35.03946643148495,Male,USA,Premium,Gaming Console,8.47,31,5,0.795076923076923,0.7182023742227248,0
22.0,Female,USA,Premium,Tablet,8.47,27,5,0.8859999999999999,0.5473344103392569,0
40.0,Male,USA,Premium,Desktop,8.47,32,5,0.6434166666666667,0.4068529341125611,0
14.0,Prefer not to say,USA,Standard,Tablet,8.47,36,5,0.9066,0.996861514319341,0
49.0,Female,USA,Premium+,Tablet,8.47,34,5,1.1891666666666667,1.2195824334053276,0
32.0,Female,USA,Premium,Smart TV,8.47,21,5,0.7344395604395605,0.5290994273815721,0
39.0,Female,Canada,Standard,Smart TV,8.48,16,5,0.5724722222222223,1.1390194761584955,0
32.0,Male,USA,Basic,Mobile,8.48,27,5,0.7995757575757576,0.7178329571106095,0
31.0,Male,USA,Premium,Gaming Console,8.48,13,5,0.666,0.5131618759455371,1
56.0,Male,Canada,Premium,Smart TV,8.48,1,5,0.6685,0.8331422957262158,0
17.0,Female,USA,Premium,Gaming Console,8.48,6,4,0.8434285714285713,1.438507209499576,0
43.0,Female,USA,Premium,Smart TV,8.48,30,5,0.5950793650793651,1.2774290735626412,1
55.0,Prefer not to say,USA,Premium,Gaming Console,8.49,1,5,0.9741818181818181,0.25840815705372094,1
21.0,Male,USA,Premium,Desktop,8.49,34,5,1.0877777777777777,0.9816920408556562,0
48.0,Male,USA,Premium,Smart TV,8.49,5,5,0.8513,0.7418086500655308,1
50.0,Male,Canada,Standard,Laptop,8.49,7,5,0.6812727272727273,0.8769151316922018,0
34.0,Female,USA,Premium,Mobile,8.49,20,5,0.5587777777777778,1.0320097244732578,0
34.0,Female,Canada,Premium,Desktop,8.49,26,5,0.6624285714285714,1.1493682310469313,1
50.0,Female,USA,Standard,Smart TV,8.5,33,5,0.7548666666666667,0.5584756898817346,0
33.0,Female,USA,Premium,Tablet,8.5,11,5,0.9001666666666668,0.5889825614967086,0
31.0,Prefer not to say,Canada,Standard,Tablet,8.5,22,5,0.9907777777777778,1.1283185840707965,0
32.0,Female,Canada,Standard,Mobile,8.5,14,5,0.7821111111111111,0.6358309437725969,0
31.0,Male,USA,Premium+,Desktop,8.5,6,5,0.8774285714285714,1.2215568862275448,0
44.0,Male,Canada,Standard,Laptop,8.5,19,5,0.6443461538461539,0.6670154329060947,1
31.0,Prefer not to say,Canada,Standard,Tablet,8.5,22,5,0.9907777777777778,1.1283185840707965,0
66.0,Male,Canada,Basic,Mobile,8.51,14,5,0.7035217391304347,0.2548285671507711,0
34.0,Female,USA,Premium,Tablet,8.51,24,5,0.766,1.1356761565836297,0
34.0,Male,Canada,Standard,Smart TV,8.51,5,5,0.5775888157894736,0.45532370251471377,0
47.0,Female,USA,Premium,Laptop,8.51,30,3,0.3005,4.209398186314922,0
26.0,Male,USA,Standard,Tablet,8.52,21,5,1.27475,2.3765690376569037,0
37.0,Female,USA,Standard,Desktop,8.52,16,5,0.36725,0.7102959566486035,0
49.0,Female,USA,Standard,Smart TV,8.52,29,5,0.86575,1.311105411644011,1
47.0,Male,USA,Premium,Mobile,8.52,3,5,0.6374285714285713,0.5995777621393384,0
43.0,Female,USA,Standard,Laptop,8.53,33,5,0.8441538461538461,0.7494508712842289,0
42.0,Male,USA,Standard,Tablet,8.53,35,5,0.6,2.600609756097561,0
48.0,Male,USA,Premium,Laptop,8.53,15,5,0.5878571428571429,0.8613261528105015,0
50.0,Female,USA,Standard,Laptop,8.53,14,5,1.0545454545454547,1.0716080402010049,1
38.0,Male,USA,Standard,Tablet,8.53,33,5,0.8942727272727273,1.038344491783323,1
44.0,Female,USA,Premium,Laptop,8.53,21,5,0.8106363636363636,0.901056338028169,1
32.0,Male,USA,Standard,Tablet,8.53,34,5,1.089904761904762,0.38961632155907433,0
32.0,Male,USA,Standard,Tablet,8.53,34,5,1.089904761904762,0.38961632155907433,0
35.0,Female,USA,Standard,Mobile,8.54,26,5,0.8389191176470587,0.4549813532232286,0
37.0,Female,USA,Standard,Tablet,8.54,20,5,0.535875,0.5089897685507102,0
31.0,Female,USA,Premium,Gaming Console,8.54,13,5,0.6723522727272727,0.5826700022742779,0
12.0,Male,USA,Standard,Laptop,8.54,5,4,0.9577500000000001,0.544295729764181,1
26.0,Female,USA,Premium,Desktop,8.55,24,4,0.5798333333333332,1.1645856980703746,0
24.0,Female,Canada,Standard,Desktop,8.55,25,5,0.6070090909090909,0.3176667285900056,0
35.03946643148495,Male,USA,Standard,Smart TV,8.55,8,5,0.8535,1.2228843861740168,0
58.0,Female,USA,Basic,Gaming Console,8.55,5,5,0.6382666666666666,1.7738589211618254,0
40.0,Other,Canada,Standard,Gaming Console,8.55,11,5,0.86075,0.3740157480314961,0
47.0,Male,Canada,Standard,Tablet,8.55,35,5,0.7459090909090909,1.1949685534591195,0
38.0,Male,USA,Premium,Smart TV,8.55,31,5,0.48957142857142855,1.8895027624309393,0
58.0,Female,USA,Premium,Desktop,8.55,23,5,0.7194,0.5736971594721539,0
49.0,Prefer not to say,Canada,Premium+,Gaming Console,8.55,23,4,0.689875,0.6831801837794648,0
47.0,Male,USA,Premium,Mobile,8.56,5,5,0.6435,0.981839036513095,0
41.0,Prefer not to say,USA,Premium,Mobile,8.56,15,5,0.6697362637362637,0.7181208053691276,0
31.0,Male,USA,Premium,Smart TV,8.57,29,5,1.074142857142857,0.8530192435301923,0
28.0,Male,USA,Basic,Gaming Console,8.57,8,4,1.1143333333333332,1.1298615688859592,1
30.0,Male,Canada,Standard,Desktop,8.57,7,5,0.8571666666666666,1.0383683360258482,0
35.0,Male,USA,Premium+,Mobile,8.57,9,5,0.666375,0.9511653718091011,0
35.0,Male,USA,Premium+,Mobile,8.57,9,5,0.666375,0.9511653718091011,0
16.0,Female,USA,Standard,Smart TV,8.58,14,5,0.606625,0.8122436099716,0
63.0,Female,USA,Premium,Laptop,8.58,12,5,0.6450181818181818,1.3420229405630866,0
41.0,Female,USA,Premium,Mobile,8.58,5,5,0.8444,1.1242629395064425,0
27.0,Other,USA,Standard,Gaming Console,8.58,4,5,0.5598076923076923,0.49695916594265865,0
40.0,Female,Canada,Standard,Laptop,8.58,10,5,0.6546666666666667,1.835294117647059,0
26.0,Female,USA,Premium,Gaming Console,8.58,25,5,0.7514272727272726,1.633767058076801,0
29.0,Female,USA,Standard,Mobile,8.58,34,4,0.6247,0.7278382581648523,0
38.0,Male,USA,Standard,Gaming Console,8.59,13,5,0.7391666666666666,0.7248945147679325,0
28.0,Male,USA,Basic,Gaming Console,8.59,20,5,0.8324166666666666,0.7372335860391932,0
18.0,Female,Canada,Premium,Tablet,8.59,27,5,1.0695714285714286,1.2814520139234211,0
42.0,Male,Canada,Standard,Laptop,8.59,29,5,0.8427142857142857,0.5413865546218487,0
44.0,Male,Canada,Premium,Smart TV,8.6,15,4,0.742375,0.4412141941000428,0
6.0,Female,Canada,Premium+,Gaming Console,8.6,21,5,0.913,0.32093543973130984,0
39.0,Male,Canada,Standard,Mobile,8.6,12,4,0.8290972222222223,1.198049686556768,0
27.0,Other,USA,Premium,Tablet,8.6,17,5,0.47335714285714287,0.49932262434681635,0
39.0,Male,USA,Basic,Tablet,8.61,28,4,0.63975,1.050640634533252,0
42.0,Male,USA,Premium,Desktop,8.61,11,5,0.8865714285714286,0.5235633931286104,0
51.0,Male,USA,Basic,Laptop,8.61,4,5,0.53,0.920855614973262,0
44.0,Female,USA,Premium+,Mobile,8.61,21,5,0.6919000000000001,1.120121422376409,0
39.0,Male,USA,Basic,Tablet,8.61,28,4,0.63975,1.050640634533252,0
7.0,Female,USA,Premium,Smart TV,8.62,3,5,0.8224423076923078,0.9679955081414934,1
35.03946643148495,Male,USA,Premium,Laptop,8.62,33,5,0.6562857142857143,0.8299101412066752,1
20.0,Female,Canada,Premium,Laptop,8.62,17,5,0.7791717171717172,0.9019881409138472,1
25.0,Female,USA,Standard,Gaming Console,8.62,30,4,0.4174285714285714,0.8276524243879021,1
31.0,Male,Canada,Standard,Gaming Console,8.62,29,5,0.7609285714285714,0.7379084034812383,0
50.0,Female,USA,Standard,Smart TV,8.62,17,5,0.6092857142857143,1.5677478023643525,0
35.03946643148495,Male,USA,Premium,Mobile,8.63,15,5,0.9473333333333334,0.8222963315864698,1
53.0,Female,Canada,Basic,Smart TV,8.63,7,4,0.7244285714285714,1.3594119191388818,0
15.0,Male,USA,Premium,Smart TV,8.63,5,5,0.7278333333333333,0.7701918786256136,0
15.0,Female,USA,Standard,Mobile,8.64,12,5,0.8225,0.8774542992552471,0
59.0,Male,Canada,Basic,Tablet,8.64,32,5,0.7464583333333333,1.3316208579501672,0
40.0,Male,Canada,Premium,Tablet,8.65,1,4,0.5456111111111112,3.2216014897579144,0
37.0,Male,USA,Premium,Tablet,8.65,9,5,0.750923076923077,0.6159506290054594,0
31.0,Male,USA,Premium+,Laptop,8.65,19,5,0.6837402597402598,1.0635245901639343,0
35.0,Female,USA,Premium,Laptop,8.65,36,4,0.7335396825396825,1.3379737045630316,0
41.0,Other,Canada,Premium,Gaming Console,8.66,23,5,0.9472,0.791349375571124,0
31.0,Male,Canada,Standard,Smart TV,8.66,34,4,0.8494444444444444,0.6887592788971368,0
41.0,Female,Canada,Premium,Gaming Console,8.66,17,5,0.6535818713450292,0.72357610360674,1
54.0,Female,Canada,Basic,Smart TV,8.66,30,5,0.8621333333333334,0.5465446513095613,0
41.0,Female,Canada,Premium,Gaming Console,8.66,17,5,0.6535818713450292,0.72357610360674,1
72.0,Male,USA,Standard,Smart TV,8.68,23,5,0.9287142857142857,0.931997136721546,0
35.03946643148495,Male,USA,Premium,Smart TV,8.68,9,5,0.6279,0.8436740644743236,1
23.0,Female,USA,Premium+,Gaming Console,8.69,14,5,0.8248383838383838,0.6603343465045592,0
39.0,Female,Canada,Standard,Laptop,8.69,25,4,0.6043846153846155,0.46657718120805364,0
35.03946643148495,Male,USA,Premium+,Desktop,8.69,15,5,0.7194285714285714,0.6398331083568536,0
50.0,Male,USA,Premium+,Desktop,8.69,30,5,0.9466454545454546,0.6894089646965489,1
35.03946643148495,Female,Canada,Premium,Smart TV,8.69,20,5,0.8009999999999999,0.6523207806830976,0
35.0,Male,Canada,Standard,Gaming Console,8.69,35,5,0.8826363636363637,0.6642884443878201,1
50.0,Male,USA,Basic,Desktop,8.7,18,5,0.5805,1.3175164058556283,0
48.0,Female,USA,Premium+,Tablet,8.7,4,5,0.5760666666666666,1.4854866249288556,0
35.0,Female,USA,Basic,Laptop,8.7,31,5,0.4690714285714286,0.9121090337235714,0
24.0,Female,Canada,Premium,Tablet,8.7,16,5,0.8731089743589744,0.9788111756984812,0
30.0,Female,Canada,Standard,Smart TV,8.7,15,5,0.6566000000000001,1.8438714235252558,0
48.0,Female,USA,Premium+,Tablet,8.7,4,5,0.5760666666666666,1.4854866249288556,0
52.0,Male,Canada,Basic,Gaming Console,8.71,36,5,0.9396666666666667,0.605421686746988,0
29.0,Male,Canada,Basic,Mobile,8.71,15,5,0.569,0.49325153374233127,0
29.0,Male,USA,Standard,Mobile,8.71,5,5,0.6232,0.605071205279611,0
50.0,Male,Canada,Standard,Tablet,8.71,29,5,0.6829772727272727,0.806855025474757,0
31.0,Male,USA,Basic,Desktop,8.71,11,5,0.5700793650793651,1.4737732656514384,0
23.0,Male,Canada,Premium,Laptop,8.72,3,5,0.8274722222222222,0.8025770823745974,0
35.03946643148495,Female,USA,Premium,Gaming Console,8.72,8,5,0.24349999999999997,2.302816901408451,0
40.0,Other,USA,Standard,Laptop,8.72,11,5,0.6711318681318681,1.0378893076770481,1
11.0,Female,Canada,Premium,Tablet,8.73,23,3,0.8289,1.0378442639191598,0
33.0,Female,USA,Standard,Smart TV,8.73,28,5,0.883,1.2444761225944405,0
37.0,Male,Canada,Basic,Laptop,8.73,18,4,0.6025,1.8633938100320169,0
27.0,Female,USA,Premium,Smart TV,8.73,25,5,0.7620972222222222,1.7361617500828637,0
39.0,Female,USA,Standard,Smart TV,8.74,6,5,0.8067500000000001,0.45414393348921805,0
27.0,Male,USA,Premium,Mobile,8.74,6,5,0.26039999999999996,1.2614866490257397,0
35.03946643148495,Male,Canada,Basic,Smart TV,8.74,8,5,0.4775,0.9163026384763235,0
20.0,Male,USA,Premium+,Smart TV,8.75,4,5,0.9522857142857142,0.6898817345597897,0
35.03946643148495,Female,USA,Basic,Tablet,8.75,35,4,0.9752000000000001,1.7991775188485264,0
48.0,Female,USA,Premium,Smart TV,8.75,14,5,0.783,0.4203699255344704,0
35.03946643148495,Male,USA,Standard,Tablet,8.76,21,5,0.8279743589743589,0.9243756595145972,0
32.0,Male,Canada,Standard,Laptop,8.76,35,5,0.7649999999999999,1.2387461701626206,0
35.03946643148495,Male,Canada,Premium,Gaming Console,8.76,11,5,0.65225,0.871641791044776,0
41.0,Male,USA,Premium,Gaming Console,8.76,10,5,0.7405454545454545,1.333671656939863,0
29.0,Female,USA,Premium+,Desktop,8.76,31,5,0.5827368421052632,0.5910931174089069,0
46.0,Female,Canada,Standard,Mobile,8.76,6,5,0.7613636363636364,1.3923178807947019,0
49.0,Female,Canada,Premium,Gaming Console,8.76,7,5,0.3998571428571428,0.44227532817233256,0
33.0,Male,USA,Standard,Gaming Console,8.76,20,5,1.0972380952380951,0.5504241281809614,0
44.0,Male,USA,Standard,Gaming Console,8.76,8,5,0.5921515151515152,0.9123416073598334,0
35.03946643148495,Female,USA,Standard,Tablet,8.76,32,5,0.7293571428571428,1.6491998744901157,0
40.0,Female,USA,Basic,Mobile,8.76,28,5,0.8098333333333333,0.6211297565587331,0
35.03946643148495,Male,USA,Standard,Tablet,8.76,21,5,0.8279743589743589,0.9243756595145972,0
35.03946643148495,Prefer not to say,USA,Premium,Tablet,8.77,18,5,1.04025,1.5296511627906972,0
35.03946643148495,Male,USA,Standard,Smart TV,8.77,29,4,1.213,1.2043945983062485,0
35.03946643148495,Male,USA,Premium,Gaming Console,8.77,30,5,0.6823636363636364,0.9598686610726012,0
35.03946643148495,Female,USA,Basic,Gaming Console,8.77,31,4,1.0457,0.43099352936358415,0
36.0,Female,USA,Basic,Laptop,8.78,6,5,0.87375,1.3435348125478193,0
16.0,Male,Canada,Premium,Laptop,8.78,5,3,1.0374285714285714,1.6239210850801478,0
50.0,Female,USA,Premium,Tablet,8.78,34,4,1.054,1.22768585411326,0
32.0,Other,USA,Basic,Gaming Console,8.78,8,4,0.5907777777777777,0.883151718357083,1
38.0,Male,USA,Basic,Mobile,8.78,35,5,0.7158888888888888,0.9755555555555555,0
12.0,Male,Canada,Standard,Tablet,8.79,17,5,0.5538888888888889,1.8795438346400568,0
31.0,Female,Canada,Premium,Gaming Console,8.79,16,5,0.7519370629370629,0.7287550089816222,0
52.0,Female,USA,Basic,Laptop,8.79,35,4,0.7428888888888889,0.9710918799484439,0
47.0,Male,USA,Premium+,Gaming Console,8.79,16,4,1.0825833333333335,0.6379581468489173,0
51.0,Male,USA,Premium,Mobile,8.79,9,3,0.902125,1.103116502823677,0
60.0,Female,Canada,Standard,Desktop,8.8,24,5,1.0231666666666666,0.7560137457044674,0
30.0,Male,USA,Standard,Mobile,8.8,28,5,0.4001315789473684,0.47172339855266693,0
37.0,Female,USA,Premium,Desktop,8.8,6,4,0.7465555555555554,0.7479813004674885,0
46.0,Male,USA,Premium,Gaming Console,8.81,10,5,0.8882698412698413,1.5666864256075874,0
28.0,Female,USA,Standard,Tablet,8.81,36,5,0.8705,0.46437670209962223,1
48.0,Female,USA,Premium,Gaming Console,8.81,36,5,0.9514175824175823,0.8888515217756853,0
25.0,Other,USA,Standard,Mobile,8.81,10,5,0.9122142857142858,0.8108605614358031,0
22.0,Male,Canada,Standard,Mobile,8.81,14,5,0.503625,1.8804695837780148,0
35.0,Male,USA,Premium,Desktop,8.81,9,5,0.5821666666666667,2.8681497558328815,0
36.0,Male,USA,Premium+,Smart TV,8.82,30,5,0.756021978021978,1.1641003079630443,0
28.0,Male,USA,Premium,Desktop,8.82,12,5,0.3272,2.5941176470588236,0
35.03946643148495,Female,Canada,Basic,Tablet,8.82,36,5,0.5573333333333332,0.7547062179121506,0
13.0,Female,USA,Basic,Tablet,8.82,6,4,0.8280000000000001,1.2807357212003871,0
35.03946643148495,Female,Canada,Standard,Desktop,8.82,31,5,0.7657142857142857,0.8171710932674491,0
46.0,Male,USA,Standard,Desktop,8.82,17,5,0.4872222222222222,0.7642980935875217,0
17.0,Female,USA,Standard,Desktop,8.82,36,4,0.7047142857142857,1.0862068965517242,0
34.0,Female,USA,Basic,Gaming Console,8.83,20,5,0.5893999999999999,1.778449144008056,0
48.0,Female,Canada,Basic,Tablet,8.83,17,4,1.1145384615384617,0.8778790389395195,0
37.0,Male,USA,Premium+,Tablet,8.83,12,4,0.9950384615384615,0.6717383035374667,1
22.0,Male,Canada,Standard,Desktop,8.83,25,5,0.8253333333333334,0.6239547756448004,0
26.0,Female,USA,Premium+,Smart TV,8.83,35,4,0.381,3.001699716713881,0
36.0,Female,USA,Premium,Tablet,8.83,25,5,0.830060606060606,1.182061579651941,0
37.0,Male,USA,Basic,Gaming Console,8.83,5,5,0.8942142857142857,1.070952092177077,0
52.0,Male,Canada,Standard,Desktop,8.84,29,5,0.8022222222222222,0.7993971363978899,1
35.03946643148495,Male,USA,Premium,Desktop,8.84,24,4,0.9288571428571428,1.8176833447566827,0
35.03946643148495,Prefer not to say,USA,Premium+,Gaming Console,8.84,6,5,0.5525454545454546,1.2372288313505948,0
40.0,Male,Canada,Premium+,Desktop,8.84,11,4,0.7126666666666668,0.4999057492931197,0
37.0,Female,USA,Basic,Laptop,8.84,30,5,0.8352727272727273,0.31247790738776954,0
28.0,Female,USA,Basic,Desktop,8.84,30,5,0.583,6.08955223880597,0
38.0,Male,Canada,Premium,Laptop,8.85,15,5,0.8380196078431371,0.4984043551717665,0
36.0,Prefer not to say,USA,Standard,Tablet,8.85,31,5,0.759874125874126,0.4976569821930646,1
48.0,Male,USA,Standard,Desktop,8.85,9,5,0.9585714285714286,1.1889834303627407,0
42.0,Male,Canada,Standard,Laptop,8.85,32,5,0.72425,0.5751110148380808,0
43.0,Female,USA,Standard,Laptop,8.85,9,5,0.789,0.5797576154602031,0
48.0,Female,USA,Standard,Tablet,8.85,27,5,1.3097777777777777,1.566371681415929,0
48.0,Female,USA,Standard,Tablet,8.85,27,5,1.3097777777777777,1.566371681415929,0
42.0,Male,Canada,Standard,Laptop,8.85,32,5,0.72425,0.5751110148380808,0
35.0,Male,Canada,Premium,Desktop,8.86,6,5,0.8765064935064935,0.5929726715002789,0
41.0,Male,Canada,Premium,Tablet,8.86,30,5,0.8181858974358975,1.1128323215407157,0
35.03946643148495,Female,Canada,Premium,Tablet,8.86,11,5,0.6247142857142856,1.4097056483691328,0
35.03946643148495,Male,Canada,Premium,Mobile,8.86,15,5,0.7392857142857143,0.7276211333150834,0
35.03946643148495,Male,USA,Standard,Tablet,8.86,30,5,0.8622083333333332,1.3042198233562314,0
35.03946643148495,Male,USA,Premium,Smart TV,8.87,30,5,0.6520454545454546,0.7778427360420929,0
35.0,Female,USA,Basic,Laptop,8.87,33,5,0.6648571428571428,0.7121637896427137,0
26.0,Male,USA,Standard,Tablet,8.87,16,5,0.5310897435897436,0.5130627590860888,0
35.03946643148495,Male,USA,Premium,Smart TV,8.87,30,5,0.6520454545454546,0.7778427360420929,0
46.0,Male,USA,Standard,Mobile,8.88,25,4,0.7454285714285716,1.2445690259285214,0
46.0,Male,USA,Premium,Smart TV,8.88,5,5,0.8533650793650793,1.0677354709418838,1
17.0,Female,USA,Basic,Gaming Console,8.88,4,5,0.8612272727272727,0.6794185156847743,0
47.0,Male,USA,Basic,Mobile,8.88,6,5,0.7386666666666667,0.6763137852246763,0
43.0,Female,Canada,Standard,Gaming Console,8.88,21,5,0.7345714285714285,0.5430639078585262,0
51.0,Female,USA,Standard,Laptop,8.88,26,5,0.7059,1.0757116898849182,0
35.03946643148495,Female,USA,Standard,Mobile,8.88,16,5,0.48090909090909095,0.9084398976982098,0
31.0,Male,USA,Standard,Gaming Console,8.89,16,5,0.76075,1.466996699669967,0
26.0,Male,USA,Premium+,Gaming Console,8.89,19,5,1.0565384615384614,0.7562739259889408,0
35.0,Male,USA,Standard,Laptop,8.89,11,5,0.8685666666666667,1.0058457476899867,0
21.0,Female,USA,Premium,Smart TV,8.89,15,5,0.616,0.7453884851872554,0
39.0,Male,USA,Standard,Tablet,8.89,13,5,1.234875,1.3628002043944811,0
42.0,Other,USA,Premium,Laptop,8.9,23,5,0.6360833333333333,0.5667586499681596,0
37.0,Other,USA,Premium+,Mobile,8.9,2,5,0.9037999999999999,0.767461914343202,0
37.0,Female,USA,Standard,Gaming Console,8.9,8,5,0.5916666666666667,1.4735099337748345,0
33.0,Male,Canada,Standard,Desktop,8.9,2,5,0.5299166666666666,0.8259860788863109,0
20.0,Male,USA,Premium,Mobile,8.9,34,5,0.9541111111111109,1.3211281543790203,1
42.0,Male,Canada,Premium,Laptop,8.9,13,4,0.9143333333333332,1.6687500000000002,0
35.0,Male,USA,Premium,Laptop,8.9,15,5,0.5760000000000001,0.6097282484585521,0
39.0,Male,USA,Standard,Mobile,8.9,20,5,0.5565333333333333,0.5831604237195588,0
23.0,Male,USA,Standard,Tablet,8.91,29,5,0.8630909090909091,1.530927835051546,0
18.0,Female,USA,Premium,Tablet,8.92,2,5,0.9496,1.3549367088607596,0
43.0,Prefer not to say,USA,Standard,Smart TV,8.92,19,5,0.6516571428571429,1.7337220602526724,1
41.0,Female,USA,Premium+,Mobile,8.92,26,5,0.877375,1.3667007150153216,0
36.0,Female,Canada,Standard,Desktop,8.92,15,5,0.5822499999999999,1.7242268041237112,0
63.0,Female,USA,Premium,Mobile,8.92,11,3,0.76125,3.2515188335358447,1
36.0,Other,Canada,Basic,Desktop,8.94,24,5,0.4873333333333333,0.6607538802660754,0
29.0,Female,USA,Premium,Smart TV,8.94,27,5,0.9016153846153845,0.6778718564387716,0
32.0,Female,USA,Standard,Desktop,8.94,10,5,0.6538461538461539,0.30927121771217714,0
42.0,Female,Canada,Premium,Gaming Console,8.94,13,5,0.7246263736263736,0.5713677034512142,0
30.0,Female,USA,Standard,Gaming Console,8.95,5,5,0.7288571428571429,2.377158034528552,0
35.03946643148495,Male,USA,Premium,Desktop,8.95,12,5,0.7555128205128205,0.6189488243430151,0
21.0,Female,USA,Basic,Desktop,8.95,31,5,0.5896923076923077,0.6082229018008835,0
32.0,Male,USA,Standard,Desktop,8.95,26,4,0.4591071428571428,1.844093406593406,0
20.0,Female,USA,Premium,Mobile,8.95,29,5,0.6353333333333333,3.9572586588061904,0
25.0,Male,Canada,Standard,Mobile,8.96,22,5,0.5508571428571429,1.2335933914639743,0
35.03946643148495,Male,USA,Premium,Mobile,8.96,4,5,0.8485923076923076,0.6663361427863164,0
21.0,Male,USA,Basic,Desktop,8.96,15,5,0.419,1.8843322818086228,0
33.0,Female,USA,Premium,Mobile,8.97,26,5,0.488125,1.35977766548762,0
53.0,Female,USA,Premium,Smart TV,8.97,14,5,0.74675,2.3709251101321587,0
11.0,Female,USA,Standard,Desktop,8.97,6,5,0.8532536764705883,0.43720552396425677,0
9.0,Male,Canada,Standard,Laptop,8.97,12,4,0.94,1.4155707522356653,0
36.0,Male,USA,Premium,Gaming Console,8.97,25,5,0.7771,0.469346821313334,1
48.0,Male,USA,Premium+,Gaming Console,8.97,31,5,0.4323333333333333,0.8306837474918969,0
25.0,Female,USA,Premium+,Gaming Console,8.98,25,5,0.5595128205128206,0.7551506657323054,1
32.0,Male,USA,Premium,Laptop,8.98,18,5,0.5911111111111111,0.517778204881799,1
41.0,Prefer not to say,USA,Basic,Smart TV,8.98,23,5,0.8083,0.9775036284470247,1
35.03946643148495,Female,Canada,Standard,Mobile,8.98,34,5,0.8711538461538462,1.0255043776170538,0
28.0,Prefer not to say,Canada,Premium,Gaming Console,8.98,15,5,0.786,0.9842893679210816,0
21.0,Male,USA,Standard,Gaming Console,8.98,27,5,0.6757782805429864,0.6228901734104046,0
24.0,Male,USA,Premium,Gaming Console,8.99,35,5,0.939875,1.105101413644745,0
58.0,Female,USA,Standard,Gaming Console,8.99,26,5,0.7984666666666665,1.7956058588548602,0
17.0,Prefer not to say,USA,Premium,Desktop,8.99,36,5,0.922625,1.482275350370981,0
34.0,Male,USA,Premium,Tablet,8.99,26,5,0.6440109890109891,0.8129615674453655,0
48.0,Male,Canada,Standard,Laptop,8.99,19,5,0.672,1.7200255102040813,0
32.0,Male,Canada,Basic,Smart TV,9.0,15,5,0.7024615384615385,0.6562955760816723,0
42.0,Other,USA,Premium,Desktop,9.0,18,5,0.6744615384615386,0.7212501669560573,1
56.0,Male,USA,Premium,Smart TV,9.0,22,5,0.45649999999999996,0.3265602322206096,0
46.0,Female,USA,Basic,Smart TV,9.0,10,5,0.5302857142857142,0.9135510065978684,0
35.03946643148495,Female,USA,Standard,Mobile,9.0,17,5,0.547625,2.1126760563380285,0
21.0,Female,USA,Premium,Tablet,9.01,30,5,0.8941666666666667,1.9509202453987726,0
10.0,Female,USA,Standard,Gaming Console,9.01,11,5,0.7649652777777778,0.6417378917378918,0
38.0,Female,USA,Standard,Mobile,9.01,34,5,0.8555454545454545,0.7952338923212708,0
45.0,Other,USA,Premium,Smart TV,9.01,34,4,0.8146249999999999,1.1169421487603306,0
47.0,Male,USA,Basic,Mobile,9.01,21,5,0.5547697368421052,0.7465819638171524,0
34.0,Female,Canada,Premium,Gaming Console,9.01,14,5,0.6462727272727273,1.44275420336269,1
17.0,Male,USA,Premium+,Desktop,9.01,11,5,0.8069285714285714,0.8716543050628828,0
40.0,Female,USA,Premium,Laptop,9.02,22,5,0.6145333333333334,0.6603221083455344,0
42.0,Male,USA,Premium,Smart TV,9.02,29,4,0.44416666666666665,1.117258464079273,0
35.0,Male,Canada,Premium,Desktop,9.02,10,5,0.7464000000000002,1.3161478599221788,0
25.0,Female,USA,Premium+,Desktop,9.02,35,5,0.432,2.4042647712127945,0
40.0,Female,USA,Premium,Laptop,9.02,22,5,0.6145333333333334,0.6603221083455344,0
44.0,Female,USA,Basic,Mobile,9.03,8,5,0.5656666666666667,0.5920017482517482,0
41.0,Female,Canada,Premium+,Smart TV,9.03,9,4,0.5753611111111111,1.3068017366136033,0
23.0,Female,Canada,Premium,Gaming Console,9.04,4,5,0.5941818181818181,0.7022268254790264,0
46.0,Male,USA,Premium,Mobile,9.04,3,5,0.3843333333333333,2.4654545454545453,0
35.03946643148495,Male,USA,Basic,Laptop,9.04,29,4,0.6317142857142857,1.177083333333333,0
40.0,Female,Canada,Premium+,Mobile,9.04,13,5,0.8764000000000001,1.6561832061068702,0
35.03946643148495,Other,USA,Premium,Mobile,9.04,6,4,0.714,1.496688741721854,0
33.0,Female,USA,Basic,Desktop,9.05,31,5,0.9454,0.7046457305995328,0
37.0,Male,USA,Standard,Desktop,9.05,26,5,0.9380454545454546,0.5850662644111626,0
22.0,Male,USA,Standard,Desktop,9.05,35,5,0.8932727272727272,0.9119919381928115,0
45.0,Male,USA,Standard,Desktop,9.05,1,5,1.0101111111111112,1.1732929991356957,0
7.0,Female,Canada,Standard,Desktop,9.06,5,5,0.8409,0.726640823419329,0
28.0,Male,Canada,Premium,Mobile,9.06,7,4,0.6894666666666667,1.9365871036693978,0
54.0,Male,USA,Standard,Gaming Console,9.06,12,5,0.7562,0.7873696407879491,1
16.0,Female,USA,Premium+,Tablet,9.06,29,5,0.7685,0.7683392226148411,0
33.0,Female,Canada,Premium,Laptop,9.06,28,5,1.0819,0.6731888544891641,0
51.0,Prefer not to say,Canada,Basic,Gaming Console,9.07,20,5,0.488,0.8541830167948516,0
-1.0,Female,USA,Premium,Desktop,9.07,19,5,0.6807878787878787,1.031658767772512,0
38.0,Male,Canada,Premium,Tablet,9.07,12,5,0.42272727272727273,0.9916180758017491,0
52.0,Male,USA,Premium,Tablet,9.08,13,5,0.7364545454545455,0.9754700089525514,0
35.0,Male,Canada,Premium,Mobile,9.08,27,5,0.9785,1.6209461469800652,0
35.0,Female,USA,Standard,Desktop,9.08,28,5,1.2478571428571428,1.157179269328802,0
51.0,Male,USA,Basic,Gaming Console,9.08,22,5,0.7625,1.2031802120141342,1
63.0,Prefer not to say,USA,Standard,Mobile,9.09,25,5,0.6436666666666666,1.092766980565017,0
36.0,Female,USA,Standard,Gaming Console,9.09,8,5,0.6266428571428571,0.8348385121689882,0
35.03946643148495,Male,Canada,Standard,Smart TV,9.09,9,5,0.7887272727272726,0.8808139534883721,1
15.0,Prefer not to say,USA,Premium+,Mobile,9.09,2,5,0.7893333333333334,0.5866408518877056,1
40.0,Female,USA,Premium,Laptop,9.09,28,5,1.0758,1.2598752598752598,0
60.0,Male,USA,Standard,Desktop,9.1,17,5,1.049,0.7900448560266241,0
22.0,Female,USA,Standard,Desktop,9.1,11,4,1.0205,2.190132370637786,0
42.0,Female,Canada,Premium,Tablet,9.11,33,5,0.6845,1.5166481687014428,0
41.0,Male,USA,Standard,Desktop,9.11,8,5,0.7776363636363636,1.1587873648505405,0
35.03946643148495,Female,USA,Premium+,Gaming Console,9.11,31,4,0.8433333333333333,1.4521785334750263,1
43.0,Male,USA,Premium,Tablet,9.11,5,4,0.5448999999999999,1.1404131024410598,0
35.03946643148495,Female,Canada,Premium,Laptop,9.11,20,5,0.8061538461538462,0.6039779005524861,0
33.0,Female,USA,Standard,Mobile,9.11,28,5,0.5680681818181819,1.020918939110945,0
35.03946643148495,Male,Canada,Premium,Tablet,9.12,10,5,0.8546923076923078,1.2173526140155728,0
27.0,Male,USA,Standard,Gaming Console,9.12,32,4,0.89,0.8030525388905195,0
31.0,Female,USA,Standard,Desktop,9.12,35,5,1.0097867647058822,0.5321404259457356,0
25.0,Male,USA,Premium,Mobile,9.12,16,4,0.875875,1.4506892895015904,0
23.0,Female,Canada,Premium,Gaming Console,9.13,18,5,0.6823999999999999,1.9014231169732734,0
52.0,Male,Canada,Basic,Tablet,9.13,22,5,0.5195384615384615,0.5547903585173183,0
38.0,Female,USA,Standard,Laptop,9.13,25,5,0.8251666666666666,0.9721384205856256,0
25.0,Male,Canada,Standard,Tablet,9.13,35,4,0.888912087912088,0.4775937227550131,0
35.03946643148495,Male,Canada,Basic,Tablet,9.13,22,5,1.0381111111111112,1.1875135486668114,0
48.0,Male,Canada,Standard,Desktop,9.13,13,5,0.8109722222222222,0.8006430868167203,0
25.0,Male,Canada,Standard,Laptop,9.13,7,4,0.5535714285714286,0.9675026492405511,0
45.0,Male,USA,Premium,Tablet,9.13,26,5,0.5556666666666666,0.8570087609511889,0
31.0,Female,USA,Standard,Smart TV,9.13,22,5,0.6278666666666667,2.1257275902211874,0
18.0,Male,USA,Basic,Desktop,9.13,23,5,0.7926904761904763,0.6259140767824498,0
35.03946643148495,Male,USA,Premium,Tablet,9.13,14,5,0.5358,2.232273838630807,0
52.0,Male,Canada,Basic,Tablet,9.13,22,5,0.5195384615384615,0.5547903585173183,0
25.0,Prefer not to say,USA,Premium,Laptop,9.14,21,5,0.9193333333333333,1.0376537369914853,0
34.0,Male,USA,Premium,Laptop,9.14,27,5,0.5705181818181818,1.090041741204532,0
29.0,Female,USA,Basic,Gaming Console,9.14,22,3,0.4556666666666667,4.09865470852018,0
25.0,Male,USA,Standard,Tablet,9.14,9,5,0.7691875,0.5491688363709193,0
23.0,Female,Canada,Standard,Mobile,9.14,9,4,1.0705555555555555,1.4083204930662558,0
34.0,Male,USA,Premium,Laptop,9.14,27,5,0.5705181818181818,1.090041741204532,0
50.0,Other,USA,Standard,Laptop,9.15,11,5,0.5078571428571428,1.7102803738317758,0
41.0,Female,Canada,Standard,Tablet,9.15,10,5,0.6492222222222223,1.135705419942077,0
20.0,Male,Canada,Premium,Tablet,9.15,10,4,0.5681111111111111,1.3725,0
28.0,Female,USA,Premium,Tablet,9.15,15,5,0.9808809523809524,0.8596930786094581,0
49.0,Female,USA,Basic,Tablet,9.15,25,4,0.6476272727272727,0.9942049981890618,0
43.0,Prefer not to say,Canada,Premium,Mobile,9.15,7,5,0.7881666666666666,0.5452920143027413,0
19.0,Male,Canada,Standard,Laptop,9.16,15,5,0.5228,1.1457160725453408,0
43.0,Male,USA,Standard,Smart TV,9.16,32,5,0.6077142857142857,1.415036045314109,0
35.03946643148495,Female,Canada,Premium,Desktop,9.16,24,5,0.8879999999999999,0.4061483890038428,0
35.03946643148495,Male,Canada,Basic,Smart TV,9.16,22,5,0.4388888888888889,1.2499431430520809,0
35.0,Male,USA,Basic,Gaming Console,9.16,4,5,1.079043956043956,0.5454004167907115,0
35.03946643148495,Female,Canada,Basic,Laptop,9.16,18,4,0.36700000000000005,3.8379888268156432,0
35.03946643148495,Female,Canada,Premium,Desktop,9.16,24,5,0.8879999999999999,0.4061483890038428,0
19.0,Male,USA,Standard,Smart TV,9.17,26,5,0.7178461538461538,0.5522433002107798,1
35.03946643148495,Female,USA,Premium,Laptop,9.17,16,5,0.7937272727272727,1.051002865329513,0
35.03946643148495,Female,USA,Basic,Mobile,9.17,2,5,0.8310833333333334,1.5008183306055645,0
25.0,Male,USA,Premium+,Gaming Console,9.17,4,5,0.5931111111111111,1.6642468239564425,0
36.0,Female,USA,Standard,Laptop,9.17,29,5,0.8988351648351649,0.5328297501452645,0
27.0,Male,USA,Premium+,Smart TV,9.18,17,4,0.6275833333333334,0.7276089828269484,0
48.0,Female,USA,Premium+,Tablet,9.18,33,5,0.600153846153846,0.7657444737939663,0
42.0,Male,USA,Premium,Tablet,9.18,35,4,0.5156666666666666,0.8717948717948717,0
15.0,Male,USA,Premium,Laptop,9.18,6,5,0.6580714285714284,0.46804894629503735,0
62.0,Female,USA,Standard,Desktop,9.18,23,5,0.42583333333333334,1.177174609959393,0
53.0,Female,USA,Standard,Tablet,9.19,31,4,0.6693333333333333,2.350383631713555,0
19.0,Female,USA,Basic,Laptop,9.19,23,5,0.7918333333333332,0.579262527576426,0
27.0,Female,Canada,Standard,Tablet,9.19,8,5,0.6065714285714285,0.681413741967375,0
35.03946643148495,Female,USA,Premium,Laptop,9.19,35,5,0.7591428571428571,1.5248893805309731,0
35.03946643148495,Female,USA,Standard,Laptop,9.19,31,5,0.8260000000000001,1.5367892976588626,0
37.0,Female,USA,Basic,Mobile,9.19,11,4,1.0085714285714285,1.1041249499399277,0
2.0,Male,USA,Basic,Desktop,9.19,8,4,0.7423142857142857,2.3177805800756617,0
48.0,Male,USA,Basic,Mobile,9.2,12,5,0.6632307692307693,0.5006348630509705,0
25.0,Male,USA,Premium,Desktop,9.2,10,4,0.7527272727272727,0.8739708676377453,0
35.03946643148495,Male,USA,Standard,Desktop,9.2,25,5,0.9158571428571429,1.3450292397660817,0
17.0,Female,USA,Standard,Laptop,9.2,16,4,1.0062857142857142,1.5431926195135584,0
13.0,Other,Canada,Standard,Mobile,9.21,16,5,0.8338461538461539,0.5194097189585488,0
47.0,Male,USA,Standard,Gaming Console,9.21,8,5,0.6282619047619047,0.7367017730969204,0
50.0,Male,USA,Standard,Mobile,9.21,22,5,0.6337999999999999,2.7754897036664996,0
35.03946643148495,Male,USA,Standard,Smart TV,9.21,20,3,0.7330571428571429,2.0014487504527345,1
33.0,Female,USA,Basic,Tablet,9.22,10,4,0.583547619047619,1.3430444282592864,0
33.0,Female,USA,Standard,Tablet,9.22,18,5,0.5879707602339181,0.4859878766581745,1
50.0,Prefer not to say,USA,Standard,Mobile,9.22,32,4,0.7986,1.299812030075188,0
35.03946643148495,Female,Canada,Standard,Tablet,9.22,33,5,1.0101111111111112,0.7354427014091998,0
45.0,Female,Canada,Premium,Gaming Console,9.22,25,5,0.577125,1.5720375106564366,0
52.0,Male,USA,Premium,Mobile,9.23,25,5,0.6864666666666666,1.4403120936280884,0
54.0,Female,USA,Standard,Mobile,9.23,12,5,1.0994880952380952,0.9707274320771254,0
42.0,Female,Canada,Premium,Laptop,9.23,36,4,0.7604285714285715,1.0335946248600223,1
33.0,Male,Canada,Basic,Gaming Console,9.23,36,5,0.5788,0.6950301204819277,0
30.0,Male,Canada,Basic,Mobile,9.23,29,5,0.8827272727272727,1.098809523809524,0
35.03946643148495,Male,Canada,Premium,Tablet,9.24,25,4,0.5095555555555555,1.1449814126394051,0
50.0,Female,USA,Standard,Gaming Console,9.25,24,5,0.9216428571428571,0.7025316455696203,0
48.0,Male,USA,Standard,Desktop,9.25,20,4,0.78775,4.991007194244605,0
40.0,Female,USA,Premium,Smart TV,9.26,35,5,0.6063333333333333,2.1468315301391034,0
35.03946643148495,Female,USA,Standard,Mobile,9.26,30,5,0.9291666666666667,0.590247530011686,0
49.0,Other,Canada,Standard,Laptop,9.27,16,4,0.7024285714285714,0.5977431488447071,0
36.0,Female,USA,Basic,Tablet,9.27,21,5,0.9977142857142856,0.8504587155963302,0
24.0,Female,Canada,Premium,Gaming Console,9.27,1,5,0.49522222222222223,0.7650618982118293,0
29.0,Male,USA,Basic,Mobile,9.28,36,5,0.6128131868131867,0.8351582420878955,0
49.0,Male,USA,Basic,Smart TV,9.28,29,5,0.5619461538461539,0.6407364787111622,0
47.0,Male,USA,Premium,Mobile,9.28,27,5,0.9403333333333334,1.5917667238421953,0
25.0,Female,USA,Standard,Desktop,9.28,25,5,0.420375,0.5238498447643241,0
25.0,Female,USA,Premium,Tablet,9.29,16,5,0.8868571428571429,2.04851157662624,0
35.03946643148495,Male,USA,Basic,Gaming Console,9.29,31,5,0.5522424242424243,0.839710756251883,0
33.0,Male,USA,Premium,Laptop,9.29,28,5,1.2189999999999999,0.9350780070457976,0
54.0,Female,USA,Premium,Desktop,9.29,21,5,0.860542857142857,0.6919925512104282,1
52.0,Female,USA,Standard,Gaming Console,9.29,17,5,0.8027272727272727,0.9646936656282451,0
24.0,Female,USA,Basic,Smart TV,9.29,10,5,0.9991363636363636,1.3762962962962961,0
24.0,Female,USA,Premium,Tablet,9.29,18,4,0.7025714285714286,2.7084548104956268,0
26.0,Female,USA,Standard,Desktop,9.29,10,5,0.695409090909091,0.8035173706213059,0
27.0,Prefer not to say,USA,Standard,Smart TV,9.3,2,5,0.8304965034965035,0.7394646170156375,0
33.0,Male,Canada,Basic,Smart TV,9.3,2,4,0.7833333333333333,3.175867956744451,0
47.0,Male,USA,Basic,Smart TV,9.3,26,5,0.6728809523809524,1.5525876460767947,0
40.0,Female,USA,Premium,Tablet,9.31,7,5,0.5945999999999999,0.2727006444053896,0
35.03946643148495,Female,Canada,Standard,Tablet,9.32,9,4,0.8330714285714285,1.4250764525993882,0
35.0,Female,USA,Standard,Tablet,9.32,13,4,0.9369454545454545,1.0023301666965403,0
17.0,Prefer not to say,Canada,Standard,Tablet,9.32,8,4,0.6539999999999999,1.2787560027441116,0
38.0,Male,USA,Basic,Gaming Console,9.32,5,5,0.745125,0.9083820662768032,0
16.0,Male,Canada,Basic,Mobile,9.32,2,5,0.7604761904761904,0.6503081753692289,0
33.0,Male,Canada,Basic,Laptop,9.33,28,5,0.9080909090909091,1.2119506386663779,0
39.0,Female,Canada,Premium,Gaming Console,9.33,33,5,0.6476000000000001,0.515279823269514,0
44.0,Other,USA,Standard,Tablet,9.33,13,5,0.543,0.9476891823260538,0
40.0,Female,USA,Basic,Desktop,9.34,33,5,0.45519999999999994,1.8212544686382839,0
32.0,Male,USA,Standard,Desktop,9.34,3,5,0.8289047619047618,0.6746929930170961,0
35.03946643148495,Male,USA,Basic,Desktop,9.35,25,4,0.8535454545454545,0.9220907297830375,0
20.0,Male,USA,Premium+,Laptop,9.35,11,5,0.529875,1.7025796661608499,0
12.0,Male,USA,Standard,Laptop,9.35,4,5,0.7306373626373626,0.74235807860262,0
61.0,Male,USA,Standard,Laptop,9.35,33,4,0.98,1.0240963855421685,0
12.0,Male,USA,Standard,Laptop,9.35,4,5,0.7306373626373626,0.74235807860262,0
26.0,Female,USA,Basic,Mobile,9.36,17,4,0.8738571428571429,1.0949502827061803,1
28.0,Female,Canada,Standard,Smart TV,9.36,31,5,1.0243333333333333,1.5687150837988824,0
53.0,Male,USA,Premium,Desktop,9.36,19,4,0.5325714285714286,0.8002279851809632,1
41.0,Female,Canada,Basic,Smart TV,9.37,10,4,1.1481587301587304,2.218626677190213,0
40.0,Female,USA,Premium,Gaming Console,9.37,16,5,0.7103636363636363,0.6795600145050162,1
-4.0,Male,Canada,Standard,Smart TV,9.37,33,4,0.6414285714285715,0.8483476686283385,0
23.0,Male,USA,Premium,Mobile,9.37,27,5,0.7615164835164835,0.3459266551809008,0
50.0,Male,USA,Premium+,Tablet,9.38,28,5,0.739111111111111,1.6875562218890556,1
48.0,Female,Canada,Standard,Laptop,9.38,29,4,0.5814999999999999,1.6139948379696012,1
33.0,Female,USA,Basic,Smart TV,9.39,32,5,0.9248461538461539,0.6917976424361494,0
30.0,Male,Canada,Premium+,Laptop,9.39,35,5,0.558125,0.8339253996447603,0
32.0,Male,USA,Premium,Gaming Console,9.39,9,4,0.5932857142857142,1.3842751842751841,0
34.0,Female,USA,Standard,Tablet,9.4,17,4,1.073547619047619,0.5406960023008341,0
35.03946643148495,Female,USA,Premium,Desktop,9.4,23,5,0.7221025641025641,0.8147934123085814,0
41.0,Female,USA,Premium,Mobile,9.4,28,5,1.4241666666666668,1.468367612600885,0
49.0,Male,USA,Standard,Laptop,9.4,27,5,0.8622152777777777,0.4650012367054169,0
35.03946643148495,Female,USA,Premium,Desktop,9.4,23,5,0.7221025641025641,0.8147934123085814,0
49.0,Female,Canada,Basic,Gaming Console,9.41,16,5,0.6701428571428572,1.3096729297146832,0
35.03946643148495,Male,USA,Standard,Desktop,9.41,24,5,0.8118461538461538,0.6518877727745064,0
12.0,Other,Canada,Basic,Tablet,9.41,35,5,0.7939,1.6532942898975111,0
27.0,Female,Canada,Basic,Tablet,9.41,30,4,0.6936249999999999,1.020238525478858,0
44.0,Male,Canada,Standard,Smart TV,9.41,36,4,0.622547619047619,2.007823613086771,0
35.03946643148495,Female,USA,Standard,Laptop,9.41,35,5,0.4578,1.3163907670785728,0
30.0,Female,USA,Standard,Tablet,9.42,27,4,0.8521428571428572,1.2512729687845914,0
43.0,Male,USA,Basic,Desktop,9.42,20,5,0.47845454545454547,0.6543938867662382,0
43.0,Female,USA,Premium,Gaming Console,9.43,28,4,1.0583333333333333,0.927236971484759,0
35.03946643148495,Female,Canada,Standard,Desktop,9.43,17,4,0.719,1.0134336378291242,0
48.0,Female,Canada,Standard,Smart TV,9.43,12,5,0.8260238095238095,1.0222222222222221,0
46.0,Female,USA,Basic,Tablet,9.43,9,5,0.7191111111111111,0.9246608923026639,0
34.0,Female,USA,Basic,Tablet,9.43,3,5,0.5696,1.799046104928458,0
24.0,Female,USA,Premium+,Smart TV,9.43,27,5,0.9115454545454547,0.9194020149496263,0
34.0,Female,USA,Basic,Tablet,9.44,27,5,0.58025,1.008008542445275,0
35.03946643148495,Male,USA,Premium+,Laptop,9.44,19,5,0.4591111111111111,0.4926931106471816,0
13.0,Male,USA,Standard,Gaming Console,9.44,1,4,0.8586666666666667,1.7772199560715403,0
35.03946643148495,Male,USA,Basic,Desktop,9.45,36,5,0.4676363636363636,0.7663197729422894,1
26.0,Female,USA,Premium,Laptop,9.45,15,4,0.7355833333333334,0.9782608695652173,0
39.0,Male,USA,Standard,Smart TV,9.45,33,5,0.6935666666666666,0.7538891104906262,0
35.0,Female,USA,Premium+,Smart TV,9.45,17,4,0.9768571428571429,1.5504511894995898,0
15.0,Male,Canada,Premium,Gaming Console,9.46,4,5,0.6630714285714285,0.7410889150019586,0
33.0,Male,Canada,Premium+,Mobile,9.46,36,5,0.7363999999999999,1.9372013651877134,0
35.03946643148495,Male,Canada,Standard,Gaming Console,9.46,25,5,0.5307000000000001,0.9091782796732341,0
48.0,Female,USA,Basic,Desktop,9.46,16,5,0.5637575757575758,1.1746688741721854,0
16.0,Prefer not to say,Canada,Standard,Desktop,9.47,13,5,1.15725,0.7878535773710482,0
35.03946643148495,Male,Canada,Basic,Desktop,9.47,14,5,0.816888888888889,1.7381462220862647,0
38.0,Male,USA,Premium,Mobile,9.47,20,4,0.716,0.9769601100412655,0
35.03946643148495,Male,USA,Standard,Smart TV,9.47,31,5,0.6183888888888889,0.49706937275828894,0
35.03946643148495,Male,USA,Standard,Desktop,9.47,15,5,0.8008,0.9046330202197103,0
47.0,Male,Canada,Premium,Tablet,9.48,5,5,0.7594358974358975,0.8877789917277976,0
33.0,Female,Canada,Standard,Tablet,9.48,14,5,0.5535128205128206,0.653868260719623,0
31.0,Male,Canada,Standard,Desktop,9.48,12,5,0.9515,2.5760869565217392,0
35.03946643148495,Male,USA,Premium,Mobile,9.48,17,5,0.5166333333333333,0.7317637977614819,0
23.0,Male,Canada,Basic,Desktop,9.48,25,5,0.36633333333333334,5.506292352371734,0
38.0,Male,Canada,Premium,Laptop,9.49,8,5,0.7942083333333333,1.5364274150026984,0
41.0,Female,Canada,Standard,Desktop,9.49,11,5,0.5825757575757576,0.8239039212849081,0
27.0,Male,USA,Standard,Laptop,9.49,16,5,0.6716666666666666,0.6607868167575722,0
50.0,Male,USA,Premium,Gaming Console,9.49,11,5,0.6597181818181819,0.6895967058253604,0
26.0,Female,Canada,Premium+,Tablet,9.49,13,4,0.9113333333333333,1.7536187249769017,0
24.0,Female,USA,Standard,Gaming Console,9.5,35,5,0.5854444444444445,0.6281683932113732,0
35.03946643148495,Male,Canada,Premium+,Desktop,9.5,22,5,0.6443626373626373,0.6778451658936854,0
26.0,Male,Canada,Premium,Desktop,9.5,2,5,0.9493472222222222,1.1738056013179572,0
18.0,Prefer not to say,USA,Premium,Tablet,9.5,21,5,0.9497252747252747,0.7013658176448874,0
63.0,Female,USA,Standard,Mobile,9.51,23,4,0.45691666666666664,1.858026701400195,0
40.0,Female,USA,Standard,Laptop,9.52,29,5,0.7689696969696969,0.8972667295004711,0
41.0,Female,USA,Premium+,Tablet,9.52,25,4,0.6488611111111111,1.375722543352601,0
35.0,Female,USA,Standard,Mobile,9.52,11,4,0.4986333333333333,0.6594320018471485,0
38.0,Female,USA,Standard,Desktop,9.52,7,5,0.5023333333333333,0.5649292849371971,0
22.0,Female,Canada,Basic,Desktop,9.52,18,4,0.7178484848484848,0.8089505735731481,0
30.0,Prefer not to say,Canada,Premium,Laptop,9.52,19,5,0.37666666666666665,1.1562753036437248,0
46.0,Female,USA,Premium,Tablet,9.52,30,4,0.8034,3.0959349593495937,1
14.0,Male,USA,Basic,Smart TV,9.53,1,5,0.7603846153846154,1.1922435362802333,0
-1.0,Female,Canada,Premium+,Gaming Console,9.53,19,4,0.54325,0.6986803519061584,0
21.0,Female,USA,Standard,Desktop,9.54,10,4,0.7654444444444444,1.190268247036806,0
108.0,Male,USA,Premium+,Desktop,9.54,16,4,0.36774999999999997,1.5187052268506231,0
33.0,Female,USA,Standard,Tablet,9.54,8,4,0.39599999999999996,0.6913043478260869,1
32.0,Female,Canada,Basic,Gaming Console,9.55,31,5,0.5091666666666667,0.8741418764302059,0
28.0,Female,Canada,Standard,Mobile,9.55,24,5,0.5328823529411765,0.5762268704746581,0
16.0,Female,Canada,Basic,Tablet,9.56,6,5,0.6425555555555555,2.3185125303152794,1
30.0,Male,USA,Standard,Mobile,9.56,9,5,1.0388333333333333,0.7129008202833707,1
15.0,Female,Canada,Premium,Laptop,9.56,19,4,0.7268571428571429,1.258446687143484,0
27.0,Female,USA,Standard,Smart TV,9.57,5,5,0.7355151515151516,1.0347810416291223,0
18.0,Female,USA,Basic,Desktop,9.58,2,4,0.6094444444444445,0.9584792396198099,0
35.03946643148495,Female,Canada,Standard,Desktop,9.58,2,5,0.48600000000000004,0.7428276040320495,0
49.0,Male,USA,Premium,Laptop,9.58,18,5,0.8057058823529413,0.4317908653846154,1
38.0,Female,USA,Standard,Smart TV,9.58,14,5,0.9387857142857142,0.997743447318174,0
33.0,Male,USA,Basic,Tablet,9.58,23,5,0.7582500000000001,1.5944521497919553,0
56.0,Male,USA,Basic,Laptop,9.58,20,5,0.5510714285714285,0.7626376542390871,0
47.0,Male,USA,Standard,Tablet,9.59,28,4,0.6573737373737374,1.08300395256917,0
27.0,Male,USA,Premium,Mobile,9.59,35,5,0.6656428571428571,0.6758280479210712,0
30.0,Male,USA,Basic,Tablet,9.59,12,5,0.9840606060606059,0.4278385010037921,0
27.0,Male,Canada,Premium,Tablet,9.59,35,5,0.660142857142857,0.7661784287616511,0
27.0,Male,USA,Premium,Mobile,9.59,35,5,0.6656428571428571,0.6758280479210712,0
21.0,Male,USA,Standard,Laptop,9.6,27,5,0.5753333333333333,1.1655200323755561,0
53.0,Prefer not to say,USA,Premium,Smart TV,9.6,25,4,0.29633333333333334,1.681751824817518,0
35.0,Female,USA,Standard,Tablet,9.6,21,5,0.8333809523809523,0.7051046639735585,0
20.0,Female,USA,Standard,Desktop,9.6,22,5,0.6167142857142857,1.5850302696752887,0
36.0,Male,Canada,Standard,Desktop,9.6,30,5,0.8445441176470587,0.9695337485271839,0
47.0,Male,USA,Premium,Laptop,9.6,32,4,0.6421111111111111,0.9251525859299711,0
35.0,Female,USA,Standard,Tablet,9.6,21,5,0.8333809523809523,0.7051046639735585,0
28.0,Male,Canada,Basic,Desktop,9.61,19,5,0.979,1.0381706877925818,0
14.0,Female,USA,Standard,Desktop,9.61,0,5,1.0144285714285715,1.4142752023546723,0
36.0,Female,USA,Premium,Gaming Console,9.61,15,5,0.5267575757575758,0.7583848480862816,0
33.0,Male,USA,Premium+,Smart TV,9.61,33,5,0.8842857142857143,0.6484480431848852,0
41.0,Female,USA,Standard,Smart TV,9.61,26,5,0.8083636363636364,0.4692764710669814,0
23.0,Male,Canada,Basic,Smart TV,9.61,34,5,0.5945714285714285,1.7196540411571724,0
32.0,Female,USA,Standard,Laptop,9.62,15,5,0.6056666666666667,0.6205784324266207,0
41.0,Other,USA,Standard,Smart TV,9.62,7,5,0.7117272727272728,1.1806095316015544,0
44.0,Other,USA,Premium,Tablet,9.62,23,5,0.7173333333333334,1.5883324160704455,0
18.0,Male,Canada,Premium,Gaming Console,9.62,27,5,0.8224272727272728,1.6314301865460712,0
36.0,Female,Canada,Premium,Gaming Console,9.62,3,5,0.5093090909090908,0.5118382548550147,0
32.0,Male,USA,Premium,Mobile,9.63,6,5,0.551923076923077,1.3188769687286008,0
32.0,Prefer not to say,USA,Standard,Mobile,9.64,32,5,0.8437983193277312,0.7065721964329342,0
43.0,Male,Canada,Standard,Desktop,9.64,11,4,0.698929292929293,0.7917864476386037,1
31.0,Female,USA,Premium,Laptop,9.64,24,5,0.5921904761904762,1.377470826387235,0
39.0,Other,USA,Standard,Laptop,9.65,29,5,0.73375,1.6236679753224903,0
51.0,Prefer not to say,USA,Premium,Smart TV,9.65,24,5,0.6343571428571428,0.6224467856374973,0
57.0,Prefer not to say,USA,Basic,Gaming Console,9.65,31,3,0.74,3.5940409683426444,0
35.03946643148495,Female,USA,Premium+,Desktop,9.66,23,5,0.8347272727272728,0.6045686867633253,0
46.0,Other,USA,Premium+,Tablet,9.66,30,5,0.6274861111111112,0.7591355599214146,1
12.0,Female,USA,Standard,Gaming Console,9.66,8,5,0.6046666666666667,0.5394136807817589,0
35.03946643148495,Female,Canada,Standard,Smart TV,9.66,32,5,0.5687916666666667,1.4057724957555178,0
39.0,Female,USA,Basic,Gaming Console,9.66,11,5,0.6802285714285714,0.8619869125520523,1
44.0,Female,USA,Standard,Mobile,9.66,21,5,0.9188181818181819,1.1362477945500882,0
47.0,Female,USA,Basic,Tablet,9.67,26,4,0.48150000000000004,0.7423234390992834,0
44.0,Male,USA,Standard,Smart TV,9.67,13,5,0.6913846153846154,0.5531509200114406,0
17.0,Male,Canada,Standard,Tablet,9.67,7,5,0.5916060606060607,1.0922439759036144,0
35.03946643148495,Male,USA,Basic,Mobile,9.67,36,5,0.7195192307692309,1.0459707950243373,0
35.0,Female,USA,Premium,Desktop,9.68,18,5,0.8460714285714286,1.2878048780487805,0
44.0,Female,USA,Basic,Desktop,9.68,23,4,0.6213333333333333,1.9628252788104086,0
39.0,Male,USA,Premium+,Desktop,9.68,1,5,1.0409285714285714,0.5151219512195121,0
39.0,Male,USA,Premium+,Smart TV,9.68,17,5,0.7931923076923078,1.76857490864799,0
35.03946643148495,Female,USA,Standard,Gaming Console,9.69,27,4,0.5915333333333332,0.8802422407267222,1
35.03946643148495,Female,USA,Premium+,Gaming Console,9.69,6,5,1.034375,0.548283666540928,0
42.0,Male,Canada,Premium,Gaming Console,9.7,5,5,1.0669166666666667,0.7247820672478207,0
27.0,Male,USA,Basic,Smart TV,9.7,17,5,0.8069166666666667,1.3863744640304903,1
29.0,Male,USA,Premium+,Laptop,9.7,7,5,0.8232857142857143,1.753012048192771,0
20.0,Male,USA,Premium,Laptop,9.7,30,5,0.5469999999999999,0.917836303422173,0
28.0,Female,Canada,Standard,Tablet,9.71,12,4,0.643875,1.3799147323543344,0
11.0,Male,USA,Basic,Mobile,9.71,12,4,0.73125,4.512780790085206,0
31.0,Male,USA,Premium+,Mobile,9.71,31,4,0.44620000000000004,1.4185536888239592,0
45.0,Female,USA,Premium,Smart TV,9.71,5,5,0.7526666666666666,1.358041958041958,0
37.0,Male,USA,Premium,Tablet,9.71,27,5,0.5131111111111111,1.8200562324273666,0
31.0,Male,USA,Standard,Desktop,9.72,7,5,0.6884545454545454,0.7311019180142911,0
35.03946643148495,Prefer not to say,USA,Basic,Laptop,9.72,32,5,0.6747181818181818,1.1170273893890061,0
29.0,Female,USA,Basic,Mobile,9.73,17,4,0.5954285714285714,1.1160389982794876,0
25.0,Female,Canada,Standard,Gaming Console,9.73,5,5,0.7312000000000001,1.1220449740534304,0
52.0,Female,USA,Standard,Desktop,9.73,24,5,0.5439740259740259,0.4229515322755923,0
35.03946643148495,Male,USA,Premium+,Smart TV,9.73,5,5,0.7586944444444444,0.45723684210526333,1
30.0,Female,USA,Premium,Mobile,9.73,7,4,1.01275,1.5179407176287052,0
36.0,Other,USA,Premium,Smart TV,9.74,11,4,0.7070000000000001,1.3796033994334278,0
59.0,Male,USA,Premium,Smart TV,9.74,22,5,0.6266666666666666,0.6711070280202113,0
32.0,Female,USA,Premium+,Desktop,9.74,1,5,0.8603999999999998,0.5166195190947667,0
35.03946643148495,Female,USA,Basic,Tablet,9.74,16,5,0.7274444444444444,0.7853783093670206,0
33.0,Male,Canada,Standard,Smart TV,9.74,8,5,0.5814444444444444,0.8553864168618267,0
49.0,Male,USA,Premium,Mobile,9.74,19,5,0.79475,1.0590793765857194,0
16.0,Other,USA,Basic,Desktop,9.75,3,5,0.5340909090909091,1.1704681872749099,0
48.0,Male,USA,Standard,Gaming Console,9.75,30,4,0.8340000000000001,2.54458460200087,0
44.0,Female,Canada,Standard,Smart TV,9.75,36,5,0.6977363636363637,1.231578947368421,0
60.0,Female,USA,Standard,Smart TV,9.76,10,5,0.7675714285714286,1.1566265060240961,0
45.0,Prefer not to say,Canada,Premium,Mobile,9.76,25,4,0.78325,1.4124457308248914,0
34.0,Female,Canada,Basic,Desktop,9.76,12,5,0.8383714285714285,3.494033412887828,1
30.0,Male,USA,Standard,Smart TV,9.76,9,5,0.7236250000000001,0.6270478637969804,0
46.0,Female,USA,Standard,Mobile,9.76,17,4,0.3953333333333333,1.3489979267449896,0
37.0,Female,Canada,Premium,Laptop,9.77,35,5,0.7376666666666667,3.104872881355932,0
40.0,Other,USA,Premium+,Smart TV,9.77,10,5,0.8285454545454546,0.6124111993313831,0
41.0,Male,USA,Premium,Laptop,9.77,23,5,0.5465454545454546,0.7827480304446522,0
24.0,Male,Canada,Premium,Gaming Console,9.77,19,5,0.7863,1.0673707210487982,0
28.0,Female,USA,Standard,Smart TV,9.77,24,5,0.9306000000000001,0.823314606741573,0
39.0,Female,Canada,Premium+,Smart TV,9.77,4,5,0.5951428571428571,1.0025654181631605,0
29.0,Male,Canada,Premium,Laptop,9.77,12,5,1.0201454545454545,1.28580829129195,0
47.0,Female,USA,Standard,Gaming Console,9.77,27,5,0.482625,1.048283261802575,1
63.0,Female,Canada,Premium+,Smart TV,9.77,9,4,0.77475,1.16633505769996,0
47.0,Female,Canada,Premium,Desktop,9.77,9,5,0.7813181818181818,0.9350773648109747,0
35.0,Female,USA,Basic,Desktop,9.78,4,5,0.8001212121212121,0.9388799999999999,0
28.0,Male,Canada,Standard,Gaming Console,9.78,6,5,0.6132500000000001,1.5971692977680998,0
54.0,Male,USA,Basic,Tablet,9.78,27,5,0.7396,0.8591508052708638,0
28.0,Male,Canada,Standard,Gaming Console,9.78,6,5,0.6132500000000001,1.5971692977680998,0
29.0,Male,USA,Standard,Gaming Console,9.79,24,5,0.9692142857142857,0.939990398463754,0
42.0,Female,USA,Standard,Desktop,9.79,31,4,0.5658181818181818,0.7032203998563389,0
12.0,Female,USA,Basic,Tablet,9.79,33,4,0.3926666666666666,0.6081374883528315,0
41.0,Female,USA,Basic,Laptop,9.8,35,5,0.8700833333333333,1.8467336683417084,0
37.0,Other,USA,Standard,Gaming Console,9.8,33,4,0.8362857142857143,0.9112040911204092,0
23.0,Female,Canada,Standard,Mobile,9.8,15,5,0.6614848484848485,0.5398953264163072,0
40.0,Male,USA,Standard,Gaming Console,9.8,35,5,0.5729380804953561,0.6819763395963815,0
30.0,Male,Canada,Standard,Mobile,9.8,23,5,0.7711666666666666,1.377049180327869,0
49.0,Female,USA,Premium,Desktop,9.81,23,5,0.5936111111111111,1.7145353917856103,0
48.0,Female,Canada,Premium,Smart TV,9.81,15,5,0.5193333333333333,1.5742177052687885,0
44.0,Other,USA,Standard,Gaming Console,9.81,15,5,1.4576666666666664,1.0952735392631188,0
33.0,Female,USA,Basic,Laptop,9.81,2,5,0.8159120879120879,0.9186826908069299,1
30.0,Male,USA,Standard,Laptop,9.82,4,5,0.6645128205128205,1.1720708175850407,0
37.0,Male,Canada,Standard,Laptop,9.82,22,4,0.9245363636363636,0.46342614440773955,0
25.0,Male,USA,Premium,Smart TV,9.82,36,4,0.7580833333333333,0.8401539997148153,0
18.0,Female,USA,Premium,Mobile,9.82,33,5,0.9595555555555555,0.5660486117782688,0
51.0,Male,USA,Premium,Gaming Console,9.82,8,4,0.8659494949494949,0.8636763412489007,0
32.0,Female,USA,Basic,Tablet,9.83,3,5,0.6407552447552448,0.780881768833576,0
48.0,Other,USA,Premium,Mobile,9.83,4,5,0.7863571428571428,0.897716894977169,0
22.0,Female,Canada,Premium,Gaming Console,9.83,28,5,0.5485119047619048,1.2357008170961659,0
24.0,Female,USA,Premium,Laptop,9.83,12,5,0.5249333333333333,0.7184797173833597,1
35.03946643148495,Male,Canada,Premium,Laptop,9.83,32,5,0.8986623376623376,0.5369139736003641,1
35.03946643148495,Male,Canada,Standard,Gaming Console,9.83,1,5,1.0316363636363635,0.8763744427934621,0
35.03946643148495,Female,Canada,Premium,Mobile,9.83,22,4,0.536,1.4708229426433912,1
25.0,Male,Canada,Basic,Gaming Console,9.84,2,5,0.73505,0.35823068988532253,0
42.0,Male,USA,Premium,Tablet,9.84,32,5,0.9462692307692308,0.7111539388099254,0
28.0,Male,USA,Basic,Laptop,9.85,28,5,0.8932222222222223,1.4752870693959061,1
36.0,Female,Canada,Basic,Smart TV,9.85,9,5,1.0193863636363636,0.8873873873873874,1
26.0,Female,USA,Basic,Laptop,9.86,13,5,0.7016666666666667,1.655288192501399,0
51.0,Female,Canada,Standard,Mobile,9.86,11,5,1.0375897435897437,0.8577642453240538,0
44.0,Male,USA,Premium,Laptop,9.86,36,5,0.5272222222222223,1.2510044406851342,0
32.0,Female,USA,Standard,Tablet,9.86,14,5,0.38422222222222224,1.0517333333333332,0
47.0,Female,USA,Premium,Tablet,9.86,32,5,0.6198333333333333,0.7047891350964974,0
40.0,Male,USA,Premium,Gaming Console,9.87,6,5,0.8960989010989011,0.8921361855980715,0
32.0,Male,USA,Premium,Laptop,9.88,29,5,1.4115454545454547,0.6668166479190102,0
32.0,Female,USA,Standard,Smart TV,9.88,36,5,0.6904666666666666,0.89831792695863,0
25.0,Female,USA,Basic,Gaming Console,9.88,19,5,0.8506666666666667,1.5172766828768878,0
30.0,Male,Canada,Standard,Laptop,9.88,3,5,0.8866666666666667,1.3381489841986456,1
33.0,Male,Canada,Premium+,Laptop,9.89,21,3,1.2221666666666666,1.3893701709201591,0
20.0,Female,USA,Basic,Desktop,9.89,18,5,0.6817361111111111,1.104,0
33.0,Female,USA,Standard,Desktop,9.89,24,5,0.9281515151515152,1.5832443970117396,1
31.0,Male,Canada,Premium+,Mobile,9.89,11,5,0.7416181818181817,1.4061611374407583,0
20.0,Female,USA,Standard,Tablet,9.9,35,5,0.8076111111111111,1.2684176809737346,0
50.0,Female,USA,Premium,Gaming Console,9.9,26,4,0.7781858974358975,0.7888446215139442,0
28.0,Male,Canada,Basic,Smart TV,9.9,16,5,0.929875,0.6506736772921459,0
43.0,Male,USA,Premium,Tablet,9.9,35,5,0.7158241758241758,0.646354733405876,0
45.0,Other,USA,Premium,Smart TV,9.9,4,5,0.612,1.2298136645962732,0
20.0,Female,USA,Standard,Tablet,9.9,35,5,0.8076111111111111,1.2684176809737346,0
34.0,Female,USA,Standard,Tablet,9.91,1,5,0.39966666666666667,1.0339071465832028,0
29.0,Male,USA,Standard,Tablet,9.91,32,5,0.7615833333333333,0.5789114983935353,0
45.0,Male,USA,Basic,Smart TV,9.91,30,5,0.6078333333333333,1.6567288938422957,1
24.0,Female,USA,Standard,Desktop,9.91,3,5,0.6441111111111111,0.4323420344652076,0
64.0,Female,USA,Premium,Desktop,9.92,11,5,0.9623333333333333,1.1036528833673278,0
31.0,Male,USA,Premium,Desktop,9.92,22,5,0.7169,2.2250467289719627,0
35.03946643148495,Female,Canada,Basic,Tablet,9.92,32,4,1.0342222222222222,0.9640427599611274,0
26.0,Female,USA,Standard,Desktop,9.92,35,4,0.8032000000000001,1.4556126192223038,0
32.0,Female,USA,Standard,Laptop,9.92,30,4,0.6633333333333333,3.470553935860058,0
28.0,Female,USA,Standard,Smart TV,9.94,24,5,0.63125,1.195429945880938,0
44.0,Male,USA,Standard,Gaming Console,9.94,32,5,0.887,0.7700451904454486,0
40.0,Female,USA,Standard,Smart TV,9.94,11,5,0.7451461538461539,1.0692004302617424,0
33.0,Female,USA,Premium,Desktop,9.94,18,5,0.6981428571428572,1.095920617420066,1
46.0,Prefer not to say,USA,Standard,Smart TV,9.94,33,5,0.8728750000000001,1.132333396620467,0
41.0,Female,Canada,Standard,Laptop,9.95,5,5,0.6476000000000001,1.4004222378606612,0
33.0,Male,USA,Standard,Tablet,9.95,7,5,0.8838,0.9458174904942964,0
53.0,Prefer not to say,Canada,Premium,Laptop,9.96,16,5,0.9585877192982455,0.6482264887731859,0
24.0,Male,USA,Premium,Gaming Console,9.96,19,5,0.7046161616161616,0.8376787216148025,1
24.0,Female,Canada,Premium,Gaming Console,9.96,10,5,0.6404666666666666,2.2627792502839834,0
27.0,Male,USA,Standard,Laptop,9.96,9,5,0.4270666666666666,2.48585690515807,0
43.0,Female,Canada,Standard,Desktop,9.96,6,5,0.6484285714285714,1.901368119630926,0
28.0,Male,USA,Premium,Laptop,9.97,36,4,1.0112197802197802,0.5975427030266708,0
29.0,Female,USA,Basic,Smart TV,9.97,35,4,0.9103,1.0082588909489298,0
51.0,Male,USA,Premium,Laptop,9.97,26,5,0.8857820512820513,1.1368301026225769,0
37.0,Female,Canada,Premium,Smart TV,9.97,18,5,0.8922857142857142,0.9493731153785114,1
20.0,Other,USA,Basic,Laptop,9.98,2,5,0.6829999999999999,0.8119322033898306,0
40.0,Male,USA,Premium,Tablet,9.98,17,5,0.7856692307692308,1.0079111260730516,0
42.0,Female,Canada,Basic,Gaming Console,9.98,11,5,0.5851999999999999,1.2002405291641611,1
13.0,Female,USA,Basic,Smart TV,9.99,18,5,0.8519285714285715,0.5239968528717546,0
24.0,Male,Canada,Standard,Smart TV,9.99,7,5,0.8158676470588235,0.5527480634452233,0
48.0,Male,USA,Premium,Laptop,9.99,31,4,0.46848611111111116,1.7588028169014083,0
35.03946643148495,Female,USA,Premium,Laptop,9.99,13,5,0.9366000000000001,1.0809738503155997,1
19.0,Male,USA,Premium,Mobile,9.99,23,5,0.6913636363636364,0.5064638783269962,0
8.0,Male,USA,Premium,Smart TV,9.99,4,5,0.8018974358974358,0.7254901960784313,0
40.0,Female,Canada,Basic,Gaming Console,10.0,12,5,1.0934117647058823,0.3265839320705421,0
39.0,Prefer not to say,USA,Basic,Desktop,10.0,16,5,0.5195396825396825,1.1730205278592374,0
30.0,Male,USA,Basic,Tablet,10.0,10,5,0.6797454545454545,0.748502994011976,1
61.0,Female,USA,Basic,Laptop,10.0,36,5,0.6133571428571429,0.6938020351526364,0
31.0,Male,USA,Basic,Tablet,10.0,10,5,0.9555833333333335,1.0,0
28.0,Female,USA,Basic,Desktop,10.0,20,4,0.6689285714285714,0.4534804625500718,0
26.0,Female,USA,Basic,Mobile,10.0,33,5,0.6191515151515151,1.0018367006177995,0
2.0,Female,Canada,Basic,Tablet,10.0,25,5,0.5749090909090909,1.0036801605888255,0
41.0,Female,USA,Basic,Smart TV,10.0,22,5,0.8437999999999999,0.8492569002123141,0
37.0,Prefer not to say,Canada,Premium+,Laptop,10.0,23,5,0.7395,1.2560184216035166,0
35.03946643148495,Male,USA,Basic,Gaming Console,10.0,7,5,0.6646666666666667,1.3537906137184115,0
47.0,Male,Canada,Basic,Desktop,10.0,11,5,0.6642,0.6681514476614699,0
48.0,Female,USA,Basic,Smart TV,10.0,29,5,0.8025,0.5330964015992892,0
55.0,Female,USA,Basic,Desktop,10.0,19,5,0.833375,1.8535681186283595,1
37.0,Male,Canada,Basic,Smart TV,10.0,15,5,0.8907,0.7854431208273335,0
22.0,Prefer not to say,USA,Basic,Mobile,10.0,20,4,0.5853333333333334,3.4843205574912894,0
35.03946643148495,Other,USA,Basic,Smart TV,10.0,16,5,0.8143636363636364,1.0619469026548674,0
23.0,Female,Canada,Basic,Desktop,10.0,12,4,0.6814444444444445,1.1428571428571428,0
40.0,Female,Canada,Basic,Smart TV,10.0,22,5,0.5475,0.988956650733476,1
40.0,Female,USA,Basic,Laptop,10.0,12,4,0.9225714285714286,0.6316454363617222,0
14.0,Male,Canada,Basic,Smart TV,10.0,7,5,0.524625,1.3291980505095258,1
38.0,Male,USA,Basic,Smart TV,10.0,36,5,0.6249666666666667,1.0828370330265293,0
49.0,Male,USA,Basic,Laptop,10.0,15,5,0.6076904761904762,1.2043356081894823,0
43.0,Male,Canada,Basic,Desktop,10.0,3,5,0.5363571428571429,1.5535991714137751,0
55.0,Female,USA,Basic,Laptop,10.0,14,5,0.7153956043956042,0.7524454477050414,0
12.0,Male,USA,Basic,Desktop,10.0,8,4,0.6286507936507937,1.3100436681222705,0
35.03946643148495,Female,Canada,Basic,Laptop,10.0,28,5,0.42987499999999995,1.5056461731493098,0
56.0,Female,Canada,Basic,Laptop,10.0,15,3,0.5301428571428572,1.374255611543747,1
51.0,Male,USA,Basic,Tablet,10.0,20,5,0.6083272727272727,1.0318142734307825,0
35.0,Female,USA,Basic,Mobile,10.0,5,4,0.917,2.5996533795493937,0
35.03946643148495,Prefer not to say,USA,Basic,Smart TV,10.0,12,5,0.5265,0.46827440880355886,0
19.0,Female,USA,Basic,Tablet,10.0,2,5,0.6278333333333332,1.8547140649149922,1
31.0,Female,USA,Basic,Gaming Console,10.0,5,5,0.6327777777777778,1.078554736652885,0
34.0,Female,USA,Basic,Smart TV,10.0,33,5,0.7186333333333333,1.178087571176124,0
51.0,Prefer not to say,Canada,Basic,Gaming Console,10.0,21,5,0.5377777777777778,0.9501187648456056,0
40.0,Male,Canada,Basic,Smart TV,10.0,34,5,1.0605555555555557,1.0901162790697674,0
51.0,Female,USA,Basic,Laptop,10.0,5,5,0.7782857142857142,2.0429009193054135,0
39.0,Female,USA,Basic,Mobile,10.0,35,4,0.98425,1.4251781472684084,1
35.03946643148495,Female,USA,Basic,Smart TV,10.0,20,5,0.7575000000000001,1.1396011396011396,0
38.0,Female,USA,Basic,Mobile,10.0,14,5,0.7484065934065933,0.6212466349140608,1
31.0,Male,Canada,Basic,Laptop,10.0,27,5,0.82525,0.7255139056831923,1
42.0,Male,USA,Basic,Desktop,10.0,23,5,1.0716384615384618,0.8760402978537013,0
51.0,Male,USA,Basic,Tablet,10.0,32,4,0.7635000000000001,1.088139281828074,1
61.0,Female,USA,Basic,Laptop,10.0,10,5,0.6858095238095239,0.49809065249875484,1
47.0,Female,USA,Basic,Desktop,10.0,4,5,0.6061538461538463,0.7950178879024777,0
22.0,Other,USA,Basic,Mobile,10.0,9,5,0.771809523809524,0.6514657980456027,0
51.0,Male,USA,Basic,Tablet,10.0,14,5,0.4755,1.0328800137717333,0
26.0,Female,Canada,Basic,Laptop,10.0,24,5,0.5913333333333334,0.8625646923519263,0
35.0,Female,Canada,Basic,Desktop,10.0,20,5,0.5929722222222222,0.8071025020177564,0
31.0,Female,USA,Basic,Desktop,10.0,3,5,0.9739285714285715,1.6034206306787813,0
34.0,Female,USA,Basic,Smart TV,10.0,11,5,0.5787912087912088,0.754242614707731,0
34.0,Female,USA,Basic,Laptop,10.0,5,5,0.89925,1.3736263736263736,0
23.0,Male,USA,Basic,Gaming Console,10.0,19,4,0.9695555555555556,1.2925463162429986,1
34.0,Male,Canada,Basic,Tablet,10.0,1,5,0.5104666666666667,1.2479201331114809,0
35.03946643148495,Female,USA,Basic,Desktop,10.0,11,5,0.7711,0.8784773060029283,0
33.0,Female,Canada,Basic,Mobile,10.0,13,5,0.7440357142857144,0.5210142410559222,0
40.0,Prefer not to say,Canada,Basic,Tablet,10.0,35,5,1.1625,0.6791940230925967,0
30.0,Female,USA,Basic,Laptop,10.0,15,4,0.546,1.7569546120058566,0
20.0,Prefer not to say,USA,Basic,Smart TV,10.0,34,5,0.5167777777777778,1.4680694886224612,1
34.0,Male,Canada,Basic,Gaming Console,10.0,8,5,0.7300769230769231,0.4225649693640397,1
42.0,Male,USA,Basic,Gaming Console,10.0,30,5,0.6254685314685315,0.8616975441619993,0
35.03946643148495,Female,Canada,Basic,Smart TV,10.0,31,5,0.5786666666666667,1.6442861057824063,0
43.0,Male,Canada,Basic,Smart TV,10.0,5,5,0.7671,1.340782122905028,1
36.0,Female,USA,Basic,Tablet,10.0,19,5,0.7463636363636363,1.4114326040931546,0
30.0,Female,Canada,Basic,Laptop,10.0,6,3,0.9301333333333333,2.4,0
22.0,Female,USA,Basic,Gaming Console,10.0,5,5,0.8210000000000001,1.1068068622025455,0
33.0,Female,Canada,Basic,Mobile,10.0,11,5,1.052,3.976143141153082,0
35.03946643148495,Male,Canada,Basic,Gaming Console,10.0,14,4,0.49542857142857144,1.5801948907031866,0
59.0,Female,Canada,Basic,Laptop,10.0,27,5,0.7980549450549451,0.6138107416879794,0
32.0,Female,USA,Basic,Smart TV,10.0,4,5,0.45984615384615385,0.564865373752589,0
31.0,Other,USA,Basic,Tablet,10.0,29,4,0.6022666666666667,1.892744479495268,0
37.0,Prefer not to say,USA,Basic,Desktop,10.0,33,4,0.8253506493506494,1.0325245224574082,0
27.0,Male,Canada,Basic,Tablet,10.0,15,5,0.8763571428571428,0.6395224898742272,0
37.0,Male,USA,Basic,Laptop,10.0,16,5,1.0422500000000001,1.1357183418512207,1
44.0,Male,Canada,Basic,Gaming Console,10.0,7,4,0.8428787878787878,0.6602112676056338,0
33.0,Male,USA,Basic,Desktop,10.0,24,5,0.5343181818181818,1.0824463287028683,0
16.0,Female,USA,Basic,Gaming Console,10.0,32,4,0.5202571428571429,1.9775873434410016,1
31.0,Female,USA,Basic,Laptop,10.0,30,5,0.7061904761904761,1.705999431333523,0
14.0,Male,Canada,Basic,Laptop,10.0,32,4,0.5967333333333333,0.4241781548250265,0
46.0,Female,USA,Basic,Desktop,10.0,17,4,1.1336249999999999,1.254442818314865,0
31.0,Female,Canada,Basic,Mobile,10.0,6,5,0.4889294871794872,0.7890583903208838,0
55.0,Female,Canada,Basic,Desktop,10.0,19,5,0.5617777777777778,0.8895478131949592,0
49.0,Female,USA,Basic,Mobile,10.0,34,5,1.045547619047619,2.0181634712411705,0
28.0,Male,USA,Basic,Smart TV,10.0,4,5,1.0099333333333336,0.922509225092251,0
3.0,Male,Canada,Basic,Mobile,10.0,26,4,0.8222424242424242,1.4333492594362158,1
35.0,Female,Canada,Basic,Laptop,10.0,26,5,0.6757857142857143,0.7109847138286527,0
48.0,Male,USA,Basic,Mobile,10.0,17,4,0.7489999999999999,0.8614501076812635,0
33.0,Male,Canada,Basic,Laptop,10.0,11,4,0.263,2.55863539445629,0
41.0,Male,USA,Basic,Desktop,10.0,27,5,0.7245050505050505,0.8463817181548879,0
39.0,Male,USA,Basic,Smart TV,10.0,8,5,0.5765,1.0427528675703859,0
30.0,Male,USA,Basic,Desktop,10.0,3,5,0.6384090909090909,1.5789473684210527,0
31.0,Female,Canada,Basic,Smart TV,10.0,1,5,0.4952857142857143,1.3392857142857142,1
56.0,Female,USA,Basic,Desktop,10.0,30,5,0.9396666666666667,0.8017103153393907,0
35.03946643148495,Male,USA,Basic,Tablet,10.0,15,5,0.6189722222222223,1.4662756598240467,1
35.03946643148495,Female,USA,Basic,Mobile,10.0,3,5,0.8352666666666666,0.7209805335255948,1
22.0,Male,Canada,Basic,Laptop,10.0,10,5,0.9740606060606061,0.8929900282780177,0
34.0,Male,USA,Basic,Mobile,10.0,18,5,0.9032666666666667,1.5818613234906405,0
7.0,Female,Canada,Basic,Smart TV,10.0,33,4,0.9583545454545455,0.4646840148698886,0
40.0,Prefer not to say,USA,Basic,Mobile,10.0,10,5,0.7266111111111111,1.1162790697674418,0
7.0,Female,Canada,Basic,Laptop,10.0,11,5,0.44266666666666665,2.1111893033075297,0
27.0,Female,Canada,Basic,Gaming Console,10.0,1,5,0.7423571428571428,1.2348219798312408,0
42.0,Male,Canada,Basic,Laptop,10.0,32,5,0.7809999999999999,0.6968641114982579,0
35.03946643148495,Female,USA,Basic,Mobile,10.0,14,5,0.600875,1.918158567774936,0
37.0,Female,Canada,Basic,Laptop,10.0,5,5,0.863,1.0865628395508873,0
42.0,Male,Canada,Basic,Smart TV,10.0,3,5,0.8313142857142857,2.3085802231627546,0
44.0,Male,USA,Basic,Tablet,10.0,12,5,0.7872692307692308,0.671591672263264,0
34.0,Male,USA,Basic,Tablet,10.0,9,5,0.979125,1.5267175572519085,0
44.0,Female,USA,Basic,Tablet,10.0,33,5,0.964375,0.5335704757670076,0
27.0,Prefer not to say,Canada,Basic,Mobile,10.0,6,5,0.8700833333333333,0.6495615459564793,0
33.0,Male,Canada,Basic,Mobile,10.0,8,5,0.6303333333333333,0.8832621816575886,0
29.0,Female,Canada,Basic,Gaming Console,10.0,28,5,0.77,0.9146341463414634,0
42.0,Male,Canada,Basic,Smart TV,10.0,32,5,1.1189999999999998,1.132502831257078,0
52.0,Female,Canada,Basic,Desktop,10.0,24,4,0.6453333333333333,3.52319436288902,1
35.03946643148495,Female,Canada,Basic,Gaming Console,10.0,19,5,0.49945454545454543,0.9746588693957116,0
28.0,Other,USA,Basic,Gaming Console,10.0,30,5,0.32433333333333336,0.9432479169941833,0
55.0,Female,USA,Basic,Mobile,10.0,18,5,0.8915694444444444,1.2202562538133008,1
47.0,Male,Canada,Basic,Tablet,10.0,13,4,0.611625,1.760046934584922,0
34.0,Male,USA,Basic,Smart TV,10.0,1,4,1.08125,1.2717253073336159,0
28.0,Female,Canada,Basic,Mobile,10.0,19,5,0.609,4.854368932038835,0
40.0,Other,Canada,Basic,Smart TV,10.0,7,5,0.9085714285714286,0.8903398130286394,0
35.03946643148495,Male,USA,Basic,Gaming Console,10.0,32,5,0.79,0.6915629322268326,0
34.0,Prefer not to say,USA,Basic,Desktop,10.0,24,5,0.9545714285714286,1.3247957606535659,0
41.0,Male,USA,Basic,Mobile,10.0,25,5,0.6074666666666666,1.2589173310952582,1
18.0,Male,USA,Basic,Smart TV,10.0,23,5,0.482,0.9580073447229761,0
50.0,Female,USA,Basic,Desktop,10.0,32,4,0.496,1.4752889107450207,0
22.0,Female,Canada,Basic,Gaming Console,10.0,7,4,0.7733333333333333,2.2607385079125843,0
42.0,Female,USA,Basic,Mobile,10.0,1,5,0.83,0.912270031929451,0
39.0,Prefer not to say,Canada,Basic,Gaming Console,10.0,17,5,0.7836,0.5772561092938234,0
35.0,Female,Canada,Basic,Tablet,10.0,15,5,0.9950769230769231,0.702000702000702,0
35.03946643148495,Male,USA,Basic,Smart TV,10.0,21,5,0.6513397435897434,0.8664259927797834,0
49.0,Male,USA,Basic,Smart TV,10.0,18,4,1.0518571428571428,2.6200873362445414,0
33.0,Female,USA,Basic,Laptop,10.0,16,5,0.8422142857142857,0.8145533532446375,1
57.0,Male,USA,Basic,Mobile,10.0,2,5,0.6541212121212121,1.212366134572641,0
37.0,Male,Canada,Basic,Laptop,10.0,8,4,0.54125,6.269592476489029,0
52.0,Female,USA,Basic,Desktop,10.0,34,5,0.655,0.9626183218353922,0
52.0,Female,Canada,Basic,Smart TV,10.0,8,5,0.7846666666666667,1.8001800180018,0
44.0,Female,Canada,Basic,Smart TV,10.0,36,5,0.41239999999999993,1.066477070742979,1
23.0,Female,USA,Basic,Mobile,10.0,12,5,0.8502967032967033,0.3252561392096276,1
45.0,Female,USA,Basic,Mobile,10.0,36,5,0.765,1.378993334865548,0
24.0,Male,USA,Basic,Desktop,10.0,20,4,0.8033333333333332,1.2417218543046358,0
20.0,Female,USA,Basic,Gaming Console,10.0,3,5,0.8790666666666667,0.44470797509635346,0
61.0,Female,USA,Basic,Smart TV,10.0,3,5,0.9909999999999999,2.0202020202020203,0
39.0,Male,USA,Basic,Mobile,10.0,34,5,0.723047619047619,0.7123352724682417,1
53.0,Female,USA,Basic,Smart TV,10.0,3,4,0.504,4.329004329004329,1
26.0,Male,USA,Basic,Gaming Console,10.0,24,5,0.7624285714285715,1.7841213202497768,0
44.0,Male,USA,Basic,Desktop,10.0,5,5,0.7640793650793651,1.566170712607674,0
27.0,Female,Canada,Basic,Desktop,10.0,10,5,0.7333666666666666,0.5188964801522097,0
40.0,Male,USA,Basic,Desktop,10.0,20,5,0.6249272727272728,0.9878169245966415,0
35.03946643148495,Male,USA,Basic,Desktop,10.0,33,5,0.4651447368421053,0.5494505494505495,0
28.0,Other,USA,Basic,Desktop,10.0,34,5,0.8020263157894737,0.3498134328358209,1
32.0,Male,Canada,Basic,Laptop,10.0,28,5,1.01,1.5592515592515592,0
23.0,Female,USA,Basic,Desktop,10.0,15,5,0.8070808080808081,0.9383797309978105,1
47.0,Male,USA,Basic,Gaming Console,10.0,16,5,0.33225,1.618559482060966,1
56.0,Female,USA,Basic,Laptop,10.0,27,5,0.6425734265734266,0.9589260028767779,0
35.03946643148495,Female,USA,Basic,Gaming Console,10.0,19,4,0.6558681318681319,1.1021307861866276,0
54.0,Other,USA,Basic,Mobile,10.0,12,5,0.5471428571428572,1.9704433497536946,1
29.0,Male,USA,Basic,Tablet,10.0,36,5,0.690361111111111,0.4213483146067416,0
38.0,Female,USA,Basic,Tablet,10.0,12,5,0.5587142857142857,0.7537688442211055,0
43.0,Male,USA,Basic,Tablet,10.0,16,5,1.0192333333333332,0.653737197646546,0
62.0,Male,USA,Basic,Tablet,10.0,26,5,0.3705,2.162162162162162,0
27.0,Male,Canada,Basic,Desktop,10.0,6,5,0.527013986013986,0.7981907675934548,0
35.03946643148495,Female,Canada,Basic,Smart TV,10.0,24,5,0.5416363636363637,1.145475372279496,0
51.0,Male,USA,Basic,Tablet,10.0,25,5,0.6571538461538461,0.6490696668109044,1
50.0,Male,USA,Basic,Laptop,10.0,17,5,0.6859,0.4127399050698219,0
27.0,Male,USA,Basic,Tablet,10.0,7,5,0.5538666666666666,0.7446940548591287,1
54.0,Female,USA,Basic,Tablet,10.0,27,5,0.5358181818181819,0.5138746145940392,1
16.0,Female,USA,Basic,Smart TV,10.0,29,5,1.0874,0.9930486593843098,0
36.0,Female,USA,Basic,Desktop,10.0,16,5,0.7045757575757576,0.49987503124218946,0
30.0,Female,USA,Basic,Gaming Console,10.0,29,5,0.7497692307692307,0.42447824548991864,0
53.0,Female,USA,Basic,Tablet,10.0,31,5,0.7780714285714285,0.8529997156667615,0
27.0,Female,Canada,Basic,Tablet,10.0,13,5,0.6152222222222221,1.3708019191226866,0
35.03946643148495,Female,Canada,Basic,Mobile,10.0,15,5,0.7727777777777778,0.9552619009711829,1
35.03946643148495,Female,USA,Basic,Laptop,10.0,6,5,0.7111717171717171,1.4756517461878995,1
55.0,Female,USA,Basic,Laptop,10.0,12,5,0.8619583333333334,1.3006720138738348,0
26.0,Male,USA,Basic,Gaming Console,10.0,31,5,0.9098999999999999,1.706484641638225,1
20.0,Male,USA,Basic,Gaming Console,10.0,36,5,0.845375,1.3330371028660297,1
35.03946643148495,Female,Canada,Basic,Laptop,10.0,16,5,0.6003333333333333,1.7958695001496559,0
34.0,Other,USA,Basic,Desktop,10.0,26,5,0.523968253968254,0.9584664536741214,0
53.0,Female,USA,Basic,Laptop,10.0,7,4,0.35633333333333334,5.119453924914676,0
33.0,Female,USA,Basic,Gaming Console,10.0,32,5,0.41215384615384615,1.11731843575419,0
43.0,Male,Canada,Basic,Desktop,10.0,36,5,0.8048681318681318,0.5108121913843011,0
12.0,Male,Canada,Basic,Laptop,10.0,12,4,0.6040000000000001,1.3654984069185252,0
47.0,Male,USA,Basic,Tablet,10.0,6,5,0.7192564102564103,1.0357327809425168,0
32.0,Female,Canada,Basic,Mobile,10.0,16,5,0.7748571428571428,1.3834447774959648,0
29.0,Male,Canada,Basic,Tablet,10.0,32,5,0.8893296703296703,0.918133129303749,0
38.0,Female,Canada,Basic,Tablet,10.0,24,5,0.896,1.3486176668914363,0
26.0,Female,USA,Basic,Smart TV,10.0,11,5,0.5905714285714285,1.9305019305019302,1
37.0,Male,USA,Basic,Tablet,10.0,23,5,0.8007333333333333,0.5257162884430037,0
36.0,Male,USA,Basic,Desktop,10.0,22,5,0.8158666666666666,0.7180469123982767,0
35.03946643148495,Prefer not to say,USA,Basic,Mobile,10.0,19,5,0.6821071428571428,1.6745743790120011,0
28.0,Female,Canada,Basic,Desktop,10.0,11,5,0.7501111111111112,1.0672358591248665,1
40.0,Female,USA,Basic,Mobile,10.0,17,4,0.5964,2.646669607410675,0
44.0,Other,USA,Basic,Laptop,10.0,7,4,0.6828786764705883,0.4288471160031449,0
22.0,Prefer not to say,Canada,Basic,Gaming Console,10.0,19,5,0.6510972222222222,1.4367816091954022,0
24.0,Female,Canada,Basic,Smart TV,10.0,15,5,0.9843333333333333,1.2842465753424657,0
31.0,Female,USA,Basic,Laptop,10.0,33,5,0.5312424242424242,1.1102886750555145,0
35.03946643148495,Male,USA,Basic,Tablet,10.0,16,5,0.6430909090909092,0.7267441860465116,1
26.0,Female,USA,Basic,Laptop,10.0,28,5,0.8971168831168831,1.1661807580174928,1
45.0,Male,Canada,Basic,Mobile,10.0,10,5,0.6843333333333333,0.44241262350685745,0
26.0,Female,Canada,Basic,Laptop,10.0,24,5,0.5913333333333334,0.8625646923519263,0
26.0,Male,USA,Basic,Gaming Console,10.0,24,5,0.7624285714285715,1.7841213202497768,0
38.0,Female,USA,Basic,Mobile,10.0,14,5,0.7484065934065933,0.6212466349140608,1
37.0,Female,Canada,Basic,Laptop,10.0,5,5,0.863,1.0865628395508873,0
58.0,Female,USA,Standard,Tablet,10.01,26,5,0.526125,1.426603325415677,1
21.0,Other,USA,Basic,Smart TV,10.01,4,5,0.8547777777777779,0.7754680438992898,0
43.0,Male,Canada,Premium,Mobile,10.02,23,4,0.5748,0.5250196489389574,0
31.0,Female,USA,Premium,Laptop,10.02,19,5,0.8145,0.6418962203715566,0
40.0,Female,USA,Standard,Mobile,10.02,2,5,0.6560633484162897,0.49784696919509774,0
35.0,Male,USA,Standard,Smart TV,10.02,13,5,0.6506363636363637,0.8579991437134294,0
36.0,Male,Canada,Standard,Tablet,10.02,7,4,0.7211666666666666,0.7645936665394887,0
33.0,Other,USA,Premium,Laptop,10.02,28,5,0.6626666666666667,1.2447204968944097,1
54.0,Male,Canada,Standard,Desktop,10.03,28,5,0.8514848484848485,0.8795673779596608,0
35.03946643148495,Male,Canada,Premium,Smart TV,10.03,5,5,0.5938571428571429,1.1329066265060241,1
29.0,Female,Canada,Standard,Smart TV,10.03,1,5,0.7368181818181818,1.3581584292484765,0
55.0,Female,USA,Premium+,Laptop,10.03,18,5,0.6435454545454545,1.1432370820668691,1
39.0,Female,Canada,Standard,Tablet,10.03,32,4,0.7858585858585858,1.3235100065977567,0
55.0,Male,USA,Basic,Mobile,10.04,14,5,0.876,1.3149967256057626,0
39.0,Female,USA,Standard,Tablet,10.04,34,4,0.6121666666666667,1.1344632768361582,0
48.0,Male,USA,Premium,Smart TV,10.04,26,5,0.47800000000000004,2.2595648912228055,0
40.0,Other,USA,Premium,Gaming Console,10.04,10,5,0.808142857142857,3.757953836556456,0
44.0,Female,USA,Premium,Laptop,10.04,30,5,0.6173636363636363,1.8535384615384614,0
42.0,Male,USA,Premium+,Tablet,10.05,2,5,0.6356931818181819,0.9817648974275479,0
24.0,Male,USA,Premium+,Mobile,10.05,21,4,0.9026333333333332,0.782608695652174,0
30.0,Male,USA,Standard,Laptop,10.05,16,4,0.649,2.952987267384917,1
35.0,Male,USA,Premium,Laptop,10.05,33,5,0.8296363636363637,0.7992047713717695,1
9.0,Other,Canada,Premium,Mobile,10.05,29,4,0.642,3.650121065375303,0
30.0,Male,USA,Standard,Laptop,10.05,16,4,0.649,2.952987267384917,1
35.0,Female,USA,Premium,Laptop,10.05,33,5,0.8296363636363637,0.7992047713717695,1
38.0,Female,USA,Premium+,Mobile,10.06,24,4,0.5014,2.5181476846057573,1
35.03946643148495,Female,USA,Standard,Smart TV,10.06,13,5,0.6011111111111112,1.029682702149437,0
37.0,Other,Canada,Standard,Desktop,10.06,15,5,0.6536461538461539,0.8083567697870631,0
26.0,Prefer not to say,USA,Standard,Gaming Console,10.06,36,5,1.1522747252747254,1.1556576680068924,0
31.0,Male,USA,Premium,Smart TV,10.06,34,5,0.8250909090909091,1.1248602310846068,0
27.0,Male,Canada,Premium,Mobile,10.07,10,5,0.8503076923076923,1.0108750209135016,0
49.0,Male,USA,Standard,Mobile,10.08,7,4,0.9316089743589744,1.6175447980743514,0
35.03946643148495,Female,Canada,Standard,Smart TV,10.08,26,5,0.9896495726495727,0.6993524514338575,0
35.03946643148495,Female,Canada,Standard,Tablet,10.08,8,4,0.482625,1.2091163534586165,0
35.03946643148495,Female,USA,Premium,Desktop,10.08,22,5,0.7197777777777778,1.4510556621880997,0
35.03946643148495,Female,Canada,Standard,Smart TV,10.08,27,5,0.6822499999999999,2.05574439157036,0
44.0,Male,Canada,Standard,Smart TV,10.08,18,5,1.0095714285714286,0.9867841409691629,1
47.0,Male,USA,Premium,Gaming Console,10.09,13,5,0.5444705882352942,0.6633066725101348,0
13.0,Male,Canada,Premium+,Mobile,10.09,28,5,0.45625,1.7696579947383804,0
11.0,Male,Canada,Premium,Gaming Console,10.09,18,5,0.512375,2.02407221664995,0
32.0,Female,USA,Standard,Mobile,10.09,19,5,0.5354545454545454,1.2282410225197808,0
42.0,Female,USA,Premium,Desktop,10.09,30,5,0.7258571428571429,1.8871571072319202,0
33.0,Female,Canada,Standard,Mobile,10.09,16,5,0.94775,7.446494464944649,0
55.0,Female,Canada,Premium,Gaming Console,10.1,22,5,1.0854,0.7081093713484459,0
32.0,Female,Canada,Basic,Gaming Console,10.1,21,5,0.8987777777777778,1.1922093252016523,0
25.0,Male,Canada,Standard,Gaming Console,10.11,1,5,0.5274285714285714,0.8169696969696969,0
38.0,Male,Canada,Premium,Gaming Console,10.11,34,4,0.7188571428571429,1.2824524312896404,0
35.03946643148495,Male,USA,Premium,Tablet,10.11,20,5,0.6196363636363637,0.9195088676671213,0
38.0,Female,USA,Standard,Smart TV,10.12,4,5,0.9019047619047618,1.297990594271056,0
60.0,Other,Canada,Premium+,Laptop,10.12,33,4,0.8664999999999999,1.3648010788941332,0
53.0,Male,Canada,Premium,Mobile,10.12,4,5,1.1344285714285713,2.3193277310924367,0
35.0,Male,USA,Standard,Smart TV,10.12,20,5,0.6059568627450981,0.941249418694776,0
31.0,Male,USA,Premium,Laptop,10.13,20,5,1.1780694444444444,1.6813278008298755,1
40.0,Female,USA,Basic,Tablet,10.13,2,5,0.8267936507936507,1.5787012987012987,0
32.0,Male,Canada,Standard,Gaming Console,10.13,27,5,0.97225,0.9630803359214071,0
35.03946643148495,Female,USA,Basic,Mobile,10.13,36,5,0.8089272727272727,0.8960636886333481,0
19.0,Female,USA,Standard,Tablet,10.13,29,4,0.9208000000000001,3.0759109311740893,0
22.0,Female,Canada,Premium,Mobile,10.14,35,5,1.0843636363636362,1.152491002083728,0
11.0,Female,USA,Standard,Tablet,10.14,17,5,0.99125,1.5194805194805194,1
53.0,Male,USA,Standard,Gaming Console,10.14,8,5,0.632,0.9202843745273029,0
11.0,Female,USA,Standard,Tablet,10.14,17,5,0.99125,1.5194805194805194,1
44.0,Female,USA,Standard,Smart TV,10.15,14,5,0.7608888888888888,0.7718631178707225,0
35.03946643148495,Female,USA,Premium,Desktop,10.15,22,5,0.7693333333333333,1.4558928998326561,1
29.0,Female,USA,Standard,Desktop,10.15,5,5,0.5676190476190476,0.8056621246196588,0
34.0,Female,USA,Basic,Laptop,10.16,12,5,0.5959090909090909,1.1848396501457727,0
24.0,Other,USA,Premium,Laptop,10.17,15,5,1.0364444444444443,1.3651006711409395,0
63.0,Male,Canada,Basic,Tablet,10.17,1,5,0.5797272727272728,0.8118680149015434,0
16.0,Female,Canada,Standard,Mobile,10.17,11,5,0.8902222222222222,1.825306610828597,1
36.0,Female,USA,Premium,Gaming Console,10.17,6,5,1.1033,0.8682413204325554,0
49.0,Male,USA,Basic,Desktop,10.17,26,5,0.886,1.9495207667731629,0
68.0,Other,USA,Premium,Desktop,10.17,9,4,0.790923076923077,0.6733612888986978,1
9.0,Male,Canada,Basic,Mobile,10.17,30,5,1.0485,1.2002360346184104,0
16.0,Female,USA,Standard,Smart TV,10.17,24,5,0.252,2.119485932615491,0
43.0,Female,Canada,Premium,Mobile,10.17,34,5,0.657,0.952841973766396,0
43.0,Female,Canada,Premium,Mobile,10.17,34,5,0.657,0.952841973766396,0
30.0,Male,USA,Basic,Tablet,10.18,22,5,0.6179444444444444,1.8071005917159761,0
52.0,Male,USA,Standard,Gaming Console,10.18,36,5,0.5831111111111111,1.1978819376348304,0
45.0,Male,Canada,Standard,Gaming Console,10.18,30,5,0.5844285714285714,1.8331332533013203,1
35.03946643148495,Female,USA,Premium,Gaming Console,10.19,26,5,0.9146666666666667,1.1368538490145033,1
35.03946643148495,Female,USA,Basic,Mobile,10.19,34,5,0.699125,2.131056117113977,1
27.0,Female,USA,Premium+,Mobile,10.19,20,5,0.8372222222222223,1.1088139281828073,1
36.0,Female,USA,Basic,Laptop,10.19,23,4,1.0852499999999998,1.3613894455577822,1
21.0,Male,USA,Premium,Tablet,10.19,29,5,0.8292142857142857,1.459536882310814,0
35.03946643148495,Female,Canada,Basic,Smart TV,10.19,1,5,0.5925555555555555,1.2272179847450824,0
41.0,Female,USA,Basic,Mobile,10.19,13,5,0.8404615384615386,0.8597946842919421,0
35.03946643148495,Female,Canada,Basic,Smart TV,10.19,1,5,0.5925555555555555,1.2272179847450824,0
23.0,Female,USA,Premium,Laptop,10.2,32,5,0.9205714285714286,0.5860946178892934,1
34.0,Female,USA,Premium,Tablet,10.2,21,5,1.0653333333333332,2.5102543068088594,0
25.0,Male,USA,Premium,Mobile,10.2,15,4,0.9385714285714286,0.8239095315024232,0
20.0,Male,USA,Premium,Mobile,10.2,24,4,0.6114444444444445,0.6970387243735763,1
21.0,Male,Canada,Standard,Gaming Console,10.2,2,4,0.45644444444444443,0.5884049610614365,0
25.0,Female,USA,Basic,Desktop,10.2,13,5,0.9801,1.3966225467822913,0
37.0,Male,USA,Basic,Desktop,10.21,14,5,0.7761333333333333,1.2815899581589958,0
7.0,Male,USA,Standard,Desktop,10.21,2,4,1.1452,5.046128500823724,1
38.0,Female,USA,Premium+,Desktop,10.22,14,5,0.7315555555555555,0.4677345537757437,1
36.0,Female,USA,Premium,Desktop,10.22,9,5,1.2142499999999998,1.5140740740740741,0
40.0,Female,USA,Premium,Tablet,10.22,10,5,0.5582222222222222,0.9573770491803278,0
30.0,Male,USA,Standard,Tablet,10.22,15,4,0.4446666666666667,0.7300869151089416,0
40.0,Female,USA,Premium,Tablet,10.22,10,5,0.5582222222222222,0.9573770491803278,0
35.0,Male,USA,Basic,Smart TV,10.23,12,5,0.8113076923076923,0.5936744365992843,0
30.0,Prefer not to say,Canada,Premium,Mobile,10.23,17,4,0.6800972222222222,1.6834887547997806,0
33.0,Male,Canada,Standard,Gaming Console,10.24,27,4,0.7201666666666666,1.4199214236191355,0
42.0,Male,USA,Standard,Gaming Console,10.24,3,5,0.7351758241758242,0.7512839325018341,0
53.0,Male,Canada,Premium,Smart TV,10.24,29,5,0.4681666666666666,1.4497404436054744,0
35.03946643148495,Male,Canada,Basic,Tablet,10.24,27,5,0.5004545454545455,0.8308316430020285,0
26.0,Female,USA,Premium,Laptop,10.24,31,5,0.6150909090909091,1.2168746286393344,0
21.0,Female,USA,Premium,Mobile,10.25,25,5,1.1874,0.7498171177761521,1
63.0,Male,USA,Basic,Desktop,10.25,21,5,0.615,1.3208762886597938,0
15.0,Female,Canada,Standard,Gaming Console,10.25,5,3,0.6315238095238096,2.8819119025304594,0
26.0,Male,Canada,Standard,Tablet,10.25,10,5,0.6808181818181818,1.0952804986642921,1
31.0,Male,USA,Basic,Gaming Console,10.25,28,4,0.4976666666666667,15.491183879093198,0
40.0,Other,Canada,Basic,Smart TV,10.25,27,4,0.9845,1.4206514206514205,0
35.03946643148495,Other,USA,Premium,Tablet,10.25,8,5,0.48607936507936506,1.345438634872019,0
26.0,Prefer not to say,Canada,Standard,Tablet,10.25,10,5,0.6808181818181818,1.0952804986642921,1
6.0,Other,Canada,Premium,Laptop,10.26,23,5,0.717157894736842,0.7975126311698406,0
33.0,Female,USA,Premium,Laptop,10.26,24,4,1.0143809523809524,0.9884393063583814,0
25.0,Male,Canada,Premium,Laptop,10.26,2,5,0.6916666666666667,0.8266416006445548,1
35.03946643148495,Female,Canada,Standard,Smart TV,10.26,24,5,0.8897142857142857,1.9450236966824643,0
44.0,Male,Canada,Premium,Laptop,10.26,26,5,0.3972857142857143,2.538556701030928,0
27.0,Female,USA,Premium+,Smart TV,10.26,17,5,0.7865555555555556,1.1343283582089552,0
6.0,Other,Canada,Premium,Laptop,10.26,23,5,0.717157894736842,0.7975126311698406,0
35.03946643148495,Male,USA,Standard,Tablet,10.27,33,5,0.7352820512820513,0.6898790864308105,0
35.03946643148495,Male,USA,Premium,Smart TV,10.27,8,5,0.7248571428571428,2.0157016683022566,0
43.0,Male,Canada,Premium+,Mobile,10.27,2,4,0.7936666666666665,1.2248062015503876,0
26.0,Other,USA,Premium,Mobile,10.28,5,4,0.6429333333333332,0.5343035343035343,0
32.0,Male,USA,Standard,Desktop,10.28,22,5,1.0348333333333333,2.6313993174061436,1
32.0,Female,Canada,Premium,Desktop,10.28,3,5,0.8652857142857142,1.6857064771795571,0
44.0,Female,USA,Basic,Gaming Console,10.29,33,5,0.7237070707070707,1.0146261298274444,0
33.0,Female,USA,Basic,Smart TV,10.29,1,4,0.9218571428571429,0.8498279421885754,0
28.0,Male,USA,Standard,Desktop,10.29,34,5,0.5885833333333332,0.7496357455075279,0
26.0,Female,USA,Premium,Tablet,10.29,21,5,0.8477222222222223,1.0793706293706293,0
26.0,Female,Canada,Premium+,Gaming Console,10.29,25,5,0.4500666666666666,0.8677442023893184,0
32.0,Female,USA,Premium+,Smart TV,10.29,24,5,0.6612222222222223,0.7773860488541927,0
54.0,Male,USA,Standard,Laptop,10.29,21,5,0.5377613636363636,1.7347569542006178,0
13.0,Male,USA,Basic,Smart TV,10.3,19,5,0.5957628205128205,0.9481436023320036,0
24.0,Male,USA,Basic,Laptop,10.3,22,5,1.0073202614379086,0.6527249683143219,0
41.0,Female,USA,Basic,Laptop,10.3,4,4,0.738709090909091,1.2961409395973154,0
26.0,Male,Canada,Standard,Tablet,10.3,26,5,0.7509,1.295054484492875,0
43.0,Male,Canada,Standard,Desktop,10.3,27,5,0.6898181818181819,0.8099606815203146,1
43.0,Male,Canada,Standard,Desktop,10.3,27,5,0.6898181818181819,0.8099606815203146,1
15.0,Female,Canada,Premium,Gaming Console,10.31,11,5,0.6326190476190476,0.9221824686940965,0
46.0,Female,USA,Standard,Tablet,10.31,14,5,0.6930833333333334,1.3904248145650706,0
34.0,Female,USA,Premium,Gaming Console,10.31,2,5,0.4743333333333333,0.8075718015665796,0
38.0,Female,USA,Premium,Gaming Console,10.31,12,5,0.9699666666666666,0.6492443324937027,0
11.0,Prefer not to say,Canada,Standard,Tablet,10.31,7,5,0.9926999999999999,0.9840916321985365,0
36.0,Female,USA,Basic,Gaming Console,10.31,21,4,0.87225,1.028428927680798,0
42.0,Female,USA,Standard,Tablet,10.31,19,4,0.6679999999999999,1.8345195729537365,0
55.0,Male,USA,Premium,Gaming Console,10.31,15,5,0.9377272727272727,1.3130970070048822,0
25.0,Male,USA,Premium,Laptop,10.31,28,4,0.5532666666666667,1.6566684520621318,0
11.0,Male,Canada,Standard,Tablet,10.31,7,5,0.9926999999999999,0.9840916321985365,0
22.0,Male,Canada,Standard,Mobile,10.32,1,4,0.9835959595959596,1.8982219497240957,0
16.0,Female,USA,Standard,Smart TV,10.32,14,5,0.7640769230769231,0.8625156707062265,0
39.0,Female,USA,Premium,Tablet,10.32,5,4,1.0027777777777778,0.9280575539568344,0
35.0,Male,USA,Premium,Tablet,10.33,8,5,0.5922222222222222,1.0427321668909826,0
18.0,Male,Canada,Premium,Laptop,10.33,30,5,0.8964545454545456,1.0940864960282437,0
27.0,Other,USA,Premium+,Desktop,10.33,25,5,1.12375,2.9712368168744008,0
46.0,Male,Canada,Premium,Desktop,10.33,19,4,0.6265714285714287,0.8153117600631413,1
41.0,Male,USA,Basic,Gaming Console,10.33,23,5,0.8111282051282052,0.9762167270436289,0
31.0,Female,Canada,Premium,Tablet,10.34,10,5,0.7698589743589743,0.8933045356371491,0
25.0,Male,Canada,Basic,Laptop,10.34,29,5,0.5089999999999999,1.3069306930693068,0
35.0,Female,USA,Premium,Gaming Console,10.34,26,5,0.7868653846153846,0.8693946188340806,0
54.0,Male,USA,Standard,Gaming Console,10.34,29,5,0.7522,0.9174800354924577,0
39.0,Male,USA,Premium,Gaming Console,10.34,14,5,0.6211111111111112,1.2023255813953488,0
55.0,Female,USA,Premium,Smart TV,10.34,5,5,0.8252121212121212,1.024946307616058,0
56.0,Male,Canada,Premium,Mobile,10.35,31,5,0.7634,0.7190829087540527,0
40.0,Prefer not to say,USA,Premium,Desktop,10.36,35,5,0.8182,0.6804597701149425,0
36.0,Male,USA,Premium,Smart TV,10.36,30,5,0.7696000000000001,1.4499650104968507,0
46.0,Female,Canada,Basic,Desktop,10.36,28,4,0.648609090909091,0.9858842188739095,0
44.0,Male,Canada,Basic,Smart TV,10.36,8,5,0.9478333333333333,1.0027423778028715,1
41.0,Female,Canada,Basic,Smart TV,10.36,26,5,0.7954545454545454,1.1746031746031744,0
48.0,Male,USA,Premium,Mobile,10.36,18,4,0.16175,1.6082794307891333,0
26.0,Female,USA,Basic,Smart TV,10.36,25,5,0.6674285714285715,1.7599093997734994,0
24.0,Female,Canada,Premium+,Tablet,10.37,36,5,0.914875,2.3112927191679047,1
20.0,Male,USA,Premium,Gaming Console,10.38,7,5,0.8532307692307692,0.8200131665569454,0
46.0,Other,USA,Basic,Mobile,10.38,23,5,0.6964444444444444,1.1849315068493151,1
40.0,Prefer not to say,USA,Basic,Laptop,10.38,18,5,0.9151250000000001,1.7128712871287128,0
35.03946643148495,Female,Canada,Premium,Mobile,10.38,13,4,0.6298181818181817,0.895470884255931,0
35.03946643148495,Male,Canada,Standard,Mobile,10.38,8,5,0.5995454545454546,1.4039675383228134,0
35.03946643148495,Male,USA,Standard,Mobile,10.38,14,5,1.0273333333333334,1.9028414298808434,0
35.03946643148495,Prefer not to say,Canada,Standard,Gaming Console,10.38,28,5,0.7332727272727273,1.0241736556487422,0
35.0,Male,Canada,Standard,Gaming Console,10.39,34,5,0.37516666666666665,1.764006791171477,0
35.03946643148495,Female,USA,Basic,Mobile,10.39,5,5,0.5550235294117647,1.1993074259330512,0
37.0,Male,Canada,Basic,Smart TV,10.39,3,4,0.7612000000000001,3.490481522956327,0
22.0,Male,USA,Premium+,Smart TV,10.39,16,5,0.8136089743589744,1.5686965274282838,0
32.0,Prefer not to say,USA,Standard,Laptop,10.4,10,5,0.9101666666666667,0.8899030233884768,0
30.0,Prefer not to say,USA,Premium,Gaming Console,10.4,11,5,0.4579090909090908,0.8227848101265821,0
38.0,Female,Canada,Standard,Gaming Console,10.4,29,5,0.6385272727272726,0.8070356958096225,0
33.0,Male,USA,Premium,Smart TV,10.4,14,5,0.6848333333333333,1.8396226415094337,1
27.0,Other,USA,Premium+,Smart TV,10.41,1,5,0.6964272727272727,0.9725942074120211,0
35.03946643148495,Female,Canada,Premium,Smart TV,10.41,12,4,0.8480000000000001,2.6079331941544885,0
35.03946643148495,Male,USA,Premium,Desktop,10.41,27,5,0.5497777777777777,1.1479507443484653,0
21.0,Female,USA,Basic,Smart TV,10.41,32,5,1.1101999999999999,0.8143415906127771,0
35.03946643148495,Female,USA,Standard,Tablet,10.41,17,5,0.6953750000000001,0.8433702403456657,0
12.0,Male,USA,Premium,Desktop,10.41,24,5,0.5914025974025974,0.6165235416049748,0
16.0,Female,Canada,Standard,Gaming Console,10.41,2,5,0.892,0.3528813559322034,0
39.0,Male,USA,Standard,Laptop,10.41,36,5,0.9105714285714286,1.0804359107420862,0
35.0,Female,USA,Basic,Laptop,10.41,29,5,0.3910735294117647,0.4266102042210232,0
43.0,Female,USA,Premium,Mobile,10.42,25,5,0.8787692307692307,0.4637294170004451,0
17.0,Male,Canada,Premium,Laptop,10.42,17,5,0.4715714285714286,1.8590544157002675,0
35.03946643148495,Female,Canada,Basic,Smart TV,10.43,2,4,0.9564761904761905,0.8952789699570813,0
25.0,Female,USA,Premium,Mobile,10.43,24,5,0.9785,0.5961135454372262,0
53.0,Male,USA,Premium,Laptop,10.43,19,5,0.72275,0.8428282828282828,0
22.0,Male,USA,Standard,Tablet,10.44,31,5,0.8068333333333333,2.4260263361735084,0
31.0,Male,USA,Standard,Gaming Console,10.44,22,5,0.6917563025210084,0.7092391304347826,0
28.0,Female,USA,Basic,Smart TV,10.45,13,5,0.7243525641025641,0.8927808628791114,0
20.0,Female,Canada,Premium,Smart TV,10.45,33,5,0.16,11.077738515901059,0
35.03946643148495,Female,USA,Premium+,Desktop,10.45,4,5,0.860625,1.0743660041124057,1
57.0,Female,USA,Premium+,Desktop,10.45,23,5,0.9381153846153847,0.9534671532846714,1
34.0,Female,USA,Basic,Gaming Console,10.46,26,5,0.7043040935672513,0.4108405341712491,0
41.0,Male,Canada,Basic,Mobile,10.46,2,5,0.8075961538461539,0.9049747656813266,0
37.0,Female,USA,Premium,Laptop,10.46,26,5,0.6472727272727272,1.0203218988782312,0
41.0,Male,USA,Standard,Laptop,10.46,34,4,0.7709181818181818,0.8685303072239138,0
33.0,Female,USA,Standard,Tablet,10.46,7,5,0.7922142857142858,0.9516300227445035,0
31.0,Male,USA,Premium,Laptop,10.46,32,4,0.6935000000000001,1.010790787566436,0
13.0,Female,USA,Premium,Desktop,10.47,26,4,0.8343506493506494,1.0643849542527957,0
26.0,Male,USA,Standard,Smart TV,10.47,34,5,0.42525,0.8224666142969363,0
43.0,Male,Canada,Basic,Tablet,10.47,13,4,0.8244444444444443,0.5498949579831932,0
36.0,Female,Canada,Premium+,Mobile,10.47,20,5,0.7081,1.1678750697155607,1
46.0,Female,Canada,Standard,Laptop,10.47,35,5,0.7656309523809524,0.7585124366095146,0
38.0,Male,USA,Premium+,Mobile,10.47,31,5,0.8123186813186813,1.0508531281365003,1
42.0,Male,USA,Premium,Tablet,10.48,12,4,0.974,1.3589799005835312,0
41.0,Female,USA,Premium+,Laptop,10.48,10,4,0.81125,2.541632983023444,0
24.0,Male,USA,Standard,Mobile,10.48,26,5,0.6652727272727272,0.8018362662586075,0
27.0,Female,Canada,Standard,Tablet,10.48,14,5,0.6461111111111111,0.7605224963715529,0
37.0,Male,USA,Standard,Desktop,10.48,25,5,0.6356111111111111,1.600407228302367,0
20.0,Male,USA,Premium,Smart TV,10.48,34,5,0.8747272727272728,1.063599458728011,0
18.0,Male,USA,Standard,Tablet,10.48,1,5,0.6036666666666667,1.7858562908264697,0
0.0,Female,Canada,Premium,Tablet,10.49,8,5,0.5958787878787879,1.364996746909564,0
35.03946643148495,Female,USA,Standard,Smart TV,10.49,14,5,0.38699999999999996,2.7472719336534266,0
35.03946643148495,Female,USA,Basic,Tablet,10.49,24,5,0.5963809523809523,0.6707875945859533,0
35.03946643148495,Male,Canada,Premium,Tablet,10.5,22,4,0.7428809523809523,1.7036235803136832,0
40.0,Female,Canada,Basic,Mobile,10.5,2,5,0.79325,2.6694915254237293,0
39.0,Male,USA,Standard,Tablet,10.51,9,5,0.6939090909090908,1.2,0
51.0,Male,Canada,Basic,Laptop,10.51,33,5,1.1155,1.8068767908309455,1
54.0,Female,USA,Premium+,Mobile,10.52,23,5,0.6884848484848485,1.245953414923016,0
64.0,Female,USA,Basic,Smart TV,10.52,7,5,0.9244,4.194019933554817,0
17.0,Female,Canada,Premium,Desktop,10.53,31,5,0.4932222222222222,1.4002659574468084,0
45.0,Other,Canada,Standard,Laptop,10.53,12,4,0.5612361111111112,0.7049765677304173,0
35.03946643148495,Female,USA,Basic,Laptop,10.54,9,5,0.6871666666666667,2.774901272487933,1
45.0,Female,USA,Premium,Desktop,10.54,28,4,0.8010666666666666,3.6896149358226364,1
35.0,Female,Canada,Premium,Desktop,10.54,4,5,0.6963333333333332,0.7967745999748015,0
18.0,Other,Canada,Premium,Desktop,10.54,19,4,0.8798000000000001,0.8917089678510998,0
22.0,Male,USA,Basic,Mobile,10.54,17,5,0.7164444444444444,1.3017702758336762,1
57.0,Female,Canada,Premium,Desktop,10.55,4,3,0.742,3.6027319294251567,1
39.0,Male,USA,Premium,Mobile,10.55,31,5,0.7500769230769231,1.0697988845698834,0
35.03946643148495,Female,USA,Basic,Desktop,10.55,34,4,0.6194,1.2145049884881043,0
31.0,Female,Canada,Premium,Mobile,10.55,28,5,1.0321875,0.579245973645681,1
48.0,Female,USA,Premium,Mobile,10.55,19,5,0.9592115384615384,1.2421507064364208,0
33.0,Female,USA,Premium,Smart TV,10.56,25,4,0.7768571428571429,1.869578046621422,0
20.0,Female,USA,Premium,Tablet,10.56,18,5,0.8136666666666666,0.6944322665497589,0
38.0,Male,USA,Premium,Smart TV,10.56,23,5,0.5896956521739131,0.5063938618925832,0
28.0,Female,Canada,Standard,Desktop,10.56,23,5,0.4543125,1.0319218241042347,0
50.0,Male,USA,Premium,Laptop,10.57,21,5,0.9514047619047619,1.0896907216494847,0
34.0,Female,USA,Standard,Desktop,10.57,9,5,0.5976825396825396,1.2573354480570973,0
26.0,Male,Canada,Standard,Gaming Console,10.58,35,5,0.9092222222222222,1.2963038595058198,0
20.0,Male,Canada,Premium+,Tablet,10.58,25,5,0.4963333333333333,3.2806201550387595,1
35.03946643148495,Male,Canada,Premium,Desktop,10.59,30,5,0.9622307692307692,1.1751433327168486,0
28.0,Other,Canada,Premium,Mobile,10.59,14,5,0.5852222222222222,3.3761955366631247,0
43.0,Male,Canada,Standard,Smart TV,10.6,26,5,0.8892,1.25915660265294,0
8.0,Male,USA,Standard,Laptop,10.6,25,5,0.5926428571428572,1.2280363004441013,0
40.0,Male,USA,Premium,Tablet,10.6,10,5,0.8551717171717171,1.294788273615635,0
43.0,Male,USA,Basic,Laptop,10.6,12,5,0.9161411764705882,0.5173676075815504,0
47.0,Female,Canada,Premium,Smart TV,10.6,23,5,0.9165333333333334,4.162303664921466,0
24.0,Female,USA,Standard,Desktop,10.61,16,4,0.9045000000000001,1.2623438429506246,0
54.0,Female,USA,Standard,Laptop,10.61,27,5,0.627,1.1972917058491628,0
46.0,Male,USA,Premium,Desktop,10.61,19,5,0.8294615384615385,0.9951539784273877,1
38.0,Female,USA,Premium,Smart TV,10.61,33,4,0.7191428571428571,1.5899100899100898,1
64.0,Male,Canada,Premium,Desktop,10.62,13,5,0.5769404761904762,0.749823487879501,0
38.0,Male,USA,Standard,Desktop,10.62,14,5,0.7832307692307694,0.8615467820443483,0
19.0,Male,USA,Premium,Gaming Console,10.62,18,4,0.9384415584415584,1.1014693171996541,0
21.0,Male,USA,Premium,Mobile,10.62,12,4,0.8861,1.3146276047039402,0
31.0,Male,USA,Premium,Desktop,10.62,22,5,0.5193333333333333,0.7298969072164948,1
31.0,Male,Canada,Basic,Tablet,10.62,7,5,0.8355,0.8189178768795784,0
15.0,Male,USA,Basic,Desktop,10.62,13,4,0.7307777777777777,1.8184931506849313,1
18.0,Female,Canada,Standard,Laptop,10.62,10,5,0.5586666666666666,1.735766821029692,0
31.0,Male,USA,Standard,Smart TV,10.62,12,5,1.1408295454545454,1.1925884334643457,0
25.0,Male,USA,Premium,Mobile,10.63,31,5,0.54525,0.644567963617989,0
46.0,Female,USA,Standard,Gaming Console,10.63,24,5,0.684,0.8243505234587049,1
4.0,Female,Canada,Premium,Desktop,10.63,11,5,0.7516875000000001,0.6629248518864983,0
29.0,Male,USA,Standard,Smart TV,10.63,27,5,0.6378461538461538,0.6689040377556371,0
50.0,Male,USA,Premium,Smart TV,10.63,4,5,0.66075,1.3268150613688372,0
50.0,Male,USA,Premium,Smart TV,10.63,4,5,0.66075,1.3268150613688372,0
35.0,Male,USA,Standard,Mobile,10.64,22,5,0.7835000000000001,1.124339556181754,1
45.0,Female,USA,Standard,Laptop,10.64,29,5,0.7721794871794873,0.7563981042654029,0
50.0,Male,USA,Basic,Smart TV,10.64,19,5,0.535875,1.5302013422818792,0
41.0,Female,Canada,Basic,Desktop,10.64,12,5,0.7155294117647059,0.5154622527250707,0
39.0,Female,USA,Premium,Gaming Console,10.65,22,5,0.7817142857142857,1.0523715415019763,0
48.0,Other,Canada,Premium+,Tablet,10.65,15,5,0.4515833333333333,0.5678485737136764,0
27.0,Male,USA,Premium,Desktop,10.65,2,5,0.8800000000000001,1.0419044513288764,0
28.0,Other,Canada,Basic,Gaming Console,10.65,12,5,0.5914666666666666,0.9870250231696016,1
35.0,Female,USA,Premium,Tablet,10.65,16,5,0.7360859728506788,0.7247363048656006,0
50.0,Male,USA,Basic,Desktop,10.65,16,5,0.6365079365079365,1.7651933701657458,0
48.0,Male,Canada,Premium,Gaming Console,10.65,2,5,0.6151666666666666,2.848863129736959,0
34.0,Male,Canada,Premium,Desktop,10.66,30,5,1.0265,4.889908256880735,0
46.0,Male,Canada,Premium+,Mobile,10.66,11,4,1.0651111111111111,2.750967741935484,0
35.03946643148495,Male,USA,Basic,Laptop,10.67,18,5,0.5862916666666667,0.5713520749665327,0
19.0,Female,USA,Premium,Laptop,10.67,2,5,0.7642272727272728,0.7314063749571574,0
33.0,Female,USA,Standard,Smart TV,10.67,5,4,0.7688571428571429,1.1764057331863285,0
38.0,Male,Canada,Basic,Smart TV,10.67,29,5,0.7456013986013986,0.8505380629732961,0
37.0,Female,Canada,Basic,Desktop,10.68,28,5,0.5505,1.4586842704302299,0
35.03946643148495,Male,Canada,Basic,Tablet,10.68,15,4,0.5546,2.5188679245283017,0
35.03946643148495,Male,Canada,Premium,Tablet,10.68,10,4,0.48771428571428566,1.6947897381645067,0
35.03946643148495,Female,USA,Premium,Mobile,10.68,10,5,0.7896060606060606,0.7962226640159045,0
63.0,Female,USA,Premium,Tablet,10.69,10,4,0.8909999999999999,2.082467532467532,1
11.0,Female,USA,Standard,Desktop,10.69,1,5,0.7095714285714285,1.971112476951444,1
34.0,Male,Canada,Premium,Smart TV,10.69,9,5,0.8053076923076923,0.4347295648637658,0
33.0,Female,USA,Standard,Mobile,10.69,24,5,0.4673333333333334,1.2224128073184677,0
27.0,Female,USA,Premium,Desktop,10.7,15,5,0.5978333333333333,0.6470469663374319,0
35.03946643148495,Male,USA,Basic,Tablet,10.7,5,5,0.9758666666666667,0.8653457339264051,0
39.0,Female,USA,Standard,Gaming Console,10.7,22,4,0.9503,1.5260280484906106,0
51.0,Female,USA,Basic,Smart TV,10.7,26,5,0.4096666666666667,2.0049968769519046,1
24.0,Female,USA,Basic,Desktop,10.7,17,5,0.9389000000000001,1.0912799592044873,0
37.0,Female,Canada,Standard,Smart TV,10.71,16,4,0.732,1.5376884422110553,0
55.0,Male,USA,Basic,Tablet,10.71,13,5,0.6766666666666666,0.914212548015365,0
32.0,Male,USA,Premium+,Tablet,10.72,18,5,0.8597142857142858,3.1421592574499266,0
45.0,Male,USA,Premium,Smart TV,10.72,24,4,0.6323714285714286,1.7886540600667407,1
35.03946643148495,Male,USA,Premium,Mobile,10.73,7,5,0.6460666666666667,2.088225754135582,0
48.0,Male,USA,Standard,Gaming Console,10.73,15,5,0.6343535353535354,0.8911960132890366,0
36.0,Male,USA,Standard,Gaming Console,10.74,28,5,0.6744166666666667,0.9860749808722264,0
43.0,Female,Canada,Basic,Tablet,10.74,2,3,0.6936666666666667,5.142857142857144,0
44.0,Female,Canada,Premium,Gaming Console,10.74,5,5,0.6242857142857143,2.3080229226361033,0
31.0,Female,USA,Basic,Smart TV,10.74,21,5,0.7167666666666667,0.9222842421640188,0
20.0,Female,Canada,Premium+,Mobile,10.74,32,5,0.8235714285714286,1.0013986013986014,0
38.0,Male,USA,Standard,Desktop,10.74,17,5,0.8450320512820513,0.5227973389582995,0
20.0,Female,Canada,Premium,Gaming Console,10.75,14,5,0.4228571428571428,1.5452803066602778,0
41.0,Male,USA,Standard,Mobile,10.76,34,5,0.8437878787878788,0.8460228017297864,0
42.0,Female,USA,Premium,Smart TV,10.76,12,5,0.527974025974026,0.8520522634287976,0
48.0,Prefer not to say,USA,Premium,Desktop,10.76,5,5,0.381,1.8237288135593217,1
42.0,Female,Canada,Premium,Smart TV,10.76,30,4,0.4291666666666667,2.6169436562626673,0
53.0,Female,Canada,Premium,Gaming Console,10.76,4,5,0.7564,0.6586410936543563,0
35.03946643148495,Male,USA,Standard,Smart TV,10.76,1,5,0.5445,2.1111837802485285,1
36.0,Male,USA,Basic,Tablet,10.77,22,5,0.845,1.373432518597237,0
29.0,Male,Canada,Standard,Mobile,10.77,22,5,0.6453725490196078,0.998300633400278,1
35.03946643148495,Male,USA,Premium+,Smart TV,10.77,30,5,1.5018333333333334,1.2164909638554215,1
34.0,Male,Canada,Premium,Mobile,10.77,4,5,0.7854444444444444,1.195338512763596,0
35.03946643148495,Female,Canada,Basic,Smart TV,10.77,11,5,0.755,0.9414335664335665,1
32.0,Male,USA,Premium,Smart TV,10.77,9,5,0.8652727272727272,0.7540256709451574,0
40.0,Female,USA,Basic,Desktop,10.77,34,5,0.9848585858585859,0.9712911468510445,0
41.0,Female,Canada,Standard,Tablet,10.77,18,5,0.6929166666666666,1.9152341434499107,0
36.0,Male,USA,Premium,Desktop,10.78,6,5,0.932956043956044,0.7485244763337576,0
59.0,Female,USA,Premium+,Smart TV,10.78,22,5,0.61875,1.245043310875842,0
30.0,Male,USA,Premium+,Tablet,10.78,23,5,0.80525,1.5593056894889104,0
29.0,Female,USA,Premium+,Desktop,10.78,22,5,0.6196315789473684,0.6339311967068508,0
31.0,Female,USA,Basic,Gaming Console,10.78,19,5,0.708,1.5367070563079115,0
35.03946643148495,Female,USA,Standard,Smart TV,10.78,13,5,0.5957619047619047,0.5658792650918635,0
30.0,Male,Canada,Basic,Mobile,10.78,25,5,0.9358888888888889,0.9386155855463647,0
48.0,Male,Canada,Premium,Gaming Console,10.79,20,5,0.9923636363636363,0.8618210862619806,0
28.0,Female,USA,Standard,Tablet,10.79,4,5,0.5210897435897436,1.4025129982668976,0
31.0,Male,USA,Standard,Gaming Console,10.79,11,5,0.9045833333333333,2.425627575871112,0
46.0,Female,USA,Basic,Smart TV,10.8,2,5,0.7599166666666666,0.9473684210526316,1
35.03946643148495,Female,Canada,Premium,Laptop,10.8,27,5,0.8579166666666667,1.3168055273318433,0
57.0,Female,USA,Premium,Desktop,10.8,19,5,0.8388412698412699,1.139440829963074,1
29.0,Male,Canada,Premium,Smart TV,10.8,5,5,0.6164444444444445,1.0705435321328267,0
19.0,Female,USA,Standard,Desktop,10.8,26,4,0.829,0.8127430076508215,0
34.0,Female,USA,Standard,Mobile,10.8,24,4,0.42199999999999993,2.3076923076923075,0
35.03946643148495,Female,USA,Premium+,Mobile,10.81,19,4,0.9476,2.491740299654245,0
32.0,Male,USA,Premium,Mobile,10.81,4,5,0.5790303030303031,0.9092948268610683,0
34.0,Female,USA,Standard,Laptop,10.81,4,5,0.7067878787878787,0.7117304948973993,1
26.0,Male,Canada,Premium+,Gaming Console,10.81,24,5,0.8834615384615385,1.1196271361988606,0
40.0,Male,Canada,Premium,Laptop,10.81,15,5,0.6081025641025641,1.0749088498508452,0
19.0,Male,USA,Standard,Desktop,10.81,24,5,0.6997500000000001,1.864864864864865,0
43.0,Male,Canada,Premium,Tablet,10.82,20,5,0.47,2.859911894273128,0
27.0,Female,USA,Premium,Smart TV,10.82,23,5,0.7624195804195804,1.2159580445776363,1
17.0,Female,USA,Premium,Laptop,10.82,9,4,1.0540476190476191,2.4665653495440725,0
44.0,Male,USA,Standard,Desktop,10.82,31,5,0.5392090909090909,1.3072895690696738,0
37.0,Female,USA,Standard,Laptop,10.82,19,5,0.6122090909090909,0.9423718972274642,0
53.0,Other,USA,Standard,Desktop,10.82,22,5,0.5404166666666667,1.0197926484448632,0
37.0,Female,USA,Standard,Laptop,10.82,19,5,0.6122090909090909,0.9423718972274642,0
28.0,Female,USA,Standard,Mobile,10.83,31,5,0.9343809523809523,1.2867326732673265,0
35.03946643148495,Male,USA,Premium,Desktop,10.83,10,5,0.7270000000000001,0.8239918843520162,0
49.0,Male,Canada,Premium,Laptop,10.83,25,5,0.8802222222222222,1.3531861724281549,0
15.0,Male,Canada,Premium,Desktop,10.84,28,5,0.9402222222222222,1.069736842105263,0
39.0,Female,USA,Premium,Desktop,10.85,7,4,0.6001428571428571,1.0686145764937622,0
38.0,Male,USA,Standard,Mobile,10.85,31,4,0.7645238095238094,1.9769207409656844,0
50.0,Male,Canada,Premium,Desktop,10.85,3,5,0.6623146853146853,0.8730052299852487,1
53.0,Other,Canada,Standard,Mobile,10.85,27,5,0.613375,1.3545568039950062,0
34.0,Female,USA,Standard,Laptop,10.85,14,5,1.2131333333333334,1.630761523046092,0
35.03946643148495,Male,Canada,Standard,Mobile,10.85,32,5,0.68,1.6418663303909204,1
33.0,Male,USA,Premium+,Desktop,10.86,13,5,0.6397142857142857,0.6356453028972784,0
64.0,Female,USA,Standard,Mobile,10.86,10,5,0.6698095238095237,0.7810140237324702,0
38.0,Other,Canada,Standard,Laptop,10.87,8,5,0.6371717171717171,1.271345029239766,0
21.0,Male,Canada,Premium,Mobile,10.87,19,4,0.9752857142857142,0.8880718954248366,0
33.0,Female,USA,Basic,Gaming Console,10.87,23,4,0.7517,1.2664077669902911,1
50.0,Female,USA,Basic,Smart TV,10.87,5,5,0.5475757575757576,1.4873432155074116,0
23.0,Female,Canada,Premium,Laptop,10.87,32,4,0.39166666666666666,1.7313512078577113,0
34.0,Other,USA,Premium,Gaming Console,10.87,6,5,0.5926666666666667,1.8263791654998598,0
24.0,Male,USA,Basic,Laptop,10.87,7,4,0.8712,1.351149782473586,0
65.0,Male,Canada,Standard,Tablet,10.87,18,4,0.49516666666666675,2.45187969924812,1
49.0,Female,USA,Premium,Tablet,10.88,2,5,0.7286666666666666,1.1936368623148657,0
21.0,Female,USA,Standard,Laptop,10.88,9,5,0.589,1.0343844081762001,0
49.0,Female,USA,Premium,Tablet,10.88,2,5,0.7286666666666666,1.1936368623148657,0
15.0,Female,USA,Premium,Laptop,10.89,30,5,0.7035486111111111,0.6548406494287432,0
31.0,Female,USA,Premium,Tablet,10.89,22,5,1.2265833333333334,1.8225941422594145,0
43.0,Female,USA,Premium,Tablet,10.89,20,5,0.9078333333333333,2.116618075801749,0
31.0,Male,USA,Premium,Desktop,10.89,15,5,0.7004999999999999,0.979757085020243,1
15.0,Female,USA,Premium,Laptop,10.89,30,5,0.7035486111111111,0.6548406494287432,0
35.03946643148495,Male,USA,Premium+,Mobile,10.9,34,5,0.9418,1.8146503884572698,0
57.0,Female,USA,Standard,Gaming Console,10.9,28,4,0.43016666666666675,1.9470080381065795,0
35.03946643148495,Female,USA,Premium+,Gaming Console,10.9,26,4,1.205,2.6935749588138385,0
16.0,Male,Canada,Standard,Desktop,10.9,4,4,0.7738571428571429,1.2615740740740742,1
22.0,Female,USA,Premium,Mobile,10.91,5,4,0.8347777777777777,1.422425032594524,0
12.0,Female,Canada,Standard,Desktop,10.91,18,5,0.7248333333333333,0.9358112937812723,0
54.0,Male,USA,Premium,Laptop,10.92,29,4,0.407875,1.6562184024266935,0
34.0,Female,USA,Standard,Mobile,10.93,26,5,0.6604272727272726,0.9383316640434969,0
28.0,Male,USA,Premium+,Tablet,10.93,28,4,0.6895,0.5979757454180725,1
41.0,Male,USA,Premium,Smart TV,10.93,23,4,1.0670694444444444,1.1034830893488137,1
33.0,Male,Canada,Standard,Desktop,10.94,29,5,0.9329423076923077,0.9762046400951814,0
40.0,Female,USA,Premium,Mobile,10.94,23,5,0.7536666666666667,1.7919737919737917,0
37.0,Other,USA,Premium+,Gaming Console,10.95,4,5,0.6744666666666667,2.0271521135452018,0
18.0,Male,Canada,Premium,Desktop,10.95,27,5,0.9302727272727273,1.1865631208235505,0
39.0,Male,USA,Standard,Smart TV,10.95,11,5,0.7005625,0.5916253939666817,1
13.0,Female,USA,Basic,Smart TV,10.96,27,5,0.6983684210526315,0.740207113912652,0
35.03946643148495,Female,USA,Standard,Laptop,10.97,31,5,0.9299666666666666,0.6626396858954999,0
38.0,Other,USA,Standard,Smart TV,10.97,8,5,0.7276904761904761,1.1280205655526994,1
57.0,Female,USA,Standard,Gaming Console,10.97,24,5,0.613974358974359,0.7878860426143164,0
21.0,Male,Canada,Premium,Smart TV,10.97,29,5,0.721875,1.1661941885187812,0
35.0,Male,USA,Standard,Gaming Console,10.97,21,5,1.0496153846153846,0.9945602901178603,0
28.0,Male,USA,Standard,Smart TV,10.98,24,5,0.8294487179487179,1.0672282520654464,0
52.0,Male,USA,Premium,Gaming Console,10.99,16,5,0.672,0.8236322757931551,0
50.0,Male,USA,Premium,Laptop,10.99,21,4,0.85425,0.8377588616440096,0
37.0,Male,USA,Premium,Laptop,10.99,13,5,0.9927142857142857,0.5549570779330079,0
37.0,Male,USA,Premium+,Mobile,10.99,31,5,0.9721025641025641,1.0280636108512629,0
35.03946643148495,Female,Canada,Standard,Desktop,10.99,9,5,0.7603333333333333,0.6510020732550104,0
22.0,Male,USA,Premium,Tablet,11.0,5,5,0.7813030303030303,1.0245265445513814,0
19.0,Male,USA,Standard,Mobile,11.0,12,5,0.5930833333333334,1.3644821170146784,0
40.0,Other,USA,Standard,Smart TV,11.01,16,5,0.740125,0.6606,0
52.0,Prefer not to say,USA,Basic,Mobile,11.01,17,5,0.8167272727272727,1.077123756725909,0
46.0,Female,USA,Standard,Mobile,11.02,23,4,0.8672,0.6798272671190623,0
44.0,Female,USA,Standard,Laptop,11.02,31,5,1.0074285714285716,2.1439688715953302,0
55.0,Male,Canada,Basic,Smart TV,11.02,19,5,1.1222380952380953,2.7665271966527194,0
50.0,Male,USA,Standard,Gaming Console,11.02,36,5,0.68725,2.0890995260663505,0
34.0,Male,USA,Premium,Gaming Console,11.02,36,4,0.9001250000000001,4.111940298507463,0
35.03946643148495,Female,USA,Basic,Smart TV,11.03,3,4,0.6381111111111111,1.2013069522599382,0
35.03946643148495,Female,USA,Premium,Smart TV,11.04,11,5,0.7646999999999999,0.5726141078838175,0
24.0,Female,USA,Premium,Smart TV,11.04,31,4,0.8919285714285714,2.2492359932088286,0
32.0,Male,USA,Premium,Smart TV,11.04,9,4,0.6163650793650793,1.1986970684039087,0
10.0,Male,Canada,Premium,Mobile,11.05,8,5,0.5153452380952381,0.8504361210877374,0
45.0,Male,USA,Basic,Laptop,11.05,20,5,0.5810833333333333,0.9764359351988219,1
18.0,Male,Canada,Premium,Smart TV,11.05,26,5,0.6678571428571428,0.9248151764541779,0
32.0,Male,USA,Premium+,Smart TV,11.06,36,5,0.5704333333333333,1.0193548387096776,0
35.03946643148495,Male,USA,Premium,Laptop,11.06,25,5,0.6051818181818183,0.7722564878389386,0
21.0,Male,USA,Standard,Tablet,11.07,23,5,0.8567272727272727,0.47853025936599425,0
46.0,Male,USA,Standard,Smart TV,11.07,30,5,0.6618999999999999,0.9228845352230095,0
15.0,Male,USA,Premium+,Gaming Console,11.07,11,5,0.7665555555555557,2.5168624478969304,0
43.0,Female,USA,Standard,Gaming Console,11.07,3,5,0.9898333333333333,2.662124248496994,0
35.03946643148495,Female,Canada,Premium,Tablet,11.07,20,4,0.4602222222222222,1.193745506829619,0
47.0,Male,USA,Premium,Smart TV,11.07,34,5,0.9190714285714285,0.6765814403585616,1
40.0,Female,Canada,Premium,Laptop,11.07,22,4,0.9735714285714285,2.3780880773361974,0
30.0,Female,USA,Premium+,Desktop,11.07,20,5,0.8221666666666667,1.1982680858740753,0
38.0,Female,USA,Standard,Smart TV,11.07,19,4,0.825,4.583850931677019,0
38.0,Female,USA,Premium,Tablet,11.08,28,5,0.5967142857142858,0.9106849315068494,0
40.0,Male,Canada,Premium,Tablet,11.08,2,5,0.5972121212121212,1.4066864155734236,0
38.0,Female,USA,Premium,Tablet,11.08,28,5,0.5967142857142858,0.9106849315068494,0
40.0,Female,USA,Standard,Desktop,11.09,4,5,0.6551666666666666,2.3470899470899473,1
35.03946643148495,Male,USA,Standard,Desktop,11.09,27,5,0.9892828282828282,1.1510119356512714,0
35.03946643148495,Prefer not to say,Canada,Standard,Desktop,11.09,11,5,0.5892830882352942,0.5863071636267513,0
40.0,Female,USA,Standard,Desktop,11.09,4,5,0.6551666666666666,2.3470899470899473,1
35.03946643148495,Female,USA,Premium+,Gaming Console,11.1,31,5,0.6561818181818182,0.9221822209914151,0
13.0,Female,Canada,Basic,Tablet,11.1,23,5,0.9136923076923076,0.6362246847535346,0
10.0,Female,USA,Premium,Desktop,11.1,12,5,0.6873684210526316,0.40969488188976383,0
35.03946643148495,Female,USA,Premium,Mobile,11.1,9,4,0.2996666666666667,5.041635124905374,0
36.0,Male,USA,Standard,Desktop,11.1,3,5,0.5264666666666667,1.1010084311456438,0
47.0,Female,Canada,Premium,Tablet,11.11,19,5,0.9344423076923077,1.22581831555719,0
26.0,Male,Canada,Premium,Tablet,11.11,9,5,0.752,1.4116899618805587,0
35.03946643148495,Male,Canada,Basic,Laptop,11.11,27,5,1.1246666666666667,1.9519765739385067,0
19.0,Male,USA,Standard,Mobile,11.11,14,5,0.6642666666666666,0.5583849891104038,0
54.0,Prefer not to say,USA,Standard,Tablet,11.12,32,5,0.6587272727272728,1.5458758109360518,0
22.0,Male,USA,Standard,Tablet,11.12,19,4,0.7237499999999999,1.0010502625656414,1
36.0,Male,USA,Standard,Gaming Console,11.13,15,5,0.7123846153846154,0.5470183486238532,0
36.0,Male,USA,Premium,Desktop,11.13,28,5,0.512102564102564,0.8239358420727947,0
31.0,Male,Canada,Premium,Gaming Console,11.14,7,4,0.9386249999999999,1.2049756625202812,0
40.0,Male,Canada,Standard,Laptop,11.14,29,5,0.6202857142857143,2.123927550047664,0
55.0,Female,Canada,Premium,Smart TV,11.14,7,5,0.7948809523809524,1.2108695652173915,0
32.0,Male,Canada,Premium,Mobile,11.14,11,5,0.2524,2.024227740763174,0
32.0,Female,USA,Premium,Mobile,11.14,17,4,0.5651428571428572,1.968777614138439,0
23.0,Female,USA,Premium,Mobile,11.14,4,5,0.6988705882352941,0.6658033668692102,0
35.0,Male,USA,Premium,Smart TV,11.14,17,4,0.6568888888888889,0.7726274419142296,0
37.0,Prefer not to say,USA,Premium+,Desktop,11.14,1,5,0.6718571428571429,1.201509976631314,0
55.0,Female,Canada,Premium,Smart TV,11.14,7,5,0.7948809523809524,1.2108695652173915,0
23.0,Male,USA,Premium,Smart TV,11.15,13,4,0.624875,0.7446571682991986,0
40.0,Female,USA,Premium,Gaming Console,11.15,2,5,0.6747777777777777,1.4477385847219215,0
44.0,Male,USA,Premium+,Gaming Console,11.15,15,5,0.671375,0.6896196268425936,0
55.0,Other,USA,Standard,Desktop,11.15,23,5,0.7367426470588236,0.7633500684618896,1
35.0,Female,USA,Standard,Gaming Console,11.15,36,5,0.8318585858585859,0.707636979056484,0
35.0,Male,Canada,Standard,Smart TV,11.15,31,4,0.887079365079365,0.9453158117846545,0
23.0,Male,USA,Premium,Smart TV,11.15,13,4,0.624875,0.7446571682991986,0
40.0,Female,Canada,Premium,Smart TV,11.16,29,5,0.8676666666666667,1.0551528521903561,0
41.0,Female,USA,Standard,Smart TV,11.16,11,5,0.7398888888888888,1.248787765759045,0
47.0,Female,Canada,Basic,Tablet,11.16,36,4,0.6878,1.5973282442748094,0
55.0,Male,Canada,Basic,Desktop,11.17,18,5,0.7403124999999999,0.7796649604467194,0
40.0,Female,USA,Standard,Tablet,11.17,18,5,0.6446263736263735,0.7257959714100064,0
38.0,Female,Canada,Basic,Laptop,11.17,10,5,0.7861538461538462,1.0227376773996641,0
43.0,Female,USA,Premium,Laptop,11.17,31,5,0.5393749999999999,1.1724982505248425,0
26.0,Other,USA,Premium,Smart TV,11.17,3,5,0.8398666666666667,1.618449649843033,0
53.0,Prefer not to say,USA,Premium,Desktop,11.18,30,5,0.7510909090909091,0.7791845742827274,1
50.0,Female,Canada,Standard,Gaming Console,11.18,5,4,0.8300000000000001,2.7730467135179824,0
32.0,Male,USA,Standard,Tablet,11.18,3,5,0.872625,1.160553633217993,1
48.0,Male,USA,Basic,Desktop,11.18,21,5,0.6757777777777778,1.3116933906922175,0
53.0,Female,USA,Premium,Mobile,11.19,36,5,0.44480000000000003,1.6860873932697134,0
32.0,Female,Canada,Basic,Mobile,11.19,24,5,1.2222045454545454,0.8427262457637755,0
33.0,Female,USA,Standard,Tablet,11.19,31,4,0.9435,1.180379746835443,0
56.0,Male,USA,Standard,Smart TV,11.19,36,4,0.6,1.0961632653061224,0
31.0,Female,USA,Basic,Laptop,11.19,1,5,0.8733076923076923,0.5407974224728153,0
35.03946643148495,Female,USA,Basic,Mobile,11.19,17,5,0.4765,1.9597197898423817,0
33.0,Female,USA,Standard,Tablet,11.19,31,4,0.9435,1.180379746835443,0
20.0,Male,USA,Standard,Desktop,11.2,3,5,0.8837142857142858,1.5722976134768367,1
45.0,Female,USA,Standard,Desktop,11.2,25,5,0.529,0.7081138040042149,0
5.0,Prefer not to say,USA,Basic,Gaming Console,11.2,6,5,0.7426999999999999,0.8216163345152218,1
21.0,Male,USA,Basic,Smart TV,11.21,16,5,0.9353454545454545,0.5035938903863433,0
50.0,Female,USA,Basic,Tablet,11.21,32,5,0.7544242424242424,1.3659626320064988,0
29.0,Male,USA,Premium,Smart TV,11.22,31,5,0.8143574660633484,0.6948085457735577,0
36.0,Female,USA,Basic,Desktop,11.23,8,5,0.8878181818181818,1.4581259467647696,1
33.0,Female,USA,Basic,Mobile,11.23,20,5,0.9133636363636364,1.5993353904581058,0
33.0,Male,USA,Standard,Mobile,11.23,22,5,0.569,2.3282653766413266,0
57.0,Other,USA,Standard,Mobile,11.23,23,5,0.5859090909090909,0.9264402584903065,1
22.0,Female,USA,Standard,Laptop,11.23,31,4,0.40557142857142864,2.272512647554806,0
38.0,Female,USA,Premium,Smart TV,11.24,30,5,0.7094848484848485,1.033880116510808,0
29.0,Female,Canada,Basic,Smart TV,11.25,10,5,0.9388000000000001,1.024279210925645,1
25.0,Female,USA,Premium,Tablet,11.26,6,5,0.391,1.5933962264150943,0
34.0,Female,USA,Standard,Smart TV,11.26,10,5,0.8977777777777778,1.5312783318223027,0
34.0,Female,USA,Premium,Mobile,11.27,5,5,0.9015000000000001,2.4805575935436535,0
38.0,Female,USA,Premium,Gaming Console,11.27,15,5,0.5942000000000001,1.8762486126526081,0
24.0,Male,USA,Premium,Tablet,11.27,24,4,0.4772,2.4562295677442787,0
46.0,Male,USA,Standard,Laptop,11.28,16,5,0.7965555555555555,0.5662650602409639,0
29.0,Male,USA,Standard,Desktop,11.28,15,5,0.659,1.4793442622950819,1
22.0,Female,USA,Standard,Desktop,11.29,8,5,0.45659999999999995,3.115915363385464,0
50.0,Male,Canada,Standard,Tablet,11.29,31,5,0.7452142857142856,1.428511176718684,0
35.03946643148495,Female,USA,Premium,Gaming Console,11.3,8,5,0.8778571428571429,2.0925925925925926,0
20.0,Female,USA,Premium,Mobile,11.3,35,5,0.7051818181818184,1.3603531300160514,0
9.0,Male,USA,Basic,Gaming Console,11.3,15,5,0.6473076923076924,1.279969794223145,0
39.0,Male,USA,Standard,Tablet,11.31,21,5,0.9244666666666668,0.9706765841796595,0
24.0,Male,USA,Premium,Mobile,11.31,17,5,0.42033333333333334,1.0698407693520415,0
31.0,Female,USA,Premium+,Tablet,11.32,25,5,0.8096363636363637,1.2778927563499531,0
30.0,Male,USA,Premium,Laptop,11.32,26,3,0.46875,1.5538778311599177,0
35.0,Male,USA,Premium,Smart TV,11.32,36,4,0.8547142857142856,1.8376623376623378,1
37.0,Male,USA,Premium,Laptop,11.32,16,5,0.7987777777777778,0.6794038211463438,0
47.0,Female,USA,Premium+,Laptop,11.32,7,5,0.7573333333333334,1.2815094339622641,0
44.0,Male,USA,Standard,Tablet,11.32,10,5,1.060142857142857,1.5160714285714285,0
34.0,Female,USA,Standard,Smart TV,11.32,6,4,0.7503333333333333,0.9091152456163833,0
40.0,Female,USA,Premium,Gaming Console,11.32,19,4,0.8732500000000001,2.02263251935676,1
44.0,Female,USA,Standard,Tablet,11.33,12,5,0.6117777777777778,0.6607698289269052,1
21.0,Female,USA,Standard,Tablet,11.33,15,5,0.643486111111111,0.6157050991757994,0
48.0,Female,Canada,Premium+,Gaming Console,11.33,2,5,0.917198717948718,0.6477987421383647,0
27.0,Female,USA,Premium,Tablet,11.33,18,5,0.6340119047619047,0.6743378633072116,0
36.0,Female,USA,Premium+,Mobile,11.33,28,5,0.5747142857142857,1.1888772298006296,0
40.0,Male,USA,Premium,Tablet,11.34,14,5,0.7270000000000001,1.2637444279346213,0
42.0,Female,USA,Premium,Mobile,11.34,28,5,0.742125,1.5043112978111872,0
39.0,Male,USA,Premium,Laptop,11.34,3,5,1.1441428571428571,1.7654385054488841,1
43.0,Male,USA,Premium,Desktop,11.36,13,5,0.7014444444444444,0.5746079919069298,0
42.0,Male,USA,Standard,Smart TV,11.36,8,5,0.7102222222222222,1.322211445198836,0
36.0,Male,USA,Standard,Gaming Console,11.36,19,5,0.6352142857142857,0.785796633617708,0
35.03946643148495,Female,USA,Premium,Smart TV,11.36,35,5,0.48,2.534771290442543,0
39.0,Female,USA,Premium,Desktop,11.37,14,5,0.7002941176470588,0.4279799247176913,0
24.0,Male,Canada,Standard,Tablet,11.38,21,5,0.5536249999999999,0.827435773145904,0
46.0,Female,USA,Premium,Smart TV,11.38,24,5,0.5771000000000001,1.3855519480519483,0
43.0,Female,USA,Standard,Tablet,11.38,20,3,0.5854285714285714,2.3626297577854674,0
46.0,Male,USA,Basic,Smart TV,11.39,16,5,0.6151428571428572,1.8127320954907162,0
32.0,Male,Canada,Standard,Desktop,11.39,15,5,0.6552,2.7523157470801456,0
46.0,Female,USA,Premium,Mobile,11.4,30,4,0.5326666666666666,1.3809812235009085,1
35.03946643148495,Female,Canada,Standard,Smart TV,11.4,6,5,0.9845,1.029190490520614,0
36.0,Female,USA,Premium+,Gaming Console,11.4,17,5,0.5834999999999999,1.2440887595489267,1
35.03946643148495,Female,Canada,Premium,Gaming Console,11.4,24,5,0.4876666666666667,2.615678776290631,0
28.0,Male,USA,Premium,Desktop,11.4,13,5,0.6985,2.282282282282282,0
42.0,Female,USA,Premium,Tablet,11.4,18,5,0.6418181818181818,0.9109069117059527,1
52.0,Male,USA,Premium+,Desktop,11.4,31,5,0.9174,1.368821292775665,0
35.03946643148495,Female,USA,Basic,Mobile,11.41,4,5,0.8210999999999999,1.2368563685636857,0
22.0,Male,USA,Basic,Laptop,11.41,5,5,0.73725,1.325973271353864,1
42.0,Other,USA,Standard,Gaming Console,11.42,22,5,0.7522857142857142,3.041278295605859,0
18.0,Female,USA,Standard,Gaming Console,11.42,30,5,0.5934999999999999,0.6522608281770585,0
47.0,Male,Canada,Basic,Mobile,11.42,9,5,0.6898,0.8898701298701298,0
21.0,Male,Canada,Basic,Laptop,11.42,29,4,0.8725363636363637,1.021010281627179,0
37.0,Male,USA,Premium,Desktop,11.43,25,5,0.6869090909090909,1.9797921478060043,0
31.0,Male,Canada,Premium,Laptop,11.43,3,4,0.6765,1.0703917590135787,0
21.0,Male,USA,Basic,Tablet,11.43,11,4,0.5665,4.646341463414634,0
23.0,Female,USA,Standard,Laptop,11.43,6,5,0.811076923076923,0.8503409795412276,0
31.0,Prefer not to say,USA,Standard,Mobile,11.43,5,5,0.5605,3.6811594202898554,0
58.0,Male,USA,Standard,Desktop,11.43,27,5,0.6250784313725489,0.7925574945105742,0
44.0,Other,USA,Standard,Gaming Console,11.43,19,5,0.5678333333333333,0.8471896232242124,0
31.0,Male,Canada,Premium,Laptop,11.43,3,4,0.6765,1.0703917590135787,0
35.03946643148495,Male,Canada,Basic,Smart TV,11.44,18,5,0.6411111111111112,1.6358436606291704,0
29.0,Male,Canada,Premium,Gaming Console,11.44,17,4,0.62,1.3253523846302375,0
35.03946643148495,Male,USA,Standard,Smart TV,11.44,30,5,0.970764705882353,0.7581179589131876,0
38.0,Male,USA,Basic,Mobile,11.45,10,5,0.793595238095238,1.0029197080291972,0
22.0,Female,Canada,Standard,Smart TV,11.45,20,5,0.7777499999999999,3.1441647597254008,0
35.03946643148495,Male,Canada,Premium,Smart TV,11.45,20,5,0.6452999999999999,1.0824011343942017,0
15.0,Other,USA,Premium,Laptop,11.45,10,5,0.6101048951048951,0.6917035843737414,0
24.0,Female,Canada,Basic,Smart TV,11.46,13,5,0.8455000000000001,0.5302282541640962,0
53.0,Male,USA,Premium+,Laptop,11.47,13,5,0.7193939393939394,0.8388590931253047,0
-0.0,Prefer not to say,USA,Standard,Desktop,11.47,27,5,0.8103,1.9429700734048558,0
52.0,Male,USA,Standard,Laptop,11.48,20,5,0.6468383838383838,1.7028430160692214,0
34.0,Male,USA,Premium,Gaming Console,11.48,36,5,1.1838080808080809,1.7332662304982385,0
29.0,Female,Canada,Premium+,Tablet,11.48,12,3,0.511,1.740712661106899,0
36.0,Female,USA,Premium,Desktop,11.48,29,5,0.6060952380952381,1.221276595744681,0
15.0,Female,USA,Standard,Gaming Console,11.49,9,5,1.2756666666666665,1.563619868450896,0
10.0,Female,Canada,Standard,Desktop,11.49,24,5,1.0757142857142856,2.944895343870141,0
40.0,Other,USA,Standard,Gaming Console,11.49,13,5,0.6496363636363636,0.6780094413847364,0
35.03946643148495,Female,USA,Basic,Smart TV,11.49,27,5,0.5474444444444444,1.6247937779872728,0
19.0,Female,USA,Premium,Laptop,11.49,36,5,0.756375,1.0083369899078543,0
32.0,Male,Canada,Standard,Mobile,11.49,17,5,0.6346363636363637,0.869685883688659,0
35.03946643148495,Female,Canada,Standard,Smart TV,11.49,35,5,0.8035555555555556,0.5996868475991649,0
20.0,Male,USA,Standard,Desktop,11.5,35,5,0.5928888888888889,1.1217688180783612,0
16.0,Other,USA,Premium,Laptop,11.5,27,5,0.6648181818181818,1.2704842570429018,0
33.0,Male,Canada,Standard,Desktop,11.5,26,4,0.7809999999999999,1.4838709677419355,0
41.0,Female,USA,Standard,Mobile,11.5,29,5,0.898625,1.8795968400980656,0
31.0,Female,USA,Standard,Tablet,11.5,26,5,0.7331071428571427,0.7495111883554204,0
27.0,Male,USA,Standard,Laptop,11.51,6,5,0.8807,1.8073802669458254,0
30.0,Female,USA,Standard,Desktop,11.51,4,5,0.7387857142857143,0.7929727867723045,0
35.03946643148495,Male,Canada,Standard,Laptop,11.52,10,5,0.8096153846153846,0.5798657718120805,0
29.0,Prefer not to say,USA,Basic,Desktop,11.53,36,4,0.8018181818181818,0.5543713438576809,0
35.0,Male,USA,Premium+,Desktop,11.53,25,5,0.8573076923076923,0.7850658193372673,0
35.03946643148495,Female,Canada,Premium,Gaming Console,11.53,2,5,0.9241428571428572,0.46784337593832426,0
61.0,Female,USA,Standard,Gaming Console,11.53,1,5,0.6226428571428572,0.7690084481991996,0
29.0,Male,Canada,Premium+,Tablet,11.54,30,4,0.5661,1.0438715513342376,0
35.0,Male,USA,Premium,Tablet,11.54,13,5,0.9167000000000001,1.9340782122905027,0
33.0,Female,USA,Standard,Tablet,11.54,8,5,0.5288823529411765,0.7289188335614275,0
29.0,Male,USA,Basic,Smart TV,11.54,28,5,0.6588181818181819,1.1286063569682152,0
45.0,Other,USA,Premium,Smart TV,11.54,13,5,0.6148571428571428,4.57633840052875,0
32.0,Female,USA,Premium,Gaming Console,11.54,4,5,0.695047619047619,1.9471316085489312,1
44.0,Male,USA,Standard,Desktop,11.55,26,5,0.7849999999999999,0.7521163446928587,0
30.0,Prefer not to say,USA,Premium,Mobile,11.55,10,5,0.451262443438914,0.7818140794223827,0
35.03946643148495,Female,USA,Premium,Gaming Console,11.56,24,5,0.792,12.610909090909091,0
55.0,Female,Canada,Premium+,Smart TV,11.56,5,5,1.0125833333333334,1.282781579434067,0
28.0,Female,USA,Premium,Gaming Console,11.56,6,4,0.6796181818181819,1.0902232002514933,0
26.0,Male,USA,Standard,Mobile,11.56,35,4,0.8862727272727272,1.3496789258610626,0
18.0,Female,USA,Premium,Mobile,11.57,22,4,1.545777777777778,1.0372030479605556,0
39.0,Male,USA,Standard,Desktop,11.57,11,5,0.769,1.4199222744937616,0
34.0,Male,USA,Standard,Gaming Console,11.57,18,5,0.6033916083916084,0.9575172413793103,0
35.03946643148495,Female,USA,Standard,Laptop,11.57,6,5,0.8135714285714286,0.6166281755196306,0
30.0,Female,USA,Standard,Laptop,11.57,26,5,0.9966666666666667,0.8234875444839856,0
51.0,Male,Canada,Basic,Gaming Console,11.58,36,4,0.5638333333333333,1.005790387955993,0
33.0,Male,USA,Standard,Tablet,11.58,22,5,0.8507500000000001,0.9799717912552892,0
33.0,Female,USA,Premium,Desktop,11.58,34,4,0.7848888888888887,1.5395524041657433,0
35.0,Female,USA,Premium,Tablet,11.6,26,5,0.8384166666666666,0.447070914696814,0
47.0,Female,Canada,Premium,Tablet,11.6,22,3,0.84,4.8876404494382015,0
2.0,Female,USA,Basic,Smart TV,11.6,11,5,0.9089,0.7699966810487886,1
31.0,Male,USA,Standard,Gaming Console,11.6,31,4,0.9254454545454545,1.2058212058212057,0
15.0,Male,Canada,Standard,Desktop,11.6,7,5,0.588948717948718,1.260412893879029,0
50.0,Female,USA,Premium,Tablet,11.6,32,5,0.4991978021978022,0.5635171241195045,0
24.0,Female,USA,Standard,Laptop,11.6,10,5,0.6893333333333334,1.5675675675675675,0
25.0,Female,Canada,Basic,Desktop,11.61,20,5,0.8255,1.2379598365025768,0
24.0,Male,Canada,Standard,Mobile,11.61,1,5,0.8471333333333333,0.9957118353344768,0
35.03946643148495,Male,Canada,Premium,Mobile,11.62,30,5,0.9928000000000001,1.4954954954954953,0
51.0,Female,Canada,Standard,Smart TV,11.62,13,5,0.7961818181818181,1.209996528982992,0
28.0,Female,USA,Premium+,Desktop,11.62,31,5,0.7793214285714285,2.3078450844091356,0
47.0,Male,USA,Standard,Mobile,11.62,26,5,0.9172307692307693,1.2423378474697078,0
49.0,Male,USA,Premium+,Laptop,11.62,19,5,0.49485714285714283,0.9731993299832495,0
33.0,Female,Canada,Premium,Tablet,11.62,32,5,0.7673636363636365,0.9268811486306833,0
44.0,Female,USA,Premium,Desktop,11.62,15,5,0.5593455882352941,0.5789735924265073,0
39.0,Female,Canada,Premium,Desktop,11.62,4,5,0.7541428571428571,1.0172162241027134,0
36.0,Female,USA,Standard,Smart TV,11.63,8,5,0.8806666666666665,4.513583441138422,0
18.0,Male,USA,Premium,Desktop,11.63,33,5,0.7852307692307692,0.9874062544219612,1
35.03946643148495,Male,USA,Basic,Tablet,11.63,2,5,0.8168333333333333,1.2337340876944838,0
32.0,Female,USA,Standard,Laptop,11.64,31,5,0.8799363636363636,1.5959780621572213,0
10.0,Prefer not to say,USA,Premium+,Mobile,11.64,6,5,0.5840769230769229,0.6517965468968735,0
38.0,Female,Canada,Standard,Laptop,11.64,11,5,1.0776666666666668,1.0856521063267528,0
13.0,Female,USA,Premium+,Tablet,11.64,7,5,0.762948717948718,0.7286384976525823,0
68.0,Male,USA,Standard,Laptop,11.64,9,5,0.9256454545454545,1.0687069625095638,0
58.0,Female,USA,Standard,Mobile,11.65,25,5,0.5587500000000001,2.2636010362694297,0
52.0,Male,USA,Standard,Smart TV,11.65,35,5,0.6150769230769231,0.9846457247499648,0
29.0,Male,USA,Standard,Smart TV,11.65,6,5,0.8316363636363636,1.1466535433070866,0
25.0,Male,USA,Standard,Desktop,11.66,36,5,0.7204615384615385,0.905748316934231,0
28.0,Female,USA,Standard,Gaming Console,11.66,33,3,0.9395,5.140337986774431,0
35.03946643148495,Male,Canada,Premium,Smart TV,11.66,19,5,0.8617202797202796,0.8976135488837568,0
40.0,Male,Canada,Premium,Smart TV,11.66,25,5,0.7982727272727272,0.8031224888072551,1
-1.0,Male,USA,Premium,Gaming Console,11.66,20,4,0.979,3.0697674418604657,0
55.0,Male,USA,Premium,Desktop,11.66,36,5,0.6209999999999999,2.4799716412619635,0
36.0,Female,USA,Premium,Desktop,11.66,30,5,0.7840142857142857,0.6556701030927835,0
13.0,Female,USA,Premium,Smart TV,11.66,26,5,0.6854615384615385,1.1198975508243956,1
35.03946643148495,Male,Canada,Premium,Gaming Console,11.66,12,5,0.893875,2.0301799187463723,0
40.0,Male,Canada,Premium,Smart TV,11.66,25,5,0.7982727272727272,0.8031224888072551,1
35.03946643148495,Male,USA,Standard,Laptop,11.67,11,5,1.157904761904762,1.8055698813821557,0
30.0,Prefer not to say,USA,Premium,Desktop,11.67,21,5,0.952625,0.7126717557251908,0
30.0,Prefer not to say,USA,Premium,Desktop,11.67,21,5,0.952625,0.7126717557251908,0
22.0,Male,USA,Premium,Mobile,11.68,35,5,0.7789769736842105,0.879628467428141,1
33.0,Female,Canada,Premium,Laptop,11.68,12,4,0.559375,1.3067313071042326,1
50.0,Male,USA,Premium,Laptop,11.68,25,5,0.9975555555555555,1.6850204376051934,0
41.0,Male,USA,Premium,Laptop,11.68,4,5,0.8219510489510489,0.821282081331302,0
36.0,Female,USA,Basic,Tablet,11.69,12,5,0.8227857142857142,0.8007763443315447,0
44.0,Prefer not to say,Canada,Standard,Tablet,11.69,28,5,0.704,0.9630646711519978,1
35.03946643148495,Male,USA,Premium,Laptop,11.69,7,5,0.5320714285714285,0.4488672724945603,1
46.0,Female,USA,Basic,Smart TV,11.69,7,4,0.8282121212121212,1.08997668997669,0
30.0,Other,USA,Basic,Tablet,11.7,26,5,0.8017820512820513,1.2902040066164306,1
26.0,Female,Canada,Premium,Desktop,11.7,21,5,0.7420909090909091,0.5257245562794878,0
32.0,Female,USA,Standard,Desktop,11.71,23,5,0.8229444444444444,1.0629349470499243,1
49.0,Male,USA,Premium,Mobile,11.71,28,4,0.9775,1.8038510911424905,0
46.0,Female,USA,Premium,Mobile,11.71,5,5,0.6745000000000001,2.0022798518096323,0
23.0,Female,Canada,Premium,Desktop,11.71,20,5,0.8324666666666667,1.8796147672552168,1
55.0,Male,USA,Standard,Mobile,11.72,34,5,0.7358571428571428,2.238064926798218,0
51.0,Female,Canada,Standard,Laptop,11.72,34,4,0.7993333333333333,3.9219185722253216,0
66.0,Female,USA,Premium,Mobile,11.72,8,5,0.5892181818181819,1.3946846489488298,1
23.0,Male,USA,Premium,Tablet,11.72,20,5,0.7764,3.4169096209912535,0
35.0,Female,USA,Premium,Laptop,11.73,7,5,0.8976666666666666,1.4416222859483818,1
55.0,Male,USA,Premium,Laptop,11.73,34,4,0.6344666666666666,2.6300448430493275,0
16.0,Female,USA,Premium,Desktop,11.73,7,5,0.6898333333333333,1.9664710813076276,0
15.0,Male,Canada,Standard,Laptop,11.73,22,5,0.6987979797979799,0.5698785425101215,0
39.0,Prefer not to say,USA,Basic,Gaming Console,11.73,19,5,0.7282857142857143,1.6356030676272368,0
16.0,Male,Canada,Standard,Mobile,11.74,2,5,0.9552307692307692,1.1945056808546717,1
39.0,Female,USA,Standard,Tablet,11.74,13,5,0.46933333333333327,1.5009588749200935,0
29.0,Male,USA,Premium,Laptop,11.74,18,5,0.7918333333333334,0.7546603814013285,1
52.0,Female,USA,Premium+,Mobile,11.75,3,4,0.3505,5.389908256880735,0
43.0,Female,USA,Premium,Smart TV,11.75,11,5,0.7237380952380952,0.7576571735626008,0
48.0,Female,USA,Premium,Gaming Console,11.75,29,4,0.5595,3.1194690265486726,0
26.0,Female,Canada,Premium+,Laptop,11.75,20,5,0.5566666666666666,0.985738255033557,0
37.0,Prefer not to say,USA,Standard,Tablet,11.76,5,3,0.5395000000000001,1.8597785977859775,1
44.0,Male,USA,Standard,Gaming Console,11.76,15,5,0.8175714285714286,2.0217765042979945,1
47.0,Female,USA,Premium,Desktop,11.76,28,4,0.8659999999999999,1.2564102564102562,0
26.0,Female,USA,Standard,Mobile,11.77,25,4,0.9269444444444443,2.278799612778315,1
22.0,Other,Canada,Premium,Mobile,11.77,36,5,0.707888888888889,1.7869433198380567,1
37.0,Female,USA,Standard,Gaming Console,11.77,27,5,0.7588750000000001,1.8130937098844673,0
29.0,Male,USA,Premium,Gaming Console,11.77,3,5,0.6941904761904762,1.602087114337568,0
52.0,Other,USA,Basic,Smart TV,11.77,3,5,0.8892499999999999,4.127410870835768,0
22.0,Other,Canada,Premium,Mobile,11.77,36,5,0.707888888888889,1.7869433198380567,1
17.0,Other,Canada,Premium,Tablet,11.78,10,5,0.591,0.9378980891719745,0
53.0,Other,Canada,Premium+,Tablet,11.78,11,5,0.5593030303030302,0.6164849542084606,0
25.0,Male,Canada,Premium,Smart TV,11.78,17,5,0.8397619047619047,1.605633802816901,1
25.0,Male,Canada,Premium,Smart TV,11.78,17,5,0.8397619047619047,1.605633802816901,1
41.0,Male,USA,Standard,Mobile,11.79,11,5,0.832,2.645474943904263,1
14.0,Male,Canada,Basic,Smart TV,11.79,32,4,0.6865833333333333,0.542484662576687,1
45.0,Female,USA,Basic,Laptop,11.79,1,5,1.0635714285714286,2.5446043165467622,0
23.0,Male,Canada,Standard,Gaming Console,11.8,8,4,0.701,3.4038461538461537,1
38.0,Male,USA,Premium,Tablet,11.8,26,5,0.917,1.4529037553868256,0
24.0,Male,USA,Standard,Desktop,11.8,3,5,0.32899999999999996,2.3039375203384314,0
26.0,Male,Canada,Premium,Smart TV,11.8,8,5,0.5792857142857143,1.9223459136573446,0
7.0,Male,USA,Standard,Laptop,11.8,18,5,0.6096,0.955594547172358,0
21.0,Prefer not to say,USA,Premium+,Mobile,11.8,19,5,0.4894545454545455,1.119013750592698,0
35.03946643148495,Other,USA,Basic,Gaming Console,11.8,10,5,0.6371538461538462,0.9419904204364024,0
38.0,Male,USA,Premium,Tablet,11.8,26,5,0.917,1.4529037553868256,0
33.0,Male,USA,Standard,Gaming Console,11.81,10,4,0.4026666666666667,2.2961762799740764,0
35.03946643148495,Male,USA,Standard,Laptop,11.81,23,5,0.6438333333333334,3.675311203319503,0
27.0,Male,USA,Premium,Desktop,11.82,35,5,0.7944444444444445,2.3275352806038723,0
34.0,Male,Canada,Standard,Laptop,11.83,23,5,0.7589999999999999,0.4706272377668745,0
21.0,Male,Canada,Premium,Tablet,11.83,23,5,0.7982666666666667,1.0164685665186883,0
5.0,Male,USA,Standard,Tablet,11.83,11,5,0.7847211538461539,0.41477239525506926,0
25.0,Female,USA,Standard,Desktop,11.84,1,5,0.664,1.1168055337211131,0
39.0,Prefer not to say,USA,Premium,Gaming Console,11.84,7,5,0.7284375000000001,1.488060326770004,0
34.0,Male,Canada,Standard,Mobile,11.84,36,4,0.6528181818181819,0.6138956100933287,0
35.0,Female,USA,Premium,Mobile,11.84,6,5,0.792055944055944,1.0417949846018477,0
35.0,Female,USA,Premium,Mobile,11.85,15,5,0.24055555555555558,1.4908785908995594,0
39.0,Male,USA,Premium,Mobile,11.85,15,5,0.5632222222222222,1.5709235528060095,0
35.03946643148495,Female,USA,Premium,Smart TV,11.85,21,4,0.7015555555555555,0.9693251533742331,0
36.0,Male,USA,Standard,Desktop,11.86,1,5,0.6977500000000001,1.6495132127955492,0
36.0,Female,USA,Basic,Mobile,11.86,13,4,0.4225,1.2471083070452156,0
62.0,Male,USA,Premium,Mobile,11.88,12,5,0.8715714285714287,1.2578083642138698,0
28.0,Female,USA,Premium+,Mobile,11.88,7,5,0.9826666666666666,2.468998960859023,0
37.0,Male,Canada,Standard,Laptop,11.88,31,5,0.7502857142857142,2.667664670658682,0
19.0,Other,USA,Standard,Gaming Console,11.88,35,5,0.8757333333333333,0.6986865320525387,0
23.0,Female,USA,Basic,Mobile,11.88,25,5,1.4092857142857143,1.5485552900282424,0
25.0,Female,USA,Premium+,Tablet,11.88,16,5,0.6677142857142857,1.5315857327030513,0
18.0,Female,USA,Standard,Desktop,11.88,6,5,0.8710113636363637,1.165848871442591,0
31.0,Female,USA,Standard,Tablet,11.89,16,4,1.1475454545454544,1.055793991416309,0
28.0,Female,USA,Premium,Desktop,11.89,31,4,0.756625,1.364053537284895,0
38.0,Prefer not to say,USA,Standard,Tablet,11.89,22,5,0.9612499999999999,1.2118226600985222,0
42.0,Female,USA,Standard,Smart TV,11.9,11,4,0.6601428571428571,1.689540937056318,0
28.0,Female,USA,Standard,Tablet,11.9,24,5,0.87425,1.3789107763615294,0
49.0,Male,USA,Standard,Tablet,11.9,14,5,0.9454166666666666,0.8255289628858828,0
31.0,Male,USA,Premium+,Gaming Console,11.91,36,5,0.9923,1.15649781518045,0
29.0,Female,Canada,Premium,Smart TV,11.91,33,5,0.6199181818181818,1.135727908455181,0
29.0,Female,USA,Premium,Desktop,11.91,28,5,0.6076363636363635,1.3723833301325137,0
38.0,Male,Canada,Basic,Desktop,11.92,31,5,0.931142857142857,1.5729052122278424,0
35.03946643148495,Male,USA,Premium,Laptop,11.92,31,5,0.8193319327731092,0.42731672342713756,1
49.0,Male,Canada,Basic,Smart TV,11.92,30,5,0.8523786764705883,1.0567375886524821,0
45.0,Prefer not to say,USA,Premium,Gaming Console,11.93,12,5,0.725,1.3683808067291148,0
24.0,Female,Canada,Premium,Mobile,11.93,30,4,0.6094166666666666,2.018612521150592,0
51.0,Female,USA,Premium,Tablet,11.93,33,4,0.861125,2.112750885478158,0
24.0,Male,Canada,Standard,Tablet,11.94,16,5,0.8706538461538461,0.7559354226020892,1
34.0,Female,Canada,Standard,Gaming Console,11.94,29,5,0.971,2.2234636871508373,0
33.0,Female,USA,Premium,Tablet,11.94,31,5,0.6154666666666667,0.8830272402317267,0
32.0,Female,USA,Premium,Mobile,11.95,19,4,1.085,1.8527131782945734,1
35.03946643148495,Male,USA,Premium,Tablet,11.96,6,5,0.9755714285714285,2.7610619469026547,0
35.03946643148495,Male,USA,Basic,Laptop,11.96,14,5,0.948404761904762,2.938574938574939,0
37.0,Male,USA,Standard,Desktop,11.96,28,4,0.76975,0.9994428969359332,0
10.0,Male,USA,Premium,Tablet,11.96,6,5,0.6269722222222223,1.5716162943495402,1
36.0,Male,USA,Premium+,Tablet,11.97,20,5,1.0962222222222222,0.8217391304347826,1
34.0,Female,USA,Premium,Mobile,11.97,32,5,0.8536363636363636,2.575116529221943,0
35.03946643148495,Male,Canada,Standard,Tablet,11.97,18,4,1.2678571428571428,3.0062787777312683,0
45.0,Male,USA,Standard,Desktop,11.97,1,5,0.6988571428571428,1.0697050938337802,0
37.0,Female,USA,Premium,Smart TV,11.97,18,5,0.5644666666666667,1.3651397072799847,0
45.0,Male,USA,Standard,Desktop,11.97,1,5,0.6988571428571428,1.0697050938337802,0
35.03946643148495,Female,USA,Premium+,Mobile,11.98,12,5,0.8401988304093567,0.7915427816319789,0
35.03946643148495,Male,USA,Premium,Gaming Console,11.98,24,4,0.907,1.6001780943900266,1
26.0,Prefer not to say,USA,Premium,Tablet,11.99,4,5,0.4755714285714286,1.6235612728503723,0
31.0,Female,USA,Standard,Laptop,11.99,27,5,0.8074999999999999,0.9074167507568113,0
14.0,Female,USA,Premium,Tablet,11.99,28,3,0.2693333333333333,3.5126953125000004,0
27.0,Male,USA,Premium,Laptop,11.99,29,5,0.6213333333333333,2.1109154929577465,0
14.0,Female,USA,Premium,Tablet,11.99,28,3,0.2693333333333333,3.5126953125000004,0
44.0,Male,USA,Premium,Desktop,12.0,33,5,0.7286666666666667,1.7270328615975052,1
30.0,Male,USA,Standard,Laptop,12.0,11,5,0.5429999999999999,1.1811023622047243,0
55.0,Female,USA,Premium,Desktop,12.0,24,4,0.78625,5.801772763900081,0
49.0,Female,USA,Premium,Laptop,12.0,32,4,1.0651805555555556,2.2367194780987885,0
39.0,Female,USA,Premium,Mobile,12.0,23,5,0.8091666666666666,1.6252821670428892,0
23.0,Male,USA,Premium,Tablet,12.0,15,5,0.7952380952380953,0.6858449228424462,0
23.0,Male,USA,Premium,Tablet,12.0,15,5,0.7952380952380953,0.6858449228424462,0
20.0,Female,Canada,Premium,Smart TV,12.01,1,5,0.8448333333333333,1.6009775605421017,0
22.0,Male,Canada,Standard,Tablet,12.01,17,5,0.9012,2.0790536641661856,0
42.0,Other,USA,Premium,Tablet,12.01,7,5,0.8885000000000001,1.8854003139717421,0
35.03946643148495,Female,Canada,Premium,Mobile,12.01,6,5,0.6504,1.0811702925731435,0
35.03946643148495,Female,Canada,Premium,Mobile,12.01,6,5,0.6504,1.0811702925731435,0
36.0,Female,USA,Premium,Desktop,12.02,16,5,0.61025,1.97103033615742,0
16.0,Prefer not to say,USA,Standard,Tablet,12.02,20,5,0.8205,0.6672834937083642,0
19.0,Female,USA,Basic,Mobile,12.02,26,4,0.702,1.3920092646207296,0
10.0,Female,Canada,Basic,Mobile,12.02,21,5,0.9341666666666666,1.18951014349332,0
58.0,Male,Canada,Standard,Smart TV,12.02,7,5,0.6805,2.2425373134328357,0
36.0,Female,USA,Premium,Desktop,12.02,16,5,0.61025,1.97103033615742,0
33.0,Female,USA,Basic,Laptop,12.04,15,4,0.7800952380952381,2.4554724677090407,0
35.0,Female,USA,Basic,Laptop,12.04,20,4,0.8280000000000001,3.478093403948002,0
23.0,Female,USA,Premium,Desktop,12.05,33,5,0.8192121212121213,1.0739750445632799,0
28.0,Female,USA,Basic,Gaming Console,12.06,9,5,0.587,2.593548387096774,0
42.0,Male,Canada,Premium,Mobile,12.06,19,5,0.476875,1.3115823817292007,1
42.0,Male,USA,Premium,Smart TV,12.06,19,5,0.7020461538461539,1.0882839524740562,0
31.0,Female,USA,Premium,Tablet,12.06,24,5,0.6637272727272727,1.9306296691568836,0
37.0,Male,USA,Basic,Desktop,12.06,24,5,0.3446666666666667,1.0790337011631375,0
17.0,Female,USA,Premium+,Mobile,12.06,8,5,0.8595454545454545,1.1966264263271043,0
26.0,Male,USA,Premium,Gaming Console,12.07,18,5,0.8472536764705882,1.0420143884892086,0
52.0,Male,Canada,Standard,Mobile,12.07,20,5,0.6611,0.7831729209473343,0
35.03946643148495,Prefer not to say,USA,Premium,Gaming Console,12.08,6,5,0.7129,1.2554997401697556,0
40.0,Female,USA,Standard,Desktop,12.08,27,5,0.9815,4.366265060240964,0
61.0,Male,USA,Standard,Desktop,12.08,1,5,1.0914166666666667,1.3325979040264755,0
22.0,Male,Canada,Standard,Gaming Console,12.08,6,5,0.941010101010101,1.4840294840294839,0
31.0,Male,USA,Standard,Desktop,12.08,29,5,0.6813333333333333,3.443230403800475,0
35.0,Female,USA,Standard,Desktop,12.08,36,5,0.8824545454545455,1.1403398363750787,0
21.0,Male,Canada,Premium,Tablet,12.08,14,5,0.7373296703296703,2.1597139451728244,0
35.03946643148495,Female,Canada,Premium,Smart TV,12.08,21,5,0.8588888888888888,1.1125095932463547,0
61.0,Male,USA,Standard,Desktop,12.08,1,5,1.0914166666666667,1.3325979040264755,0
24.0,Male,Canada,Basic,Gaming Console,12.09,31,4,0.5948809523809524,1.5191623036649216,0
28.0,Male,USA,Premium,Gaming Console,12.09,22,5,0.25830000000000003,1.2385180126344544,1
35.03946643148495,Female,USA,Standard,Tablet,12.09,16,5,0.6786249999999999,3.566371681415929,0
50.0,Male,USA,Standard,Mobile,12.09,6,4,0.6940000000000001,1.6869767441860464,0
58.0,Male,USA,Basic,Mobile,12.09,11,5,0.8172142857142857,1.1707553260167851,1
35.03946643148495,Male,USA,Premium,Smart TV,12.09,17,5,0.8066923076923076,0.8720846357297426,0
31.0,Other,USA,Basic,Gaming Console,12.09,27,5,0.91,2.2868852459016393,0
53.0,Female,USA,Standard,Laptop,12.09,12,5,0.9818,2.5452631578947367,1
30.0,Male,USA,Standard,Mobile,12.1,1,5,0.5683333333333334,2.165225171488219,1
26.0,Female,USA,Basic,Laptop,12.1,17,5,0.7255714285714285,1.6187290969899666,0
35.03946643148495,Female,Canada,Premium,Gaming Console,12.1,8,5,0.9501428571428572,0.9458051068264721,0
34.0,Female,Canada,Premium,Desktop,12.1,12,5,0.8297272727272726,2.528735632183908,0
33.0,Male,USA,Standard,Smart TV,12.1,22,5,0.995,4.186851211072664,0
20.0,Female,USA,Basic,Smart TV,12.11,28,5,0.6536666666666666,1.143351691581432,0
40.0,Female,USA,Basic,Laptop,12.11,9,5,0.6335757575757576,1.517860873198245,0
36.0,Male,Canada,Standard,Mobile,12.11,26,5,0.8858181818181817,1.56797583081571,0
8.0,Male,USA,Premium,Mobile,12.11,5,5,0.6800588235294118,0.9097283085013146,0
49.0,Other,Canada,Standard,Tablet,12.12,17,3,1.0226666666666668,2.922829581993569,1
46.0,Female,Canada,Standard,Desktop,12.12,27,5,0.6795844155844156,1.8849144634525656,0
22.0,Female,USA,Standard,Tablet,12.12,9,5,0.5028750000000001,1.8522669383596533,0
26.0,Female,Canada,Premium,Desktop,12.12,4,5,0.8576,0.9856329628625642,0
49.0,Other,Canada,Standard,Tablet,12.12,17,3,1.0226666666666668,2.922829581993569,1
8.0,Female,USA,Basic,Mobile,12.13,35,5,0.5218809523809523,1.48318728347259,0
25.0,Male,USA,Standard,Tablet,12.13,13,5,1.2066666666666666,1.4956843403205917,0
41.0,Female,Canada,Premium,Tablet,12.13,32,5,0.7184242424242424,1.4556,0
8.0,Female,USA,Basic,Mobile,12.13,35,5,0.5218809523809523,1.48318728347259,0
39.0,Male,USA,Premium,Laptop,12.14,34,5,0.7906666666666666,2.1125290023201857,0
60.0,Male,USA,Premium,Mobile,12.14,29,5,0.7879333333333334,0.9995883079456566,0
21.0,Male,USA,Basic,Laptop,12.14,8,4,0.8965714285714286,1.793205317577548,0
46.0,Other,USA,Premium,Tablet,12.15,11,5,0.5223846153846154,1.0333097094259391,0
28.0,Male,USA,Standard,Mobile,12.15,15,5,1.2629285714285712,4.3238434163701065,0
49.0,Male,USA,Standard,Mobile,12.15,34,4,0.79,2.1702887764215544,0
49.0,Male,Canada,Standard,Desktop,12.15,27,5,0.9712857142857143,3.142241379310345,0
35.0,Female,Canada,Basic,Desktop,12.16,26,5,0.9510000000000001,3.0889077053344622,0
49.0,Male,USA,Standard,Mobile,12.16,7,5,0.6632361111111111,1.467712733856367,0
36.0,Male,USA,Standard,Desktop,12.16,21,4,0.365,0.7696202531645568,0
13.0,Male,Canada,Basic,Smart TV,12.16,3,4,0.6678,0.8611898016997167,0
32.0,Female,Canada,Basic,Desktop,12.16,16,5,0.489375,2.0010970927043332,1
28.0,Male,USA,Premium+,Laptop,12.17,10,5,0.8697142857142857,0.6145430062279077,0
8.0,Female,USA,Standard,Smart TV,12.17,4,5,0.3407,0.9262970950145883,0
20.0,Male,USA,Standard,Tablet,12.17,33,5,0.573875,1.855182926829268,0
32.0,Female,Canada,Premium,Laptop,12.17,12,5,0.750875,1.857542610022895,0
48.0,Male,Canada,Standard,Laptop,12.18,7,5,0.6832,1.2357118701386542,0
29.0,Male,USA,Premium+,Laptop,12.19,5,4,0.8534166666666666,2.1819809069212406,0
58.0,Female,USA,Premium,Tablet,12.19,13,4,0.7230000000000001,1.141207676704634,0
35.03946643148495,Male,USA,Premium+,Tablet,12.19,3,5,1.0990555555555557,3.1057324840764333,0
42.0,Female,USA,Standard,Mobile,12.19,15,4,0.5938888888888889,0.9649076517150396,0
18.0,Male,USA,Standard,Gaming Console,12.19,34,4,0.53525,2.281347473487211,1
35.03946643148495,Male,USA,Premium+,Tablet,12.19,3,5,1.0990555555555557,3.1057324840764333,0
34.0,Male,USA,Premium,Gaming Console,12.2,36,5,0.8771111111111112,1.4657589106928313,0
21.0,Female,Canada,Premium+,Laptop,12.2,27,5,0.9465714285714286,1.9072433559145388,0
57.0,Male,USA,Standard,Desktop,12.2,7,5,0.6005714285714285,1.6901408450704223,0
24.0,Male,USA,Premium,Gaming Console,12.21,4,5,0.4725,1.887657820149446,0
21.0,Female,USA,Standard,Desktop,12.21,31,5,0.8717142857142858,1.4570405727923628,1
42.0,Female,USA,Basic,Gaming Console,12.21,11,3,0.30139999999999995,13.247739602169982,0
27.0,Female,USA,Basic,Desktop,12.21,19,5,0.76225,0.8875696631936031,0
33.0,Male,USA,Premium,Tablet,12.22,22,5,0.6826928104575163,0.8555425904317385,1
49.0,Male,USA,Basic,Tablet,12.22,19,5,0.7229272727272726,1.7110851808634773,0
41.0,Female,USA,Basic,Mobile,12.22,3,5,0.8816250000000001,2.866301798279906,0
35.03946643148495,Male,USA,Standard,Smart TV,12.22,25,5,0.8392857142857143,0.38738310350293237,0
45.0,Male,USA,Standard,Smart TV,12.23,23,5,0.7730769230769232,1.2500851788756389,0
54.0,Male,USA,Premium+,Mobile,12.23,23,5,0.6877333333333333,2.1588702559576345,0
35.03946643148495,Female,Canada,Basic,Smart TV,12.23,11,5,0.9372857142857143,0.6529050627280008,0
59.0,Male,USA,Premium,Gaming Console,12.24,1,5,0.8367272727272728,1.489051094890511,0
37.0,Male,USA,Standard,Laptop,12.25,25,5,0.5705,1.5283842794759823,0
16.0,Prefer not to say,USA,Standard,Desktop,12.25,33,5,0.6420833333333333,1.058467741935484,0
40.0,Female,Canada,Standard,Gaming Console,12.25,10,4,0.615,1.1423686664594344,0
8.0,Male,USA,Basic,Laptop,12.25,35,5,0.7210000000000001,1.4744232698094282,0
31.0,Male,USA,Premium,Gaming Console,12.26,11,5,0.63125,1.3187522409465755,0
43.0,Prefer not to say,USA,Premium+,Gaming Console,12.26,4,4,0.8821666666666665,3.974068071312804,0
32.0,Female,Canada,Standard,Tablet,12.27,20,5,0.8054444444444444,2.2575896964121434,1
22.0,Female,USA,Standard,Tablet,12.28,13,5,0.8953406593406593,1.062590135563888,0
16.0,Female,USA,Premium,Smart TV,12.28,36,5,0.6580769230769231,0.9622567585216142,0
24.0,Male,USA,Premium,Desktop,12.28,19,5,0.624,1.3516785910842046,0
42.0,Male,Canada,Premium+,Laptop,12.28,16,4,0.728375,1.356156819436775,0
45.0,Male,Canada,Standard,Desktop,12.28,30,5,0.36114285714285715,1.9875910439708657,1
35.03946643148495,Male,USA,Standard,Mobile,12.29,3,5,0.7611666666666667,2.109871244635193,0
35.03946643148495,Female,USA,Standard,Tablet,12.29,13,5,0.933,1.1557993730407523,0
10.0,Female,USA,Standard,Tablet,12.3,36,5,0.7148472222222222,0.8910891089108912,0
34.0,Male,USA,Standard,Tablet,12.3,16,5,0.750602564102564,1.056398511308331,1
29.0,Female,USA,Standard,Tablet,12.3,26,5,0.9516923076923076,1.334056399132321,0
49.0,Male,USA,Standard,Gaming Console,12.31,13,5,0.7515555555555555,0.7016243944143632,0
51.0,Female,USA,Basic,Mobile,12.31,36,5,0.6366666666666666,0.6145269989183794,1
49.0,Male,USA,Standard,Gaming Console,12.31,13,5,0.7515555555555555,0.7016243944143632,0
23.0,Prefer not to say,USA,Standard,Laptop,12.32,12,3,0.6395555555555554,1.433113609926328,0
35.03946643148495,Prefer not to say,USA,Premium,Mobile,12.32,7,5,1.041,1.4502648616833433,0
29.0,Female,Canada,Premium,Tablet,12.32,12,5,0.5966923076923076,0.8374306106264868,0
34.0,Female,Canada,Premium,Tablet,12.33,32,5,0.9411,1.1418428769871891,0
35.03946643148495,Male,USA,Basic,Gaming Console,12.33,36,5,0.8848,0.8763326226012793,0
26.0,Other,USA,Basic,Gaming Console,12.33,12,5,0.866375,2.5163265306122446,0
46.0,Male,USA,Premium,Mobile,12.33,20,5,0.9211250000000001,2.0081433224755703,1
33.0,Male,USA,Standard,Laptop,12.33,4,5,0.7845555555555556,1.3377938517179024,0
35.03946643148495,Male,USA,Basic,Mobile,12.33,15,4,0.9593333333333334,1.5076421438760952,0
11.0,Male,USA,Premium,Smart TV,12.35,12,5,0.5685555555555555,1.3043478260869565,0
19.0,Female,USA,Premium,Mobile,12.35,21,5,0.45410000000000006,1.5606571187868572,0
23.0,Other,USA,Standard,Laptop,12.36,5,5,1.1347857142857143,1.736768149882904,1
35.03946643148495,Male,USA,Premium+,Gaming Console,12.36,16,5,0.7791428571428571,1.3172291296625223,0
35.03946643148495,Prefer not to say,USA,Basic,Gaming Console,12.36,32,4,0.7285,1.150124069478908,0
35.0,Female,USA,Premium+,Laptop,12.36,28,5,0.9204444444444444,1.8212180746561883,0
26.0,Female,USA,Premium+,Desktop,12.36,13,5,0.7919090909090909,1.5379510576524262,0
32.0,Female,Canada,Premium,Mobile,12.36,6,5,0.6975833333333333,0.928276380022531,0
46.0,Male,USA,Premium,Tablet,12.36,8,4,0.4527142857142856,0.8044256426944354,0
26.0,Female,USA,Basic,Gaming Console,12.36,20,5,0.5833090909090909,1.2863833477883782,0
46.0,Male,USA,Premium,Tablet,12.36,8,4,0.4527142857142856,0.8044256426944354,0
25.0,Female,Canada,Premium,Mobile,12.37,1,4,0.8160839160839162,0.8376029793477033,0
38.0,Other,USA,Basic,Smart TV,12.38,8,5,0.6430441176470588,0.8240514754825826,0
45.0,Female,USA,Basic,Desktop,12.38,2,5,0.8355,1.2465178721261958,0
44.0,Female,USA,Standard,Tablet,12.39,3,5,0.9398888888888888,1.1417600982951928,0
35.03946643148495,Female,USA,Premium,Smart TV,12.39,26,5,0.6870090909090909,0.9205052005943536,1
20.0,Female,Canada,Basic,Laptop,12.4,2,5,0.38442857142857145,1.4195764167143674,0
33.0,Female,USA,Standard,Laptop,12.4,35,4,0.8349,0.905880920491903,0
37.0,Male,USA,Basic,Desktop,12.4,12,5,0.531,1.396658532006758,1
26.0,Female,USA,Standard,Tablet,12.41,3,5,0.8623333333333333,1.4520280811232447,0
50.0,Male,USA,Standard,Smart TV,12.41,4,4,0.498875,1.1757460918995735,0
17.0,Prefer not to say,Canada,Premium,Gaming Console,12.41,25,3,0.6739861111111112,1.3715233007920427,1
35.03946643148495,Female,USA,Premium,Laptop,12.41,1,5,0.5020833333333333,2.4590488771466315,0
14.0,Female,Canada,Premium+,Mobile,12.41,18,3,0.7265238095238096,1.8147696807214233,0
35.03946643148495,Female,USA,Premium,Mobile,12.42,13,5,1.0920714285714286,1.5909479077711357,0
35.03946643148495,Male,USA,Basic,Tablet,12.44,29,5,0.9344999999999999,1.1936670398208862,0
14.0,Male,USA,Standard,Laptop,12.44,13,4,0.911047619047619,1.782234957020057,0
42.0,Male,Canada,Premium,Tablet,12.44,33,4,1.119,0.702891044354459,0
38.0,Male,USA,Premium,Gaming Console,12.44,30,3,0.6126666666666667,2.3568045468898005,0
49.0,Male,USA,Premium,Tablet,12.45,30,5,0.5863888888888888,0.621671105193076,0
38.0,Female,USA,Basic,Mobile,12.45,22,4,0.6879,1.6363636363636362,0
29.0,Female,USA,Premium,Smart TV,12.45,6,5,0.7889,1.1004714201532113,0
46.0,Female,Canada,Premium,Laptop,12.45,28,5,0.9026666666666667,0.42646722996117836,0
34.0,Female,Canada,Standard,Gaming Console,12.45,11,5,0.6419999999999999,0.9744325593529872,1
50.0,Male,Canada,Premium+,Laptop,12.47,9,5,0.7544666666666666,0.9942857142857143,0
38.0,Female,USA,Basic,Desktop,12.47,16,4,0.9138611111111112,1.6229934924078089,0
47.0,Male,Canada,Standard,Desktop,12.47,28,5,1.19725,2.876585928489043,0
35.03946643148495,Male,USA,Standard,Smart TV,12.47,33,5,0.5688888888888889,1.3935555969454276,0
40.0,Female,USA,Premium,Tablet,12.48,15,5,0.49936363636363634,1.4206033010813888,0
37.0,Other,Canada,Premium,Desktop,12.48,3,4,0.33199999999999996,2.4374999999999996,0
25.0,Prefer not to say,Canada,Premium,Desktop,12.48,1,5,0.765375,1.8603726708074535,0
54.0,Female,USA,Standard,Gaming Console,12.48,10,5,0.7057137254901961,0.8975188781014023,0
13.0,Male,USA,Standard,Gaming Console,12.48,21,5,0.6189610389610389,1.237276933245208,1
47.0,Male,Canada,Standard,Tablet,12.48,35,5,0.7578272727272728,1.8971370661261717,1
35.0,Female,USA,Premium,Tablet,12.5,14,5,0.53675,1.0285244103126714,0
33.0,Female,Canada,Standard,Gaming Console,12.5,7,5,0.785047619047619,2.0943870427254954,0
25.0,Prefer not to say,USA,Standard,Mobile,12.5,27,5,0.5704285714285714,1.949064449064449,0
40.0,Female,USA,Standard,Gaming Console,12.5,19,5,0.8985000000000001,2.3644388398486758,0
35.0,Female,USA,Basic,Laptop,12.51,29,5,0.6479166666666667,0.6396795636611556,0
20.0,Male,USA,Standard,Laptop,12.51,10,5,1.020392857142857,0.760948905109489,0
12.0,Male,Canada,Standard,Tablet,12.51,35,5,0.7961333333333334,0.8719795539033457,0
38.0,Male,USA,Premium,Laptop,12.51,7,5,1.1323636363636362,0.9658988547162527,0
39.0,Male,USA,Premium+,Desktop,12.51,27,5,0.9886666666666667,3.128803668195081,1
49.0,Female,USA,Standard,Tablet,12.52,5,5,1.0234242424242426,1.3955043655953927,0
45.0,Male,USA,Standard,Laptop,12.52,31,5,0.6496904761904763,0.6933087217351176,0
35.03946643148495,Male,USA,Standard,Gaming Console,12.52,12,5,0.5759,1.6189655172413793,1
35.03946643148495,Female,USA,Premium+,Desktop,12.52,17,4,0.9466666666666668,4.803069053708439,0
28.0,Female,USA,Basic,Desktop,12.52,9,5,0.8855,1.417091114883984,0
54.0,Male,USA,Premium,Tablet,12.52,28,5,0.8971538461538462,1.167910447761194,0
39.0,Female,USA,Basic,Laptop,12.52,13,5,0.5571,1.2515828057314227,0
51.0,Female,USA,Premium+,Mobile,12.53,10,5,0.20350000000000001,7.313229571984436,0
35.03946643148495,Male,USA,Basic,Laptop,12.53,19,5,0.6790128205128206,0.8146944083224966,0
29.0,Male,USA,Standard,Desktop,12.53,25,5,0.7417272727272727,0.8843665451123397,1
24.0,Male,USA,Premium+,Laptop,12.53,3,5,0.7515333333333333,0.9137092853670392,0
35.03946643148495,Female,USA,Basic,Laptop,12.53,19,5,0.6790128205128206,0.8146944083224966,0
38.0,Female,USA,Standard,Gaming Console,12.54,2,5,0.7276666666666667,1.566847147022074,0
43.0,Male,Canada,Standard,Tablet,12.54,36,5,0.913875,1.3879358052019921,1
18.0,Male,Canada,Standard,Desktop,12.54,22,5,0.5792361111111111,1.4132231404958675,0
25.0,Female,USA,Standard,Tablet,12.55,6,4,0.6467999999999999,1.5703858185610011,0
42.0,Female,USA,Standard,Mobile,12.55,5,5,0.8407142857142857,3.234536082474227,0
31.0,Other,USA,Basic,Desktop,12.56,27,5,0.6836092436974791,0.8894134308981471,0
42.0,Other,Canada,Standard,Tablet,12.57,33,4,0.7544181818181819,1.72743930371049,0
49.0,Female,Canada,Standard,Laptop,12.57,23,5,0.6979333333333333,1.1477705067721808,0
18.0,Other,USA,Basic,Laptop,12.57,20,5,0.8540000000000001,0.890331719985834,0
35.03946643148495,Female,Canada,Premium,Mobile,12.58,9,5,0.48442857142857143,1.8227481284713836,0
40.0,Male,USA,Standard,Mobile,12.58,25,5,0.8216089743589744,1.1041544763019309,0
25.0,Male,USA,Premium+,Laptop,12.58,8,5,1.2033333333333331,1.7557571528262386,0
43.0,Female,Canada,Premium,Mobile,12.58,24,4,0.47633333333333333,3.338345864661654,1
22.0,Male,USA,Premium,Desktop,12.58,23,5,0.7103333333333333,1.139836907278768,0
29.0,Female,Canada,Premium+,Tablet,12.58,35,5,0.7013333333333334,1.420933734939759,0
29.0,Female,Canada,Premium+,Tablet,12.58,35,5,0.7013333333333334,1.420933734939759,0
59.0,Female,Canada,Premium,Gaming Console,12.6,23,4,0.9136969696969697,1.5126050420168067,0
37.0,Female,USA,Standard,Gaming Console,12.6,9,5,0.6466666666666666,1.4046822742474916,0
29.0,Male,USA,Standard,Mobile,12.6,5,4,0.6457575757575758,1.148412577852043,0
24.0,Male,Canada,Basic,Laptop,12.6,24,4,0.39299999999999996,4.441833137485312,0
41.0,Female,Canada,Standard,Tablet,12.61,11,5,0.895888888888889,1.4466539196940726,0
55.0,Female,Canada,Premium,Tablet,12.61,12,5,0.5034444444444445,2.524524524524524,0
36.0,Male,Canada,Standard,Mobile,12.61,7,5,0.6215714285714286,1.5062711526975912,0
49.0,Female,USA,Basic,Smart TV,12.61,16,5,0.8228888888888889,0.8628121792678755,0
35.03946643148495,Male,USA,Standard,Tablet,12.61,13,4,0.49614285714285716,1.5671085335542667,0
39.0,Male,USA,Premium+,Mobile,12.61,12,5,0.7898000000000001,1.209785737128238,0
35.0,Female,USA,Standard,Desktop,12.61,23,5,0.5759090909090909,1.6926174496644295,0
31.0,Female,Canada,Standard,Mobile,12.62,32,5,0.7226000000000001,0.8566579929856317,0
55.0,Female,Canada,Premium,Tablet,12.62,3,5,0.851,0.40351718625099925,0
48.0,Male,USA,Premium,Smart TV,12.63,34,5,0.4478888888888889,1.1322277005826984,0
30.0,Female,Canada,Premium,Gaming Console,12.63,29,4,0.415,0.57123473541384,0
9.0,Male,USA,Premium,Tablet,12.63,7,5,0.4547610294117647,0.6121657646013411,0
33.0,Female,USA,Standard,Laptop,12.64,4,5,0.7967222222222222,0.9718093285494618,0
42.0,Male,USA,Premium,Desktop,12.64,19,4,1.0508194444444445,2.106666666666667,0
27.0,Female,USA,Premium,Smart TV,12.64,28,5,0.8617878787878788,1.2261924009700889,1
27.0,Female,USA,Standard,Mobile,12.64,30,4,0.4585714285714286,1.2024734422070715,0
49.0,Male,USA,Premium,Smart TV,12.64,13,5,0.4343333333333333,2.896867838044309,0
25.0,Female,USA,Standard,Desktop,12.65,3,5,0.6804191176470589,1.3782458688941346,0
48.0,Male,USA,Premium+,Laptop,12.65,10,5,0.47277777777777774,2.910276073619632,1
53.0,Male,USA,Premium,Smart TV,12.65,34,4,0.851190476190476,0.7274992811271926,0
35.03946643148495,Female,USA,Premium,Smart TV,12.65,16,5,0.5015,3.2284134410888985,0
32.0,Male,Canada,Basic,Tablet,12.65,7,5,0.7607,1.347177848775293,0
23.0,Other,USA,Basic,Mobile,12.66,22,5,0.38065034965034966,0.6954770188610147,0
22.0,Male,Canada,Standard,Smart TV,12.66,30,5,0.5776923076923077,1.0312245452077111,0
56.0,Male,Canada,Basic,Laptop,12.67,9,5,0.957642857142857,1.4190778420757886,0
22.0,Male,USA,Standard,Gaming Console,12.67,3,5,0.4922619047619048,0.721047140282652,1
20.0,Female,Canada,Premium,Desktop,12.67,10,5,0.6780833333333334,0.7415861867134915,0
31.0,Male,USA,Standard,Desktop,12.67,25,5,0.601061403508772,0.912714611598031,1
31.0,Male,USA,Standard,Desktop,12.67,36,4,0.71925,4.158643326039388,0
47.0,Male,USA,Standard,Desktop,12.68,16,5,0.745,1.5222088835534213,0
38.0,Male,USA,Standard,Tablet,12.69,9,5,0.555640522875817,0.6292561983471073,1
10.0,Female,USA,Basic,Smart TV,12.69,16,5,0.8081666666666666,1.431203007518797,0
23.0,Male,USA,Standard,Tablet,12.69,33,5,0.9599954751131222,1.013443364834287,0
28.0,Female,USA,Premium,Mobile,12.69,7,5,0.6187380952380952,0.6769203413940256,1
43.0,Female,USA,Basic,Desktop,12.7,9,5,0.826080808080808,1.0629097503138514,0
17.0,Prefer not to say,Canada,Premium,Tablet,12.7,30,5,0.7465833333333334,1.2597123491486195,0
55.0,Male,USA,Premium,Desktop,12.7,3,3,0.601,1.8229665071770331,0
35.03946643148495,Female,USA,Standard,Gaming Console,12.7,25,4,0.8337363636363637,0.8296135002721828,0
30.0,Female,USA,Premium,Tablet,12.71,21,5,0.795625,1.5579162410623086,0
13.0,Male,USA,Basic,Smart TV,12.71,10,5,0.8748472222222222,1.6407056798623063,0
50.0,Female,Canada,Standard,Desktop,12.71,26,4,0.724057142857143,1.256342668863262,0
32.0,Male,USA,Standard,Laptop,12.71,35,5,0.43,1.9399643856525057,0
18.0,Female,USA,Standard,Smart TV,12.72,5,5,0.95475,1.1659028414298809,0
17.0,Male,USA,Basic,Mobile,12.72,8,5,0.8338333333333334,0.8874418604651163,0
35.0,Female,Canada,Basic,Desktop,12.72,33,5,0.7235714285714285,2.3812792511700467,0
26.0,Female,USA,Standard,Mobile,12.72,21,5,0.6815625,1.010860927152318,0
35.0,Female,Canada,Basic,Smart TV,12.72,17,5,0.8684722222222222,1.0623608017817372,0
57.0,Female,USA,Premium,Laptop,12.72,11,5,0.53825,2.6190803019903908,0
32.0,Female,USA,Premium,Smart TV,12.72,16,5,0.7110833333333333,2.0505104782375065,0
48.0,Female,USA,Basic,Laptop,12.72,35,5,0.8416666666666666,1.3592163846838827,0
41.0,Male,USA,Standard,Laptop,12.72,31,4,0.889,1.8262742282842783,0
35.03946643148495,Male,Canada,Premium,Mobile,12.73,17,5,0.7169166666666666,1.4220815490597656,0
38.0,Female,USA,Premium+,Mobile,12.73,16,5,0.6264242424242424,1.6890756302521008,0
20.0,Other,USA,Premium,Tablet,12.74,10,5,0.8125454545454545,0.9170965806838632,0
35.03946643148495,Female,USA,Standard,Laptop,12.74,17,5,0.9227575757575759,2.0908096280087527,1
26.0,Male,USA,Premium+,Laptop,12.74,10,5,0.7504141414141414,1.3615960099750624,0
25.0,Male,USA,Premium,Tablet,12.74,30,5,0.7733333333333333,1.9019656631002735,0
35.03946643148495,Female,USA,Standard,Mobile,12.74,15,5,0.84325,1.570900123304562,0
30.0,Male,USA,Basic,Laptop,12.75,13,5,0.8555555555555556,1.0564839110620081,0
40.0,Male,Canada,Premium,Gaming Console,12.75,5,4,0.49183333333333334,2.4363057324840764,1
13.0,Female,USA,Standard,Desktop,12.76,11,5,0.9516454545454545,0.8898186889818689,1
59.0,Female,USA,Premium,Gaming Console,12.76,14,5,0.6522222222222223,4.142857142857143,1
43.0,Female,USA,Standard,Laptop,12.76,10,5,0.26239999999999997,8.26781857451404,0
47.0,Female,USA,Premium,Gaming Console,12.76,8,4,0.5575,1.4164662349676227,0
30.0,Other,USA,Premium,Mobile,12.77,3,4,0.7851666666666667,2.9594438006952495,1
35.0,Female,USA,Standard,Laptop,12.77,8,5,1.198375,1.4146971935007384,0
-5.0,Female,USA,Basic,Smart TV,12.77,34,5,0.5538571428571428,0.555579725908201,0
28.0,Male,USA,Basic,Smart TV,12.77,22,5,1.086,2.241661790520772,0
22.0,Female,USA,Standard,Mobile,12.77,12,5,0.822,1.4912417282989487,0
37.0,Female,USA,Standard,Mobile,12.77,24,5,0.5911230769230769,0.8733614499031117,1
45.0,Male,USA,Premium,Desktop,12.77,28,5,0.6981931818181819,1.6427958833619207,0
25.0,Female,USA,Standard,Laptop,12.78,26,5,0.6503333333333333,0.8763428571428571,0
26.0,Female,Canada,Standard,Smart TV,12.79,30,5,0.723111111111111,1.2675916749256688,0
50.0,Male,Canada,Premium,Desktop,12.79,19,5,0.6641428571428571,1.264458724666337,0
45.0,Female,USA,Basic,Tablet,12.79,25,5,0.9237,0.6129882578480709,1
45.0,Male,USA,Premium,Laptop,12.8,4,5,0.9330833333333333,1.3568904593639577,0
35.03946643148495,Male,USA,Standard,Gaming Console,12.8,25,5,0.7845,2.6583592938733127,0
42.0,Male,USA,Standard,Gaming Console,12.81,21,5,0.9528888888888889,0.8714285714285714,0
33.0,Male,USA,Premium,Desktop,12.81,5,5,0.8039166666666667,1.0843679458239277,1
35.03946643148495,Female,USA,Premium+,Tablet,12.81,6,5,0.5314615384615384,1.738127544097693,0
25.0,Male,Canada,Premium+,Laptop,12.81,11,5,0.9182363636363636,1.3710310381733857,0
37.0,Female,USA,Premium+,Mobile,12.81,28,4,0.6144000000000001,5.1967545638945225,0
46.0,Male,USA,Standard,Mobile,12.82,5,4,0.906125,1.284998329435349,0
31.0,Male,USA,Basic,Gaming Console,12.82,30,5,0.8372222222222223,1.5067580803134184,0
53.0,Female,USA,Standard,Mobile,12.82,5,5,0.7941333333333334,0.7064658339456283,0
22.0,Female,USA,Basic,Gaming Console,12.82,36,5,0.7525641025641026,0.39431998769672433,1
56.0,Male,USA,Standard,Tablet,12.82,21,4,1.037375,1.9129569758766476,1
63.0,Male,USA,Premium+,Laptop,12.83,26,5,0.7963666666666667,1.3996363636363638,0
32.0,Male,USA,Standard,Laptop,12.83,21,5,0.7557499999999999,1.92305770671996,0
30.0,Female,USA,Basic,Gaming Console,12.83,32,4,0.6966666666666667,2.621934604904632,0
30.0,Male,USA,Basic,Gaming Console,12.83,32,4,0.6966666666666667,2.621934604904632,0
30.0,Female,Canada,Standard,Gaming Console,12.84,6,4,0.7128484848484848,1.4973760932944606,0
23.0,Female,USA,Premium+,Laptop,12.84,17,5,0.6625734265734265,0.8894019856845994,0
53.0,Male,Canada,Premium,Gaming Console,12.84,5,5,0.4821818181818182,1.1401509545656356,0
12.0,Female,USA,Basic,Gaming Console,12.84,1,5,0.7448601398601398,0.8928033375825705,0
27.0,Female,USA,Standard,Mobile,12.84,20,5,0.5533333333333333,1.3377322451814553,0
44.0,Female,Canada,Premium+,Desktop,12.84,16,5,0.5434999999999999,1.3961580282711126,0
23.0,Female,USA,Premium+,Laptop,12.84,17,5,0.6625734265734265,0.8894019856845994,0
53.0,Male,Canada,Premium,Gaming Console,12.84,5,5,0.4821818181818182,1.1401509545656356,0
35.03946643148495,Male,USA,Standard,Gaming Console,12.85,30,5,0.9480000000000001,1.060085246803245,0
29.0,Male,USA,Basic,Mobile,12.85,22,4,1.0213999999999999,1.186884236453202,0
35.0,Female,USA,Standard,Gaming Console,12.85,21,5,0.6587979797979798,1.264348966874385,0
33.0,Female,USA,Basic,Tablet,12.85,26,5,0.9190333333333334,0.8509933774834437,0
45.0,Female,USA,Standard,Mobile,12.85,14,3,0.6552,1.9046442687747034,0
35.03946643148495,Male,USA,Standard,Gaming Console,12.85,30,5,0.9480000000000001,1.060085246803245,0
27.0,Female,Canada,Basic,Smart TV,12.86,12,5,0.9473333333333334,0.698217355895394,0
33.0,Female,USA,Premium+,Laptop,12.86,33,5,0.8044444444444444,1.1667926810827156,0
26.0,Prefer not to say,USA,Premium+,Smart TV,12.86,3,5,0.423,0.7550640962912222,0
34.0,Male,USA,Premium,Laptop,12.86,4,4,0.2921111111111111,2.7825459790840243,1
34.0,Female,USA,Basic,Mobile,12.86,9,4,1.178,3.0140625,0
45.0,Female,USA,Standard,Gaming Console,12.86,13,5,0.604,1.9544072948328266,0
34.0,Female,USA,Basic,Mobile,12.87,9,5,0.7656428571428571,1.0349819059107357,1
44.0,Male,USA,Basic,Mobile,12.87,24,4,0.8694999999999999,2.59040590405904,0
34.0,Female,USA,Standard,Laptop,12.87,16,5,0.6007032967032967,0.4720048899755501,0
30.0,Other,USA,Standard,Tablet,12.87,35,5,0.7574,1.1643546441495776,0
29.0,Male,USA,Premium,Laptop,12.88,12,5,0.5864444444444444,4.348902644907147,0
36.0,Male,USA,Premium,Mobile,12.89,4,5,0.9341794871794873,0.6631795575373007,0
34.0,Female,USA,Premium+,Tablet,12.89,2,5,0.5571428571428572,1.9267563527653213,0
43.0,Male,USA,Basic,Desktop,12.89,12,4,0.7901923076923076,1.2280088917116545,1
29.0,Male,USA,Premium+,Tablet,12.89,2,5,0.6437142857142857,1.8099695764100163,1
13.0,Female,USA,Premium,Smart TV,12.9,11,5,0.74475,1.3733144073811212,0
35.03946643148495,Female,Canada,Standard,Tablet,12.9,25,4,0.9291111111111112,2.0628997867803838,0
34.0,Female,USA,Standard,Smart TV,12.9,5,5,0.7435,0.9314079422382672,0
26.0,Female,Canada,Premium,Smart TV,12.9,32,5,0.6779999999999999,1.7618939221488732,0
43.0,Male,USA,Premium+,Laptop,12.91,21,4,0.8131111111111111,2.034138655462185,0
38.0,Male,USA,Premium,Tablet,12.91,30,5,1.2224,2.0850605652759087,0
19.0,Other,USA,Premium,Smart TV,12.91,18,5,0.44925,1.5335577113442884,1
20.0,Male,Canada,Premium+,Gaming Console,12.92,14,5,0.8044,4.884688090737239,0
22.0,Female,Canada,Standard,Mobile,12.92,25,5,1.0248181818181819,1.2889923511805783,0
55.0,Other,USA,Basic,Mobile,12.93,10,5,0.5853776223776224,1.1013628620102214,0
45.0,Female,Canada,Basic,Tablet,12.93,9,5,0.860525641025641,0.7249112315455056,0
37.0,Female,USA,Premium,Laptop,12.93,17,5,0.7921111111111111,2.4937319189971068,0
55.0,Other,USA,Basic,Mobile,12.93,10,5,0.5853776223776224,1.1013628620102214,0
46.0,Other,USA,Basic,Laptop,12.94,8,5,0.714,1.1659408319567504,1
21.0,Female,Canada,Standard,Tablet,12.94,20,5,0.6308571428571429,2.267523364485981,1
41.0,Female,Canada,Standard,Tablet,12.94,12,5,0.5518333333333333,1.125543635836474,1
22.0,Male,Canada,Standard,Gaming Console,12.94,24,5,0.6589047619047619,1.127668845315904,0
27.0,Female,USA,Premium,Gaming Console,12.94,23,5,0.5766904761904762,2.698644421272158,0
44.0,Prefer not to say,USA,Premium,Desktop,12.94,7,3,0.32,7.472569778633301,0
18.0,Male,USA,Premium,Tablet,12.94,34,5,0.5762272727272727,1.5295508274231677,0
35.03946643148495,Male,USA,Basic,Gaming Console,12.95,35,5,0.7511333333333334,1.0567115463076293,0
38.0,Male,USA,Premium,Mobile,12.95,2,5,0.6694835164835164,0.5173446967174913,0
65.0,Male,USA,Basic,Tablet,12.95,11,4,0.23266666666666666,2.5635103926096994,0
41.0,Male,Canada,Premium,Laptop,12.95,6,5,0.4701666666666666,1.769528581188795,0
47.0,Female,USA,Standard,Smart TV,12.96,24,4,0.7421249999999999,1.7863542384562372,0
37.0,Female,Canada,Premium+,Gaming Console,12.96,24,5,0.6619761904761905,0.7548781671682362,0
40.0,Male,USA,Premium,Gaming Console,12.96,5,5,0.424,1.2065166795965865,0
37.0,Female,Canada,Premium+,Gaming Console,12.96,24,5,0.6619761904761905,0.7548781671682362,0
41.0,Female,USA,Standard,Laptop,12.97,11,5,0.6105384615384616,1.0880872483221478,0
37.0,Male,USA,Standard,Smart TV,12.97,18,4,0.7133750000000001,1.3908847184986597,0
29.0,Male,USA,Basic,Mobile,12.97,30,5,0.7153146853146853,1.0503441760021597,1
28.0,Female,Canada,Standard,Desktop,12.97,26,5,0.7873571428571429,0.7952176578786022,0
26.0,Female,Canada,Standard,Gaming Console,12.98,19,5,0.8830666666666667,0.6498664886515354,1
35.03946643148495,Female,Canada,Standard,Gaming Console,12.98,16,5,0.95875,0.852172010066747,1
37.0,Female,USA,Premium+,Desktop,12.98,7,5,0.7906373626373626,1.0727272727272728,0
49.0,Female,Canada,Standard,Laptop,12.98,31,5,0.4703333333333333,2.8475319926873857,0
43.0,Male,USA,Premium,Smart TV,12.99,21,5,0.555936507936508,1.5631768953068592,0
15.0,Male,Canada,Standard,Gaming Console,12.99,23,5,0.7486931818181819,1.078455790784558,0
40.0,Male,USA,Standard,Tablet,13.0,15,5,0.7722727272727272,1.5659506123268419,0
24.0,Male,USA,Basic,Tablet,13.0,10,4,0.1954,4.16221985058698,0
39.0,Female,USA,Premium,Smart TV,13.01,16,5,0.8331428571428571,1.1255948089401586,0
35.03946643148495,Female,USA,Premium,Desktop,13.01,2,5,0.9679393939393939,1.411828540423223,0
12.0,Prefer not to say,USA,Premium,Tablet,13.01,18,5,0.7125,1.3630172865374541,0
36.0,Female,USA,Basic,Smart TV,13.02,3,5,0.6885,1.0582497968030342,0
9.0,Female,Canada,Standard,Laptop,13.02,24,5,0.9960272727272729,1.1204819277108433,0
37.0,Male,USA,Standard,Mobile,13.02,15,5,0.5847142857142857,1.9574041593585565,0
31.0,Male,USA,Basic,Smart TV,13.02,17,5,0.7558787878787878,1.0356622033673606,0
19.0,Female,USA,Standard,Desktop,13.02,9,5,0.7334848484848484,1.4352379202645598,0
30.0,Male,Canada,Basic,Laptop,13.02,16,5,0.6427777777777778,2.3215453194650815,0
30.0,Male,Canada,Basic,Laptop,13.02,16,5,0.6427777777777778,2.3215453194650815,0
42.0,Prefer not to say,USA,Premium,Gaming Console,13.03,18,4,0.389625,2.1638527539440906,0
35.03946643148495,Male,Canada,Basic,Desktop,13.03,19,5,1.0676,1.3935828877005347,0
53.0,Male,USA,Premium,Gaming Console,13.03,5,4,0.7636666666666667,1.2668935342732133,0
35.03946643148495,Female,USA,Standard,Laptop,13.03,10,5,0.7351843137254903,1.1152639087018543,0
40.0,Male,Canada,Standard,Gaming Console,13.03,2,4,0.9865714285714285,2.139573070607553,1
41.0,Male,USA,Basic,Smart TV,13.04,19,5,0.6891666666666667,1.8921402660217652,0
19.0,Male,USA,Premium+,Gaming Console,13.04,14,5,0.6963,0.8179822268687923,0
49.0,Female,USA,Basic,Desktop,13.05,32,5,0.46480000000000005,1.5927583401139138,0
41.0,Female,Canada,Premium,Laptop,13.06,5,4,1.1828333333333334,1.126023854002012,0
39.0,Female,Canada,Basic,Gaming Console,13.06,29,5,0.8852222222222221,2.122426868905742,1
42.0,Male,Canada,Basic,Gaming Console,13.06,9,4,1.1545,4.675417661097852,0
27.0,Female,USA,Basic,Laptop,13.06,36,4,0.6876,1.3415511042629686,0
37.0,Male,USA,Standard,Desktop,13.07,3,4,0.6734,2.5510735198438512,0
35.0,Female,USA,Standard,Desktop,13.07,17,5,0.9742307692307692,0.8988995873452545,0
18.0,Female,USA,Standard,Laptop,13.07,23,5,0.610625,1.3801478352692713,0
40.0,Female,Canada,Premium+,Smart TV,13.07,11,5,1.1324,5.2245169886742175,0
35.0,Female,USA,Premium,Mobile,13.07,21,5,0.33599999999999997,2.3422939068100357,0
54.0,Male,USA,Basic,Mobile,13.08,28,5,0.6531538461538462,0.690419635787807,0
39.0,Male,USA,Premium,Desktop,13.08,34,5,0.8512666666666666,0.9285376242309512,0
7.0,Male,Canada,Premium+,Desktop,13.09,5,5,0.735375,2.9142857142857146,0
37.0,Female,USA,Standard,Desktop,13.1,30,5,0.4983333333333334,1.4040728831725613,1
31.0,Male,Canada,Standard,Desktop,13.1,9,5,0.6631468531468532,2.62,1
17.0,Female,USA,Premium+,Smart TV,13.1,31,5,0.5689747899159663,0.3994917407878018,0
17.0,Female,USA,Premium+,Smart TV,13.1,31,5,0.5689747899159663,0.3994917407878018,0
35.03946643148495,Male,Canada,Basic,Gaming Console,13.11,16,5,0.42412500000000003,2.082605242255758,0
14.0,Male,USA,Basic,Mobile,13.11,28,4,0.7161666666666666,1.824211502782931,0
36.0,Male,USA,Basic,Laptop,13.11,5,5,1.0412857142857141,4.565293093441672,0
57.0,Male,USA,Basic,Tablet,13.11,18,5,0.7438500000000001,0.8416434838433554,0
13.0,Female,USA,Basic,Laptop,13.13,5,5,0.8676363636363637,1.6571308371897349,0
59.0,Female,USA,Premium,Smart TV,13.13,34,5,0.6222867132867131,0.8960418562329391,0
61.0,Female,Canada,Basic,Desktop,13.13,34,5,0.7749999999999999,1.2562589698612663,0
44.0,Female,USA,Standard,Laptop,13.14,4,5,0.554,1.5416503715291359,0
37.0,Female,Canada,Premium,Tablet,13.14,25,5,0.9213333333333333,1.5243619489559164,0
52.0,Prefer not to say,USA,Standard,Laptop,13.15,22,4,0.576,1.598460291734198,0
44.0,Male,USA,Standard,Smart TV,13.15,14,5,0.7243846153846154,1.4501010843594928,0
49.0,Female,Canada,Standard,Desktop,13.15,5,5,0.5138571428571429,1.5135238826011892,0
26.0,Male,USA,Standard,Laptop,13.16,19,3,0.7599166666666666,0.9072733540158565,1
43.0,Male,USA,Premium,Smart TV,13.16,28,5,0.6771333333333334,0.780468518335475,0
31.0,Female,USA,Premium,Mobile,13.16,28,5,0.5488,1.536784741144414,0
29.0,Other,USA,Standard,Gaming Console,13.17,25,5,0.8030972222222222,1.88277340957827,0
35.0,Female,USA,Premium,Mobile,13.17,7,5,0.6835833333333333,1.699720369972037,0
22.0,Prefer not to say,USA,Basic,Desktop,13.17,3,5,0.6874571428571428,0.997223624432105,0
32.0,Prefer not to say,USA,Basic,Mobile,13.17,24,5,0.7051468531468532,1.0999443207126949,0
26.0,Male,USA,Basic,Mobile,13.17,9,5,0.8069999999999999,0.7819117356026123,1
52.0,Female,USA,Basic,Gaming Console,13.18,30,5,0.9952000000000001,1.1686123836264222,0
36.0,Female,USA,Premium,Tablet,13.18,23,4,0.8095714285714286,2.9365020423319717,0
24.0,Female,USA,Premium,Mobile,13.18,26,4,0.6904444444444444,1.3206412825651301,0
43.0,Male,USA,Premium,Tablet,13.19,0,5,0.5808888888888888,1.4274891774891774,1
46.0,Male,Canada,Standard,Laptop,13.19,35,5,1.2830769230769232,1.7945578231292518,0
30.0,Other,USA,Premium,Mobile,13.19,26,5,0.4431071428571428,1.9745508982035926,0
35.03946643148495,Female,Canada,Premium,Mobile,13.2,27,5,0.8136666666666668,1.4828683767084814,0
33.0,Male,Canada,Basic,Mobile,13.2,34,5,0.8702857142857143,1.9929542023150475,0
35.0,Female,USA,Basic,Laptop,13.2,9,5,0.890951048951049,1.3519972686923867,0
25.0,Female,USA,Premium+,Tablet,13.21,20,5,0.6134285714285714,3.607646791078744,0
12.0,Female,USA,Basic,Mobile,13.21,32,5,0.7991333333333333,2.645527369826435,0
15.0,Male,USA,Premium,Tablet,13.21,31,5,0.5498181818181819,1.7648630594522379,0
15.0,Male,USA,Premium,Tablet,13.21,31,5,0.5498181818181819,1.7648630594522379,0
23.0,Male,USA,Premium,Desktop,13.22,27,5,0.6789166666666666,1.3891418563922941,0
26.0,Male,USA,Standard,Desktop,13.22,3,5,0.7089722222222221,2.461061123177164,0
4.0,Female,Canada,Standard,Tablet,13.22,4,5,0.5339999999999999,1.754091110128262,0
33.0,Female,USA,Standard,Gaming Console,13.22,5,5,0.9369999999999998,1.280594123345173,0
26.0,Other,USA,Premium,Gaming Console,13.22,4,5,0.49633333333333335,1.0232198142414861,0
44.0,Female,USA,Premium,Tablet,13.23,10,4,0.7194,1.253038674033149,0
27.0,Male,USA,Standard,Tablet,13.23,27,5,0.9645873015873017,3.6989748369058715,0
32.0,Female,USA,Premium,Gaming Console,13.23,12,5,0.19,1.1477732793522266,0
26.0,Female,Canada,Premium+,Gaming Console,13.23,31,5,0.8281944444444445,2.2948829141370335,0
27.0,Female,Canada,Premium,Desktop,13.24,10,5,0.8843809523809524,6.755102040816327,0
35.03946643148495,Male,USA,Standard,Smart TV,13.24,13,5,0.9125363636363637,1.5987120144898368,0
44.0,Female,USA,Basic,Gaming Console,13.24,22,5,0.7759333333333334,1.2229064039408868,0
35.03946643148495,Male,USA,Standard,Smart TV,13.24,13,5,0.9125363636363637,1.5987120144898368,0
50.0,Female,USA,Basic,Tablet,13.25,17,5,0.60775,1.4909977494373594,0
31.0,Female,USA,Standard,Laptop,13.25,33,5,1.0013571428571428,1.1867442901925662,0
12.0,Male,USA,Premium,Mobile,13.26,23,5,1.0002499999999999,1.4606205250596656,0
27.0,Male,USA,Standard,Gaming Console,13.26,29,5,0.63005,0.6699789473684211,0
35.03946643148495,Male,USA,Basic,Desktop,13.26,23,5,0.8042499999999999,2.755801870453758,0
35.03946643148495,Female,USA,Basic,Tablet,13.26,30,4,0.7386666666666666,2.9185619955979454,1
35.03946643148495,Male,USA,Basic,Desktop,13.26,23,5,0.8042499999999999,2.755801870453758,0
29.0,Female,USA,Standard,Smart TV,13.27,33,5,0.8097777777777777,0.6357901461311188,0
35.03946643148495,Female,Canada,Premium+,Mobile,13.27,5,4,0.7688666666666667,5.521497919556171,0
35.03946643148495,Female,Canada,Premium,Desktop,13.27,16,4,0.7837000000000001,2.992108229988726,1
35.03946643148495,Male,USA,Standard,Laptop,13.27,15,5,0.6457499999999999,1.3318835731013714,0
35.0,Female,USA,Premium,Tablet,13.27,4,5,0.6576,1.548725928807625,0
30.0,Male,USA,Premium+,Laptop,13.27,22,3,1.2845,142.17857142857144,0
31.0,Prefer not to say,USA,Basic,Laptop,13.27,15,5,0.5454444444444444,1.0119471276054903,0
35.03946643148495,Female,Canada,Standard,Tablet,13.28,16,5,0.87625,1.672544080604534,0
46.0,Female,Canada,Standard,Desktop,13.28,25,5,0.5344666666666666,2.885910901847156,0
25.0,Male,Canada,Standard,Mobile,13.28,13,5,0.7946249999999999,1.7777777777777775,1
35.03946643148495,Male,USA,Premium,Smart TV,13.28,9,5,0.36119999999999997,0.9979959919839679,0
22.0,Male,USA,Premium,Mobile,13.28,7,5,0.6685625000000001,0.8363598194604807,0
35.03946643148495,Male,USA,Premium,Smart TV,13.28,9,5,0.36119999999999997,0.9979959919839679,0
35.03946643148495,Female,USA,Basic,Tablet,13.29,31,5,0.619452380952381,0.5354193245148727,1
36.0,Male,USA,Standard,Smart TV,13.29,22,5,0.5612857142857143,1.2545626179987412,0
41.0,Male,USA,Premium,Mobile,13.29,4,4,0.9067142857142856,2.0830721003134793,0
25.0,Female,USA,Standard,Gaming Console,13.3,33,5,0.39362499999999995,1.0335448776065277,0
29.0,Female,USA,Premium,Tablet,13.3,19,5,0.8793333333333333,2.6432593574031134,0
63.0,Male,Canada,Premium,Gaming Console,13.31,7,5,0.6053,1.2067089755213054,0
30.0,Prefer not to say,USA,Premium+,Laptop,13.31,12,5,0.7553272727272727,1.4005612065941775,0
34.0,Female,USA,Standard,Desktop,13.31,14,4,0.941,1.302773246329527,0
32.0,Female,USA,Premium+,Tablet,13.31,7,5,0.8073525641025641,1.395909805977976,0
44.0,Female,USA,Standard,Smart TV,13.31,26,4,0.38799999999999996,7.26660600545951,0
27.0,Female,USA,Premium,Gaming Console,13.31,12,5,0.6433006993006993,1.239100077579519,0
37.0,Female,USA,Standard,Mobile,13.32,19,4,0.687,5.113243761996162,0
35.03946643148495,Female,USA,Standard,Tablet,13.32,7,5,0.6375230769230769,1.1332955190017016,0
38.0,Female,USA,Premium,Desktop,13.33,1,5,0.501,3.1438679245283017,0
38.0,Male,USA,Standard,Tablet,13.33,28,5,0.9083333333333332,1.9365617433414042,0
42.0,Female,USA,Premium,Laptop,13.33,3,5,0.9833999999999999,4.005007511266901,0
16.0,Male,USA,Standard,Smart TV,13.34,24,5,0.5482222222222222,1.2796163069544364,0
17.0,Female,USA,Premium,Mobile,13.35,34,5,0.6541428571428571,1.5981644054269752,0
40.0,Male,USA,Premium,Tablet,13.35,1,5,1.0077500000000001,3.023782559456398,0
39.0,Female,USA,Premium+,Tablet,13.35,35,5,0.8223,1.0993686522097172,0
35.03946643148495,Male,Canada,Premium,Smart TV,13.36,36,4,0.816888888888889,1.4789667896678966,0
18.0,Prefer not to say,USA,Premium,Tablet,13.36,15,4,0.93025,1.2253133598287984,0
31.0,Male,USA,Premium,Desktop,13.36,3,5,0.8585,1.8209904588823258,0
2.0,Prefer not to say,USA,Premium,Mobile,13.36,26,5,0.9931142857142856,4.34001082837033,0
32.0,Male,USA,Basic,Tablet,13.37,32,5,0.8438571428571429,0.7740254727904285,0
48.0,Female,USA,Premium,Mobile,13.37,17,5,0.776875,2.453961456102783,0
19.0,Female,Canada,Premium+,Mobile,13.37,3,5,0.39644444444444443,1.2915794558042182,0
30.0,Female,USA,Premium,Desktop,13.38,12,4,0.5422857142857143,2.3702391496899913,1
31.0,Prefer not to say,USA,Premium,Gaming Console,13.38,8,5,0.6083999999999999,1.592857142857143,0
31.0,Other,USA,Premium+,Tablet,13.38,4,5,0.7317965367965368,0.9435825105782792,0
35.0,Female,Canada,Standard,Desktop,13.38,17,5,0.7893333333333332,2.1517019565800055,0
22.0,Female,USA,Premium,Mobile,13.39,25,5,0.8031666666666666,2.167835941716136,0
33.0,Female,USA,Premium,Mobile,13.39,13,5,1.1267142857142858,2.2592800899887515,0
48.0,Male,USA,Basic,Tablet,13.39,3,5,0.5353076923076923,0.7806821494509768,0
29.0,Female,USA,Premium,Gaming Console,13.39,31,5,0.6668571428571428,1.7989252127183162,0
17.0,Female,USA,Basic,Mobile,13.4,30,4,0.5543333333333333,1.427810335641982,0
49.0,Female,USA,Standard,Smart TV,13.4,28,5,0.515,2.2216081790549875,0
69.0,Female,USA,Standard,Gaming Console,13.4,30,5,0.853,1.6057519472738166,1
51.0,Female,USA,Premium,Desktop,13.4,16,5,0.6489999999999999,2.217319360176503,0
31.0,Male,Canada,Basic,Gaming Console,13.4,12,4,0.7263999999999999,2.69889224572004,0
35.03946643148495,Other,USA,Standard,Desktop,13.41,32,5,0.61,1.6703342329250572,0
38.0,Male,USA,Standard,Smart TV,13.42,23,4,0.8070571428571429,1.282982791586998,0
35.0,Female,Canada,Standard,Mobile,13.42,5,5,0.9467142857142856,3.0361990950226243,1
22.0,Male,Canada,Premium,Mobile,13.42,32,5,0.7688809523809523,0.8266091777024946,0
45.0,Male,USA,Premium+,Mobile,13.42,33,5,0.7466718266253869,0.8368322594055289,0
35.03946643148495,Other,USA,Basic,Laptop,13.42,17,5,0.6973333333333334,0.9723463349836976,0
23.0,Male,USA,Standard,Desktop,13.43,3,5,0.8325,2.6060802069857694,0
32.0,Male,Canada,Basic,Tablet,13.43,9,4,1.53525,5.158770806658131,0
17.0,Female,USA,Premium,Tablet,13.43,5,5,0.7228749999999999,1.2634054562558794,0
31.0,Female,USA,Premium+,Smart TV,13.44,16,4,0.7712222222222223,1.4761120263591432,0
5.0,Female,USA,Standard,Smart TV,13.44,7,5,0.6622857142857144,2.7447243022464263,0
9.0,Female,USA,Premium,Tablet,13.44,13,5,0.7455,1.1548045252756693,0
52.0,Female,Canada,Premium,Gaming Console,13.44,15,5,0.8282857142857143,1.2737324277365343,0
13.0,Male,USA,Premium,Tablet,13.45,17,5,0.7625,5.1108296390120325,0
54.0,Female,USA,Basic,Smart TV,13.45,4,5,0.612809090909091,0.8977639336967405,0
35.0,Female,Canada,Standard,Smart TV,13.47,1,5,0.679525641025641,1.257311761045426,0
65.0,Male,Canada,Basic,Smart TV,13.47,22,5,0.622375,1.0723099376409713,0
29.0,Female,USA,Premium+,Tablet,13.47,32,5,0.6744575163398692,0.807876849260296,0
35.03946643148495,Male,USA,Basic,Gaming Console,13.47,11,5,0.6758472222222222,1.8660817363195568,0
15.0,Male,USA,Basic,Desktop,13.47,8,5,0.5777461538461539,2.195002715915263,0
50.0,Male,USA,Basic,Laptop,13.47,3,5,0.665375,2.9833887043189367,0
35.03946643148495,Male,USA,Basic,Gaming Console,13.47,11,5,0.6758472222222222,1.8660817363195568,0
52.0,Male,USA,Premium+,Gaming Console,13.48,18,5,1.1462222222222223,1.5109284513356993,1
34.0,Male,USA,Premium,Smart TV,13.48,13,4,0.6493636363636364,1.7234178563818452,0
46.0,Female,USA,Premium,Desktop,13.48,21,5,0.7103333333333333,1.701662108142226,0
53.0,Male,Canada,Standard,Gaming Console,13.48,13,4,0.6646666666666666,5.6323119777158785,0
29.0,Male,USA,Standard,Laptop,13.48,2,5,0.8236,1.410779696493982,0
16.0,Female,Canada,Basic,Tablet,13.48,2,5,0.9595113636363636,1.182629039333236,0
42.0,Male,Canada,Standard,Laptop,13.48,1,5,0.9755666666666667,1.0926776546879222,0
23.0,Male,USA,Standard,Smart TV,13.49,12,4,0.6798571428571428,1.2762535477767265,0
25.0,Male,Canada,Premium,Laptop,13.49,34,4,0.6793333333333333,3.1445221445221447,0
35.0,Female,USA,Standard,Gaming Console,13.49,32,5,0.6267628205128205,1.2258064516129032,0
25.0,Female,Canada,Premium,Laptop,13.49,34,4,0.6793333333333333,3.1445221445221447,0
25.0,Female,Canada,Premium,Laptop,13.49,34,4,0.6793333333333333,3.1445221445221447,0
52.0,Female,USA,Premium,Gaming Console,13.5,33,5,0.8667832167832168,1.2366412213740459,0
41.0,Male,Canada,Standard,Desktop,13.5,15,4,1.1202222222222222,1.3032984714400644,0
8.0,Other,Canada,Basic,Gaming Console,13.5,36,5,0.597375,0.8418208272708375,0
29.0,Male,Canada,Premium+,Tablet,13.5,19,5,0.8415714285714286,2.0758585340850844,1
37.0,Male,USA,Standard,Gaming Console,13.51,7,5,0.7798472222222222,1.3892030848329049,1
45.0,Female,USA,Premium+,Smart TV,13.51,13,4,0.8338333333333333,1.6525993883792047,0
41.0,Male,USA,Premium,Mobile,13.52,24,5,0.7947647058823529,1.0887129244396725,0
26.0,Male,USA,Premium,Smart TV,13.52,22,5,0.5462237762237763,1.4909024076456534,1
32.0,Female,USA,Basic,Mobile,13.53,16,4,0.8883333333333334,2.345564865645767,0
31.0,Male,Canada,Standard,Smart TV,13.53,5,5,0.8861904761904762,2.344887348353553,0
20.0,Male,USA,Premium,Tablet,13.53,33,5,0.6530972222222222,1.5830733229329168,0
22.0,Female,USA,Premium,Mobile,13.54,33,5,0.8873333333333333,2.963881794965341,0
55.0,Female,USA,Standard,Desktop,13.54,32,5,0.4275,2.4294258373205735,0
48.0,Female,USA,Premium,Mobile,13.54,17,5,0.3925,1.3804587935429056,0
42.0,Male,USA,Premium,Desktop,13.54,4,5,0.736375,1.4091934084995663,0
53.0,Female,USA,Premium,Laptop,13.54,6,5,0.8810559440559441,0.8412550481515997,0
30.0,Other,USA,Premium,Mobile,13.54,3,4,0.7566507936507937,3.2957403651115618,0
48.0,Female,USA,Premium,Mobile,13.54,17,5,0.3925,1.3804587935429056,0
35.03946643148495,Female,Canada,Standard,Desktop,13.55,22,5,0.5238571428571428,2.8911806543385494,1
36.0,Female,USA,Basic,Tablet,13.55,9,4,0.776125,1.4964108227498618,0
25.0,Female,USA,Basic,Laptop,13.56,3,3,0.66225,3.9456838021338507,0
19.0,Female,Canada,Basic,Tablet,13.56,5,5,0.8127543859649122,0.9829648423341791,1
45.0,Male,USA,Premium,Gaming Console,13.56,30,5,0.9827142857142858,3.9134199134199132,0
23.0,Male,Canada,Premium+,Tablet,13.56,5,5,0.654055944055944,1.4422974649884772,0
35.0,Male,Canada,Basic,Laptop,13.56,4,5,0.8201089743589743,1.1055849979616796,0
45.0,Female,Canada,Standard,Laptop,13.56,28,5,0.6848125,0.4319159101767798,0
7.0,Male,USA,Premium,Desktop,13.56,34,5,0.5978345588235294,0.5747792299540799,0
46.0,Other,USA,Standard,Mobile,13.57,7,5,0.9055,1.5304511278195487,0
33.0,Female,Canada,Standard,Laptop,13.57,19,5,0.48028571428571426,3.4310998735777503,0
35.03946643148495,Male,USA,Basic,Smart TV,13.57,10,5,0.7871181818181818,0.9694011191808549,0
41.0,Male,USA,Premium,Desktop,13.58,29,4,0.7508181818181818,1.3749578130273372,0
35.03946643148495,Male,USA,Premium,Laptop,13.58,33,5,0.831,3.6021220159151195,0
24.0,Female,USA,Standard,Laptop,13.58,15,5,0.6981999999999999,0.8204611821568826,1
38.0,Female,Canada,Standard,Tablet,13.59,32,5,0.5683750000000001,1.4958723170060537,0
35.03946643148495,Female,Canada,Premium,Smart TV,13.59,28,5,0.7757666666666667,1.086041555673948,0
37.0,Male,USA,Basic,Mobile,13.59,12,5,0.5653333333333332,1.2276422764227641,0
35.03946643148495,Female,Canada,Premium,Smart TV,13.6,1,4,0.6447142857142858,1.5016562384983436,0
35.0,Female,USA,Standard,Laptop,13.6,23,4,0.7430000000000001,1.8945902019967495,0
37.0,Male,USA,Premium,Mobile,13.6,24,5,0.7006904761904762,3.913669064748201,0
35.03946643148495,Male,USA,Premium,Gaming Console,13.6,15,5,0.6458351648351648,1.4462956398440268,0
47.0,Female,USA,Basic,Desktop,13.6,6,5,0.6334285714285715,1.6849060499690274,0
48.0,Male,USA,Basic,Laptop,13.6,15,5,0.8198809523809524,1.0543997932549423,0
31.0,Female,USA,Basic,Tablet,13.61,17,5,0.5839649122807018,0.5498249394021008,0
17.0,Female,USA,Standard,Smart TV,13.61,23,4,0.8297820512820513,2.028819875776397,0
35.03946643148495,Female,USA,Premium,Tablet,13.62,6,5,0.747125,0.9978021978021977,0
62.0,Male,USA,Premium,Mobile,13.62,25,5,0.754090909090909,1.6545859485725853,0
35.03946643148495,Female,USA,Premium,Smart TV,13.62,23,5,0.7004285714285714,0.9682464454976303,0
38.0,Female,USA,Basic,Gaming Console,13.62,7,5,0.5844444444444444,1.3926380368098157,0
41.0,Female,USA,Standard,Gaming Console,13.63,12,5,0.6322,2.045011252813203,1
34.0,Prefer not to say,USA,Standard,Desktop,13.63,9,5,1.1127083333333334,1.7628799310196162,0
36.0,Female,USA,Standard,Tablet,13.63,4,5,0.5826250000000001,1.4663797740720819,1
13.0,Female,USA,Premium,Desktop,13.63,20,4,0.5382000000000001,2.4736842105263155,1
42.0,Female,USA,Premium,Smart TV,13.64,21,5,0.7036666666666667,3.054871220604703,1
14.0,Other,Canada,Standard,Mobile,13.64,9,5,0.657,1.138405897899569,1
48.0,Other,USA,Premium+,Gaming Console,13.64,18,5,0.6200606060606061,1.2332730560578662,0
37.0,Female,USA,Premium,Mobile,13.65,28,5,0.8209363636363637,1.263498920086393,0
5.0,Male,USA,Premium,Laptop,13.65,13,5,0.41127272727272723,0.49195098510331575,0
24.0,Male,USA,Standard,Gaming Console,13.65,36,5,0.536,2.3480504587155964,1
26.0,Female,USA,Premium,Smart TV,13.65,33,5,0.7794454545454546,1.1043689320388348,0
35.03946643148495,Female,Canada,Basic,Desktop,13.65,12,5,0.7285153846153847,0.9719914550201757,0
25.0,Male,Canada,Standard,Tablet,13.65,31,5,0.62175,0.7900067521944635,0
24.0,Female,USA,Standard,Gaming Console,13.65,36,5,0.536,2.3480504587155964,1
29.0,Male,USA,Premium+,Tablet,13.66,1,5,0.8479583333333334,1.0275827482447342,0
34.0,Female,USA,Basic,Mobile,13.67,16,5,0.787,1.5809560524286812,0
58.0,Male,USA,Basic,Smart TV,13.67,34,5,1.085090909090909,0.9845156643860281,0
53.0,Male,Canada,Premium,Smart TV,13.67,23,5,0.577060606060606,2.717693836978131,0
35.03946643148495,Female,USA,Standard,Tablet,13.67,26,5,0.8276666666666667,0.8253169651841415,0
32.0,Male,USA,Premium,Desktop,13.67,19,5,0.7697142857142857,3.694594594594594,0
35.03946643148495,Male,USA,Premium,Laptop,13.68,32,5,0.6520000000000001,1.8195522057193525,0
31.0,Female,USA,Basic,Mobile,13.68,1,5,0.5862222222222222,2.7908874532471946,0
37.0,Male,USA,Premium,Gaming Console,13.68,28,5,0.7782121212121212,0.888985161919203,1
28.0,Male,USA,Basic,Gaming Console,13.68,24,5,0.64225,1.9168612797758056,0
16.0,Female,Canada,Standard,Gaming Console,13.68,36,5,0.4667777777777778,1.6615384615384616,0
14.0,Female,Canada,Standard,Tablet,13.68,2,5,0.6264,1.4476190476190478,0
24.0,Male,Canada,Premium+,Mobile,13.69,32,5,0.6694,2.2442622950819673,0
35.03946643148495,Female,Canada,Standard,Gaming Console,13.69,11,5,0.7866249999999999,2.2338863203698667,0
71.0,Male,USA,Standard,Desktop,13.69,18,4,0.8578181818181818,1.0707860774344935,0
43.0,Male,Canada,Standard,Laptop,13.7,7,5,0.6571904761904763,1.3993871297242084,1
37.0,Male,USA,Premium,Desktop,13.7,8,5,0.7093030303030302,1.234790446146913,0
36.0,Male,USA,Premium,Laptop,13.7,23,5,0.48614285714285715,2.4226348364279393,1
37.0,Male,Canada,Premium,Laptop,13.7,33,5,0.8235320512820512,1.453066996641329,0
35.03946643148495,Female,Canada,Premium,Tablet,13.7,14,5,0.7358,5.355048859934853,0
38.0,Male,Canada,Standard,Desktop,13.71,24,5,0.5067090909090909,1.4681420667499552,0
49.0,Male,USA,Basic,Gaming Console,13.72,35,5,0.7657333333333334,0.4954857349223547,0
33.0,Male,USA,Premium+,Gaming Console,13.72,17,5,0.868452380952381,0.9804668889947594,0
19.0,Male,USA,Premium,Laptop,13.72,10,5,0.8103333333333335,1.4567333215360114,0
23.0,Male,Canada,Premium+,Tablet,13.73,20,5,0.7597,2.6020214782059377,0
35.0,Female,USA,Basic,Laptop,13.73,31,5,0.6563461538461538,1.283577438454347,1
37.0,Male,USA,Standard,Smart TV,13.73,35,5,0.8957142857142857,2.9463519313304722,0
35.0,Female,USA,Premium,Smart TV,13.73,5,5,0.673,0.7374451705308388,1
8.0,Other,USA,Premium,Smart TV,13.73,32,5,0.8941666666666668,1.2942655145326003,0
36.0,Male,USA,Basic,Laptop,13.73,27,4,0.8466666666666667,0.965767878077374,0
44.0,Male,USA,Standard,Mobile,13.73,19,5,0.5945384615384616,1.1038456384831836,0
35.03946643148495,Male,Canada,Premium,Laptop,13.73,22,5,0.7508333333333334,1.956769596199525,0
36.0,Female,USA,Premium,Tablet,13.74,20,5,0.7985555555555556,0.839596700274977,0
17.0,Male,USA,Premium,Smart TV,13.74,25,4,0.8501999999999998,1.352806038726616,0
40.0,Male,USA,Premium+,Desktop,13.74,8,5,1.0823454545454545,1.8484304932735425,0
43.0,Female,Canada,Premium,Tablet,13.74,13,4,0.8317999999999999,4.773595830920672,0
35.03946643148495,Female,Canada,Premium,Gaming Console,13.74,20,5,0.8612500000000001,1.4199104374784703,1
36.0,Male,USA,Premium,Tablet,13.74,20,5,0.7985555555555556,0.839596700274977,0
35.0,Male,USA,Standard,Tablet,13.75,21,5,0.9609761904761904,1.01952545724172,0
45.0,Female,USA,Standard,Desktop,13.75,15,5,0.5231071428571428,1.0724034836864682,0
53.0,Male,Canada,Standard,Mobile,13.76,6,5,0.7842857142857143,1.6739659367396593,0
49.0,Female,USA,Premium,Gaming Console,13.76,13,5,0.3943333333333333,3.2427336999214456,0
35.03946643148495,Female,Canada,Basic,Smart TV,13.76,35,5,0.5823030303030303,0.7383954923530991,0
35.03946643148495,Male,USA,Basic,Gaming Console,13.76,20,4,0.6083333333333334,0.5237913970308337,0
37.0,Female,USA,Basic,Smart TV,13.76,35,5,0.5005555555555555,0.9736997287415969,1
37.0,Female,USA,Basic,Smart TV,13.76,35,5,0.5005555555555555,0.9736997287415969,1
35.03946643148495,Male,USA,Premium+,Mobile,13.77,32,5,0.5947023809523809,0.6099667774086379,0
44.0,Male,USA,Basic,Gaming Console,13.77,13,4,0.6494545454545455,1.3364606923325784,0
39.0,Female,Canada,Standard,Desktop,13.77,12,4,0.8593999999999999,1.5535915757803682,0
41.0,Prefer not to say,USA,Standard,Laptop,13.77,5,5,0.6886666666666666,0.9324004062746867,0
30.0,Male,USA,Premium,Laptop,13.77,35,4,0.5403749999999999,1.6837171387813326,0
37.0,Male,USA,Standard,Mobile,13.77,23,5,0.703857142857143,3.0782414307004466,0
51.0,Female,Canada,Premium+,Laptop,13.78,27,5,0.45463333333333333,1.4457072914845253,1
22.0,Female,USA,Standard,Tablet,13.78,24,5,0.8381428571428571,1.8739800543970984,0
33.0,Male,USA,Standard,Desktop,13.78,9,5,0.6238888888888888,1.5620631022104665,0
35.03946643148495,Male,Canada,Premium,Mobile,13.78,4,4,0.7718571428571428,1.647011952191235,0
53.0,Other,USA,Standard,Mobile,13.78,30,5,0.8083846153846154,1.996619174112533,0
51.0,Female,Canada,Premium+,Laptop,13.78,27,5,0.45463333333333333,1.4457072914845253,1
26.0,Prefer not to say,USA,Standard,Desktop,13.79,14,5,0.6554615384615385,0.9615339918651945,0
36.0,Male,USA,Standard,Smart TV,13.79,6,5,0.7363571428571428,1.3666997026759167,0
38.0,Other,Canada,Premium,Smart TV,13.79,9,4,0.8956249999999999,2.3425821064552657,0
25.0,Female,Canada,Premium,Smart TV,13.79,36,5,0.8533333333333333,1.7893598615916952,0
21.0,Female,USA,Standard,Tablet,13.79,24,4,0.6017777777777777,1.1491666666666667,1
24.0,Male,USA,Standard,Smart TV,13.79,26,5,0.984125,1.4236063317274603,1
20.0,Male,USA,Basic,Laptop,13.8,10,5,0.8498571428571428,1.0914843132085421,0
35.03946643148495,Female,USA,Basic,Mobile,13.8,31,5,0.8318571428571429,1.376787495843033,0
35.0,Male,USA,Premium,Tablet,13.8,36,5,0.44314285714285717,1.9514494461465943,0
45.0,Other,Canada,Basic,Mobile,13.81,33,5,0.8548692307692307,0.8714766512410601,0
19.0,Female,USA,Standard,Mobile,13.81,23,5,0.5608333333333334,1.7547649301143582,0
24.0,Male,USA,Basic,Gaming Console,13.81,16,5,0.9694285714285714,6.151447661469934,0
52.0,Male,USA,Standard,Tablet,13.81,24,5,0.9081153846153847,1.114308768154922,0
26.0,Female,USA,Standard,Desktop,13.82,28,4,0.6815238095238094,3.8477958236658933,0
24.0,Female,Canada,Premium+,Smart TV,13.82,30,5,0.9367999999999999,2.2880794701986753,0
41.0,Male,Canada,Premium,Gaming Console,13.82,16,5,0.5694545454545454,1.4063772048846677,0
43.0,Female,USA,Premium,Mobile,13.82,35,5,1.0535714285714286,3.3408541498791298,0
38.0,Female,USA,Premium+,Mobile,13.82,10,5,0.7956190476190477,2.5600493979623336,0
33.0,Other,USA,Standard,Tablet,13.82,14,4,0.6985454545454546,0.9463592787034923,0
40.0,Male,USA,Basic,Smart TV,13.82,9,5,0.7384705882352942,1.1118262268704746,0
35.03946643148495,Male,USA,Basic,Laptop,13.82,1,5,0.9126190476190477,3.0974971983563684,0
14.0,Male,USA,Standard,Tablet,13.83,2,5,0.628,1.9747739171822942,0
35.03946643148495,Male,Canada,Basic,Mobile,13.83,12,5,0.6475238095238096,1.3347273604632457,1
35.03946643148495,Male,USA,Premium+,Desktop,13.83,25,3,0.5941666666666666,3.0295728368017523,0
18.0,Female,Canada,Standard,Mobile,13.84,12,5,0.6927142857142856,2.711952971913781,0
28.0,Female,Canada,Standard,Desktop,13.84,24,5,0.5202727272727273,1.7089936200864373,0
28.0,Male,USA,Basic,Tablet,13.84,17,5,0.7552999999999999,2.178384050367261,0
29.0,Other,Canada,Standard,Gaming Console,13.84,8,5,0.5673999999999999,1.4645502645502646,0
35.03946643148495,Male,USA,Premium,Tablet,13.84,29,5,0.6302830882352941,1.0526048928888325,0
24.0,Female,Canada,Standard,Laptop,13.85,21,5,0.6201666666666666,1.0725348477026329,0
22.0,Other,USA,Premium,Laptop,13.85,35,5,0.6650666666666667,2.3264277715565505,0
13.0,Female,USA,Standard,Smart TV,13.85,22,4,0.7263636363636363,1.2725880551301685,0
32.0,Male,USA,Basic,Laptop,13.85,17,5,1.1275,3.0141458106637646,0
27.0,Prefer not to say,USA,Basic,Mobile,13.85,34,5,0.6311818181818182,0.7163175588311353,0
46.0,Male,Canada,Standard,Gaming Console,13.86,24,5,1.079375,3.224505622334238,0
22.0,Male,USA,Standard,Gaming Console,13.86,26,5,0.7877450980392156,0.8591796673210041,1
27.0,Male,Canada,Standard,Mobile,13.86,31,4,0.6313472222222223,1.8192955589586521,0
36.0,Other,Canada,Premium,Gaming Console,13.86,13,5,0.6685714285714286,1.0233817376322913,0
37.0,Female,USA,Basic,Smart TV,13.87,13,5,0.5321111111111112,2.313594662218515,1
11.0,Prefer not to say,Canada,Premium,Gaming Console,13.87,20,5,0.7634285714285713,1.008971871968962,0
29.0,Female,Canada,Premium+,Gaming Console,13.87,35,5,0.5831428571428571,2.84318414759139,0
39.0,Female,USA,Standard,Mobile,13.87,11,4,0.7620666666666667,3.0494686698424327,0
35.03946643148495,Male,USA,Premium,Smart TV,13.87,28,5,0.7605714285714287,0.4225437928408225,0
50.0,Female,Canada,Premium+,Smart TV,13.87,36,5,0.9881,1.8435976960567122,0
52.0,Male,USA,Premium+,Gaming Console,13.88,34,5,0.7662,2.1137055837563454,0
41.0,Male,USA,Premium,Tablet,13.88,4,5,0.6404166666666666,1.4922056979036014,0
23.0,Female,Canada,Premium,Desktop,13.88,16,5,0.6392307692307693,2.9753483386923896,0
42.0,Other,USA,Premium+,Gaming Console,13.89,27,5,0.5535,1.552244365803688,0
34.0,Female,USA,Basic,Mobile,13.89,3,4,0.9101111111111111,2.0491762970248337,0
42.0,Male,USA,Premium,Gaming Console,13.89,3,5,0.6837936507936507,1.7446095876072847,0
35.03946643148495,Female,USA,Basic,Gaming Console,13.89,2,5,0.4884444444444445,1.2157549234135667,1
33.0,Female,USA,Premium,Laptop,13.9,31,5,0.7346153846153847,1.4280821917808222,0
48.0,Female,USA,Standard,Gaming Console,13.9,36,5,0.7128125000000001,1.0677250032006145,0
49.0,Female,USA,Premium+,Mobile,13.9,15,5,0.9927692307692307,0.5310748853795212,0
22.0,Male,USA,Premium,Smart TV,13.9,11,5,1.1101140350877192,0.5629049676025919,0
51.0,Male,Canada,Premium,Gaming Console,13.9,29,5,0.6434375,0.8956185567010309,0
26.0,Male,Canada,Standard,Tablet,13.91,23,4,0.9134545454545454,1.7226006191950467,0
50.0,Male,USA,Premium,Desktop,13.91,8,5,0.8914126984126984,0.7764443204018977,0
47.0,Female,USA,Premium,Mobile,13.91,29,5,0.8317142857142857,5.505277044854882,0
35.03946643148495,Male,USA,Basic,Desktop,13.92,7,5,0.7671904761904762,1.9545986426398314,0
17.0,Female,USA,Premium,Mobile,13.92,17,4,0.7729999999999999,2.173867777199375,0
52.0,Female,USA,Basic,Desktop,13.93,10,5,0.6052626262626264,1.188904694167852,0
39.0,Female,USA,Premium+,Laptop,13.93,27,5,0.48450000000000004,0.9203832177073009,0
35.0,Female,Canada,Premium+,Desktop,13.93,18,5,1.0555454545454546,2.254653358510925,0
35.03946643148495,Female,Canada,Standard,Smart TV,13.93,26,5,0.837030303030303,1.0190197512801755,0
50.0,Female,USA,Standard,Gaming Console,13.93,7,5,0.5442857142857143,0.9257864421798847,0
37.0,Female,USA,Premium,Mobile,13.93,32,5,0.8603750000000001,1.5144047834752674,0
22.0,Female,USA,Premium,Mobile,13.93,29,5,0.6732142857142858,0.6279960928694869,0
48.0,Prefer not to say,Canada,Basic,Smart TV,13.94,5,5,0.537027972027972,1.3354622385438288,0
21.0,Male,USA,Premium+,Mobile,13.94,17,5,1.063222222222222,1.2065781881130986,0
54.0,Male,Canada,Basic,Mobile,13.94,17,5,1.0279047619047619,1.1117905091054099,1
35.03946643148495,Female,Canada,Standard,Mobile,13.94,16,5,0.7599393939393939,1.0345083487940632,0
37.0,Female,USA,Premium+,Laptop,13.94,29,5,0.5272857142857144,2.20395256916996,0
41.0,Other,USA,Premium,Laptop,13.94,35,4,1.1935000000000002,4.518638573743922,0
23.0,Male,USA,Standard,Smart TV,13.94,32,4,0.369,3.3739411052843886,0
66.0,Male,USA,Premium,Gaming Console,13.95,7,5,0.7401538461538462,1.3413461538461537,0
36.0,Other,USA,Standard,Laptop,13.95,6,5,0.8671666666666666,4.970308788598574,0
47.0,Female,USA,Standard,Smart TV,13.96,18,5,0.6901071428571428,0.76187011096962,0
35.0,Male,Canada,Standard,Desktop,13.96,2,4,0.8533,1.5923954372623574,0
38.0,Female,Canada,Premium,Laptop,13.96,18,5,0.6955756302521009,1.3343954118209336,1
60.0,Male,USA,Premium+,Tablet,13.97,24,5,0.9887051282051282,1.1974285714285715,0
51.0,Male,USA,Standard,Smart TV,13.97,31,5,0.5054545454545455,1.0989904287400025,1
36.0,Female,USA,Standard,Smart TV,13.97,29,5,0.7926,1.2154872389791183,0
36.0,Other,USA,Premium,Gaming Console,13.97,24,5,0.7893333333333333,0.9558672596647281,0
51.0,Male,USA,Standard,Smart TV,13.97,31,5,0.5054545454545455,1.0989904287400025,1
23.0,Female,USA,Premium,Smart TV,13.98,11,5,0.5633846153846154,1.2123139181962712,0
35.03946643148495,Male,Canada,Basic,Tablet,13.98,19,5,0.9137272727272727,0.8808148692638875,0
23.0,Female,USA,Premium,Smart TV,13.98,11,5,0.5633846153846154,1.2123139181962712,0
58.0,Other,USA,Standard,Gaming Console,13.99,19,5,0.902852564102564,1.2584707646176911,0
55.0,Female,USA,Standard,Tablet,13.99,18,5,0.7115,1.9525471039776692,0
35.03946643148495,Male,USA,Basic,Desktop,14.0,16,5,0.6616904761904763,5.773195876288661,0
5.0,Male,Canada,Standard,Smart TV,14.0,22,5,0.6346161616161616,1.2818556386387912,0
17.0,Male,Canada,Premium,Laptop,14.0,36,5,0.7851929824561403,1.1439466158245948,0
23.0,Female,USA,Standard,Gaming Console,14.0,10,5,0.9508585858585858,3.36,0
58.0,Male,USA,Standard,Tablet,14.0,34,5,0.7767,1.4042126379137412,0
36.0,Female,USA,Premium,Laptop,14.0,29,5,0.5073333333333333,2.226345083487941,0
35.03946643148495,Male,USA,Premium+,Tablet,14.0,13,5,0.981625,2.212855637513172,0
37.0,Female,Canada,Premium,Desktop,14.01,22,5,0.7522,1.0672930421533773,1
35.0,Prefer not to say,USA,Premium,Mobile,14.02,24,5,0.7757222222222222,3.499168053244593,0
36.0,Female,USA,Premium+,Gaming Console,14.02,22,5,0.6833525641025642,1.3113016367887762,0
5.0,Female,USA,Basic,Gaming Console,14.03,26,5,0.8461758241758242,1.3415139442231074,0
39.0,Male,USA,Standard,Gaming Console,14.04,5,5,0.6090712074303406,0.6519114688128773,0
46.0,Female,USA,Standard,Gaming Console,14.04,11,5,0.26,7.132938187976291,0
35.03946643148495,Prefer not to say,USA,Standard,Gaming Console,14.04,14,5,0.8176666666666667,2.4283655232055343,0
40.0,Female,Canada,Premium,Smart TV,14.05,23,4,0.6721025641025642,1.2943344081068633,0
32.0,Male,USA,Basic,Desktop,14.05,30,5,0.6881111111111111,2.5383920505871727,0
37.0,Male,USA,Standard,Gaming Console,14.05,32,5,0.7538333333333334,1.857237276933245,0
35.0,Female,USA,Premium,Desktop,14.05,4,5,0.6043999999999999,1.5507726269315674,0
62.0,Male,USA,Premium,Smart TV,14.05,30,3,0.994375,3.490683229813665,0
35.03946643148495,Female,USA,Premium,Laptop,14.06,9,4,0.5394545454545454,0.6287545651039725,0
26.0,Female,USA,Premium,Smart TV,14.07,30,5,0.8914285714285715,2.4705882352941173,1
3.0,Female,USA,Premium,Gaming Console,14.07,7,5,0.7651428571428571,1.105552645364065,0
47.0,Female,USA,Standard,Tablet,14.07,1,5,0.5554545454545454,1.3461967788231544,0
7.0,Male,USA,Premium,Tablet,14.07,32,5,0.8028749999999999,1.9380165289256197,0
38.0,Male,Canada,Standard,Laptop,14.08,29,4,0.5980000000000001,0.6945654854887775,0
34.0,Female,USA,Standard,Smart TV,14.08,25,5,0.6051208791208791,1.7943925233644857,0
42.0,Female,Canada,Premium,Desktop,14.08,28,5,0.6575714285714286,2.663303909205548,0
37.0,Male,Canada,Basic,Laptop,14.08,9,5,1.0341666666666667,2.166709412669915,0
48.0,Female,USA,Standard,Gaming Console,14.09,26,5,0.6034545454545455,1.3084661817056182,0
35.03946643148495,Male,Canada,Basic,Smart TV,14.1,19,5,0.6745555555555556,0.9260070052539404,0
105.0,Prefer not to say,Canada,Basic,Mobile,14.1,10,5,0.9219999999999999,1.5265247203175747,0
37.0,Male,USA,Basic,Mobile,14.1,29,5,0.4433968253968254,1.7754459601259183,0
31.0,Other,USA,Premium,Smart TV,14.1,6,5,0.9154,1.7118575475515982,0
43.0,Male,USA,Premium,Laptop,14.1,35,3,0.6883333333333332,2.199687987519501,0
35.03946643148495,Prefer not to say,Canada,Premium,Tablet,14.11,11,5,0.566125,1.8561718921289188,0
51.0,Female,USA,Standard,Smart TV,14.11,11,5,0.8973333333333333,1.2692653673163417,0
34.0,Female,Canada,Standard,Smart TV,14.12,9,4,0.8829999999999999,0.9338624338624337,0
40.0,Male,USA,Standard,Mobile,14.12,9,5,0.5042361111111111,1.5559228650137742,0
35.03946643148495,Male,USA,Basic,Desktop,14.12,33,5,0.552202380952381,1.8152989072209125,0
12.0,Male,USA,Premium+,Laptop,14.12,15,5,1.1958571428571427,2.048355899419729,0
30.0,Male,Canada,Premium,Mobile,14.13,27,3,0.4696666666666667,1.8596183373546828,0
39.0,Female,USA,Premium+,Gaming Console,14.13,6,5,0.8552272727272727,1.426312247644684,0
53.0,Male,Canada,Premium,Tablet,14.14,11,5,1.0105,1.7857293201431277,0
35.03946643148495,Male,USA,Standard,Tablet,14.14,13,4,0.7668611111111112,1.9693593314763231,1
35.03946643148495,Female,USA,Basic,Smart TV,14.15,5,5,0.766125,1.9625520110957004,0
50.0,Male,Canada,Premium,Smart TV,14.15,22,5,1.25475,2.675701229120706,1
33.0,Male,USA,Premium,Smart TV,14.15,34,5,0.8274615384615385,1.7691185663679931,0
40.0,Female,Canada,Premium,Laptop,14.15,2,5,0.4695,0.9134925758553906,0
12.0,Female,USA,Premium,Desktop,14.16,35,4,0.7534285714285713,1.9195661997288749,1
45.0,Male,USA,Premium,Desktop,14.16,4,3,0.8170833333333334,0.6521338655204176,0
23.0,Female,Canada,Basic,Gaming Console,14.16,12,5,0.8432142857142857,1.0465631929046562,0
35.0,Male,Canada,Premium+,Desktop,14.16,12,4,0.7838749999999999,1.9499655726417258,0
20.0,Other,USA,Premium,Gaming Console,14.17,31,5,1.146857142857143,2.011831519167061,0
57.0,Female,USA,Standard,Gaming Console,14.18,29,5,0.9025153846153846,1.0266682756124048,0
24.0,Female,Canada,Standard,Smart TV,14.18,35,5,0.7056666666666667,1.1842984409799555,1
33.0,Female,USA,Premium,Smart TV,14.18,10,5,0.7072,2.387205387205387,0
53.0,Male,USA,Standard,Laptop,14.19,29,5,0.816936507936508,1.1356542617046816,1
16.0,Other,USA,Standard,Mobile,14.19,33,4,0.8723714285714286,2.5234143449911084,0
53.0,Female,USA,Basic,Tablet,14.19,19,5,1.0184343434343435,1.6140284360189574,0
18.0,Other,Canada,Premium+,Smart TV,14.19,29,5,0.6888000000000001,0.9454747362576347,0
34.0,Male,USA,Premium,Smart TV,14.2,23,5,0.769611111111111,2.0456182472989193,0
51.0,Female,USA,Premium+,Mobile,14.2,33,5,0.8025384615384615,1.4507066235314148,0
35.03946643148495,Female,USA,Standard,Gaming Console,14.21,12,5,0.6595714285714285,1.1886240066917606,0
44.0,Female,USA,Basic,Laptop,14.21,11,5,0.8980714285714286,0.9794371051120047,0
15.0,Male,Canada,Standard,Gaming Console,14.21,13,5,0.9424505494505495,1.584169453734671,0
45.0,Other,USA,Standard,Mobile,14.21,26,5,0.8097777777777777,1.8904656319290467,1
21.0,Female,USA,Premium,Desktop,14.21,22,5,0.7744333333333333,1.464696787493558,0
47.0,Prefer not to say,Canada,Standard,Smart TV,14.21,27,5,0.6524444444444446,1.1448905599570298,0
34.0,Male,Canada,Premium,Smart TV,14.22,11,5,0.46772727272727266,1.4227113556778388,0
22.0,Female,Canada,Basic,Laptop,14.22,36,5,0.6251666666666668,2.0911764705882354,0
35.03946643148495,Female,USA,Standard,Laptop,14.22,25,5,0.7750272727272728,1.3128173565163872,0
34.0,Male,USA,Basic,Smart TV,14.23,14,5,0.813,1.3107153822536077,0
33.0,Male,Canada,Standard,Laptop,14.23,12,5,0.738909090909091,1.3515909450688617,0
39.0,Other,USA,Premium+,Smart TV,14.23,5,4,0.9255,6.537519142419602,0
34.0,Male,USA,Standard,Tablet,14.24,5,5,0.6578571428571429,1.5391821293460637,0
11.0,Female,USA,Basic,Smart TV,14.24,24,5,1.0574444444444444,0.9220807252320311,0
19.0,Female,USA,Premium,Desktop,14.24,16,5,1.0156666666666667,2.375973303670745,1
26.0,Female,Canada,Premium,Mobile,14.25,4,5,0.48308333333333336,1.2566137566137567,0
41.0,Male,USA,Premium,Laptop,14.25,15,4,0.5679393939393939,0.616838611932761,0
46.0,Female,Canada,Premium,Desktop,14.25,11,5,0.7392000000000001,1.3087402418490741,1
31.0,Male,USA,Standard,Mobile,14.26,19,5,0.8300833333333333,0.9918849988407141,0
45.0,Female,USA,Premium,Mobile,14.26,3,5,0.9421428571428572,1.6232214001138303,1
34.0,Female,USA,Standard,Mobile,14.26,30,5,0.6865104895104895,1.2600883652430044,1
12.0,Female,Canada,Premium,Laptop,14.27,16,5,1.0652142857142857,0.894016915526783,0
30.0,Male,Canada,Premium,Gaming Console,14.28,33,5,0.5525384615384614,1.3242658423493043,0
37.0,Prefer not to say,Canada,Premium,Desktop,14.28,14,5,0.4746111111111111,1.888056412516527,0
38.0,Female,Canada,Standard,Smart TV,14.28,19,5,0.6011904761904763,3.5849372384937235,0
36.0,Female,Canada,Basic,Tablet,14.28,29,5,0.6672142857142858,2.351262349066959,0
17.0,Male,USA,Basic,Tablet,14.28,36,5,0.7529166666666667,1.0160085378868728,0
25.0,Female,USA,Premium,Desktop,14.28,35,4,0.9834285714285714,1.7023643949930458,1
23.0,Male,USA,Premium,Tablet,14.29,27,5,0.6394181818181819,1.324374420759963,0
50.0,Male,USA,Standard,Smart TV,14.29,1,5,0.7735,1.0771356783919597,0
35.03946643148495,Prefer not to say,USA,Standard,Smart TV,14.29,33,5,0.7058525641025641,0.9744289123764064,0
21.0,Female,USA,Standard,Mobile,14.29,20,5,0.3985714285714286,1.0858662613981762,0
30.0,Male,USA,Premium,Gaming Console,14.29,16,4,0.4845555555555556,2.2333941130502732,0
25.0,Female,Canada,Basic,Smart TV,14.3,14,5,0.5165,1.001517450682853,1
42.0,Female,USA,Standard,Mobile,14.3,3,5,0.8502857142857143,1.7417783191230205,0
42.0,Female,USA,Standard,Mobile,14.31,9,4,0.5203333333333333,3.066428571428571,0
44.0,Male,USA,Basic,Mobile,14.31,25,5,0.9015555555555554,0.5143473312166778,0
39.0,Female,Canada,Premium,Mobile,14.31,26,5,0.698595238095238,0.7499344920953797,0
17.0,Male,Canada,Standard,Laptop,14.31,20,4,0.5813181818181818,1.1455637091394262,0
40.0,Male,Canada,Premium,Desktop,14.31,27,5,0.991111111111111,1.296587133796436,0
39.0,Female,Canada,Premium,Mobile,14.31,26,5,0.698595238095238,0.7499344920953797,0
39.0,Female,Canada,Premium,Mobile,14.31,26,5,0.698595238095238,0.7499344920953797,0
26.0,Female,Canada,Standard,Smart TV,14.33,19,5,0.8370000000000001,3.586983729662078,0
29.0,Male,USA,Premium,Tablet,14.33,4,5,1.2833333333333332,22.217054263565892,0
33.0,Prefer not to say,Canada,Standard,Laptop,14.33,5,4,0.9753333333333334,1.1500802568218298,0
44.0,Male,USA,Standard,Smart TV,14.34,15,5,0.9541428571428572,1.7078205637157602,0
31.0,Male,USA,Premium,Desktop,14.35,35,5,0.7510714285714286,1.0911164617919147,0
21.0,Female,Canada,Standard,Tablet,14.35,22,5,0.786,2.2996794871794872,0
67.0,Other,Canada,Basic,Gaming Console,14.36,16,5,0.7076904761904761,1.6775700934579438,0
35.03946643148495,Female,USA,Premium,Tablet,14.36,24,5,0.8616,2.350886766712142,0
39.0,Female,USA,Standard,Smart TV,14.36,19,5,0.7373999999999999,0.8011902547889158,0
35.03946643148495,Female,USA,Standard,Gaming Console,14.37,19,5,0.9383267973856209,0.7743152222721149,0
47.0,Male,Canada,Premium,Tablet,14.37,14,5,0.7024444444444444,1.4418060200668896,0
35.0,Male,Canada,Basic,Desktop,14.37,20,5,0.7613286713286713,1.5052374301675975,0
50.0,Male,USA,Basic,Mobile,14.38,31,4,0.7560972222222222,1.8279661016949154,0
24.0,Female,Canada,Standard,Laptop,14.38,30,5,0.548142857142857,1.8229452778364674,0
51.0,Female,USA,Standard,Smart TV,14.39,35,5,0.5258999999999999,1.70396684428656,0
54.0,Male,USA,Standard,Mobile,14.4,27,5,0.6211111111111112,2.275480642612589,0
49.0,Female,Canada,Premium,Laptop,14.4,22,4,0.5861,1.0423452768729642,0
40.0,Male,Canada,Premium,Laptop,14.41,19,5,0.9269999999999999,2.3507340946166395,0
18.0,Male,USA,Standard,Desktop,14.41,34,5,0.8083333333333333,1.3637223974763406,0
53.0,Female,USA,Premium+,Smart TV,14.41,18,4,0.8229444444444445,0.9644171779141104,0
35.03946643148495,Male,Canada,Standard,Laptop,14.41,31,5,0.6096153846153847,0.9718974820143885,0
31.0,Male,USA,Standard,Tablet,14.42,19,4,0.5237499999999999,5.259574468085106,0
35.0,Female,USA,Premium,Smart TV,14.42,22,5,0.6999285714285713,1.2639883126369613,0
45.0,Female,USA,Basic,Desktop,14.42,20,5,0.9166666666666667,2.2525384014579535,1
53.0,Female,USA,Premium,Gaming Console,14.43,33,4,0.7402727272727272,2.155339805825242,0
36.0,Male,USA,Premium,Laptop,14.43,11,5,0.9518194444444444,1.2477302204928664,0
49.0,Female,USA,Standard,Gaming Console,14.44,1,5,0.5806666666666667,2.421464505310229,0
44.0,Female,USA,Standard,Mobile,14.44,6,5,0.7288888888888889,1.198008849557522,0
46.0,Male,Canada,Premium+,Smart TV,14.45,14,4,0.5507142857142857,1.64797567002471,0
27.0,Female,USA,Premium,Tablet,14.45,18,5,0.8616666666666667,1.6358490566037733,0
43.0,Female,Canada,Premium,Mobile,14.45,18,4,0.7367272727272727,1.0935923309788091,0
26.0,Female,USA,Standard,Mobile,14.46,24,5,0.5262222222222223,1.6180529653114508,0
31.0,Male,Canada,Premium,Smart TV,14.46,17,4,0.5186666666666667,2.0741094907960793,1
94.0,Female,USA,Standard,Tablet,14.46,3,5,1.05325,1.2238679644519679,0
45.0,Male,USA,Standard,Laptop,14.46,25,5,0.5140666666666666,6.494011976047905,0
35.03946643148495,Female,USA,Premium,Tablet,14.47,30,5,0.582040404040404,1.212739209386786,0
22.0,Male,Canada,Standard,Tablet,14.47,1,5,0.8058888888888888,1.8780012978585334,0
35.03946643148495,Male,Canada,Basic,Smart TV,14.47,10,5,0.5475714285714286,1.8559213339033775,0
41.0,Female,Canada,Basic,Gaming Console,14.48,16,5,0.637,0.9724647414372063,0
35.03946643148495,Male,Canada,Basic,Smart TV,14.48,12,5,0.632625,0.8002210555402047,0
48.0,Female,Canada,Standard,Tablet,14.49,24,3,0.9299999999999999,2.7,0
29.0,Male,Canada,Basic,Smart TV,14.49,35,5,0.7911250000000001,1.810872734846907,0
50.0,Female,USA,Standard,Laptop,14.49,3,5,0.7680694444444445,1.6472148541114056,0
22.0,Male,USA,Premium,Desktop,14.5,35,4,0.7419692307692307,1.0503440782325244,0
26.0,Female,USA,Premium,Mobile,14.5,15,5,0.8048809523809524,1.4733276883996613,0
53.0,Female,USA,Standard,Mobile,14.51,14,5,0.41285714285714287,1.5794629898403483,0
46.0,Male,USA,Basic,Gaming Console,14.51,4,5,0.6474545454545455,1.2613735149232108,0
35.03946643148495,Prefer not to say,USA,Premium,Gaming Console,14.51,25,5,0.5533095238095238,0.5390712074303406,0
58.0,Male,Canada,Premium,Tablet,14.51,25,3,0.765,3.1103965702036436,0
32.0,Female,USA,Premium,Smart TV,14.51,3,5,0.6214444444444445,2.117217898832685,0
46.0,Female,USA,Premium+,Laptop,14.52,3,5,0.558,1.6782893469466382,0
26.0,Male,USA,Premium,Mobile,14.52,10,5,0.8521363636363637,1.2847662586639137,0
23.0,Prefer not to say,USA,Premium,Mobile,14.52,36,4,0.882909090909091,2.1736526946107784,0
26.0,Male,USA,Premium,Mobile,14.52,10,5,0.8521363636363637,1.2847662586639137,0
13.0,Female,USA,Premium,Gaming Console,14.53,28,5,0.6907176470588234,1.3928742610640676,0
34.0,Female,USA,Basic,Gaming Console,14.53,31,5,0.6617142857142857,2.158455063134439,0
28.0,Female,Canada,Basic,Mobile,14.53,10,5,1.0694285714285714,2.2714955706096926,0
52.0,Male,USA,Premium,Tablet,14.53,17,4,0.5493333333333333,3.302272727272727,0
35.03946643148495,Male,USA,Standard,Laptop,14.54,5,5,0.8036666666666666,2.0260102183000464,0
47.0,Female,Canada,Basic,Desktop,14.54,3,5,0.7285,1.2953229398663697,0
53.0,Male,USA,Standard,Laptop,14.54,31,5,0.8737777777777778,1.367398119122257,0
25.0,Female,Canada,Standard,Mobile,14.54,1,5,0.8283809523809524,1.2746931618936292,0
16.0,Male,USA,Basic,Tablet,14.55,7,5,0.6206363636363637,2.014770366951304,0
35.03946643148495,Female,Canada,Premium,Laptop,14.55,18,5,1.1213636363636363,0.879331184528606,0
30.0,Female,Canada,Basic,Laptop,14.55,29,5,0.8519294871794872,0.947265625,1
52.0,Male,Canada,Standard,Desktop,14.56,10,5,0.8128571428571428,4.564263322884012,0
28.0,Female,USA,Standard,Laptop,14.56,18,5,0.693625,1.778863775198534,0
42.0,Male,Canada,Premium,Mobile,14.56,27,5,0.7330476190476191,1.368206734534064,0
46.0,Prefer not to say,USA,Basic,Tablet,14.56,20,5,0.6907777777777778,1.9908842297174112,0
46.0,Male,USA,Basic,Tablet,14.57,4,5,0.8167070707070707,1.6147026228297008,0
36.0,Female,USA,Premium,Mobile,14.57,30,4,0.9245714285714287,1.571736785329018,0
22.0,Male,USA,Premium,Laptop,14.58,13,5,0.76075,2.876685300887866,0
20.0,Female,USA,Standard,Laptop,14.58,11,5,0.5668666666666666,2.134179068065382,0
48.0,Male,Canada,Premium,Gaming Console,14.58,1,4,0.6708181818181818,1.3252537494319043,1
38.0,Male,USA,Premium+,Desktop,14.59,15,5,0.9100256410256411,1.2269096005606166,0
42.0,Male,Canada,Basic,Mobile,14.59,10,5,0.7516571428571428,2.772885650934431,0
35.03946643148495,Male,USA,Premium,Tablet,14.59,24,5,1.1568999999999998,0.998972954467648,0
23.0,Female,Canada,Premium,Gaming Console,14.59,2,5,0.5749090909090909,1.5587606837606836,0
24.0,Female,USA,Premium,Desktop,14.6,36,5,0.762922600619195,0.8152629129827826,0
62.0,Female,USA,Premium+,Tablet,14.6,9,5,0.646125,1.1436031331592689,0
50.0,Female,USA,Standard,Laptop,14.6,36,5,0.5260897435897436,1.1619578193394349,1
38.0,Male,USA,Standard,Mobile,14.6,22,5,0.6556428571428571,1.0952738184546136,0
40.0,Female,Canada,Standard,Desktop,14.61,8,5,0.9229999999999999,3.126248216833095,0
35.0,Other,USA,Premium+,Desktop,14.61,20,5,0.6659166666666667,1.58402602096133,0
17.0,Male,USA,Premium,Smart TV,14.62,12,5,0.6541904761904762,0.48787541713014465,0
45.0,Female,Canada,Standard,Mobile,14.62,34,5,0.8468653846153846,1.3659296169417625,0
93.0,Male,USA,Basic,Gaming Console,14.62,15,4,0.5885555555555556,1.0455303933253874,0
44.0,Other,USA,Basic,Smart TV,14.62,8,5,0.6095238095238095,1.59432933478735,1
29.0,Male,Canada,Premium,Smart TV,14.63,26,5,0.6682,1.5616438356164384,0
32.0,Female,USA,Premium,Tablet,14.63,10,5,0.9355714285714285,1.3873873873873874,0
38.0,Male,USA,Standard,Tablet,14.63,30,5,0.6113571428571428,0.9235139400315624,0
43.0,Female,USA,Standard,Laptop,14.63,16,5,0.9447142857142857,1.8784506740851703,0
35.03946643148495,Male,USA,Standard,Tablet,14.63,22,5,0.8493030303030303,1.5370337944317982,0
35.03946643148495,Female,USA,Standard,Desktop,14.64,35,5,0.967956043956044,2.809980806142035,0
38.0,Female,USA,Standard,Gaming Console,14.65,13,5,0.7608333333333333,2.698802579060485,0
49.0,Male,USA,Standard,Gaming Console,14.65,30,5,1.0126,4.718196457326893,0
40.0,Female,USA,Premium,Laptop,14.65,23,4,0.6341666666666667,2.212990936555891,0
15.0,Prefer not to say,USA,Premium+,Mobile,14.65,12,5,0.5454705882352942,1.0296357034086916,0
36.0,Female,Canada,Basic,Laptop,14.66,25,4,0.6651818181818183,1.3869441816461683,0
35.03946643148495,Male,USA,Standard,Tablet,14.66,7,5,0.912142857142857,0.8998465473145779,0
30.0,Prefer not to say,USA,Basic,Tablet,14.66,6,5,0.7918181818181818,1.587439090416892,0
50.0,Male,Canada,Basic,Tablet,14.66,33,5,0.6882999999999999,2.0137362637362637,0
28.0,Other,USA,Premium+,Laptop,14.66,7,5,0.47750000000000004,1.3339399454049135,0
38.0,Female,USA,Standard,Smart TV,14.66,32,5,0.632982683982684,0.5343539274649171,1
36.0,Male,USA,Premium,Smart TV,14.67,28,5,0.939375,1.708131185717058,0
38.0,Male,USA,Premium+,Laptop,14.67,29,5,0.5646666666666667,1.7028438769587928,0
40.0,Female,USA,Premium,Tablet,14.67,27,4,1.2094747474747474,2.3132720105124833,0
29.0,Male,USA,Premium,Tablet,14.67,4,5,1.182375,2.06135831381733,0
36.0,Male,USA,Premium,Smart TV,14.67,28,5,0.939375,1.708131185717058,0
48.0,Male,USA,Premium+,Desktop,14.68,21,5,0.5542857142857143,1.532359081419624,0
31.0,Male,Canada,Premium,Tablet,14.69,28,5,0.6493461538461539,0.6706741744026785,0
65.0,Female,Canada,Premium,Desktop,14.69,5,5,0.9552499999999999,0.6870371813859226,0
31.0,Female,Canada,Standard,Smart TV,14.69,33,5,0.9605833333333333,2.590828924162257,1
28.0,Male,USA,Basic,Smart TV,14.7,33,5,0.8164444444444443,2.3928377645143786,0
35.0,Male,USA,Basic,Smart TV,14.7,34,3,0.789,1.6774438950171167,0
25.0,Male,USA,Basic,Smart TV,14.7,33,5,0.9587142857142857,2.5301204819277103,1
32.0,Male,USA,Standard,Tablet,14.71,34,4,0.612423076923077,1.2361344537815127,0
28.0,Male,USA,Basic,Mobile,14.71,29,5,0.735,2.2131394182547646,0
22.0,Female,Canada,Premium,Desktop,14.71,21,5,0.8173472222222222,2.7291280148423005,0
28.0,Female,USA,Premium,Desktop,14.71,22,5,0.7157,1.2988962472406183,1
35.03946643148495,Female,Canada,Premium,Laptop,14.71,12,5,0.7787142857142858,1.6317249029395455,0
39.0,Male,USA,Premium,Desktop,14.71,20,5,0.410968253968254,2.8434278350515463,0
54.0,Male,Canada,Premium+,Desktop,14.72,35,5,0.637,2.8610301263362485,0
40.0,Female,Canada,Basic,Tablet,14.72,33,4,0.5429861111111112,2.1780517879161527,1
35.0,Male,USA,Premium+,Laptop,14.73,26,4,1.024,0.8932686476652516,0
22.0,Female,USA,Standard,Laptop,14.73,13,5,0.5142666666666668,4.981961668545661,1
51.0,Female,USA,Basic,Laptop,14.73,6,3,1.0003333333333333,3.0215384615384617,0
30.0,Female,Canada,Premium,Desktop,14.73,3,5,0.7473333333333334,2.336858804865151,0
40.0,Female,USA,Premium,Gaming Console,14.74,10,4,0.5556666666666668,1.6074154852780806,0
30.0,Male,USA,Premium,Desktop,14.75,33,5,0.7473333333333333,1.418723949983969,0
38.0,Other,USA,Premium,Laptop,14.75,13,5,0.9053142857142857,1.9416410706450198,0
56.0,Other,USA,Premium+,Laptop,14.75,20,5,0.4933090909090909,1.2891478514202477,0
52.0,Male,USA,Basic,Gaming Console,14.75,21,5,0.6482272727272727,1.2653703174149271,0
46.0,Male,USA,Premium,Gaming Console,14.76,3,4,0.8231111111111111,1.6584269662921347,1
36.0,Male,Canada,Basic,Gaming Console,14.76,6,5,0.47233333333333327,3.967741935483871,0
47.0,Female,USA,Premium,Gaming Console,14.76,26,5,0.7379181818181819,1.8691430983537358,0
15.0,Female,USA,Premium,Smart TV,14.76,9,5,0.9490999999999999,0.9616679335432728,0
35.03946643148495,Female,USA,Premium,Tablet,14.76,29,5,0.8595555555555556,0.8855999999999999,0
35.03946643148495,Male,Canada,Premium,Mobile,14.76,25,5,0.6320000000000001,0.8588052754072926,0
59.0,Female,USA,Premium,Gaming Console,14.76,20,5,0.6133333333333334,1.3094780422889247,0
36.0,Male,USA,Basic,Mobile,14.77,25,5,0.7935714285714286,3.125925925925926,0
42.0,Female,USA,Premium,Laptop,14.77,13,5,0.7657777777777777,2.054242002781641,0
24.0,Female,USA,Premium,Desktop,14.77,19,5,0.8316794871794871,1.0642488291101235,0
35.03946643148495,Female,Canada,Standard,Gaming Console,14.77,10,4,0.669,1.34988575780655,0
50.0,Female,USA,Premium,Tablet,14.78,8,4,0.73275,2.085116388431695,0
40.0,Prefer not to say,USA,Basic,Desktop,14.78,35,4,0.7144615384615385,0.79540765987981,0
29.0,Female,USA,Premium,Laptop,14.78,12,5,0.6051111111111112,1.7070259865255053,0
40.0,Female,USA,Basic,Gaming Console,14.78,34,5,0.7164666666666666,2.4980281690140838,0
35.03946643148495,Prefer not to say,USA,Premium,Mobile,14.78,10,5,0.5041,1.3738187451587915,1
46.0,Male,USA,Standard,Mobile,14.79,20,5,0.919375,2.7422744128553767,0
31.0,Female,USA,Premium,Laptop,14.79,36,5,0.5262857142857142,1.0454759660697455,0
50.0,Female,Canada,Basic,Desktop,14.8,19,4,0.7060909090909091,1.3982050070854983,0
63.0,Female,USA,Standard,Tablet,14.8,10,5,0.8777272727272727,0.9741114523913996,0
32.0,Male,USA,Standard,Tablet,14.8,22,5,0.5225555555555556,1.5631050871325471,0
35.03946643148495,Male,Canada,Basic,Tablet,14.8,23,4,0.8805,1.0124273172956333,1
45.0,Male,USA,Standard,Mobile,14.8,24,5,0.8378571428571429,2.0427881297446513,0
35.03946643148495,Female,USA,Basic,Tablet,14.8,23,5,0.7532237762237763,1.5307705568005519,0
50.0,Female,Canada,Basic,Desktop,14.8,19,4,0.7060909090909091,1.3982050070854983,0
35.03946643148495,Female,USA,Standard,Gaming Console,14.81,13,5,0.7240909090909091,1.1045369794903668,0
22.0,Male,USA,Basic,Mobile,14.81,12,5,0.5422,1.7836210357286229,0
48.0,Prefer not to say,USA,Premium,Desktop,14.81,9,5,0.7474272727272727,1.079314952022349,0
39.0,Prefer not to say,USA,Standard,Desktop,14.82,34,5,0.46876923076923077,1.2130968622100955,0
39.0,Female,USA,Basic,Tablet,14.82,30,5,1.0015873015873016,1.5148211243611585,0
24.0,Female,USA,Standard,Gaming Console,14.82,12,5,0.616,2.504083356800901,0
21.0,Male,USA,Premium,Laptop,14.83,13,5,1.0342857142857143,2.2424395161290325,0
24.0,Female,USA,Standard,Gaming Console,14.83,11,5,0.8277380952380953,1.2740549828178696,0
31.0,Female,USA,Standard,Laptop,14.83,27,5,0.9236923076923077,1.485475792988314,1
5.0,Male,Canada,Standard,Tablet,14.83,19,5,0.715625,1.7220824462937872,0
37.0,Other,Canada,Premium+,Laptop,14.83,3,4,0.6053333333333333,4.404950495049506,0
32.0,Other,USA,Premium+,Laptop,14.84,23,5,0.6785333333333332,1.826086956521739,0
62.0,Male,USA,Standard,Mobile,14.84,8,5,0.6725,0.8987584536186535,0
109.0,Female,USA,Premium+,Laptop,14.84,7,5,0.8411923076923077,1.3764105735044057,0
28.0,Male,Canada,Standard,Laptop,14.84,36,4,0.5961904761904762,1.8484533942287729,0
49.0,Male,USA,Premium,Tablet,14.84,22,4,0.9546363636363636,1.4780876494023905,0
30.0,Female,Canada,Premium+,Gaming Console,14.85,30,5,0.5866923076923076,1.3839701770736252,0
30.0,Female,USA,Standard,Smart TV,14.85,36,5,0.7966153846153847,0.5515661755602328,0
9.0,Female,Canada,Premium,Smart TV,14.86,14,5,0.8605833333333333,1.13753508548099,0
26.0,Male,USA,Standard,Desktop,14.86,17,5,0.7760357142857144,0.811578372474058,0
35.03946643148495,Male,USA,Standard,Gaming Console,14.88,32,5,0.7911363636363636,2.048646167966957,0
24.0,Male,USA,Premium,Laptop,14.88,16,5,0.6583749999999999,1.8927284290862838,0
36.0,Female,Canada,Premium,Laptop,14.88,21,5,0.584,4.054495912806539,0
44.0,Male,USA,Basic,Smart TV,14.88,28,5,0.6054861111111112,0.9269102990033222,0
20.0,Female,USA,Premium,Smart TV,14.89,2,5,0.7235624999999999,0.9794978620765268,1
53.0,Female,USA,Basic,Gaming Console,14.89,24,5,0.8138888888888889,2.07719135084864,0
51.0,Female,USA,Basic,Gaming Console,14.89,12,4,0.7427142857142857,1.696866096866097,0
32.0,Male,USA,Premium,Laptop,14.89,9,5,0.7972222222222223,1.6181851113928638,0
28.0,Male,USA,Standard,Mobile,14.9,9,5,0.7438750000000001,2.011248593925759,0
37.0,Male,Canada,Standard,Desktop,14.9,9,5,0.5769404761904762,0.6209627005626172,0
23.0,Male,USA,Basic,Smart TV,14.9,36,5,0.5769803921568627,0.8135408135408136,0
36.0,Male,Canada,Premium,Laptop,14.9,32,4,0.8097000000000001,3.2332730560578664,0
37.0,Female,USA,Premium+,Mobile,14.91,27,4,0.6095555555555556,1.0917744691237492,0
36.0,Female,USA,Basic,Mobile,14.92,16,5,0.7750909090909092,2.1488238118098897,0
25.0,Male,Canada,Basic,Desktop,14.92,28,5,0.665,3.350299401197605,0
41.0,Male,USA,Premium,Tablet,14.92,21,4,0.5686,1.1943962641761174,0
48.0,Male,Canada,Premium,Laptop,14.92,21,5,1.0082579185520362,0.9604119729642742,1
42.0,Male,USA,Basic,Tablet,14.93,8,5,0.8213146853146853,1.3661735549794112,0
39.0,Male,USA,Premium+,Desktop,14.93,15,5,0.85775,0.9402750078723627,0
35.03946643148495,Male,Canada,Standard,Laptop,14.94,30,5,0.5348,2.084166472913276,0
47.0,Female,USA,Standard,Gaming Console,14.94,36,5,1.1154444444444445,2.515151515151515,0
44.0,Prefer not to say,USA,Standard,Desktop,14.94,34,5,0.7696666666666667,2.2315160567587755,1
40.0,Male,Canada,Premium+,Desktop,14.94,30,3,0.33325000000000005,3.2037169406719084,0
36.0,Male,USA,Basic,Smart TV,14.94,12,5,0.8779423076923077,1.567406889316314,0
31.0,Female,Canada,Standard,Laptop,14.95,19,5,0.8196333333333334,0.9203775908064847,0
24.0,Female,USA,Basic,Tablet,14.95,36,5,0.9769560439560439,0.8254348026134168,0
52.0,Female,USA,Premium,Gaming Console,14.96,20,5,1.0432953216374268,0.6801030459160481,0
16.0,Male,Canada,Premium,Smart TV,14.96,9,5,0.568,0.6311792419661065,0
25.0,Prefer not to say,USA,Premium+,Smart TV,14.96,13,5,0.9591363636363636,1.719210879141927,0
41.0,Female,Canada,Premium,Laptop,14.96,36,5,0.8792,1.6394520547945206,0
34.0,Male,Canada,Standard,Laptop,14.97,32,5,0.5293749999999999,3.3805043281896876,1
36.0,Male,Canada,Basic,Mobile,14.97,7,5,0.8271666666666667,0.9588982598484039,0
50.0,Male,USA,Standard,Tablet,14.98,17,5,0.6449,1.4156560088202867,0
21.0,Male,USA,Premium+,Gaming Console,14.98,34,5,0.9488717948717948,1.1502431533145634,0
35.03946643148495,Female,USA,Standard,Desktop,14.98,35,5,0.8546153846153846,1.2930513595166162,0
43.0,Male,Canada,Basic,Mobile,14.99,36,5,0.7483571428571429,1.5319366377107817,0
30.0,Female,USA,Standard,Laptop,14.99,19,4,0.7959333333333334,3.977885891198585,0
43.0,Female,Canada,Standard,Gaming Console,15.0,15,5,0.8858333333333334,2.0093770931011385,0
32.0,Male,USA,Standard,Gaming Console,15.0,21,5,0.7022222222222222,2.0974131903985085,0
40.0,Female,USA,Standard,Tablet,15.0,20,5,0.6515363636363636,1.6292541636495292,0
44.0,Female,USA,Standard,Mobile,15.0,15,5,0.7096923076923077,1.5277542013240537,0
32.0,Male,Canada,Standard,Gaming Console,15.0,27,5,0.857,1.888375996642887,0
30.0,Male,USA,Standard,Desktop,15.0,1,4,0.9046666666666667,1.633986928104575,0
49.0,Male,USA,Standard,Desktop,15.0,8,5,0.8901428571428571,1.3934045517882028,0
18.0,Male,USA,Standard,Gaming Console,15.0,13,4,1.0266666666666666,17.17557251908397,0
17.0,Female,Canada,Standard,Tablet,15.0,19,5,1.1202222222222222,2.162421912542047,0
24.0,Male,USA,Standard,Tablet,15.0,29,4,0.86875,2.530933633295838,0
35.03946643148495,Male,Canada,Standard,Laptop,15.0,19,5,0.6292222222222221,1.284429855858427,0
31.0,Female,USA,Standard,Smart TV,15.0,32,4,0.7376089743589744,0.7973068745570517,0
45.0,Female,USA,Standard,Desktop,15.0,23,5,0.8488888888888888,1.7924716191993626,0
35.03946643148495,Male,Canada,Standard,Smart TV,15.0,7,4,0.7829999999999999,1.616669660499371,0
33.0,Female,USA,Standard,Gaming Console,15.0,22,5,0.8485320512820513,0.9164969450101833,0
54.0,Male,Canada,Standard,Laptop,15.0,14,5,0.6520256410256411,0.6599692014372663,0
23.0,Female,Canada,Standard,Tablet,15.0,20,4,0.7233333333333334,1.6781652060413945,1
29.0,Other,USA,Standard,Mobile,15.0,11,4,0.819,4.197761194029852,0
41.0,Female,Canada,Standard,Gaming Console,15.0,23,5,0.7973809523809523,1.0832932113625422,0
35.03946643148495,Female,USA,Standard,Gaming Console,15.0,15,5,0.5245714285714285,1.2633352049410445,0
22.0,Male,USA,Standard,Desktop,15.0,8,5,0.7857333333333333,3.481624758220503,0
53.0,Female,USA,Standard,Desktop,15.0,22,5,0.6818571428571429,1.8549051937345422,0
27.0,Male,USA,Standard,Gaming Console,15.0,6,5,0.49875,3.8363171355498724,0
30.0,Female,USA,Standard,Gaming Console,15.0,24,4,0.5628333333333333,12.244897959183673,0
50.0,Prefer not to say,USA,Standard,Mobile,15.0,11,5,0.751,1.0090817356205852,1
19.0,Male,Canada,Standard,Desktop,15.0,10,5,0.40728571428571436,2.0847810979847115,0
42.0,Female,USA,Standard,Smart TV,15.0,23,3,0.8257142857142857,2.1191429244172353,0
51.0,Male,USA,Standard,Mobile,15.0,16,5,0.6159220779220779,1.3968648145273939,0
58.0,Female,Canada,Standard,Laptop,15.0,21,5,0.9522820512820513,1.0103277952402334,0
35.03946643148495,Female,USA,Standard,Tablet,15.0,33,5,0.6987142857142858,3.306392358559883,0
24.0,Male,USA,Standard,Smart TV,15.0,4,5,0.7888999999999999,1.1255627813906954,0
27.0,Female,USA,Standard,Gaming Console,15.0,11,5,1.096125,2.511160714285714,1
25.0,Male,USA,Standard,Mobile,15.0,29,5,0.6904722222222223,4.225352112676057,0
35.0,Female,USA,Standard,Smart TV,15.0,17,4,0.6638333333333334,0.7342143906020558,0
54.0,Female,Canada,Standard,Smart TV,15.0,14,4,0.8117777777777777,1.4920424403183021,0
23.0,Male,USA,Standard,Smart TV,15.0,25,5,0.8408525641025641,1.5251652262328417,1
35.03946643148495,Female,Canada,Standard,Tablet,15.0,12,5,0.9270363636363637,1.7371163867979156,0
45.0,Male,USA,Standard,Tablet,15.0,22,5,0.6677426470588235,0.9889023184265465,0
30.0,Female,Canada,Standard,Gaming Console,15.0,1,5,0.5658,1.201923076923077,1
35.03946643148495,Male,USA,Standard,Mobile,15.0,9,5,0.6542222222222223,1.9438444924406046,0
25.0,Female,Canada,Standard,Gaming Console,15.0,29,4,0.6178803418803418,1.085907335907336,0
34.0,Female,Canada,Standard,Desktop,15.0,4,5,0.669,2.1231422505307855,0
30.0,Male,USA,Standard,Laptop,15.0,1,5,0.568375,1.905568494600889,0
37.0,Male,USA,Standard,Mobile,15.0,13,5,0.7548181818181817,1.314252336448598,0
31.0,Female,USA,Standard,Desktop,15.0,3,5,0.9463589743589743,2.229378251176616,0
35.03946643148495,Female,USA,Standard,Gaming Console,15.0,26,5,0.6056,1.0251737099897482,0
21.0,Female,Canada,Standard,Smart TV,15.0,7,5,0.9319560439560439,1.204658010975773,1
36.0,Female,Canada,Standard,Tablet,15.0,7,5,0.8500454545454545,1.518474776446769,0
38.0,Male,Canada,Standard,Mobile,15.0,35,5,0.9658954248366013,0.9578544061302682,0
44.0,Female,USA,Standard,Mobile,15.0,26,4,0.6426666666666667,1.1479591836734695,1
54.0,Prefer not to say,USA,Standard,Desktop,15.0,20,4,0.7395454545454545,1.3104251601630752,0
42.0,Male,Canada,Standard,Desktop,15.0,1,5,0.552,2.4684585847504112,0
35.03946643148495,Male,USA,Standard,Laptop,15.0,12,5,0.7775333333333333,0.9339005914703747,0
39.0,Male,USA,Standard,Smart TV,15.0,14,4,0.618375,2.0838156980782587,0
32.0,Male,USA,Standard,Gaming Console,15.0,14,5,0.9153809523809524,1.307379430563626,0
36.0,Female,USA,Standard,Desktop,15.0,11,5,0.9388000000000001,1.3186813186813187,0
18.0,Male,USA,Standard,Laptop,15.0,31,4,0.9481333333333333,3.5643564356435644,0
54.0,Female,USA,Standard,Tablet,15.0,32,4,0.8690769230769231,1.6039921582605596,1
23.0,Female,USA,Standard,Desktop,15.0,25,5,0.6852424242424243,1.145475372279496,0
33.0,Female,USA,Standard,Tablet,15.0,22,5,0.5886666666666667,0.7000622277535781,0
16.0,Prefer not to say,Canada,Standard,Desktop,15.0,1,4,0.6599999999999999,2.90603810138844,0
51.0,Male,USA,Standard,Mobile,15.0,16,4,0.5611090909090909,1.9392372333548804,0
25.0,Male,Canada,Standard,Laptop,15.0,18,5,0.43485714285714283,0.7193669570777715,0
35.03946643148495,Male,Canada,Standard,Smart TV,15.0,35,4,0.5602,2.251688766574931,0
47.0,Male,USA,Standard,Tablet,15.0,35,5,1.1125454545454545,1.462225832656377,0
27.0,Male,Canada,Standard,Desktop,15.0,6,5,0.667,1.288290867449184,0
43.0,Female,Canada,Standard,Tablet,15.0,33,5,0.7033571428571428,1.4674710582096853,0
42.0,Female,Canada,Standard,Desktop,15.0,10,5,0.6653030303030303,1.0974271430313376,0
24.0,Female,USA,Standard,Tablet,15.0,18,5,0.8662857142857142,0.900900900900901,0
54.0,Female,USA,Standard,Desktop,15.0,5,5,0.86175,2.1111893033075297,0
36.0,Other,Canada,Standard,Tablet,15.0,4,5,0.5296666666666667,2.2947475777664454,0
51.0,Male,USA,Standard,Mobile,15.0,36,5,1.0698454545454545,1.6595980084823898,0
55.0,Male,Canada,Standard,Laptop,15.0,9,5,0.6606272727272726,0.7420232500618354,0
-2.0,Male,Canada,Standard,Smart TV,15.0,36,5,0.9863999999999999,2.869897959183673,0
52.0,Female,USA,Standard,Laptop,15.0,7,5,0.5642142857142857,0.6200482259731313,0
21.0,Female,USA,Standard,Gaming Console,15.0,6,5,0.4968285714285714,1.1711125569290826,0
27.0,Other,Canada,Standard,Tablet,15.0,16,5,0.663,3.3370411568409337,1
17.0,Male,Canada,Standard,Gaming Console,15.0,7,4,0.7980714285714285,1.781825381112651,1
35.0,Female,USA,Standard,Smart TV,15.0,36,5,0.8895454545454545,1.7832375668714087,0
34.0,Female,USA,Standard,Smart TV,15.0,1,5,0.9377692307692309,1.2681414682260108,0
46.0,Prefer not to say,USA,Standard,Mobile,15.0,30,5,0.6925,3.1590031590031584,0
35.03946643148495,Prefer not to say,USA,Standard,Laptop,15.0,30,4,1.262,2.4556616643929057,0
43.0,Male,USA,Standard,Mobile,15.0,4,5,0.8426858974358975,1.4055911291582068,0
53.0,Male,Canada,Standard,Tablet,15.0,29,5,0.5673333333333334,1.7113519680547635,0
31.0,Male,USA,Standard,Mobile,15.0,24,5,0.70675,1.6456390565002743,0
24.0,Male,Canada,Standard,Smart TV,15.0,34,5,0.5656111111111111,0.9081735620585268,0
35.0,Male,USA,Standard,Smart TV,15.0,27,5,0.7136373626373625,1.0702818408847665,1
46.0,Male,USA,Standard,Smart TV,15.0,30,5,0.6815000000000001,1.9624945486262537,1
27.0,Male,USA,Standard,Smart TV,15.0,11,5,0.7812142857142857,3.09065934065934,0
35.03946643148495,Male,Canada,Standard,Gaming Console,15.0,3,5,0.7079166666666667,1.0297482837528604,1
47.0,Male,USA,Standard,Desktop,15.0,13,4,0.9545252525252524,1.9173412867490411,0
35.03946643148495,Male,Canada,Standard,Gaming Console,15.0,10,5,0.6322720588235294,1.0591973637754502,0
21.0,Female,USA,Standard,Desktop,15.0,7,5,0.77,0.8719240457275723,0
44.0,Female,Canada,Standard,Gaming Console,15.0,33,5,0.6597142857142857,1.5313935681470139,0
45.0,Male,Canada,Standard,Mobile,15.0,31,5,0.7644666666666666,1.725790987535954,1
41.0,Female,Canada,Standard,Laptop,15.0,9,4,0.6455,5.980066445182724,1
63.0,Female,Canada,Standard,Desktop,15.0,20,5,1.0390000000000001,2.1510516252390057,0
43.0,Male,USA,Standard,Desktop,15.0,32,5,0.6194166666666666,1.3572613482129392,0
43.0,Male,Canada,Standard,Gaming Console,15.0,4,5,0.7231666666666666,1.1453296004072282,0
36.0,Male,USA,Standard,Desktop,15.0,14,5,0.6323000000000001,2.199951112197507,0
23.0,Female,Canada,Standard,Mobile,15.0,10,5,0.7422666666666666,0.4018574745490266,0
40.0,Male,USA,Standard,Laptop,15.0,5,5,0.881,1.009194886745907,1
54.0,Male,Canada,Standard,Desktop,15.0,21,5,1.1462,3.7799244015119697,0
31.0,Male,USA,Standard,Smart TV,15.0,5,5,0.7372727272727273,1.2203389830508475,0
37.0,Male,USA,Standard,Laptop,15.0,28,5,0.9337692307692307,1.134358457272498,0
18.0,Female,Canada,Standard,Mobile,15.0,30,5,0.8711111111111112,1.3479107383555489,0
28.0,Male,USA,Standard,Laptop,15.0,22,5,0.6622499999999999,1.8393623543838138,0
49.0,Female,USA,Standard,Tablet,15.0,22,5,0.8563000000000001,1.9247219846022239,0
32.0,Male,USA,Standard,Desktop,15.0,9,3,0.6473636363636365,0.8814887365328108,0
36.0,Female,Canada,Standard,Smart TV,15.0,22,5,0.8587142857142858,1.0688836104513062,0
32.0,Male,USA,Standard,Gaming Console,15.0,31,5,0.6895555555555556,2.523836231071228,1
35.03946643148495,Female,USA,Standard,Gaming Console,15.0,11,5,0.9885,1.1708078574216207,0
42.0,Female,Canada,Standard,Laptop,15.0,13,5,0.8200000000000001,1.78359096313912,0
49.0,Female,USA,Standard,Gaming Console,15.0,27,5,0.7266025641025642,2.1802325581395348,0
41.0,Male,USA,Standard,Gaming Console,15.0,36,5,1.005965034965035,1.1063306699446835,0
35.03946643148495,Male,USA,Standard,Tablet,15.0,20,4,0.7578571428571428,2.252816020025031,0
38.0,Female,Canada,Standard,Desktop,15.0,5,5,0.7128333333333333,3.026227303295225,0
44.0,Female,Canada,Standard,Tablet,15.0,11,3,0.6575,1.6178321049793274,0
63.0,Female,USA,Standard,Tablet,15.0,32,5,0.4509861111111111,2.3370553103090104,0
54.0,Prefer not to say,USA,Standard,Mobile,15.0,4,5,0.5758749999999999,2.132701421800948,0
43.0,Other,Canada,Standard,Tablet,15.0,18,4,0.7049,1.6806722689075628,0
41.0,Female,USA,Standard,Mobile,15.0,3,5,0.872125,2.015677491601344,0
29.0,Female,Canada,Standard,Smart TV,15.0,4,4,0.6778181818181819,0.8384572386808274,0
46.0,Female,USA,Standard,Desktop,15.0,11,4,0.6245833333333334,2.147458840372226,1
28.0,Male,Canada,Standard,Smart TV,15.0,3,5,0.753625,2.0524515393386547,0
39.0,Female,USA,Standard,Gaming Console,15.0,20,5,0.47465384615384615,0.942704514507175,1
40.0,Female,USA,Standard,Desktop,15.0,30,4,0.593934065934066,1.1673151750972763,0
51.0,Female,USA,Standard,Laptop,15.0,22,5,0.5672857142857142,1.2987012987012987,1
25.0,Female,USA,Premium,Laptop,15.0,24,5,0.7178749999999999,2.3154103421661945,0
44.0,Female,USA,Standard,Desktop,15.0,24,5,0.6674545454545455,1.0917030567685588,0
43.0,Male,USA,Standard,Smart TV,15.0,29,5,1.2835999999999999,3.0664395229982966,0
35.03946643148495,Prefer not to say,USA,Standard,Mobile,15.0,1,5,0.8164242424242425,1.5360983102918588,0
40.0,Male,USA,Standard,Smart TV,15.0,33,5,0.9765833333333334,2.367797947908445,0
27.0,Female,Canada,Standard,Tablet,15.0,32,5,0.47488888888888886,2.1495103893002145,0
28.0,Female,USA,Standard,Gaming Console,15.0,19,4,0.8955238095238096,2.1775949673360753,0
29.0,Male,USA,Standard,Tablet,15.0,6,4,0.519,1.2568077084206115,0
46.0,Male,USA,Standard,Laptop,15.0,21,5,0.605125,2.742230347349177,0
36.0,Female,Canada,Standard,Desktop,15.0,22,5,0.5342941176470588,1.3568521031207597,1
40.0,Female,USA,Standard,Tablet,15.0,27,4,0.5077142857142857,1.7120030435609663,0
35.03946643148495,Female,USA,Standard,Mobile,15.0,3,5,0.7418888888888888,2.488938053097345,0
17.0,Male,USA,Standard,Smart TV,15.0,36,4,0.5315555555555556,1.523100355390083,1
38.0,Female,USA,Standard,Gaming Console,15.0,1,5,0.8690923076923077,0.9618467457518436,0
9.0,Female,USA,Standard,Smart TV,15.0,1,4,0.4064444444444445,2.485501242750621,0
30.0,Female,Canada,Standard,Gaming Console,15.0,8,4,0.499,2.06280082512033,0
34.0,Male,USA,Standard,Gaming Console,15.0,4,4,1.3426,1.2776831345826234,0
43.0,Female,Canada,Standard,Mobile,15.0,21,5,0.8092333333333332,1.2855306384802172,0
30.0,Female,USA,Standard,Smart TV,15.0,35,5,0.4576,2.2321428571428568,0
47.0,Male,USA,Standard,Smart TV,15.0,27,4,0.6419142857142858,2.787240631774543,0
35.03946643148495,Female,Canada,Standard,Desktop,15.0,19,5,0.832,3.4829721362229096,0
30.0,Female,Canada,Standard,Smart TV,15.0,4,5,0.6239166666666667,1.3854679802955665,1
41.0,Female,Canada,Standard,Smart TV,15.0,36,5,0.5026,23.87267904509284,0
27.0,Female,USA,Standard,Tablet,15.0,32,5,0.7248999999999999,2.43374797187669,0
35.03946643148495,Male,USA,Standard,Tablet,15.0,18,5,0.7678333333333334,1.1264080100125156,0
39.0,Male,USA,Standard,Mobile,15.0,3,5,0.7496666666666667,2.259036144578313,1
35.0,Female,USA,Standard,Desktop,15.0,3,5,0.7521089743589744,1.160242361737785,0
29.0,Female,USA,Standard,Desktop,15.0,12,5,0.907,3.9700044111160118,0
28.0,Female,Canada,Standard,Gaming Console,15.0,32,5,0.5720769230769231,1.6319129646418857,0
35.03946643148495,Female,USA,Standard,Gaming Console,15.0,33,5,0.36053333333333326,0.9222256378727328,1
49.0,Male,USA,Standard,Laptop,15.0,16,5,0.8578363636363637,0.7675906183368869,0
35.03946643148495,Male,USA,Standard,Mobile,15.0,25,4,0.5564,6.598240469208211,0
32.0,Female,Canada,Standard,Smart TV,15.0,8,5,0.7382222222222222,2.565564424173318,0
26.0,Female,USA,Standard,Laptop,15.0,3,5,0.5953333333333333,2.5160749231199326,0
49.0,Female,USA,Standard,Mobile,15.0,25,5,0.658125,2.199951112197507,0
33.0,Prefer not to say,Canada,Standard,Desktop,15.0,21,4,0.544875,1.5649452269170578,0
52.0,Male,USA,Standard,Gaming Console,15.0,2,5,0.6256904761904762,3.821656050955414,0
40.0,Female,Canada,Standard,Mobile,15.0,17,5,1.018375,2.855329949238578,1
52.0,Male,Canada,Standard,Mobile,15.0,3,5,0.6176428571428572,1.0420284821118444,0
29.0,Female,Canada,Standard,Smart TV,15.0,13,4,0.5300128205128205,1.719526175009553,1
29.0,Male,USA,Standard,Laptop,15.0,5,4,1.164095238095238,3.452243958573072,1
39.0,Female,USA,Standard,Gaming Console,15.0,26,5,0.7593333333333334,0.7587253414264038,1
15.0,Female,USA,Standard,Gaming Console,15.0,18,5,0.7844285714285715,3.5756853396901076,0
35.03946643148495,Female,Canada,Basic,Tablet,15.0,34,5,0.9265714285714286,2.9306414848583517,0
34.0,Prefer not to say,USA,Standard,Tablet,15.0,29,4,0.9777499999999999,6.3113604488078545,0
35.03946643148495,Male,USA,Premium+,Gaming Console,15.0,30,4,1.0502545454545453,1.5861825872400424,0
8.0,Female,USA,Standard,Mobile,15.0,12,5,0.5276666666666667,1.9505851755526658,0
28.0,Prefer not to say,USA,Standard,Smart TV,15.0,11,5,1.068090909090909,1.4272121788772598,1
35.03946643148495,Male,USA,Standard,Mobile,15.0,10,5,0.7596176470588236,1.1388080475768694,0
48.0,Male,Canada,Standard,Gaming Console,15.0,11,4,0.8270000000000001,4.668049792531121,0
25.0,Male,USA,Standard,Laptop,15.0,31,5,0.43844444444444447,2.6517383618149672,0
33.0,Female,USA,Standard,Smart TV,15.0,9,5,0.8235714285714285,0.9622580990056665,0
52.0,Male,Canada,Standard,Smart TV,15.0,14,4,0.43024999999999997,4.779607010090282,0
29.0,Female,USA,Standard,Tablet,15.0,26,5,0.8170000000000001,1.1182902584493042,0
28.0,Male,Canada,Standard,Smart TV,15.0,15,5,0.5219999999999999,1.6920473773265647,1
32.0,Female,Canada,Standard,Tablet,15.0,23,5,0.7882,1.4792899408284026,0
38.0,Male,USA,Standard,Gaming Console,15.0,32,5,0.7099,1.2938470385278895,0
43.0,Other,USA,Standard,Mobile,15.0,20,4,0.8681142857142856,2.990033222591362,0
18.0,Prefer not to say,Canada,Standard,Desktop,15.0,13,5,0.8109999999999998,4.124656278643447,0
36.0,Female,USA,Standard,Tablet,15.0,2,5,0.5218888888888888,1.8679950186799503,1
29.0,Female,USA,Standard,Desktop,15.0,11,4,0.7816000000000001,9.793253536452667,0
35.03946643148495,Male,USA,Standard,Desktop,15.0,10,5,0.846375,1.1971268954509178,0
48.0,Female,USA,Standard,Smart TV,15.0,12,5,0.5934090909090909,1.600569091232438,1
54.0,Male,USA,Standard,Smart TV,15.0,16,5,0.6285714285714286,1.37320720170888,0
35.03946643148495,Male,USA,Standard,Smart TV,15.0,8,4,0.754,1.635471560966745,1
62.0,Female,USA,Standard,Tablet,15.0,13,5,0.7789333333333333,1.1194029850746268,0
40.0,Female,USA,Standard,Smart TV,15.0,4,5,0.27525,2.691387559808612,0
43.0,Female,USA,Standard,Gaming Console,15.0,24,5,0.39644444444444443,2.0062416406598302,0
25.0,Female,Canada,Standard,Desktop,15.0,17,5,0.8012727272727272,1.5906680805938491,0
27.0,Male,USA,Standard,Gaming Console,15.0,31,5,0.7417692307692307,1.4917951268025855,0
27.0,Female,USA,Standard,Laptop,15.0,5,5,1.0379999999999998,1.5321756894790604,0
32.0,Male,USA,Standard,Desktop,15.0,31,4,0.703857142857143,1.216873985938345,0
29.0,Male,USA,Standard,Tablet,15.0,34,5,0.596857142857143,2.8142589118198873,0
23.0,Male,USA,Standard,Desktop,15.0,27,5,0.40925000000000006,1.5363605326049845,0
7.0,Male,USA,Standard,Smart TV,15.0,5,4,0.6195151515151516,1.7401392111368907,0
38.0,Male,Canada,Standard,Mobile,15.0,30,5,0.9104444444444444,1.8804847471792727,0
35.03946643148495,Other,USA,Standard,Smart TV,15.0,20,4,0.7659999999999999,2.4657534246575343,0
29.0,Male,USA,Standard,Laptop,15.0,17,5,0.5121904761904761,2.43374797187669,0
26.0,Female,USA,Standard,Gaming Console,15.0,26,4,0.7362857142857142,1.3790989886607417,0
38.0,Female,USA,Standard,Tablet,15.0,12,5,0.873,3.816793893129771,1
13.0,Female,USA,Standard,Gaming Console,15.0,34,5,0.5717142857142858,2.8248587570621466,0
-4.0,Male,Canada,Standard,Desktop,15.0,36,5,0.5545181818181818,1.70261066969353,0
30.0,Prefer not to say,Canada,Standard,Desktop,15.0,25,5,1.0343333333333333,1.7234775947912675,0
23.0,Female,USA,Standard,Mobile,15.0,28,5,0.922060606060606,0.9960159362549801,1
40.0,Male,USA,Standard,Mobile,15.0,3,5,0.7609272727272727,2.206423142927188,0
35.03946643148495,Female,Canada,Standard,Smart TV,15.0,30,5,0.8799166666666667,1.8359853121175032,0
44.0,Female,USA,Standard,Desktop,15.0,20,5,0.7905,2.416756176154672,0
29.0,Male,Canada,Standard,Tablet,15.0,7,5,0.8726333333333331,1.7126546146527117,1
45.0,Female,Canada,Standard,Mobile,15.0,30,4,0.5424285714285715,2.1536252692031583,0
41.0,Female,USA,Standard,Gaming Console,15.0,28,4,0.843111111111111,1.990269792127377,0
37.0,Other,Canada,Standard,Tablet,15.0,25,5,0.7211428571428571,1.8255578093306288,0
43.0,Female,Canada,Standard,Desktop,15.0,19,5,0.7726272727272727,1.9819423034573882,0
39.0,Male,USA,Standard,Mobile,15.0,25,5,0.8205714285714285,2.4993057484032213,0
38.0,Female,USA,Standard,Mobile,15.0,6,5,0.7002857142857142,1.3940520446096654,0
24.0,Male,USA,Standard,Laptop,15.0,7,5,0.6624444444444444,2.200488997555012,1
32.0,Prefer not to say,Canada,Standard,Laptop,15.0,33,4,0.9106666666666667,2.140309155766944,1
40.0,Male,USA,Standard,Desktop,15.0,31,5,0.9157142857142857,2.119642016015073,0
29.0,Female,Canada,Standard,Gaming Console,15.0,35,5,0.7456470588235294,0.8895917762182465,0
10.0,Female,USA,Standard,Smart TV,15.0,26,5,0.8661428571428571,1.0060362173038229,0
28.0,Male,Canada,Standard,Gaming Console,15.0,18,5,0.4942727272727273,1.606569082470546,0
41.0,Female,USA,Standard,Smart TV,15.0,35,4,0.8549,1.9011406844106462,0
35.03946643148495,Male,USA,Standard,Laptop,15.0,15,5,0.8945555555555555,4.1551246537396125,0
41.0,Male,USA,Standard,Desktop,15.0,36,5,0.6076969696969696,0.75,1
18.0,Male,Canada,Standard,Mobile,15.0,21,5,1.0809,1.7387944358578051,0
64.0,Male,USA,Standard,Desktop,15.0,31,5,0.7172499999999999,1.6559337626494939,0
46.0,Male,USA,Standard,Gaming Console,15.0,31,5,0.6321648351648351,1.1806375442739077,0
32.0,Male,Canada,Standard,Smart TV,15.0,25,5,0.6904285714285714,0.9235505387378145,1
40.0,Male,USA,Standard,Gaming Console,15.0,6,4,0.9374444444444443,3.4615384615384617,1
35.03946643148495,Male,USA,Standard,Tablet,15.0,32,5,0.6773333333333333,1.1335012594458438,0
40.0,Female,Canada,Standard,Tablet,15.0,17,5,0.8418235294117646,1.2576858580212409,0
17.0,Female,USA,Standard,Laptop,15.0,23,5,0.8525897435897436,1.1775480832133978,0
49.0,Male,Canada,Standard,Desktop,15.0,29,5,0.8353571428571429,1.4360938247965533,0
12.0,Prefer not to say,USA,Standard,Laptop,15.0,36,5,1.0995294117647059,0.46234460084249457,0
29.0,Female,Canada,Standard,Mobile,15.0,4,5,0.7547181818181818,1.575078753937697,0
50.0,Male,USA,Standard,Tablet,15.0,35,5,0.6391666666666667,1.0348395998620212,1
35.03946643148495,Female,USA,Standard,Tablet,15.0,32,5,0.8887936507936508,2.5751072961373387,0
41.0,Female,Canada,Standard,Gaming Console,15.0,17,5,0.7672384615384615,0.9721322099805573,0
25.0,Male,USA,Standard,Tablet,15.0,23,5,0.5116263736263736,1.0099876557064302,1
50.0,Female,Canada,Standard,Desktop,15.0,29,5,0.5937999999999999,2.023381294964029,0
35.03946643148495,Prefer not to say,Canada,Standard,Laptop,15.0,11,5,0.893125,4.893964110929853,0
32.0,Female,Canada,Standard,Laptop,15.0,6,4,0.5780833333333333,1.6595980084823898,0
13.0,Male,USA,Standard,Tablet,15.0,12,5,0.8200039215686274,0.6155108740254411,0
42.0,Female,Canada,Standard,Laptop,15.0,2,5,0.6382222222222222,2.1454112038140645,0
41.0,Male,USA,Standard,Laptop,15.0,14,5,0.9670000000000001,2.9022895840051595,0
53.0,Male,USA,Standard,Laptop,15.0,29,5,0.239,4.964147821290679,0
36.0,Male,USA,Standard,Laptop,15.0,36,5,0.8380606060606061,2.485501242750621,0
22.0,Male,Canada,Standard,Smart TV,15.0,5,5,0.7527738095238097,1.174321503131524,1
32.0,Male,Canada,Standard,Mobile,15.0,26,5,0.8342923076923078,1.1234552490325802,1
35.03946643148495,Male,USA,Standard,Gaming Console,15.0,25,4,0.9784999999999999,2.942137953579601,0
37.0,Female,USA,Standard,Gaming Console,15.0,21,5,0.41119999999999995,4.988913525498892,0
35.03946643148495,Female,Canada,Standard,Gaming Console,15.0,18,5,0.5542499999999999,2.3148148148148144,0
38.0,Male,Canada,Standard,Gaming Console,15.0,1,5,0.8195108359133128,0.8545385491834409,0
28.0,Male,USA,Standard,Smart TV,15.0,1,5,0.8520000000000001,1.206110962208523,0
24.0,Female,Canada,Standard,Smart TV,15.0,27,4,0.8206363636363636,1.9346517626827169,0
35.0,Male,USA,Standard,Desktop,15.0,15,5,0.6591818181818181,1.1438739196746313,0
43.0,Male,USA,Standard,Desktop,15.0,34,5,0.8708888888888888,1.7301038062283738,1
41.0,Female,USA,Standard,Desktop,15.0,14,5,0.95625,1.0384215991692627,0
24.0,Female,Canada,Standard,Desktop,15.0,9,5,1.0201333333333333,4.6875,0
37.0,Female,USA,Standard,Mobile,15.0,15,5,1.1989666666666667,1.3979496738117427,0
23.0,Female,Canada,Standard,Tablet,15.0,27,5,0.7061249999999999,2.9791459781529293,0
37.0,Female,USA,Standard,Laptop,15.0,29,4,0.7892666666666667,1.3208100968594072,0
29.0,Female,Canada,Standard,Smart TV,15.0,11,4,0.5763968253968254,3.4562211981566815,0
46.0,Male,USA,Standard,Desktop,15.0,25,5,0.6884444444444444,1.6750418760469008,0
54.0,Female,Canada,Standard,Laptop,15.0,17,5,0.7396153846153846,1.4873574615765988,0
49.0,Male,USA,Standard,Laptop,15.0,31,5,0.6410714285714286,1.0341261633919339,0
39.0,Female,USA,Standard,Smart TV,15.0,26,5,0.9266666666666667,1.1336440357727673,0
19.0,Male,Canada,Standard,Gaming Console,15.0,35,5,0.7915192307692307,0.4369992716678805,0
48.0,Female,USA,Standard,Desktop,15.0,11,4,0.477659090909091,0.9679500967950097,0
43.0,Female,USA,Standard,Smart TV,15.0,20,5,0.7753076923076923,1.4586709886547813,1
44.0,Female,USA,Standard,Smart TV,15.0,4,5,0.7361249999999999,3.8412291933418694,0
38.0,Female,USA,Standard,Tablet,15.0,7,5,0.5478809523809525,0.9312913907284769,0
41.0,Prefer not to say,USA,Standard,Smart TV,15.0,35,4,0.9483863636363636,2.405773857257418,0
41.0,Female,USA,Standard,Smart TV,15.0,19,4,0.91925,1.2573344509639564,0
37.0,Female,Canada,Standard,Desktop,15.0,14,5,0.7276923076923077,1.0046885465505693,1
35.03946643148495,Female,USA,Standard,Desktop,15.0,2,2,0.855,12.729844413012732,0
28.0,Female,USA,Standard,Gaming Console,15.0,15,5,0.7717647058823529,1.0483401281304598,1
50.0,Female,USA,Standard,Mobile,15.0,2,4,0.4540666666666666,1.6465422612513718,0
28.0,Female,USA,Standard,Mobile,15.0,36,5,0.5999696969696969,0.992063492063492,0
39.0,Other,Canada,Standard,Gaming Console,15.0,6,5,0.9797777777777779,1.553062985332183,0
37.0,Male,Canada,Standard,Mobile,15.0,9,5,0.6249523809523809,1.6375545851528384,0
31.0,Male,USA,Standard,Gaming Console,15.0,7,5,0.646547619047619,2.5316455696202533,0
36.0,Male,USA,Standard,Desktop,15.0,20,5,0.8977777777777778,1.963350785340314,0
35.03946643148495,Female,USA,Standard,Mobile,15.0,32,5,0.7892666666666666,1.3062409288824384,0
19.0,Female,Canada,Standard,Gaming Console,15.0,12,5,0.8047857142857144,1.3479107383555489,0
26.0,Female,Canada,Standard,Laptop,15.0,26,5,0.8537062937062937,1.1029411764705883,1
16.0,Male,USA,Standard,Gaming Console,15.0,27,5,0.6060000000000001,1.4258555133079847,0
23.0,Female,Canada,Standard,Laptop,15.0,9,5,1.0541111111111112,2.0035618878005343,0
40.0,Male,USA,Standard,Desktop,15.0,21,5,0.6400833333333333,2.3554043444124573,0
41.0,Male,USA,Standard,Mobile,15.0,2,5,0.7585555555555555,0.7714065312419647,0
49.0,Prefer not to say,Canada,Standard,Tablet,15.0,36,4,0.3281666666666667,1.8450184501845017,0
31.0,Prefer not to say,USA,Standard,Gaming Console,15.0,5,5,0.8346666666666667,3.676470588235294,0
30.0,Female,Canada,Standard,Desktop,15.0,31,5,0.8273333333333333,9.708737864077671,0
43.0,Male,USA,Standard,Tablet,15.0,22,4,0.8846666666666667,2.8107432854465952,0
35.03946643148495,Male,USA,Standard,Tablet,15.0,16,4,0.9387999999999999,4.966887417218543,0
26.0,Female,Canada,Standard,Smart TV,15.0,19,5,0.6818333333333333,2.7906976744186043,0
44.0,Female,USA,Standard,Laptop,15.0,14,5,0.6775555555555557,1.1757021554539515,0
27.0,Female,USA,Standard,Desktop,15.0,4,5,0.6005555555555555,1.8259281801582472,0
32.0,Other,USA,Standard,Gaming Console,15.0,1,4,0.5920666666666666,1.7387944358578051,0
47.0,Female,USA,Standard,Desktop,15.0,19,5,0.6615,0.8944543828264758,1
34.0,Male,USA,Standard,Gaming Console,15.0,2,5,0.6156928104575163,0.6259127894846652,1
23.0,Male,USA,Standard,Laptop,15.0,10,5,1.025777777777778,2.5069637883008355,1
40.0,Male,USA,Standard,Laptop,15.0,31,5,1.0194343434343434,0.4562506336814357,0
27.0,Male,Canada,Standard,Smart TV,15.0,21,5,0.8290909090909091,1.4303877940241574,1
33.0,Female,USA,Standard,Desktop,15.0,1,5,0.7678666666666667,2.8355387523629485,0
51.0,Male,USA,Standard,Laptop,15.0,22,5,0.6772857142857143,1.2011210463098891,0
41.0,Male,Canada,Standard,Desktop,15.0,14,5,0.729518181818182,1.586462189317821,1
51.0,Male,USA,Standard,Desktop,15.0,18,5,0.897,2.6809651474530827,0
17.0,Male,USA,Standard,Smart TV,15.0,8,5,0.8181428571428571,4.245283018867925,0
46.0,Male,USA,Standard,Mobile,15.0,9,4,0.8841,1.8999366687777073,0
14.0,Female,Canada,Standard,Mobile,15.0,3,5,0.43199999999999994,1.8079550020088389,0
56.0,Female,USA,Standard,Tablet,15.0,2,5,0.748547619047619,1.9051651143099069,0
38.0,Male,USA,Standard,Laptop,15.0,28,5,0.7826190476190477,0.7755946225439505,0
27.0,Female,Canada,Standard,Mobile,15.0,33,4,0.6366923076923077,1.067995728017088,0
42.0,Male,USA,Standard,Laptop,15.0,18,4,0.7037142857142857,1.6495601173020527,1
43.0,Male,USA,Standard,Tablet,15.0,36,5,0.5604285714285715,1.5118427683520912,0
35.03946643148495,Male,USA,Standard,Laptop,15.0,31,4,0.5953272727272727,1.757469244288225,0
50.0,Other,Canada,Standard,Mobile,15.0,4,4,0.4965,1.187178472497032,0
32.0,Female,Canada,Standard,Gaming Console,15.0,19,5,0.8533888888888889,0.6568384177492338,0
33.0,Other,Canada,Standard,Gaming Console,15.0,27,5,0.8473333333333333,4.275534441805226,0
38.0,Female,Canada,Standard,Mobile,15.0,6,5,0.5615,1.2340600575894691,0
36.0,Male,USA,Standard,Gaming Console,15.0,3,5,0.6134090909090909,1.3988187752564503,0
40.0,Female,USA,Standard,Smart TV,15.0,2,4,0.8475714285714286,2.556818181818182,0
48.0,Male,Canada,Standard,Desktop,15.0,17,5,0.49566666666666664,0.7342742922411684,1
45.0,Male,USA,Standard,Smart TV,15.0,30,5,0.7496666666666667,1.976284584980237,0
46.0,Male,Canada,Standard,Desktop,15.0,6,5,0.9346666666666668,1.848808545603944,0
42.0,Female,USA,Standard,Mobile,15.0,35,5,0.5446666666666666,1.1045655375552281,0
31.0,Other,USA,Standard,Smart TV,15.0,4,5,0.7017142857142857,0.9510725985416887,0
31.0,Female,USA,Standard,Smart TV,15.0,4,5,0.9677777777777776,3.205128205128205,0
35.03946643148495,Male,USA,Standard,Laptop,15.0,18,5,0.6611111111111111,0.6352343308865048,0
59.0,Female,USA,Standard,Smart TV,15.0,22,4,0.7012857142857143,2.059496567505721,1
27.0,Female,Canada,Standard,Gaming Console,15.0,21,5,0.917,3.080082135523613,0
29.0,Male,Canada,Standard,Tablet,15.0,26,4,0.5852222222222222,2.3118417672745952,0
48.0,Female,USA,Standard,Desktop,15.0,3,5,0.8259047619047619,3.8893690579083837,1
37.0,Male,USA,Standard,Mobile,15.0,26,5,0.8995714285714285,0.6661238990452225,0
14.0,Female,USA,Standard,Desktop,15.0,25,5,0.7114615384615384,1.641137855579869,0
35.03946643148495,Female,USA,Standard,Laptop,15.0,24,5,0.69,0.7985803016858917,0
38.0,Female,USA,Standard,Laptop,15.0,23,5,0.7346666666666668,1.1893749174045194,1
19.0,Male,USA,Standard,Mobile,15.0,6,5,0.7103125,1.0433572919081846,0
61.0,Male,USA,Standard,Tablet,15.0,32,5,0.3612222222222223,2.565564424173318,0
32.0,Male,USA,Standard,Desktop,15.0,9,3,0.6473636363636365,0.8814887365328108,0
27.0,Female,Canada,Standard,Mobile,15.0,33,4,0.6366923076923077,1.067995728017088,0
54.0,Female,USA,Standard,Tablet,15.0,32,4,0.8690769230769231,1.6039921582605596,1
46.0,Male,USA,Standard,Laptop,15.0,21,5,0.605125,2.742230347349177,0
44.0,Female,USA,Standard,Desktop,15.0,24,5,0.6674545454545455,1.0917030567685588,0
48.0,Female,USA,Standard,Desktop,15.0,3,5,0.8259047619047619,3.8893690579083837,1
53.0,Male,Canada,Standard,Tablet,15.0,29,5,0.5673333333333334,1.7113519680547635,0
27.0,Male,USA,Standard,Gaming Console,15.0,31,5,0.7417692307692307,1.4917951268025855,0
63.0,Female,USA,Standard,Tablet,15.0,32,5,0.4509861111111111,2.3370553103090104,0
38.0,Male,USA,Standard,Gaming Console,15.0,32,5,0.7099,1.2938470385278895,0
35.03946643148495,Female,USA,Premium,Tablet,15.01,2,5,0.7546153846153847,1.3785397214143578,0
37.0,Male,USA,Standard,Gaming Console,15.01,36,5,0.5827142857142856,1.5993606819392647,0
30.0,Female,Canada,Premium,Tablet,15.02,25,4,0.631375,1.9578535737562457,0
56.0,Female,Canada,Standard,Desktop,15.02,11,5,0.6451818181818182,1.2397853900123812,0
35.03946643148495,Male,Canada,Standard,Laptop,15.03,19,5,0.8448333333333333,4.027690933452433,0
59.0,Male,USA,Premium,Laptop,15.03,19,4,1.0268194444444445,1.2806021016756601,0
27.0,Female,Canada,Standard,Laptop,15.03,17,5,0.4366,5.859649122807017,0
45.0,Male,Canada,Premium,Desktop,15.04,6,5,0.7485714285714286,3.03327731092437,0
47.0,Male,USA,Standard,Gaming Console,15.04,34,4,0.6595714285714286,2.0687757909215954,0
36.0,Prefer not to say,USA,Premium,Mobile,15.04,17,5,0.695388888888889,1.3146853146853146,0
26.0,Female,USA,Premium,Smart TV,15.05,14,5,1.0783076923076922,1.2736248236953456,0
38.0,Male,USA,Premium,Tablet,15.05,17,5,0.8281000000000001,1.8297872340425534,1
53.0,Male,USA,Premium+,Desktop,15.05,3,5,0.6918941176470588,1.092426808613598,0
35.03946643148495,Female,USA,Premium+,Desktop,15.06,11,5,0.616,1.0240253853127834,1
14.0,Female,USA,Standard,Gaming Console,15.06,15,5,0.7816666666666667,1.4871626069782753,0
30.0,Female,USA,Standard,Laptop,15.06,3,5,0.8428125,1.1475742951485903,0
49.0,Female,USA,Premium,Smart TV,15.06,9,5,0.8437083333333333,0.8560871624822362,0
34.0,Female,USA,Standard,Smart TV,15.06,19,4,0.7953194444444445,1.2846175717941428,0
49.0,Female,USA,Premium,Smart TV,15.06,9,5,0.8437083333333333,0.8560871624822362,0
54.0,Male,USA,Standard,Mobile,15.07,21,4,0.8650320512820513,1.4273086029992108,0
35.03946643148495,Male,USA,Basic,Gaming Console,15.07,22,5,0.8216842105263158,0.9884127678181023,1
42.0,Female,USA,Premium,Tablet,15.07,23,5,0.6597777777777778,1.5969622041681384,0
54.0,Male,USA,Standard,Mobile,15.07,21,4,0.8650320512820513,1.4273086029992108,0
18.0,Female,USA,Basic,Mobile,15.08,35,5,0.7027272727272728,1.502740408570005,0
35.03946643148495,Female,Canada,Basic,Smart TV,15.08,12,5,0.6552727272727272,1.5763066202090592,0
26.0,Male,USA,Basic,Smart TV,15.08,34,4,0.505,1.9920739762219284,0
27.0,Male,USA,Basic,Gaming Console,15.08,2,4,0.7543076923076923,1.502740408570005,1
39.0,Female,USA,Premium,Mobile,15.08,29,5,0.7599230769230769,1.0842420611144399,0
48.0,Male,USA,Standard,Mobile,15.09,3,5,0.9736666666666667,4.187789084181314,0
28.0,Male,USA,Standard,Tablet,15.09,10,5,0.8922727272727273,1.4244808055380742,0
30.0,Female,USA,Premium,Laptop,15.09,35,5,1.0034375,1.0409289491837204,0
39.0,Female,USA,Premium,Gaming Console,15.1,31,5,0.7892857142857143,2.1659096342338033,0
38.0,Male,USA,Basic,Gaming Console,15.1,25,4,0.31585714285714284,2.5607687959299037,0
36.0,Female,Canada,Basic,Gaming Console,15.1,27,5,0.8116666666666666,2.336255801959773,0
30.0,Female,Canada,Basic,Gaming Console,15.1,17,5,0.5535666666666667,1.3750189710122933,0
16.0,Female,USA,Premium,Laptop,15.1,2,5,0.8443650793650793,2.4114985360660097,0
37.0,Female,Canada,Basic,Laptop,15.11,22,5,0.7854375,0.7666807610993659,0
52.0,Male,USA,Standard,Gaming Console,15.11,23,5,0.8598571428571429,1.4358568261007285,0
17.0,Female,Canada,Basic,Mobile,15.11,29,5,0.6154358974358973,1.2294548413344182,1
35.03946643148495,Male,USA,Basic,Smart TV,15.12,18,5,0.9637777777777778,1.5324324324324323,0
35.03946643148495,Female,USA,Premium,Gaming Console,15.12,34,4,0.5618888888888889,1.5112443778110942,0
56.0,Male,Canada,Premium,Tablet,15.13,15,5,0.6224285714285713,1.8640657084188912,0
35.03946643148495,Male,Canada,Premium,Tablet,15.13,19,5,0.7132237762237763,1.3262235208181155,0
47.0,Female,Canada,Basic,Gaming Console,15.13,7,5,0.7960888888888888,0.7993308091925686,0
33.0,Female,Canada,Standard,Laptop,15.13,24,5,0.7349775910364145,0.9162293096487686,0
51.0,Female,USA,Premium,Tablet,15.14,16,5,0.8202013888888888,1.0816861157418431,1
45.0,Female,Canada,Premium,Mobile,15.15,11,4,1.1663333333333332,6.5774240231548475,0
15.0,Male,USA,Standard,Desktop,15.15,18,5,0.618125,1.7443868739205526,0
35.03946643148495,Female,Canada,Standard,Tablet,15.16,10,5,1.0318181818181817,0.8752044645434428,1
24.0,Female,USA,Premium,Desktop,15.16,30,5,0.5163529411764706,1.2092528582823716,0
34.0,Female,USA,Basic,Mobile,15.16,33,5,0.6348571428571428,2.1322081575246132,0
26.0,Female,Canada,Standard,Desktop,15.16,8,5,0.9892307692307692,1.6164919139861382,0
36.0,Female,USA,Basic,Gaming Console,15.17,17,5,0.8476923076923076,1.2949210413999146,1
21.0,Female,Canada,Standard,Mobile,15.17,14,5,0.7637499999999999,2.1900866217516843,0
35.03946643148495,Male,USA,Premium,Smart TV,15.17,22,5,0.8138888888888889,2.7548426150121066,0
28.0,Male,USA,Standard,Gaming Console,15.17,13,5,0.6694545454545454,1.1095940509569668,0
29.0,Female,USA,Premium,Tablet,15.18,3,5,0.916080808080808,1.2772402187631469,1
37.0,Male,Canada,Basic,Smart TV,15.18,13,5,0.7444999999999999,1.841488071168621,0
42.0,Female,USA,Premium,Mobile,15.18,15,5,0.7655000000000001,1.6556989638247592,0
35.03946643148495,Male,USA,Premium,Mobile,15.18,5,5,0.7142999999999999,0.8598942598187314,1
23.0,Female,Canada,Premium,Smart TV,15.18,17,5,0.7469722222222223,2.6804002354326073,0
22.0,Male,USA,Basic,Tablet,15.18,31,5,0.6859333333333333,1.0254447196577345,0
30.0,Female,Canada,Basic,Smart TV,15.19,33,5,0.9547142857142857,3.9048843187660665,0
35.03946643148495,Female,USA,Standard,Tablet,15.2,18,5,0.8364444444444443,1.6028119507908611,0
44.0,Female,Canada,Basic,Mobile,15.2,15,5,0.6888947368421052,1.0571461690042887,0
56.0,Female,Canada,Standard,Gaming Console,15.21,1,5,0.8091111111111111,2.0526315789473686,0
63.0,Male,Canada,Basic,Tablet,15.21,28,5,1.0535,2.305709954522486,0
39.0,Female,Canada,Basic,Gaming Console,15.21,0,5,0.6143939393939394,0.7349601352983814,0
22.0,Male,USA,Premium,Laptop,15.22,27,4,0.647625,1.751438434982739,0
53.0,Male,USA,Premium,Desktop,15.22,13,5,0.8073333333333332,2.5680539932508437,0
35.0,Male,USA,Standard,Tablet,15.22,15,4,0.7822222222222223,2.018121546961326,0
-5.0,Male,Canada,Premium,Smart TV,15.22,20,5,0.8312857142857142,3.2908108108108105,0
35.03946643148495,Female,Canada,Standard,Gaming Console,15.22,1,5,0.8096000000000001,2.215966998301383,1
32.0,Male,USA,Premium,Desktop,15.22,23,5,0.6436428571428572,1.5373737373737373,1
35.0,Male,USA,Standard,Tablet,15.22,15,4,0.7822222222222223,2.018121546961326,0
28.0,Female,USA,Premium,Smart TV,15.23,27,5,0.6589340659340659,1.2350317610487904,0
23.0,Male,Canada,Premium,Gaming Console,15.23,16,4,0.8777912087912088,1.0616939700243988,0
28.0,Male,USA,Premium+,Smart TV,15.23,5,5,0.6446666666666665,1.9017689906347557,0
18.0,Female,Canada,Basic,Gaming Console,15.23,24,5,0.9928739495798319,0.9751360580514352,0
39.0,Female,Canada,Premium,Mobile,15.23,23,5,0.6577333333333334,0.9036787974683543,0
19.0,Female,USA,Premium,Gaming Console,15.24,34,5,0.5586,2.114708603145236,0
45.0,Female,USA,Premium,Smart TV,15.24,25,4,0.6761428571428572,1.5014778325123153,0
26.0,Female,USA,Premium,Laptop,15.24,2,5,0.7068,0.7577063307921776,0
47.0,Female,USA,Premium,Smart TV,15.24,4,4,0.806375,1.5977634107985321,0
58.0,Male,Canada,Premium,Desktop,15.25,8,5,0.6126666666666667,1.119539948611281,0
53.0,Female,Canada,Premium,Laptop,15.26,6,5,0.5609487179487179,1.5136386179533807,0
32.0,Female,Canada,Premium+,Smart TV,15.26,19,5,0.6292307692307693,1.7567152724481963,0
42.0,Female,Canada,Premium+,Laptop,15.26,1,5,0.6725192307692308,1.7886305919124825,0
43.0,Female,Canada,Standard,Desktop,15.26,18,5,0.7482272727272727,1.1380981976382847,0
54.0,Male,Canada,Premium+,Smart TV,15.27,13,5,0.6068787878787879,1.3073630136986298,0
32.0,Male,USA,Premium,Tablet,15.27,24,5,0.6578954248366014,0.7318475916606758,1
35.03946643148495,Male,USA,Premium,Laptop,15.27,17,5,0.7665320512820513,1.344782034346103,0
48.0,Male,USA,Premium,Laptop,15.27,14,5,0.6919010989010989,1.6161580525665904,1
38.0,Female,USA,Premium,Gaming Console,15.27,36,5,0.3886,15.661538461538461,0
10.0,Female,Canada,Standard,Mobile,15.27,32,5,1.1187545454545456,1.6023084994753412,0
12.0,Male,USA,Premium,Desktop,15.28,5,5,0.712,10.278026905829597,1
35.03946643148495,Female,USA,Premium,Tablet,15.28,19,4,0.4181,1.238751520064856,1
34.0,Female,USA,Standard,Tablet,15.28,35,5,0.766375,1.5905621096460791,1
22.0,Male,USA,Standard,Smart TV,15.28,25,4,0.9436,1.8376428141912202,0
40.0,Male,USA,Premium,Laptop,15.28,18,5,0.6455555555555554,1.9378566899175647,0
36.0,Male,USA,Standard,Mobile,15.29,2,5,0.5845090909090909,1.624867162592986,0
27.0,Male,Canada,Premium,Laptop,15.29,30,5,0.882,3.8304801670146134,0
79.0,Male,USA,Premium+,Laptop,15.3,18,5,0.76,2.1353803210048845,0
36.0,Female,USA,Standard,Smart TV,15.3,29,4,0.7804,3.0630630630630624,0
30.0,Prefer not to say,USA,Basic,Laptop,15.3,33,4,0.7474000000000001,2.6585577758470897,0
35.0,Female,USA,Premium,Gaming Console,15.3,26,4,0.3992857142857143,4.17462482946794,0
27.0,Female,Canada,Premium+,Desktop,15.3,24,5,1.1585555555555556,2.852703542573027,0
27.0,Female,USA,Standard,Smart TV,15.31,18,5,0.5855192307692307,1.7617951668584582,0
38.0,Female,Canada,Premium,Desktop,15.32,9,5,0.8138421052631579,0.604061247289216,0
33.0,Male,USA,Standard,Tablet,15.32,12,5,0.70375,0.9395890831033425,0
38.0,Male,Canada,Standard,Smart TV,15.32,24,5,0.7434725274725276,1.0150176678445229,1
35.03946643148495,Male,USA,Basic,Laptop,15.32,30,5,0.45461111111111113,1.5427995971802617,1
31.0,Male,USA,Standard,Desktop,15.33,4,5,1.0077666666666665,1.123900293255132,0
14.0,Male,Canada,Standard,Desktop,15.33,10,4,0.45660000000000006,3.621259842519686,1
37.0,Female,Canada,Basic,Smart TV,15.33,36,5,1.0057777777777779,1.58860103626943,0
34.0,Male,USA,Premium,Desktop,15.33,7,5,0.8908214285714285,0.9748807631160573,0
49.0,Male,USA,Basic,Laptop,15.33,34,5,0.9914102564102565,0.9643531138603479,0
41.0,Male,USA,Standard,Gaming Console,15.34,4,4,0.9750833333333333,1.9340197520487494,0
26.0,Other,USA,Standard,Desktop,15.34,35,5,0.5042666666666668,1.7028677150786309,0
29.0,Male,USA,Standard,Desktop,15.34,16,5,0.807047619047619,1.5437772559543776,0
39.0,Male,USA,Basic,Laptop,15.34,36,5,0.6393076923076922,0.5661212941321195,0
34.0,Male,Canada,Standard,Smart TV,15.34,9,4,0.7068571428571429,2.174858223062382,1
34.0,Female,USA,Premium,Tablet,15.35,6,4,0.4107142857142857,2.4520766773162936,0
29.0,Female,USA,Standard,Smart TV,15.35,25,5,0.638,1.3049022385945026,0
34.0,Female,USA,Premium,Tablet,15.35,6,4,0.4107142857142857,2.4520766773162936,0
43.0,Female,Canada,Standard,Gaming Console,15.36,5,5,0.48760000000000003,0.879977083930106,0
49.0,Female,USA,Basic,Mobile,15.36,32,5,0.621736111111111,1.59253499222395,0
50.0,Male,Canada,Standard,Mobile,15.37,31,5,0.7246181818181818,1.6388839523724896,0
35.03946643148495,Other,Canada,Standard,Mobile,15.38,16,5,0.7069166666666666,1.533909574468085,0
35.03946643148495,Male,USA,Premium,Gaming Console,15.38,4,4,0.4517999999999999,3.06781914893617,0
35.03946643148495,Prefer not to say,USA,Premium,Desktop,15.38,32,5,0.9078333333333333,1.1427863777089784,0
40.0,Female,Canada,Premium,Smart TV,15.38,8,4,0.6968333333333334,2.4594882729211087,1
18.0,Male,USA,Standard,Smart TV,15.38,31,4,1.4176666666666666,5.1438127090301,0
20.0,Male,Canada,Premium,Tablet,15.39,35,5,0.6747777777777778,1.3172610556348074,0
44.0,Male,USA,Basic,Smart TV,15.39,21,4,0.7034999999999999,1.9870884441575207,0
7.0,Prefer not to say,USA,Standard,Smart TV,15.39,9,5,0.6784722222222221,2.937957365574292,0
19.0,Female,USA,Basic,Desktop,15.39,2,5,0.8395714285714286,0.5924167575543723,0
29.0,Female,USA,Standard,Tablet,15.4,18,5,0.5874444444444444,2.2137038811691423,0
35.03946643148495,Female,Canada,Premium+,Smart TV,15.4,11,5,0.8278333333333333,1.5805679096818337,0
42.0,Male,USA,Premium,Gaming Console,15.4,8,4,0.5918571428571429,2.050144220102063,0
42.0,Female,USA,Standard,Gaming Console,15.4,21,5,0.5056666666666666,1.2518628912071534,0
46.0,Female,USA,Premium,Desktop,15.4,30,5,0.7534272727272728,2.056990204808548,0
21.0,Female,USA,Standard,Smart TV,15.4,17,5,1.0205384615384616,1.033325877879669,0
24.0,Other,USA,Basic,Desktop,15.4,11,5,1.0329444444444444,3.0616302186878728,1
19.0,Female,USA,Premium,Desktop,15.41,15,5,0.6341111111111111,1.0072992700729926,1
35.03946643148495,Male,USA,Basic,Gaming Console,15.41,32,5,0.5847142857142857,1.2550563322926565,0
32.0,Male,USA,Basic,Mobile,15.42,14,4,0.6387552447552447,0.9946248118684153,0
6.0,Male,USA,Premium+,Laptop,15.42,12,5,0.8872083333333334,1.7569312571211544,0
35.03946643148495,Prefer not to say,USA,Premium,Tablet,15.42,30,5,0.9382222222222223,0.9160396039603959,0
35.03946643148495,Female,Canada,Premium,Gaming Console,15.43,36,5,0.8212857142857143,1.7604107244723333,0
24.0,Female,USA,Standard,Desktop,15.43,28,4,0.5220090909090909,2.4382407163550166,0
35.03946643148495,Male,USA,Basic,Tablet,15.44,35,5,0.7707777777777778,1.0539249146757679,0
34.0,Male,USA,Standard,Laptop,15.44,3,5,0.8033333333333332,7.164733178654293,0
21.0,Female,USA,Basic,Mobile,15.44,9,5,0.9858787878787878,1.1290676416819012,0
35.0,Female,USA,Basic,Laptop,15.44,20,5,0.8771818181818181,1.1984476067270375,0
44.0,Male,Canada,Standard,Desktop,15.44,35,5,0.6242352941176471,0.5940746440938823,0
22.0,Male,USA,Premium,Mobile,15.45,4,5,0.50225,2.251639543356813,0
38.0,Female,USA,Premium,Gaming Console,15.45,15,5,0.7237142857142858,4.700811359026369,0
45.0,Female,USA,Basic,Smart TV,15.45,22,5,0.5020833333333333,1.8883683031167242,0
22.0,Female,Canada,Basic,Mobile,15.46,35,5,0.5315,2.276877761413844,0
24.0,Male,USA,Standard,Desktop,15.46,17,5,0.5574166666666667,1.551170568561873,0
50.0,Female,Canada,Premium,Desktop,15.46,1,5,0.7388571428571429,1.2924620314894801,0
33.0,Male,USA,Premium,Laptop,15.46,23,5,0.6681025641025641,1.5842869342442358,1
48.0,Male,USA,Basic,Tablet,15.47,20,5,1.0666666666666669,2.7907396271797955,0
19.0,Male,Canada,Premium+,Desktop,15.47,29,5,0.517625,2.18966737438075,0
50.0,Female,Canada,Premium+,Mobile,15.47,17,4,0.61675,1.2816901408450705,0
35.03946643148495,Female,USA,Premium,Mobile,15.47,2,5,0.6535555555555556,1.3603986516195223,0
19.0,Male,Canada,Premium+,Desktop,15.47,29,5,0.517625,2.18966737438075,0
30.0,Other,Canada,Premium,Tablet,15.48,33,5,0.7227176470588235,1.0776192133658196,0
23.0,Male,USA,Basic,Smart TV,15.49,29,4,1.5074999999999998,4.3047707271885125,0
56.0,Male,USA,Premium,Smart TV,15.49,15,5,0.7202361111111111,1.407115821347464,0
36.0,Female,USA,Standard,Tablet,15.49,2,5,0.716076923076923,1.3336203185535944,0
38.0,Male,USA,Basic,Tablet,15.49,6,5,1.2218989898989898,2.576656501247574,0
19.0,Male,USA,Premium,Tablet,15.49,25,5,0.9835,1.9010022499488648,0
35.0,Male,USA,Premium,Gaming Console,15.5,30,5,0.5665357142857143,1.2569266117042843,0
35.03946643148495,Male,USA,Premium,Gaming Console,15.5,13,5,0.6648000000000001,0.7774619628824613,0
13.0,Male,USA,Basic,Tablet,15.51,14,5,0.8476190476190477,1.6292016806722687,0
57.0,Male,Canada,Premium,Laptop,15.51,20,5,0.8923030303030303,1.8048875096974397,0
28.0,Female,USA,Standard,Desktop,15.51,34,4,1.2788333333333333,1.0395442359249332,0
17.0,Male,USA,Premium,Tablet,15.51,34,5,0.7279,2.1348933241569163,0
25.0,Male,USA,Premium+,Mobile,15.52,19,5,0.7984615384615386,1.3487833140208576,0
35.03946643148495,Male,USA,Basic,Smart TV,15.52,29,5,0.7078272727272727,1.2134480062548867,0
15.0,Other,Canada,Basic,Laptop,15.52,5,5,0.8652222222222223,1.8553496712492528,0
8.0,Female,USA,Premium,Smart TV,15.52,16,5,1.1681249999999999,1.2860102195829306,0
15.0,Other,Canada,Basic,Laptop,15.52,5,5,0.8652222222222223,1.8553496712492528,0
35.03946643148495,Male,Canada,Standard,Smart TV,15.53,33,4,0.9216000000000001,1.0675985334555453,0
23.0,Male,Canada,Premium+,Tablet,15.53,12,4,0.696,2.1134044000907237,1
58.0,Female,USA,Standard,Laptop,15.53,25,5,0.6236666666666666,2.109576635725605,0
36.0,Other,USA,Premium,Desktop,15.54,2,4,0.6686000000000001,3.0282559272491065,0
31.0,Male,USA,Standard,Smart TV,15.54,20,5,0.6056666666666667,1.8076773943388909,1
21.0,Female,USA,Premium+,Desktop,15.55,3,4,0.6635555555555556,2.868121733784199,0
55.0,Other,USA,Standard,Tablet,15.55,9,5,0.8939,1.3636363636363635,0
44.0,Female,USA,Premium,Desktop,15.55,25,5,0.5893636363636364,1.7481731309724562,0
35.0,Male,USA,Premium,Tablet,15.56,1,5,0.49833333333333335,1.5796954314720812,0
33.0,Male,USA,Basic,Mobile,15.57,9,4,0.9208333333333334,2.925775133103664,0
36.0,Female,USA,Premium,Laptop,15.57,32,5,0.47109090909090917,1.2948024948024948,0
41.0,Male,USA,Premium,Laptop,15.57,6,5,0.7234722222222222,1.9084780388151175,0
40.0,Male,USA,Basic,Mobile,15.57,35,5,0.7826923076923077,1.2421220582369366,1
39.0,Female,USA,Premium,Tablet,15.57,11,5,0.522125,0.7922992112628278,0
27.0,Female,USA,Standard,Smart TV,15.57,5,5,0.9067,0.8589554983449799,0
27.0,Female,USA,Standard,Smart TV,15.58,14,5,0.623,2.3853023730543503,0
27.0,Male,USA,Premium,Laptop,15.58,26,5,0.81525,5.222346368715083,0
35.03946643148495,Male,USA,Premium,Tablet,15.58,3,5,0.9001111111111111,2.0727272727272728,0
40.0,Female,USA,Standard,Smart TV,15.58,32,5,0.5179,1.8485267945422184,0
55.0,Male,USA,Premium,Laptop,15.58,27,5,0.5863636363636364,1.7921779141104295,0
19.0,Male,USA,Premium,Mobile,15.58,6,5,0.6784444444444445,1.9864003399915002,0
27.0,Male,USA,Premium,Laptop,15.58,26,5,0.81525,5.222346368715083,0
35.03946643148495,Male,USA,Basic,Laptop,15.59,35,5,0.6108333333333333,1.9183757178014766,0
20.0,Male,USA,Basic,Desktop,15.59,1,5,0.8574166666666667,1.1894710071210581,0
39.0,Female,USA,Standard,Laptop,15.59,35,4,0.696857142857143,1.5543369890329013,0
54.0,Male,USA,Premium,Tablet,15.59,10,4,0.9564999999999999,6.294751009421265,0
54.0,Male,USA,Premium,Tablet,15.59,10,4,0.9564999999999999,6.294751009421265,0
40.0,Male,USA,Premium,Desktop,15.6,11,4,0.6950000000000001,1.5720524017467248,1
35.03946643148495,Male,Canada,Standard,Smart TV,15.6,17,5,0.76275,1.1092675989570988,1
27.0,Female,USA,Premium,Tablet,15.62,12,5,0.8076666666666668,1.602051282051282,1
35.03946643148495,Female,USA,Standard,Desktop,15.63,6,5,0.9884999999999999,2.288991945325848,0
9.0,Male,Canada,Basic,Mobile,15.63,27,5,1.115,2.342157842157842,0
35.03946643148495,Male,Canada,Standard,Desktop,15.63,32,5,0.46792307692307694,1.463940056197315,0
35.03946643148495,Female,USA,Standard,Desktop,15.63,6,5,0.9884999999999999,2.288991945325848,0
28.0,Male,Canada,Premium,Tablet,15.64,19,5,0.7424230769230769,0.8972177072377857,0
51.0,Female,Canada,Premium,Mobile,15.64,10,5,0.772,3.4373626373626376,0
47.0,Male,USA,Standard,Gaming Console,15.64,7,5,0.8011111111111111,1.4959349593495932,0
35.03946643148495,Male,Canada,Premium,Tablet,15.65,23,4,0.6944272727272727,1.9081487502540135,0
41.0,Male,USA,Standard,Tablet,15.65,13,5,0.5348949579831932,1.4305301645338209,0
45.0,Female,Canada,Basic,Laptop,15.65,8,5,0.6613095238095238,1.3612641345317482,1
52.0,Male,USA,Premium+,Desktop,15.65,18,5,0.8911666666666667,1.1641457971733202,0
45.0,Female,Canada,Basic,Laptop,15.65,8,5,0.6613095238095238,1.3612641345317482,1
24.0,Female,USA,Premium,Mobile,15.66,20,5,0.8238181818181818,1.0229722373434949,0
40.0,Female,Canada,Standard,Smart TV,15.66,2,4,0.5288181818181819,2.196353436185133,0
36.0,Female,USA,Premium+,Gaming Console,15.67,33,5,0.5121111111111111,2.246594982078853,0
56.0,Male,USA,Premium,Tablet,15.67,10,5,0.2947142857142857,0.8978227654698245,0
20.0,Male,USA,Premium,Gaming Console,15.67,25,5,0.8074444444444445,2.4395433316035287,0
42.0,Male,Canada,Standard,Laptop,15.67,8,5,0.839578947368421,1.0868107733210033,1
20.0,Male,USA,Premium,Gaming Console,15.67,25,5,0.8074444444444445,2.4395433316035287,0
35.03946643148495,Prefer not to say,USA,Premium+,Laptop,15.68,10,4,0.8097857142857143,0.8279503652204524,0
50.0,Male,USA,Basic,Mobile,15.68,22,5,0.3889,3.608745684695051,0
27.0,Other,USA,Standard,Smart TV,15.68,2,5,0.6997,2.065422612513721,0
43.0,Male,Canada,Standard,Tablet,15.68,28,5,0.493625,1.6444677503932879,1
40.0,Female,USA,Premium,Tablet,15.68,6,5,0.7883,2.1285067873303167,0
29.0,Female,Canada,Standard,Laptop,15.69,13,5,0.7435333333333333,1.8903614457831324,0
25.0,Female,USA,Standard,Tablet,15.69,4,5,0.663,1.5985736118186449,1
29.0,Other,USA,Basic,Mobile,15.69,34,5,0.7734285714285715,2.5395198273536552,0
33.0,Female,USA,Standard,Laptop,15.7,2,5,0.7539272727272727,2.058116670308062,0
45.0,Male,USA,Standard,Mobile,15.7,15,5,0.7394358974358974,1.718664477285167,0
9.0,Male,USA,Premium,Gaming Console,15.7,28,5,0.6081666666666667,1.8772419290554005,0
43.0,Other,USA,Standard,Desktop,15.71,22,5,0.7728253968253966,1.840296759078485,0
43.0,Female,Canada,Premium,Gaming Console,15.71,18,4,1.0741785714285714,1.0214564369310792,0
43.0,Other,USA,Standard,Desktop,15.71,22,5,0.7728253968253966,1.840296759078485,0
37.0,Male,USA,Standard,Laptop,15.72,28,5,0.592125,3.227926078028747,0
38.0,Female,Canada,Basic,Desktop,15.72,13,4,1.061375,1.7111756168359942,1
34.0,Male,USA,Basic,Gaming Console,15.72,3,4,0.6795476190476191,2.3752203475195164,0
55.0,Female,USA,Premium,Mobile,15.72,34,5,0.5647979797979797,1.7427937915742793,0
35.03946643148495,Female,Canada,Standard,Smart TV,15.73,16,5,0.7236181818181817,1.532640467684313,0
40.0,Male,USA,Premium,Desktop,15.73,10,5,0.6256666666666667,1.4705515736989716,0
35.03946643148495,Female,USA,Standard,Smart TV,15.73,25,4,0.7562222222222224,3.55079006772009,0
30.0,Female,USA,Basic,Smart TV,15.73,25,5,0.7745,1.2258734900636445,0
35.03946643148495,Male,USA,Basic,Desktop,15.74,7,5,1.0195448717948719,2.3370452858203414,0
39.0,Female,USA,Standard,Tablet,15.75,25,4,0.9328472222222222,2.960526315789473,0
58.0,Male,USA,Premium+,Tablet,15.75,13,4,0.7272000000000001,6.140350877192984,0
9.0,Male,USA,Premium,Desktop,15.75,32,4,0.8292727272727274,1.8720285261489698,0
46.0,Male,Canada,Premium,Smart TV,15.76,4,4,0.6003333333333333,3.0327132777421415,1
47.0,Female,USA,Basic,Tablet,15.76,31,5,0.6571428571428571,4.0067796610169495,0
23.0,Male,USA,Premium,Laptop,15.76,30,5,0.6992142857142858,1.3275305348869857,1
31.0,Male,Canada,Standard,Smart TV,15.78,4,5,0.4401666666666667,3.6513690705746233,0
69.0,Male,USA,Standard,Laptop,15.78,10,4,0.5038571428571429,1.6121232760088542,0
35.03946643148495,Male,USA,Standard,Tablet,15.78,10,5,0.853625,2.1745521359669273,0
36.0,Female,USA,Premium,Smart TV,15.79,28,5,0.8106904761904761,0.9253760500097673,0
24.0,Female,USA,Premium,Desktop,15.8,33,5,0.5952361111111111,1.6570529627687467,0
49.0,Female,USA,Standard,Gaming Console,15.8,24,5,0.616030303030303,1.4187369051182281,0
41.0,Male,USA,Standard,Smart TV,15.81,30,5,0.6934444444444445,3.2254335260115603,0
28.0,Male,USA,Premium,Laptop,15.81,8,5,0.7589999999999999,1.0937391905914908,0
45.0,Female,Canada,Basic,Desktop,15.81,24,5,0.9555714285714285,1.1639263803680981,0
35.03946643148495,Male,USA,Standard,Gaming Console,15.81,26,5,0.5983,1.156829268292683,0
13.0,Female,USA,Standard,Desktop,15.81,29,5,0.5529999999999999,2.366766467065868,0
35.03946643148495,Female,USA,Premium,Desktop,15.82,26,5,0.5746428571428572,1.049419568822554,0
31.0,Male,USA,Standard,Tablet,15.83,19,5,0.671,2.074252020091723,0
48.0,Female,USA,Standard,Tablet,15.84,9,4,1.0045000000000002,2.3963691376701965,0
18.0,Male,USA,Standard,Laptop,15.84,18,3,0.8498333333333332,1.4210526315789471,0
31.0,Prefer not to say,USA,Premium,Desktop,15.84,2,5,0.503375,2.233082706766917,0
37.0,Male,Canada,Standard,Mobile,15.85,18,5,0.8924444444444446,1.463076923076923,0
30.0,Female,Canada,Standard,Smart TV,15.85,11,5,0.644,3.840872374798061,0
16.0,Male,USA,Premium,Gaming Console,15.86,25,5,0.7894,0.7812807881773398,0
30.0,Female,USA,Premium,Laptop,15.86,2,5,0.7635555555555555,2.138907619689818,0
34.0,Female,USA,Premium,Laptop,15.86,1,5,0.6667500000000001,1.9653035935563816,0
16.0,Male,USA,Premium,Gaming Console,15.86,25,5,0.7894,0.7812807881773398,0
36.0,Other,USA,Premium,Desktop,15.87,22,5,0.7212531328320801,0.9130309713299455,0
31.0,Male,USA,Premium,Gaming Console,15.87,27,5,0.7948333333333333,1.5848868175765645,0
19.0,Female,USA,Basic,Desktop,15.87,8,4,0.595625,1.3067105804857964,0
33.0,Other,USA,Premium,Mobile,15.87,35,5,0.6578125,1.386227980783229,0
38.0,Female,USA,Premium,Laptop,15.88,17,4,1.029,0.9765296710054321,0
31.0,Male,USA,Basic,Laptop,15.88,25,5,0.6851071428571429,0.9129060074734121,0
20.0,Male,USA,Standard,Gaming Console,15.89,24,5,0.7022857142857144,1.212668532180107,0
25.0,Male,USA,Standard,Laptop,15.89,35,5,0.9767363636363636,0.929783499122294,0
44.0,Male,USA,Premium,Mobile,15.89,15,4,0.4912539682539683,1.9552912223133716,0
31.0,Female,USA,Standard,Tablet,15.89,17,5,0.863969696969697,0.995406139068699,1
41.0,Female,USA,Standard,Desktop,15.89,33,5,0.8182619047619046,1.3579262213359922,0
45.0,Male,Canada,Premium,Gaming Console,15.89,36,5,0.534,3.731506849315069,0
35.03946643148495,Female,Canada,Premium,Desktop,15.9,27,5,0.4224,1.7155187915842474,0
41.0,Female,USA,Premium,Gaming Console,15.9,25,5,0.8306666666666667,2.9896584142901914,0
22.0,Female,Canada,Premium,Smart TV,15.91,31,4,1.1372499999999999,5.256607929515419,0
35.03946643148495,Male,Canada,Basic,Smart TV,15.91,2,5,0.49690909090909086,1.5992628581001844,0
50.0,Male,Canada,Premium,Mobile,15.92,33,5,1.1178484848484849,1.6754955271005085,0
35.0,Male,USA,Premium,Desktop,15.92,24,4,0.9765833333333334,3.251191286589517,0
35.03946643148495,Male,USA,Premium,Laptop,15.94,28,5,0.8761428571428571,1.9937460913070666,1
38.0,Female,USA,Premium,Desktop,15.94,13,4,0.7919999999999999,5.782345828295042,0
12.0,Male,Canada,Standard,Gaming Console,15.94,10,4,0.7806923076923078,0.9118993135011441,0
32.0,Male,USA,Standard,Tablet,15.94,10,5,0.7224444444444444,1.5002352941176471,0
39.0,Male,USA,Premium,Tablet,15.94,16,4,0.8698888888888889,2.8686262747450506,0
32.0,Female,Canada,Premium,Desktop,15.94,35,5,0.9108194444444444,1.4871715129839838,0
35.0,Female,USA,Premium,Laptop,15.95,35,5,0.7800952380952382,1.3223711482658558,0
32.0,Other,USA,Premium,Mobile,15.95,23,5,0.6625555555555556,1.7948237059264815,0
40.0,Female,USA,Premium,Gaming Console,15.95,4,4,0.7944666666666665,7.067946824224519,0
28.0,Female,USA,Standard,Smart TV,15.95,7,5,0.9051538461538462,1.0592141671278361,1
40.0,Other,Canada,Standard,Smart TV,15.97,4,5,0.6647333333333334,2.831560283687943,1
39.0,Male,USA,Basic,Tablet,15.97,24,5,0.8070419580419581,1.0801487994589112,0
40.0,Prefer not to say,USA,Premium,Gaming Console,15.97,9,5,0.8275714285714286,0.8303292894280763,0
38.0,Other,Canada,Standard,Laptop,15.98,33,5,0.6548571428571428,1.691005291005291,0
59.0,Male,Canada,Basic,Tablet,15.98,4,5,0.5973272727272727,1.636736087401844,0
43.0,Male,Canada,Premium+,Gaming Console,15.98,29,5,0.5643571428571428,2.1203007518796992,0
62.0,Male,USA,Basic,Tablet,15.98,12,5,0.5348181818181819,0.6656484309913914,0
27.0,Other,USA,Premium,Laptop,16.0,31,4,0.7123296703296703,1.6526080220347736,0
38.0,Male,Canada,Premium,Smart TV,16.0,11,5,0.6401461538461539,1.0122311261071277,0
39.0,Female,USA,Standard,Laptop,16.0,1,4,0.823,1.5308563227555414,0
36.0,Male,USA,Premium,Laptop,16.01,8,5,0.9272613636363636,1.818973679227419,0
41.0,Prefer not to say,Canada,Premium,Mobile,16.01,26,4,0.751,5.436332767402377,0
35.03946643148495,Female,Canada,Standard,Smart TV,16.02,4,5,0.5960666666666667,1.6100502512562815,1
2.0,Male,Canada,Premium,Tablet,16.02,20,5,0.7105934065934066,1.3136531365313653,0
20.0,Other,Canada,Premium,Desktop,16.03,24,5,0.995909090909091,1.7804516845612737,1
52.0,Male,USA,Premium,Desktop,16.03,26,5,0.7381515151515152,1.5156003781909866,0
35.03946643148495,Male,USA,Premium+,Desktop,16.03,33,5,0.9867083333333333,2.2683962264150948,0
48.0,Female,USA,Standard,Tablet,16.03,12,4,0.5115,7.140311804008911,0
35.03946643148495,Female,USA,Premium+,Desktop,16.03,33,5,0.9867083333333333,2.2683962264150948,0
38.0,Male,USA,Standard,Tablet,16.04,21,5,0.6045090909090909,2.475308641975308,0
29.0,Male,Canada,Premium,Mobile,16.04,31,5,0.7802,0.795963940120751,0
20.0,Prefer not to say,Canada,Basic,Gaming Console,16.04,32,5,0.6220909090909091,1.3570219966159052,1
34.0,Male,USA,Standard,Mobile,16.05,5,5,0.837375,1.831843256610234,0
34.0,Prefer not to say,USA,Premium,Tablet,16.06,22,5,0.506,3.128571428571428,0
38.0,Male,USA,Premium,Gaming Console,16.06,6,5,1.0036,3.400141143260409,1
34.0,Male,USA,Standard,Smart TV,16.06,36,5,0.5199285714285714,1.1827666625751807,0
27.0,Female,Canada,Premium,Smart TV,16.06,30,5,0.6697777777777778,1.4328624535315984,0
54.0,Prefer not to say,USA,Premium,Mobile,16.07,16,5,0.964775641025641,1.950242718446602,0
38.0,Female,Canada,Standard,Mobile,16.07,35,4,0.6916666666666667,0.9251583189407026,0
38.0,Female,Canada,Standard,Mobile,16.07,35,4,0.6916666666666667,0.9251583189407026,0
43.0,Female,Canada,Basic,Laptop,16.08,2,5,0.8620000000000001,1.4060040804430194,0
107.0,Male,USA,Standard,Smart TV,16.08,32,5,0.5475934065934066,1.5392469687300572,0
35.03946643148495,Male,USA,Basic,Smart TV,16.08,31,5,0.716,2.004154549231408,0
35.03946643148495,Male,USA,Basic,Smart TV,16.08,31,5,0.716,2.004154549231408,0
40.0,Female,USA,Standard,Mobile,16.09,26,4,0.7013750000000001,1.9227245568611828,0
36.0,Female,USA,Premium+,Tablet,16.09,33,4,0.5255,2.8511518015357353,0
21.0,Male,USA,Standard,Smart TV,16.09,16,5,0.6391111111111111,1.666781767955801,0
45.0,Male,Canada,Premium,Mobile,16.1,12,5,0.7427142857142857,2.3630136986301373,0
19.0,Male,Canada,Premium,Desktop,16.1,13,4,0.7381,1.7402269861286255,1
15.0,Female,Canada,Premium,Tablet,16.11,11,5,0.8664666666666665,1.5807031888798038,1
44.0,Male,Canada,Basic,Laptop,16.11,32,5,0.8320666666666667,0.9348162475822049,0
39.0,Female,USA,Premium,Gaming Console,16.11,24,5,0.8375079365079364,2.7672487832808472,0
39.0,Female,USA,Premium,Gaming Console,16.11,24,5,0.8375079365079364,2.7672487832808472,0
32.0,Female,USA,Premium,Gaming Console,16.12,36,4,0.46699999999999997,6.0983606557377055,0
41.0,Female,USA,Standard,Desktop,16.12,21,5,1.1306969696969698,1.0461871281773933,0
22.0,Male,Canada,Premium,Mobile,16.12,29,4,1.0074285714285713,2.5627980922098565,0
43.0,Male,Canada,Standard,Gaming Console,16.13,24,5,0.5877412587412587,0.5221191195511438,1
57.0,Female,USA,Premium+,Laptop,16.13,22,5,0.8282142857142857,1.542556582722346,0
32.0,Female,USA,Standard,Tablet,16.16,15,4,1.378,6.148383005707039,0
35.03946643148495,Female,USA,Premium,Mobile,16.16,3,5,0.8717692307692306,1.528132387706856,0
40.0,Male,USA,Standard,Tablet,16.16,8,5,0.47357142857142853,2.3608473338203066,0
37.0,Female,USA,Standard,Tablet,16.16,16,5,0.9628384615384616,1.3070908600700997,0
31.0,Female,USA,Premium+,Mobile,16.17,20,4,0.7729999999999999,6.875974486180016,0
23.0,Female,Canada,Premium,Tablet,16.17,29,4,0.9426666666666665,11.400705052878967,0
52.0,Female,USA,Premium,Gaming Console,16.18,30,5,0.9551428571428571,3.5443592552026284,0
39.0,Male,USA,Premium+,Gaming Console,16.18,22,4,0.692,4.276651982378855,0
39.0,Female,USA,Standard,Mobile,16.18,25,5,0.6487692307692308,1.0636572805960336,1
28.0,Female,USA,Premium+,Laptop,16.19,21,5,0.9001818181818182,1.1259997681696998,0
43.0,Male,USA,Standard,Tablet,16.19,16,4,0.8385714285714285,4.42752962625342,0
6.0,Male,Canada,Standard,Desktop,16.19,3,5,0.988090909090909,1.3869217589948601,1
46.0,Female,Canada,Standard,Smart TV,16.19,8,5,0.7311818181818182,1.7386790764274207,0
42.0,Prefer not to say,USA,Basic,Laptop,16.2,32,5,0.663923076923077,0.8702659145850121,0
47.0,Female,USA,Standard,Laptop,16.22,27,5,0.576125,1.2400611620795103,0
57.0,Female,USA,Standard,Mobile,16.22,4,5,0.7009333333333333,1.621189405297351,1
38.0,Female,USA,Premium,Mobile,16.22,14,5,0.8343809523809522,2.0763814806912735,1
71.0,Male,Canada,Premium,Tablet,16.23,20,5,0.8145,2.5830238726790453,0
46.0,Male,USA,Premium,Tablet,16.24,3,5,0.5827777777777778,1.6398519017165938,0
19.0,Male,USA,Standard,Laptop,16.24,25,5,0.7104848484848485,1.6373718702739035,1
46.0,Female,Canada,Premium,Laptop,16.25,19,5,0.853,1.6247292117980336,0
38.0,Male,Canada,Standard,Desktop,16.25,10,5,0.6741666666666666,1.841359773371105,0
50.0,Male,USA,Premium+,Smart TV,16.25,12,5,1.01625,1.6015111695137974,0
45.0,Male,Canada,Premium,Smart TV,16.26,11,5,0.8393999999999999,1.6319839411174306,0
17.0,Male,Canada,Premium,Tablet,16.26,11,5,0.8432857142857143,1.1117948717948718,0
47.0,Female,USA,Standard,Smart TV,16.26,4,5,0.7784,1.5092821782178216,1
29.0,Male,USA,Basic,Smart TV,16.26,4,5,0.6081875,1.0203953561342956,0
23.0,Male,Canada,Standard,Tablet,16.26,15,5,0.9477500000000001,4.719883889695211,1
31.0,Female,USA,Standard,Smart TV,16.26,30,5,0.7260714285714285,0.9510625852992787,0
45.0,Male,USA,Basic,Tablet,16.26,35,5,0.7113333333333334,3.6093229744728084,0
21.0,Female,USA,Standard,Desktop,16.27,18,5,0.5681052631578947,1.678761822871883,0
44.0,Male,USA,Standard,Laptop,16.27,14,5,0.5716071428571429,1.426775796550716,0
48.0,Male,Canada,Basic,Smart TV,16.27,9,4,0.6606666666666666,3.448251501236312,0
12.0,Female,Canada,Standard,Laptop,16.27,3,5,0.7874583333333334,1.817200297840655,0
40.0,Male,Canada,Standard,Tablet,16.28,2,5,0.7687142857142857,1.093351242444594,0
38.0,Female,Canada,Standard,Desktop,16.29,20,5,0.9146363636363636,1.4337685198767784,0
56.0,Female,USA,Standard,Desktop,16.29,18,5,0.5735555555555556,1.9930668841761825,0
7.0,Female,USA,Premium,Laptop,16.3,15,5,0.8999090909090909,1.8916827852998066,0
35.03946643148495,Female,Canada,Premium+,Laptop,16.3,35,4,0.8448571428571429,2.4219910846953936,0
32.0,Male,USA,Premium,Gaming Console,16.3,5,5,0.6997500000000001,2.620578778135048,0
39.0,Other,Canada,Premium,Smart TV,16.3,25,5,0.7368181818181818,2.056782334384858,0
27.0,Male,USA,Premium+,Tablet,16.31,32,5,0.48839999999999995,5.454849498327758,0
40.0,Female,USA,Premium,Gaming Console,16.31,8,5,0.8637000000000001,1.8562215477996962,0
54.0,Female,USA,Basic,Desktop,16.31,33,5,0.9330833333333333,1.641946308724832,0
21.0,Female,Canada,Premium,Gaming Console,16.32,28,5,0.6901428571428572,2.3040000000000003,0
48.0,Prefer not to say,USA,Premium,Gaming Console,16.32,4,5,0.8423076923076923,1.7884931506849315,1
31.0,Female,Canada,Premium,Mobile,16.32,4,5,0.9211089743589744,1.6772867420349433,0
50.0,Female,Canada,Standard,Smart TV,16.32,29,5,0.6283666666666666,1.221861741951585,0
36.0,Prefer not to say,USA,Basic,Smart TV,16.33,11,4,0.7764285714285715,0.9478572119570475,0
35.03946643148495,Male,USA,Standard,Smart TV,16.33,17,5,0.53525,2.2539682539682535,0
29.0,Male,USA,Standard,Smart TV,16.33,15,3,1.4513333333333334,22.94613583138173,0
49.0,Male,Canada,Basic,Smart TV,16.35,23,5,0.5351730769230769,0.9631811487481591,0
33.0,Other,USA,Basic,Smart TV,16.36,4,4,0.6380833333333332,1.6982698961937717,0
35.03946643148495,Male,USA,Standard,Tablet,16.37,14,5,0.9117,1.8041880969875095,1
39.0,Female,USA,Basic,Mobile,16.37,18,5,0.381,3.1270296084049667,1
25.0,Female,Canada,Basic,Desktop,16.38,19,5,0.4833571428571429,1.5996093749999998,0
33.0,Male,Canada,Premium,Smart TV,16.38,27,5,0.9737500000000001,1.699170124481328,0
41.0,Prefer not to say,Canada,Basic,Tablet,16.38,21,5,0.834875,2.0466472303206995,0
52.0,Male,USA,Standard,Desktop,16.39,32,5,0.5563333333333333,1.210636464360458,0
35.03946643148495,Female,USA,Premium,Smart TV,16.39,19,5,0.6332628205128205,1.8846301264852434,0
31.0,Male,USA,Basic,Laptop,16.39,36,5,0.5477692307692308,1.0657851956215454,0
26.0,Prefer not to say,USA,Basic,Gaming Console,16.4,29,5,0.7743636363636364,1.8857799923342273,0
49.0,Female,USA,Premium,Smart TV,16.4,24,5,0.734948717948718,1.3179748191802838,0
37.0,Female,Canada,Basic,Mobile,16.41,24,5,0.812142857142857,1.242084016651949,0
24.0,Female,Canada,Standard,Desktop,16.41,4,5,0.6952,0.5856531049250536,0
42.0,Prefer not to say,USA,Premium,Mobile,16.41,2,3,0.6238571428571429,2.2428246013667428,0
20.0,Male,USA,Basic,Mobile,16.41,21,3,0.4667,1.293144208037825,1
21.0,Female,Canada,Premium+,Smart TV,16.41,28,5,0.5338333333333334,1.3221431448905598,0
33.0,Female,USA,Standard,Tablet,16.41,36,3,0.8919166666666666,1.6135693215339233,0
24.0,Female,Canada,Basic,Gaming Console,16.41,35,5,0.5680333333333333,2.3107251818821872,0
26.0,Female,USA,Premium,Laptop,16.42,22,5,0.44439999999999996,2.5385209997423344,1
44.0,Male,Canada,Basic,Laptop,16.42,20,5,0.6961904761904762,3.190414507772021,0
32.0,Female,USA,Basic,Laptop,16.44,2,4,0.5815,2.5700885878061492,0
39.0,Female,USA,Premium,Smart TV,16.44,22,5,0.7121111111111111,2.223624887285843,0
25.0,Other,USA,Premium,Mobile,16.44,3,5,0.8240000000000001,1.8692438885730531,0
44.0,Male,Canada,Premium+,Gaming Console,16.45,8,4,0.7217,1.4162720619888074,0
42.0,Other,USA,Premium+,Desktop,16.45,24,5,1.077,4.7474747474747465,0
24.0,Male,USA,Basic,Mobile,16.46,11,3,0.5233333333333333,2.9445438282647585,0
18.0,Female,USA,Basic,Gaming Console,16.46,12,5,0.6024181818181819,1.3876633412954895,0
22.0,Male,USA,Standard,Desktop,16.46,6,5,0.6636153846153847,1.2137151284257097,1
16.0,Male,Canada,Standard,Desktop,16.46,36,5,0.9291868131868131,0.8770091466122015,0
35.03946643148495,Other,Canada,Standard,Desktop,16.47,20,3,0.8724285714285714,2.9323442136498508,0
38.0,Female,Canada,Premium,Laptop,16.47,19,5,0.5266000000000001,4.021978021978022,0
37.0,Female,USA,Premium,Mobile,16.47,17,5,0.8614285714285714,2.1324989210185583,1
41.0,Male,Canada,Premium,Laptop,16.47,8,4,0.7224999999999999,2.6838674633351434,0
50.0,Prefer not to say,USA,Standard,Laptop,16.47,23,5,1.1004285714285715,1.1962232175281442,0
41.0,Male,Canada,Premium,Laptop,16.47,8,4,0.7224999999999999,2.6838674633351434,0
37.0,Male,USA,Premium,Laptop,16.48,5,5,0.6527222222222222,1.6576697401508802,0
12.0,Male,USA,Basic,Desktop,16.48,20,5,0.7343939393939394,1.4249891915261566,1
41.0,Female,Canada,Standard,Gaming Console,16.49,9,5,0.7072424242424242,1.1329440054963928,0
33.0,Female,Canada,Basic,Smart TV,16.5,3,5,0.48990909090909096,1.2054060635577744,0
29.0,Female,USA,Standard,Gaming Console,16.5,11,5,0.5624444444444444,1.7954298150163222,0
19.0,Female,USA,Premium,Desktop,16.5,23,5,0.7003968253968254,2.35042735042735,0
24.0,Female,Canada,Premium,Mobile,16.5,22,5,0.8245555555555556,1.9419380149078072,0
28.0,Female,USA,Standard,Tablet,16.51,5,5,0.6619999999999999,0.8132337246531485,1
21.0,Prefer not to say,USA,Basic,Gaming Console,16.51,16,4,0.7564166666666667,1.6010990787134314,1
28.0,Female,USA,Standard,Tablet,16.51,5,5,0.6619999999999999,0.8132337246531485,1
23.0,Female,Canada,Premium,Mobile,16.52,13,4,0.934,5.872037914691943,1
26.0,Male,Canada,Standard,Tablet,16.52,4,5,0.7068888888888889,1.6508994003997335,1
21.0,Female,USA,Premium+,Tablet,16.53,13,5,0.4818571428571428,1.8762769580022702,0
28.0,Male,USA,Standard,Mobile,16.54,4,5,0.7031666666666666,1.9792580773833264,0
36.0,Female,USA,Standard,Gaming Console,16.54,19,5,0.9594285714285715,1.3498367791077257,0
51.0,Female,USA,Premium+,Smart TV,16.55,25,5,0.6617500000000001,1.1599112253241444,0
59.0,Male,USA,Premium+,Tablet,16.55,14,5,0.73725,5.376285868976719,0
46.0,Female,USA,Standard,Desktop,16.55,26,4,0.5397500000000001,3.584837545126354,0
29.0,Female,USA,Premium,Gaming Console,16.55,23,5,0.6868888888888889,1.5699604743083007,0
66.0,Female,USA,Premium,Laptop,16.55,34,5,0.7707023809523811,0.6605467970464978,0
38.0,Male,USA,Standard,Gaming Console,16.56,3,5,0.5980955882352942,1.2111165285226717,0
31.0,Female,USA,Standard,Smart TV,16.56,12,5,0.7897411764705883,0.8909612625538021,0
22.0,Male,USA,Premium+,Smart TV,16.57,36,5,0.8286,1.365846956999588,1
26.0,Male,USA,Premium+,Mobile,16.58,21,5,0.8957692307692308,1.0629340741532214,0
31.0,Female,USA,Premium+,Smart TV,16.58,23,5,1.0473434343434342,2.196996466431095,1
43.0,Male,USA,Basic,Gaming Console,16.58,7,5,0.4754090909090909,1.5297554974627092,0
35.03946643148495,Female,USA,Basic,Gaming Console,16.58,32,5,0.7867142857142856,1.6863875233090353,1
37.0,Male,USA,Premium+,Mobile,16.58,29,4,0.6793737373737374,1.9804897471630498,0
35.0,Male,USA,Premium,Tablet,16.58,36,4,0.596659090909091,1.884447812085622,0
38.0,Male,Canada,Standard,Desktop,16.58,7,4,0.5648,3.3859768550034035,0
31.0,Female,USA,Premium+,Smart TV,16.58,23,5,1.0473434343434342,2.196996466431095,1
20.0,Prefer not to say,USA,Basic,Gaming Console,16.59,14,5,0.7358571428571429,2.151750972762646,0
35.03946643148495,Female,USA,Standard,Smart TV,16.59,11,4,1.0545714285714287,3.2993039443155445,1
40.0,Male,USA,Premium,Desktop,16.59,16,3,0.9566666666666667,1.6715365239294708,0
28.0,Other,USA,Standard,Gaming Console,16.6,27,5,0.7578333333333332,3.2580961727183517,0
41.0,Male,USA,Premium+,Gaming Console,16.6,3,5,0.7758666666666667,2.1245733788395906,0
41.0,Male,USA,Premium+,Gaming Console,16.6,3,5,0.7758666666666667,2.1245733788395906,0
17.0,Male,Canada,Standard,Desktop,16.61,23,4,0.8163319327731093,1.388602480144907,0
35.03946643148495,Male,USA,Premium,Smart TV,16.61,3,5,0.9211538461538461,0.8112332112332111,0
59.0,Male,Canada,Standard,Desktop,16.61,16,5,0.7001000000000001,1.5930306905370841,0
32.0,Male,USA,Standard,Gaming Console,16.62,3,5,0.7295324675324675,1.566200722475263,0
55.0,Female,USA,Standard,Gaming Console,16.62,25,5,0.5352222222222222,2.8929503916449084,0
42.0,Female,USA,Premium+,Mobile,16.63,29,5,0.9149999999999999,1.119488387748233,0
42.0,Female,Canada,Premium,Tablet,16.63,23,5,1.520031746031746,2.3616568047337276,0
26.0,Male,USA,Basic,Gaming Console,16.63,21,4,0.8647666666666667,1.5683747249292674,0
28.0,Male,Canada,Standard,Laptop,16.64,34,5,0.8183333333333334,1.540503008794939,0
41.0,Female,USA,Premium,Gaming Console,16.64,1,5,0.9622363636363637,2.035059111292295,0
16.0,Female,USA,Premium,Tablet,16.64,31,5,0.7350000000000001,2.1676074685193227,0
17.0,Male,USA,Standard,Smart TV,16.64,15,4,1.1212857142857142,2.00723763570567,0
29.0,Male,USA,Basic,Laptop,16.65,15,5,1.141,0.8273291925465838,0
13.0,Male,USA,Premium,Mobile,16.65,6,5,0.7191666666666667,3.885647607934655,0
35.03946643148495,Female,USA,Basic,Mobile,16.65,28,4,0.7173333333333334,1.5814468893462084,0
56.0,Prefer not to say,Canada,Premium,Desktop,16.65,15,5,0.7539999999999999,3.5362831858407078,0
35.03946643148495,Male,USA,Standard,Tablet,16.65,36,5,1.0639444444444444,1.6812521036687982,1
17.0,Male,USA,Standard,Tablet,16.65,5,5,0.7641089743589744,1.4488759970993472,0
29.0,Female,USA,Basic,Smart TV,16.66,16,5,0.531,0.8790783572245187,0
45.0,Female,Canada,Standard,Laptop,16.66,12,5,0.6062307692307692,1.6125181480884012,1
44.0,Male,USA,Premium,Smart TV,16.66,30,5,1.1318131868131869,1.8207650273224043,0
42.0,Female,USA,Standard,Smart TV,16.66,17,5,0.7372222222222222,1.5226199543031227,0
23.0,Male,Canada,Standard,Smart TV,16.66,15,5,0.7537832167832168,1.8708590679393597,0
34.0,Female,USA,Premium,Mobile,16.67,27,5,0.7340666666666668,2.345684803001876,0
35.03946643148495,Female,USA,Standard,Gaming Console,16.67,5,4,0.43222222222222223,2.237083426526504,0
33.0,Female,USA,Basic,Gaming Console,16.68,12,4,0.4868571428571428,3.8213058419243984,1
25.0,Female,USA,Basic,Mobile,16.68,2,5,0.5365,2.312918881442107,0
56.0,Prefer not to say,USA,Standard,Tablet,16.68,8,4,0.7699509803921569,1.1955560864890695,0
43.0,Male,USA,Standard,Desktop,16.69,36,5,0.9087999999999999,2.75715859030837,0
38.0,Other,USA,Basic,Tablet,16.69,25,5,0.81225,0.9747882799571694,0
35.03946643148495,Prefer not to say,USA,Basic,Gaming Console,16.7,29,5,0.7744000000000001,3.8361408882082686,0
43.0,Male,USA,Premium,Tablet,16.7,28,5,0.4818,1.317207834888918,1
47.0,Male,Canada,Basic,Laptop,16.71,34,5,0.7214444444444444,1.652274225444957,0
52.0,Male,USA,Standard,Tablet,16.72,2,5,0.7214666666666666,3.883855981416956,0
46.0,Female,USA,Standard,Smart TV,16.72,12,5,0.8078787878787879,1.8885542168674698,0
19.0,Male,USA,Premium,Laptop,16.72,34,5,0.8264,1.808871258564731,0
50.0,Male,USA,Basic,Smart TV,16.73,3,5,0.49925,1.9709405065776557,0
48.0,Female,Canada,Standard,Desktop,16.73,2,5,0.6558333333333334,1.597898758357211,1
30.0,Male,USA,Premium,Desktop,16.73,11,5,0.7610000000000001,2.4554794520547945,0
36.0,Male,USA,Standard,Laptop,16.73,35,5,0.7875555555555556,2.9901697944593386,0
34.0,Male,USA,Standard,Tablet,16.74,29,4,0.7972,5.82598607888631,0
29.0,Other,USA,Standard,Gaming Console,16.74,4,5,0.6935,5.873684210526315,0
20.0,Male,USA,Standard,Mobile,16.74,4,4,0.637,2.945454545454545,0
35.03946643148495,Male,Canada,Premium,Gaming Console,16.74,28,5,0.6451470588235294,1.5402545621837138,0
26.0,Female,USA,Basic,Tablet,16.75,8,5,0.6225972222222222,2.1055939660590823,0
44.0,Male,Canada,Basic,Mobile,16.75,14,5,0.5655000000000001,2.8632478632478633,0
36.0,Female,USA,Standard,Laptop,16.75,4,5,0.6912857142857143,3.6772777167947304,0
32.0,Other,USA,Standard,Laptop,16.75,3,5,0.775051282051282,1.8504879396059655,0
28.0,Female,USA,Standard,Desktop,16.77,33,5,0.9669285714285716,1.7459656428943258,0
26.0,Female,USA,Standard,Gaming Console,16.77,36,5,0.9274444444444445,1.2546134663341646,1
50.0,Other,Canada,Standard,Mobile,16.77,32,5,0.723375,1.820517459743079,0
30.0,Female,USA,Standard,Laptop,16.78,15,5,1.0686,2.522044088176353,0
46.0,Female,USA,Basic,Desktop,16.78,2,5,0.8225625,0.9285253158719913,0
24.0,Female,USA,Standard,Laptop,16.78,21,5,1.0220454545454545,2.0572129137719655,0
46.0,Female,USA,Basic,Desktop,16.78,2,5,0.8225625,0.9285253158719913,0
28.0,Female,Canada,Standard,Gaming Console,16.79,19,4,0.5316000000000001,1.8621072088724582,0
55.0,Female,USA,Standard,Smart TV,16.79,24,5,1.0513,1.8316363636363637,0
71.0,Female,USA,Premium,Smart TV,16.79,32,5,1.1750694444444445,1.4176752040529128,0
38.0,Female,USA,Standard,Desktop,16.79,15,5,0.30283333333333334,2.4849531327084358,0
24.0,Male,Canada,Basic,Smart TV,16.79,32,5,0.7487692307692307,1.6000635324015247,0
42.0,Female,USA,Standard,Gaming Console,16.8,30,5,0.9656666666666667,1.0392824002474483,0
31.0,Male,USA,Premium,Laptop,16.81,10,5,0.7857181818181818,1.6698675496688742,0
35.03946643148495,Female,USA,Standard,Smart TV,16.81,32,5,0.6697142857142857,2.3325624421831637,0
48.0,Female,Canada,Standard,Smart TV,16.81,33,5,0.7968,1.9204112718964201,0
18.0,Female,Canada,Standard,Smart TV,16.82,36,5,0.9142377622377623,1.2396511485075543,0
53.0,Prefer not to say,Canada,Premium,Gaming Console,16.83,29,5,0.712,1.9078027583600978,0
56.0,Female,Canada,Premium,Tablet,16.83,11,5,0.837,2.723300970873786,1
19.0,Prefer not to say,USA,Basic,Smart TV,16.83,7,5,1.0032857142857143,1.2647795591182363,0
19.0,Female,Canada,Standard,Smart TV,16.83,21,5,0.8267619047619048,0.6018595780188342,0
35.03946643148495,Male,USA,Basic,Mobile,16.83,31,5,0.7474,1.5026785714285713,0
34.0,Male,USA,Basic,Mobile,16.84,12,5,0.806125,2.7293354943273904,0
36.0,Female,USA,Basic,Smart TV,16.84,5,5,0.6563589743589744,1.4639235004346565,0
28.0,Female,Canada,Standard,Tablet,16.84,10,5,0.7413589743589744,0.9245127642053255,0
25.0,Male,USA,Basic,Desktop,16.85,18,5,0.7165961538461538,0.6629508196721312,1
36.0,Female,Canada,Standard,Laptop,16.85,8,5,0.823875,2.6218879668049793,0
31.0,Male,USA,Premium,Tablet,16.85,5,5,0.6699999999999999,1.7768014059753958,0
14.0,Female,USA,Standard,Mobile,16.86,27,5,0.792125,2.1382371591629674,1
42.0,Female,USA,Standard,Laptop,16.86,13,5,0.5085555555555555,1.935706084959816,0
38.0,Male,USA,Standard,Smart TV,16.86,9,4,0.5575,6.603133159268929,0
45.0,Male,USA,Basic,Gaming Console,16.87,36,4,0.7830272727272727,1.7199660152931182,0
39.0,Male,Canada,Standard,Desktop,16.87,27,5,0.8057142857142857,2.3777307963354475,0
39.0,Prefer not to say,USA,Standard,Laptop,16.88,7,4,1.055777777777778,2.1056133056133053,0
35.03946643148495,Male,USA,Basic,Mobile,16.88,18,4,0.7020272727272727,0.8875646306195777,0
42.0,Male,USA,Premium,Laptop,16.88,5,5,0.6872636363636363,0.8242858305526166,0
35.03946643148495,Male,USA,Premium,Tablet,16.89,28,4,0.4925714285714286,2.4991368680641184,0
21.0,Female,USA,Standard,Laptop,16.89,13,5,0.4082,3.724366041896362,0
44.0,Other,Canada,Premium,Tablet,16.89,2,5,0.63075,1.382348929204747,0
109.0,Other,Canada,Basic,Gaming Console,16.89,12,5,0.6788472222222222,2.2351124834583147,0
24.0,Other,USA,Standard,Smart TV,16.9,10,5,0.7396666666666666,1.9451371571072316,0
43.0,Male,USA,Basic,Tablet,16.9,29,5,0.6859999999999999,4.361290322580645,0
35.03946643148495,Male,USA,Premium,Laptop,16.91,16,5,1.1353636363636364,2.1486658195679795,0
51.0,Female,Canada,Premium,Smart TV,16.91,28,5,0.7713737373737375,1.4320395201129146,0
50.0,Male,USA,Basic,Tablet,16.91,14,5,0.6061666666666666,3.0764099454214673,0
32.0,Female,Canada,Premium,Gaming Console,16.91,9,5,0.9818571428571428,8.30958230958231,0
35.03946643148495,Male,USA,Standard,Desktop,16.92,1,5,0.6271904761904763,1.4424552429667523,0
15.0,Female,USA,Basic,Desktop,16.92,12,5,0.6571515151515152,2.9727672035139094,0
35.0,Female,USA,Standard,Desktop,16.92,1,4,0.6071333333333333,2.445675740785353,0
42.0,Male,USA,Basic,Laptop,16.92,14,5,0.8235454545454545,2.746010278604274,0
35.03946643148495,Female,USA,Premium+,Laptop,16.92,28,5,0.4855454545454545,2.0579768903304276,0
41.0,Female,Canada,Standard,Tablet,16.93,21,5,0.854,1.8506103115321553,0
61.0,Female,Canada,Premium,Desktop,16.93,34,3,0.6914666666666666,3.1092745638200188,0
38.0,Female,USA,Standard,Mobile,16.94,26,5,0.8231818181818181,1.559134836631385,0
35.03946643148495,Male,USA,Standard,Smart TV,16.94,10,5,0.7888,2.4240400667779634,0
44.0,Female,Canada,Standard,Smart TV,16.94,33,5,1.3207636363636364,2.1961970613656008,0
29.0,Female,USA,Standard,Smart TV,16.94,19,5,0.875,1.5661016949152544,1
27.0,Female,Canada,Basic,Gaming Console,16.94,24,5,0.6539292929292929,1.5211014666267586,0
50.0,Male,Canada,Basic,Gaming Console,16.94,31,5,0.7669047619047619,1.6283242550464594,0
35.03946643148495,Female,USA,Standard,Laptop,16.94,5,5,0.5979,2.0051292168080495,0
59.0,Male,USA,Standard,Desktop,16.94,2,5,0.9266666666666667,0.787662740235586,0
12.0,Male,Canada,Standard,Mobile,16.96,33,5,0.5487272727272727,2.20307425849751,0
44.0,Male,Canada,Premium,Smart TV,16.96,35,5,0.7378571428571428,2.8416643395699523,0
57.0,Male,Canada,Basic,Desktop,16.96,25,5,0.4168571428571429,5.0854572713643185,0
40.0,Female,USA,Premium,Gaming Console,16.96,22,5,0.6598484848484849,1.643676304312712,0
35.03946643148495,Female,Canada,Basic,Mobile,16.96,21,5,0.8062923076923076,1.3692142088266954,0
26.0,Male,USA,Standard,Laptop,16.98,36,4,0.6219166666666667,3.113691931540342,0
39.0,Female,USA,Standard,Smart TV,16.98,8,5,0.7873333333333332,0.9259292920112698,0
34.0,Other,USA,Premium+,Smart TV,16.99,17,5,0.7214545454545455,1.2474302496328926,0
29.0,Male,USA,Standard,Tablet,16.99,26,5,0.8246666666666667,1.1879734296702014,1
33.0,Other,Canada,Premium,Smart TV,16.99,23,4,0.7284285714285714,1.437394247038917,0
39.0,Male,USA,Premium,Laptop,17.0,6,5,1.0886,1.108454683764399,0
35.03946643148495,Female,USA,Basic,Tablet,17.0,19,5,0.6103461538461539,1.9596541786743513,1
46.0,Male,USA,Basic,Gaming Console,17.0,25,5,0.7491000000000001,1.503316138540899,1
29.0,Female,USA,Standard,Desktop,17.01,10,4,0.862,1.928207065936142,0
52.0,Female,USA,Basic,Smart TV,17.01,9,5,0.5460909090909092,2.093538461538462,0
39.0,Female,USA,Standard,Gaming Console,17.01,19,5,0.68175,1.5024289709995584,0
37.0,Male,Canada,Premium,Gaming Console,17.02,21,5,0.6336999999999999,1.8658870820391007,1
35.0,Female,USA,Premium,Mobile,17.02,8,5,0.6702666666666666,0.6963043774717033,0
38.0,Male,USA,Basic,Tablet,17.02,35,5,1.09325,4.792116377287658,0
28.0,Male,USA,Premium+,Mobile,17.03,21,5,0.69525,1.6601137286758734,0
94.0,Male,Canada,Basic,Desktop,17.03,12,5,0.7708333333333333,1.8217151007309684,0
37.0,Male,Canada,Premium,Gaming Console,17.03,23,5,0.6184285714285715,1.1369756314676756,0
32.0,Female,Canada,Basic,Tablet,17.04,8,5,0.4978181818181817,1.0240384615384615,0
33.0,Female,USA,Standard,Mobile,17.06,25,4,1.01775,4.561497326203208,1
4.0,Male,USA,Standard,Mobile,17.06,4,4,0.38189999999999996,1.817471590909091,0
46.0,Female,USA,Premium,Mobile,17.07,29,5,0.7335,2.1992699162550995,0
28.0,Male,USA,Standard,Smart TV,17.07,8,5,0.7028611111111112,1.3147625160462129,0
21.0,Female,USA,Standard,Gaming Console,17.08,30,5,1.1465,1.5962616822429907,0
35.03946643148495,Female,Canada,Premium,Smart TV,17.08,29,5,0.8408461538461538,1.29573903148312,1
32.0,Male,USA,Premium+,Gaming Console,17.09,19,4,0.8107222222222222,0.7528081638646209,0
21.0,Male,Canada,Standard,Tablet,17.09,12,5,0.730125,2.6164837968869605,0
45.0,Female,Canada,Premium,Laptop,17.09,34,4,0.3024,4.4084264832330184,0
30.0,Male,USA,Basic,Mobile,17.1,25,5,0.9235833333333332,2.1627318718381114,0
35.03946643148495,Male,Canada,Basic,Gaming Console,17.1,22,5,0.9085789473684209,0.6816822802471598,0
18.0,Prefer not to say,USA,Basic,Laptop,17.1,26,5,0.739111111111111,0.753193363676406,0
37.0,Female,USA,Premium,Desktop,17.1,24,5,0.5809163879598662,0.991879350348028,0
42.0,Male,USA,Premium,Laptop,17.1,35,5,0.8066493506493507,1.269487750556793,0
29.0,Prefer not to say,USA,Standard,Mobile,17.11,25,5,1.1325833333333333,0.5614438063986874,0
51.0,Female,USA,Standard,Desktop,17.11,18,5,0.7953333333333332,5.492776886035313,0
63.0,Female,Canada,Standard,Mobile,17.11,27,4,0.7522222222222222,2.368166089965398,0
42.0,Male,Canada,Premium,Desktop,17.11,35,5,0.6366439628482972,1.0959752321981422,0
31.0,Male,USA,Basic,Tablet,17.12,17,4,0.5203333333333333,2.1869278262720884,0
23.0,Male,USA,Basic,Gaming Console,17.12,2,5,0.7832,1.1617281158109025,0
51.0,Prefer not to say,Canada,Standard,Gaming Console,17.12,2,5,0.8917380952380951,1.2763419483101393,0
24.0,Female,USA,Basic,Tablet,17.12,2,5,0.68215,0.6346225132830842,0
40.0,Male,Canada,Basic,Gaming Console,17.12,31,5,0.5318333333333334,1.184092219020173,0
26.0,Female,USA,Standard,Mobile,17.13,14,5,0.8154423076923077,1.1783994496675074,0
43.0,Prefer not to say,USA,Standard,Laptop,17.13,21,5,0.8819285714285716,1.4284920083391242,0
43.0,Female,USA,Premium,Desktop,17.14,2,5,0.6707142857142857,1.528537455410226,0
47.0,Female,USA,Basic,Smart TV,17.14,4,4,1.107,4.251343530384456,0
42.0,Female,USA,Standard,Desktop,17.15,26,4,0.952,5.168257157207433,0
3.0,Male,USA,Basic,Tablet,17.15,27,4,0.6036181818181818,2.0725075528700905,0
17.0,Male,USA,Standard,Mobile,17.15,10,5,0.8787272727272727,4.119295436349079,1
36.0,Female,Canada,Premium,Desktop,17.15,11,5,0.6758076923076923,1.4737897450587223,0
12.0,Male,USA,Premium,Smart TV,17.15,29,5,1.0634,2.36551724137931,0
46.0,Male,USA,Standard,Desktop,17.16,35,4,0.8512153846153847,1.3233933161953728,1
30.0,Male,USA,Standard,Desktop,17.17,22,5,0.8106190476190476,1.752636951343995,0
30.0,Male,USA,Premium,Tablet,17.18,23,4,0.6187142857142858,2.53704159488063,0
52.0,Male,USA,Premium,Mobile,17.18,19,5,0.5053,1.2237919981004393,0
44.0,Male,USA,Premium,Desktop,17.18,7,4,0.6335,5.213960546282245,0
35.03946643148495,Female,USA,Premium+,Tablet,17.18,0,5,0.789625,2.4231311706629053,0
35.0,Female,Canada,Premium+,Tablet,17.19,14,5,1.029777777777778,1.6108074340153051,0
40.0,Female,USA,Standard,Tablet,17.19,18,4,1.1693333333333333,3.206092632887784,0
45.0,Male,Canada,Premium,Tablet,17.2,20,5,1.1174,1.558206250943681,0
29.0,Female,Canada,Standard,Gaming Console,17.2,25,5,0.557125,2.941008834425762,1
35.03946643148495,Male,USA,Standard,Tablet,17.2,21,5,0.821,2.181357006975269,0
27.0,Male,Canada,Premium,Gaming Console,17.2,5,5,0.772,1.9861431870669746,0
29.0,Female,Canada,Standard,Gaming Console,17.2,25,5,0.557125,2.941008834425762,1
16.0,Male,USA,Premium,Smart TV,17.21,11,5,0.8995454545454545,1.379559118236473,1
14.0,Female,USA,Premium,Mobile,17.21,10,5,0.8410833333333334,1.41510209675209,0
21.0,Other,USA,Basic,Tablet,17.22,29,5,0.5293333333333333,4.559576345984113,0
37.0,Male,USA,Standard,Mobile,17.22,28,5,1.0605454545454545,2.904694967669384,0
32.0,Female,USA,Basic,Laptop,17.22,26,5,0.5202222222222221,1.58078335373317,0
18.0,Male,USA,Standard,Desktop,17.22,17,5,0.79325,2.14891846921797,0
27.0,Female,USA,Basic,Mobile,17.22,1,5,0.9518333333333333,0.6483026918491561,1
47.0,Prefer not to say,USA,Basic,Tablet,17.23,14,4,0.32137499999999997,2.295802798134577,0
35.03946643148495,Female,USA,Premium,Smart TV,17.23,26,4,0.577875,6.5430379746835445,0
37.0,Male,Canada,Basic,Mobile,17.23,20,5,0.8074065934065934,1.6967011324470702,0
38.0,Female,Canada,Basic,Laptop,17.24,16,5,0.7701111111111112,4.587139689578714,0
44.0,Female,USA,Standard,Gaming Console,17.24,30,5,0.3478888888888889,2.2704126426690077,1
35.03946643148495,Male,USA,Standard,Mobile,17.25,3,5,0.9444285714285714,1.2456372608015405,1
40.0,Female,Canada,Standard,Laptop,17.25,13,5,0.8251038961038961,1.2774623549740804,0
51.0,Prefer not to say,USA,Premium,Desktop,17.25,3,4,0.7333333333333334,3.1603053435114505,0
31.0,Male,USA,Basic,Tablet,17.26,30,5,1.1865,7.5591240875912415,0
20.0,Male,Canada,Standard,Gaming Console,17.27,27,5,1.044,3.048543689320388,0
35.03946643148495,Male,USA,Standard,Tablet,17.27,34,4,0.7658571428571429,3.2140198511166247,0
35.03946643148495,Male,USA,Standard,Tablet,17.27,34,4,0.7658571428571429,3.2140198511166247,0
16.0,Female,USA,Premium,Smart TV,17.28,13,4,0.7488571428571428,1.741935483870968,0
34.0,Female,Canada,Premium,Laptop,17.28,34,5,0.6072500000000001,4.2318367346938786,0
41.0,Female,USA,Premium,Laptop,17.28,21,5,0.7251858974358973,0.6309255765837036,0
35.0,Female,USA,Standard,Smart TV,17.28,17,4,0.40011111111111114,2.1103195603500913,0
35.03946643148495,Male,USA,Standard,Gaming Console,17.28,17,4,0.7469047619047618,4.482490272373542,0
18.0,Female,Canada,Premium,Laptop,17.29,19,5,1.0612,3.433962264150943,0
32.0,Male,USA,Premium,Tablet,17.3,8,4,1.0282857142857142,1.363815530153725,0
35.0,Male,USA,Premium,Tablet,17.3,16,5,0.6323846153846154,1.9347623485554521,0
41.0,Other,Canada,Premium,Smart TV,17.3,29,5,1.104186813186813,2.172911869374084,1
24.0,Male,USA,Standard,Tablet,17.3,25,5,0.9725555555555554,3.0628503983475945,1
27.0,Female,Canada,Standard,Laptop,17.3,16,5,0.7982941176470588,1.4790538614990025,0
40.0,Male,USA,Basic,Smart TV,17.31,3,5,0.8464333333333334,2.0863800723182,0
51.0,Female,USA,Premium+,Laptop,17.31,22,4,0.7657142857142857,2.1614984391259107,0
35.03946643148495,Male,Canada,Standard,Mobile,17.32,12,5,0.7018787878787878,2.0038565368299266,0
35.03946643148495,Male,Canada,Standard,Mobile,17.32,12,5,0.7018787878787878,2.0038565368299266,0
31.0,Prefer not to say,Canada,Standard,Tablet,17.33,12,4,0.6725,4.552539404553414,0
25.0,Female,USA,Basic,Desktop,17.33,5,5,0.6741538461538462,1.639804447248068,0
34.0,Male,Canada,Premium,Laptop,17.33,7,5,0.7997333333333334,1.0968354430379745,0
44.0,Male,USA,Basic,Tablet,17.34,4,5,0.5997,2.0364063417498537,0
33.0,Male,USA,Basic,Desktop,17.35,33,5,0.7742142857142857,2.102605534235508,0
30.0,Male,USA,Basic,Gaming Console,17.35,5,5,0.8167363636363636,1.511543487730507,0
37.0,Male,USA,Standard,Desktop,17.35,12,5,0.5908571428571429,0.9034105701640199,0
33.0,Female,USA,Standard,Mobile,17.36,32,5,0.87975,2.642313546423135,0
49.0,Male,USA,Standard,Desktop,17.36,7,5,0.8234272727272727,1.524367042294746,0
35.03946643148495,Male,USA,Basic,Tablet,17.36,23,4,0.48877777777777776,2.4055427251732096,0
29.0,Male,Canada,Basic,Laptop,17.37,24,5,0.982032967032967,1.1037915695827154,0
29.0,Male,Canada,Basic,Laptop,17.37,24,5,0.982032967032967,1.1037915695827154,0
39.0,Male,Canada,Basic,Mobile,17.38,17,5,0.5129090909090909,2.003073376872839,1
27.0,Male,Canada,Premium+,Desktop,17.38,35,4,0.7148571428571429,1.0349344978165937,0
27.0,Male,Canada,Premium,Gaming Console,17.38,27,5,0.29642857142857143,2.94659508335688,0
24.0,Male,USA,Premium,Desktop,17.38,32,5,1.1117333333333332,3.7070742979025946,1
59.0,Female,USA,Basic,Desktop,17.39,22,5,0.7597363636363637,1.9550309162450812,0
39.0,Prefer not to say,USA,Premium,Mobile,17.39,32,5,0.5456428571428571,1.2220660576247364,0
21.0,Male,USA,Basic,Smart TV,17.39,23,5,0.554923076923077,1.4884450784593437,0
6.0,Female,Canada,Premium,Mobile,17.4,8,5,0.9778571428571429,4.824399260628465,0
36.0,Male,USA,Standard,Tablet,17.4,24,4,0.5703650793650793,4.959619952494061,0
39.0,Male,USA,Standard,Smart TV,17.4,10,5,0.8317142857142856,0.9192568459980629,0
30.0,Male,USA,Premium,Smart TV,17.4,21,5,0.5814444444444444,1.7840054682159943,0
26.0,Male,USA,Standard,Gaming Console,17.41,16,5,0.576967032967033,1.0520696948333166,0
27.0,Female,USA,Premium+,Desktop,17.41,11,4,0.7920909090909091,1.6588851834206764,0
49.0,Male,USA,Premium,Tablet,17.41,30,5,0.7610559440559441,1.0831605143094152,0
27.0,Female,USA,Premium+,Desktop,17.41,11,4,0.7920909090909091,1.6588851834206764,0
27.0,Female,USA,Premium+,Desktop,17.41,11,4,0.7920909090909091,1.6588851834206764,0
26.0,Prefer not to say,Canada,Basic,Smart TV,17.42,7,5,0.9544,1.7333333333333334,0
38.0,Male,USA,Basic,Mobile,17.42,20,5,1.0670113636363636,1.727888907257398,0
39.0,Male,USA,Premium,Mobile,17.43,21,5,0.722909090909091,1.5819089396460444,1
48.0,Female,USA,Standard,Laptop,17.43,24,5,0.7732090909090908,2.5879732739420933,1
20.0,Male,USA,Premium,Laptop,17.43,25,4,0.7198333333333333,2.3406445837063563,0
45.0,Female,USA,Standard,Laptop,17.44,24,5,0.7317272727272728,2.0409596255119955,0
35.0,Female,Canada,Premium,Laptop,17.44,28,5,0.5897272727272727,2.2483884830253547,1
23.0,Male,USA,Basic,Mobile,17.44,26,5,0.9235833333333332,2.348821548821549,0
47.0,Male,USA,Basic,Desktop,17.44,29,5,0.8118571428571428,3.0498396968813757,0
28.0,Male,USA,Standard,Desktop,17.45,1,5,0.7086666666666666,2.9761227970437747,0
25.0,Female,USA,Standard,Smart TV,17.45,29,3,0.7226666666666668,1.9996180290297936,0
27.0,Male,Canada,Standard,Tablet,17.45,32,5,0.49726666666666663,3.1179273377010124,0
18.0,Male,Canada,Basic,Tablet,17.45,1,5,0.5628888888888889,2.4769339957416605,0
16.0,Male,USA,Basic,Gaming Console,17.45,7,5,0.6095,1.078936521022259,0
41.0,Prefer not to say,USA,Basic,Laptop,17.45,34,5,0.7252857142857143,2.566176470588235,1
32.0,Male,USA,Premium+,Laptop,17.46,3,5,0.7549898989898989,2.2538726333907055,0
27.0,Male,Canada,Basic,Laptop,17.46,7,3,1.1175,5.5021008403361344,0
30.0,Prefer not to say,USA,Standard,Desktop,17.46,24,5,0.8103750000000001,1.25898329527701,0
60.0,Male,USA,Premium+,Laptop,17.47,9,5,0.9064444444444444,1.9662352279122115,0
22.0,Male,USA,Basic,Desktop,17.47,9,5,0.9987575757575757,1.5250982103884763,1
34.0,Female,USA,Standard,Mobile,17.47,26,5,0.7485,1.1307443365695793,0
28.0,Male,Canada,Basic,Laptop,17.47,16,5,0.8141428571428572,3.886540600667407,0
22.0,Male,USA,Basic,Desktop,17.47,9,5,0.9987575757575757,1.5250982103884763,1
35.03946643148495,Female,Canada,Standard,Tablet,17.48,2,5,0.9312857142857144,1.2082949308755762,0
35.03946643148495,Male,USA,Premium,Tablet,17.48,10,5,0.6587575757575757,1.60637157298208,0
52.0,Male,Canada,Standard,Laptop,17.49,24,4,0.7990666666666667,3.9659863945578224,1
18.0,Female,USA,Premium+,Smart TV,17.49,31,5,0.7546666666666666,0.8540734109221128,1
42.0,Female,USA,Premium+,Tablet,17.49,34,5,0.44955555555555554,0.9059829059829059,0
31.0,Male,USA,Premium,Gaming Console,17.5,33,5,0.6508,0.9750208933048566,0
25.0,Male,USA,Standard,Laptop,17.5,36,5,0.9815,3.586065573770492,0
42.0,Female,USA,Standard,Desktop,17.51,25,5,1.059452380952381,2.169316539335123,0
35.03946643148495,Female,USA,Premium+,Tablet,17.51,27,5,0.7165,0.9937570942111239,0
44.0,Male,Canada,Premium,Mobile,17.53,31,5,0.550611111111111,1.9434589800443458,0
35.03946643148495,Male,Canada,Basic,Desktop,17.53,28,5,0.8408666666666667,1.307070958121039,1
28.0,Other,USA,Standard,Laptop,17.53,26,5,0.5733,2.2316995544239338,0
25.0,Male,USA,Standard,Laptop,17.54,28,4,0.6577361111111111,1.4017048481619605,0
48.0,Male,USA,Premium,Smart TV,17.55,33,4,0.7773529411764706,0.9170876153980145,0
18.0,Female,USA,Standard,Gaming Console,17.55,6,5,0.6212222222222223,2.132442284325638,0
30.0,Female,USA,Standard,Smart TV,17.56,26,5,0.5005064102564103,1.4132796780684103,0
29.0,Female,USA,Basic,Gaming Console,17.57,11,5,0.8848681318681318,2.149673735725938,0
35.03946643148495,Female,USA,Basic,Gaming Console,17.57,21,5,0.9025714285714286,0.9266063109782897,0
28.0,Female,USA,Premium,Mobile,17.57,13,5,0.252,9.02568493150685,0
11.0,Male,USA,Premium,Smart TV,17.58,10,4,0.6327,3.129041827350934,1
42.0,Other,USA,Premium,Desktop,17.58,23,5,0.5142857142857142,1.413562047708389,0
19.0,Male,Canada,Premium,Desktop,17.58,7,4,0.7622142857142857,1.8443783878300402,0
15.0,Female,USA,Standard,Tablet,17.59,20,5,0.6866,4.678191489361702,0
17.0,Male,Canada,Premium+,Desktop,17.6,31,5,0.906076923076923,1.4149805708160257,0
64.0,Female,Canada,Premium,Mobile,17.6,19,5,0.7557857142857143,1.134020618556701,0
51.0,Female,USA,Premium,Smart TV,17.61,30,5,0.7983333333333333,1.070950739914859,0
18.0,Male,Canada,Premium,Smart TV,17.61,17,5,0.8431111111111111,1.026323457989315,0
27.0,Male,Canada,Premium,Desktop,17.61,24,4,0.8023333333333333,2.6388611388611385,1
35.03946643148495,Male,Canada,Premium+,Smart TV,17.61,3,5,0.6893333333333334,2.7444155844155844,0
43.0,Prefer not to say,Canada,Basic,Desktop,17.61,24,5,0.6854848484848485,2.1031050955414012,0
30.0,Male,USA,Premium,Tablet,17.62,11,5,0.8798787878787879,1.4313566206336312,0
56.0,Female,USA,Standard,Gaming Console,17.62,19,4,0.7783030303030303,2.1659496004917025,1
50.0,Male,USA,Premium,Tablet,17.62,18,5,0.6903090909090909,1.3609680741503605,0
56.0,Female,USA,Standard,Gaming Console,17.62,19,4,0.7783030303030303,2.1659496004917025,1
53.0,Female,USA,Standard,Mobile,17.63,4,5,0.937111111111111,2.9847629796839725,0
15.0,Male,USA,Premium+,Tablet,17.65,10,3,0.8143363636363636,1.680418914630276,0
36.0,Female,USA,Basic,Laptop,17.65,19,4,0.8901142857142856,1.9850046860356134,0
33.0,Male,USA,Premium+,Gaming Console,17.66,11,4,0.12833333333333333,6.7361729179911,0
46.0,Male,USA,Premium+,Desktop,17.66,29,5,0.648,3.452590420332356,0
53.0,Female,Canada,Premium,Mobile,17.66,10,5,1.0359166666666666,1.4163881833979415,1
23.0,Female,USA,Standard,Smart TV,17.66,35,4,0.7407142857142857,3.65253360910031,0
33.0,Male,USA,Premium,Tablet,17.67,32,5,1.0001818181818183,1.5741648106904234,0
42.0,Male,Canada,Basic,Tablet,17.67,16,4,0.8608809523809524,4.261254019292605,0
10.0,Other,USA,Basic,Smart TV,17.67,5,4,0.93625,18.374350086655113,0
31.0,Prefer not to say,Canada,Premium+,Smart TV,17.67,30,5,1.0173076923076922,1.896940418679549,0
27.0,Male,Canada,Standard,Laptop,17.67,2,5,0.808989010989011,0.825829568468609,0
47.0,Female,USA,Standard,Laptop,17.67,12,5,0.6644545454545454,1.3481688708036625,0
47.0,Female,USA,Standard,Laptop,17.67,12,5,0.6644545454545454,1.3481688708036625,0
35.0,Female,USA,Standard,Laptop,17.68,13,5,0.9816022727272727,1.4487844851133571,0
33.0,Male,Canada,Basic,Laptop,17.68,9,5,0.5840909090909091,2.2077003121748175,0
27.0,Male,USA,Premium+,Gaming Console,17.68,2,5,0.9063571428571428,1.4942949711226932,0
29.0,Male,USA,Premium,Laptop,17.69,9,4,0.9063333333333334,5.97298818232977,0
33.0,Female,USA,Standard,Laptop,17.69,9,5,0.772625,0.883395755305868,0
20.0,Male,USA,Premium,Mobile,17.69,17,5,0.9545555555555556,1.6882455861301098,0
35.0,Male,USA,Basic,Laptop,17.7,28,5,0.5136868686868687,2.7071119041549836,1
43.0,Male,USA,Premium,Mobile,17.7,27,5,0.719,3.7579617834394905,0
35.0,Other,USA,Standard,Smart TV,17.7,29,4,0.5478571428571428,3.4435797665369643,0
21.0,Female,USA,Premium+,Mobile,17.7,26,5,0.8645333333333334,0.8638360175695462,0
35.03946643148495,Male,Canada,Standard,Smart TV,17.7,8,5,0.8522307692307691,1.7065723927366219,0
30.0,Male,Canada,Basic,Desktop,17.7,31,5,1.039076923076923,1.6127562642369018,0
59.0,Male,USA,Standard,Desktop,17.71,12,5,0.6188333333333333,4.203322784810127,0
30.0,Female,Canada,Premium,Tablet,17.71,35,4,0.8792857142857143,1.791905564924115,0
37.0,Female,USA,Basic,Mobile,17.72,27,5,0.8555,1.7420940521055215,0
32.0,Male,USA,Premium,Laptop,17.72,13,5,0.7829999999999999,1.823357914594409,0
34.0,Male,USA,Premium,Mobile,17.72,26,5,1.153,2.004524886877828,0
42.0,Female,USA,Standard,Desktop,17.72,22,5,0.5618333333333334,1.7886944818304171,0
52.0,Male,Canada,Premium,Tablet,17.72,22,5,0.7628571428571429,3.576185671039354,0
28.0,Female,USA,Basic,Gaming Console,17.73,13,5,0.7798571428571428,2.502470007057163,0
35.03946643148495,Other,USA,Standard,Desktop,17.73,19,5,0.7125,1.8253260123541521,0
30.0,Female,USA,Premium,Gaming Console,17.74,27,5,0.534875,2.2239866276640194,0
31.0,Female,USA,Standard,Desktop,17.74,7,5,0.6484000000000001,1.806823968765914,0
15.0,Female,Canada,Basic,Smart TV,17.75,6,5,0.6126580882352941,1.6178034330852193,0
46.0,Prefer not to say,USA,Standard,Gaming Console,17.75,33,5,0.7111428571428571,1.7516447368421053,0
6.0,Female,USA,Standard,Desktop,17.76,34,4,0.8625555555555555,1.6600716622526877,0
42.0,Female,USA,Standard,Tablet,17.78,11,5,1.0701,2.3353765323992994,0
49.0,Male,USA,Premium,Smart TV,17.78,7,5,0.806,1.50021094079595,0
35.0,Other,USA,Premium,Smart TV,17.79,24,4,0.8775,3.045363766048502,0
33.0,Female,Canada,Standard,Gaming Console,17.8,34,5,0.5152539682539683,1.472697186982901,0
14.0,Male,Canada,Basic,Mobile,17.8,25,4,0.9533030303030303,1.5584415584415583,0
31.0,Female,USA,Standard,Smart TV,17.8,32,5,0.6283749999999999,2.6163645271925526,0
31.0,Female,USA,Basic,Tablet,17.8,18,5,1.0339,2.251739405439595,0
33.0,Female,Canada,Standard,Gaming Console,17.8,34,5,0.5152539682539683,1.472697186982901,0
37.0,Male,USA,Premium,Desktop,17.81,32,5,0.9017777777777778,1.904812834224599,0
36.0,Female,USA,Standard,Smart TV,17.81,17,5,0.7998333333333333,1.3449968533668972,0
23.0,Male,USA,Premium,Tablet,17.81,12,5,0.47076666666666667,1.7338958299529446,0
28.0,Male,USA,Premium,Mobile,17.81,19,5,0.7426923076923078,1.5556849614208763,0
15.0,Female,USA,Standard,Smart TV,17.81,29,4,1.2936666666666667,1.395403499608253,0
39.0,Male,USA,Standard,Tablet,17.82,14,5,0.7495757575757576,0.7030510257759074,0
36.0,Male,USA,Premium,Smart TV,17.82,32,5,0.836797619047619,1.4854126146151707,0
57.0,Female,Canada,Premium,Smart TV,17.82,11,5,0.8854444444444445,1.9161290322580644,0
38.0,Female,USA,Premium,Mobile,17.83,10,5,0.8446373626373627,1.2562235791451384,0
33.0,Female,USA,Premium+,Desktop,17.83,9,4,0.474375,3.010129431626336,0
35.03946643148495,Male,Canada,Standard,Tablet,17.84,26,5,0.5113,1.6787954830614804,0
11.0,Female,Canada,Premium,Desktop,17.84,35,5,1.1794285714285713,2.1911975435005115,0
9.0,Female,Canada,Premium,Gaming Console,17.84,31,4,0.678625,6.027027027027027,0
25.0,Female,Canada,Basic,Desktop,17.84,21,5,0.8619285714285716,1.0424620179197506,0
35.03946643148495,Male,Canada,Standard,Tablet,17.84,26,5,0.5113,1.6787954830614804,0
46.0,Male,Canada,Standard,Laptop,17.85,8,5,0.7990909090909091,1.167175239755885,1
35.03946643148495,Female,Canada,Basic,Smart TV,17.85,36,4,0.991,2.387427552385198,0
36.0,Female,USA,Standard,Gaming Console,17.85,24,4,0.7885714285714286,3.235649546827795,0
32.0,Male,USA,Standard,Mobile,17.85,24,5,0.6702,2.7079646017699117,0
45.0,Female,USA,Premium+,Desktop,17.86,20,5,0.6198571428571428,2.179377669310555,0
34.0,Male,USA,Standard,Mobile,17.86,6,5,0.693,3.473581847649919,0
44.0,Female,USA,Standard,Gaming Console,17.87,34,4,0.762,8.688816855753647,0
24.0,Male,USA,Basic,Mobile,17.87,13,5,0.612934065934066,1.7021749484045088,0
30.0,Female,Canada,Basic,Desktop,17.87,3,4,0.669,1.4786925941249482,0
27.0,Male,USA,Premium,Gaming Console,17.87,25,5,0.9325,4.875852660300137,1
35.03946643148495,Male,USA,Premium,Smart TV,17.88,21,5,0.6931607843137255,1.23494877403016,0
29.0,Male,USA,Premium+,Tablet,17.89,15,4,0.6122222222222222,3.5437438098382303,0
27.0,Female,Canada,Premium,Mobile,17.89,35,4,0.8580000000000001,3.4828033744321862,0
32.0,Female,Canada,Standard,Tablet,17.89,30,5,0.38262500000000005,2.0410724472333146,0
56.0,Prefer not to say,USA,Premium,Tablet,17.89,11,4,0.7430000000000001,3.9419757620271763,1
14.0,Female,USA,Premium+,Desktop,17.89,7,5,0.4331111111111111,2.430156214625311,0
16.0,Prefer not to say,USA,Standard,Gaming Console,17.9,20,5,0.5661038961038961,1.1230785318414722,0
6.0,Female,USA,Premium,Laptop,17.9,2,5,0.7447142857142857,1.7099188027384173,1
35.03946643148495,Male,Canada,Standard,Desktop,17.9,16,5,0.8007142857142857,3.308687615526802,0
32.0,Male,Canada,Standard,Tablet,17.9,35,5,0.9378961038961039,1.8542817679558008,0
36.0,Male,USA,Premium,Tablet,17.9,31,4,0.5851111111111111,1.7406807131280388,0
51.0,Female,USA,Standard,Tablet,17.9,9,5,0.7130000000000001,3.25948406676783,0
33.0,Male,Canada,Basic,Mobile,17.9,25,5,0.7839393939393939,0.7348111658456485,0
36.0,Male,USA,Premium,Tablet,17.9,31,4,0.5851111111111111,1.7406807131280388,0
40.0,Female,Canada,Basic,Smart TV,17.91,17,5,1.0473333333333334,2.302549817870152,0
32.0,Female,USA,Standard,Smart TV,17.91,3,5,0.8641272727272727,0.7921857722078879,1
27.0,Female,USA,Premium,Laptop,17.91,8,5,0.8792857142857143,2.7006785624528775,0
41.0,Male,USA,Premium,Laptop,17.91,18,5,0.7338888888888888,0.5000930752047655,0
16.0,Female,USA,Premium,Smart TV,17.91,13,5,0.7834333333333334,1.5805265480217678,0
52.0,Female,USA,Standard,Gaming Console,17.92,8,5,0.8170272727272726,3.107514450867052,0
54.0,Male,Canada,Premium,Tablet,17.92,18,4,1.05125,10.915736040609138,0
39.0,Female,Canada,Basic,Laptop,17.92,16,5,0.7962272727272727,2.4825675363657354,1
53.0,Female,Canada,Standard,Laptop,17.93,2,5,0.6779166666666666,2.1223120931150126,0
70.0,Male,Canada,Standard,Desktop,17.93,4,5,0.8048571428571428,2.658265381764269,0
28.0,Female,USA,Standard,Smart TV,17.93,8,5,0.8265272727272728,2.422972972972973,0
35.03946643148495,Female,Canada,Standard,Laptop,17.94,32,5,1.055923076923077,0.958674741717136,1
61.0,Other,USA,Standard,Mobile,17.94,11,4,0.9117142857142857,2.0157303370786517,0
69.0,Female,USA,Standard,Gaming Console,17.95,4,4,0.818,7.03921568627451,0
46.0,Male,USA,Premium,Desktop,17.95,8,5,1.0213566433566434,1.1555793991416308,0
40.0,Male,Canada,Premium,Desktop,17.95,35,5,0.6263076923076925,1.599584137828605,0
31.0,Female,USA,Premium,Smart TV,17.96,12,4,0.3806666666666667,4.636833046471601,0
21.0,Female,USA,Premium+,Smart TV,17.96,26,5,0.8915555555555554,2.288383945636016,0
46.0,Female,USA,Premium,Gaming Console,17.96,5,5,0.7521764705882353,1.1710497717887416,0
29.0,Other,USA,Standard,Laptop,17.96,29,5,0.7636,2.058452722063037,0
51.0,Female,USA,Standard,Mobile,17.96,15,5,0.4475384615384615,1.428230616302187,0
34.0,Male,Canada,Basic,Smart TV,17.96,31,4,0.663375,4.646830530401035,0
55.0,Male,USA,Standard,Laptop,17.98,18,5,0.6110238095238094,1.7428109854604201,1
30.0,Male,Canada,Standard,Laptop,17.98,7,5,0.9630714285714286,1.5248056537102475,0
48.0,Female,USA,Standard,Laptop,17.98,23,5,0.5862727272727273,2.129490722463482,0
38.0,Male,USA,Premium,Tablet,17.99,23,4,0.7387142857142857,1.1381273724167016,0
18.0,Male,Canada,Basic,Gaming Console,17.99,3,5,0.9833055555555557,1.3382097694024297,0
35.03946643148495,Female,USA,Premium,Tablet,17.99,10,5,0.5820000000000001,1.5974544916383009,0
21.0,Female,USA,Premium,Laptop,17.99,2,5,0.5202,3.185010327530244,0
35.03946643148495,Male,USA,Premium+,Tablet,18.01,27,5,0.9376666666666666,1.5066926938092582,1
28.0,Male,USA,Premium,Gaming Console,18.02,27,5,0.9117363636363637,3.1837455830388692,1
46.0,Male,Canada,Standard,Desktop,18.02,20,5,0.7547435897435897,1.1408673630895854,0
25.0,Female,USA,Premium,Desktop,18.02,35,5,0.8557666666666667,0.7465819638171525,0
54.0,Male,USA,Standard,Gaming Console,18.02,12,4,0.9895694444444445,2.585365853658536,1
46.0,Male,USA,Premium,Gaming Console,18.03,35,5,0.8063076923076924,1.6388425996061204,0
35.03946643148495,Male,Canada,Premium,Gaming Console,18.04,26,5,0.7789166666666666,0.999261447562777,0
35.0,Male,Canada,Premium,Laptop,18.04,5,5,0.8227363636363637,2.2859556494192184,0
37.0,Female,USA,Standard,Laptop,18.04,23,5,0.6429181818181818,1.9820545687603002,0
41.0,Male,USA,Premium,Smart TV,18.04,14,5,0.5817083333333334,1.896618188189942,0
6.0,Female,Canada,Premium,Mobile,18.04,34,5,0.6182628205128204,1.7500404203718674,0
24.0,Male,USA,Premium,Desktop,18.05,27,5,0.7124166666666667,1.7903785749710697,0
31.0,Male,USA,Standard,Smart TV,18.05,36,5,0.6142222222222222,1.9748358862144415,0
53.0,Female,USA,Standard,Smart TV,18.05,15,5,0.8644444444444443,1.4201416207710464,0
35.0,Prefer not to say,Canada,Premium,Desktop,18.06,17,4,0.435,2.7460719716168267,0
22.0,Male,USA,Standard,Desktop,18.06,12,4,0.5793571428571429,0.8680605623648161,0
44.0,Male,USA,Basic,Gaming Console,18.07,13,4,0.7018571428571427,2.5343618513323984,0
36.0,Male,USA,Premium,Tablet,18.07,5,5,0.9498,1.1561100447856685,1
22.0,Male,USA,Premium+,Desktop,18.08,27,5,0.8133214285714285,1.5882869692532942,0
39.0,Male,Canada,Basic,Tablet,18.09,28,4,0.41341666666666665,2.7374527112232028,0
28.0,Female,USA,Standard,Gaming Console,18.09,28,5,0.5500181818181819,0.9526066350710901,0
22.0,Male,USA,Premium,Smart TV,18.1,22,5,0.8423333333333334,4.287406237662851,1
59.0,Female,USA,Premium,Desktop,18.1,1,5,0.5871428571428572,2.6775147928994083,0
23.0,Male,USA,Premium,Gaming Console,18.1,15,4,1.233,7.469050894085282,0
26.0,Female,USA,Premium,Tablet,18.1,4,4,0.8835714285714286,1.7473853580048273,0
21.0,Female,USA,Basic,Gaming Console,18.1,33,5,0.9522261904761904,1.346225362588323,0
26.0,Female,USA,Premium,Tablet,18.1,4,4,0.8835714285714286,1.7473853580048273,0
32.0,Female,USA,Standard,Tablet,18.11,32,5,0.6335555555555555,2.1239249413604377,0
53.0,Male,USA,Standard,Gaming Console,18.11,6,5,0.5765454545454545,0.7453186089580904,0
33.0,Male,USA,Premium+,Tablet,18.11,19,5,0.643,1.9999999999999996,0
21.0,Female,USA,Premium,Laptop,18.11,14,4,0.9867142857142857,2.8983728994398503,1
33.0,Female,USA,Premium+,Mobile,18.11,21,5,0.6099166666666667,2.1697284345047922,0
38.0,Male,Canada,Premium+,Gaming Console,18.11,24,5,0.5580897435897436,1.717401612138454,1
23.0,Male,USA,Premium,Tablet,18.12,30,5,0.5784285714285714,2.442597169175466,0
24.0,Male,USA,Basic,Mobile,18.12,5,4,0.7248888888888889,1.3007896625987077,0
52.0,Female,Canada,Premium+,Tablet,18.12,36,5,0.8546666666666667,0.9177006837173968,0
46.0,Female,Canada,Standard,Gaming Console,18.12,34,5,0.788922600619195,1.0221887927792404,0
37.0,Male,USA,Standard,Mobile,18.13,35,5,0.6750192307692309,2.001471941122355,0
37.0,Male,USA,Premium,Laptop,18.13,5,5,0.6925,1.583636628330179,0
44.0,Male,USA,Premium,Desktop,18.13,21,5,0.6772727272727272,2.731107205623901,0
22.0,Female,Canada,Standard,Mobile,18.13,6,5,0.6859166666666667,1.944235924932976,0
52.0,Male,USA,Basic,Desktop,18.14,25,5,0.7228333333333333,5.3589364844904,0
12.0,Female,USA,Basic,Laptop,18.14,29,5,0.7391666666666666,1.3210341060808353,0
34.0,Male,Canada,Basic,Desktop,18.15,27,4,0.804142857142857,3.011615044247787,0
19.0,Female,USA,Premium+,Mobile,18.15,19,4,0.9104285714285715,3.108763916642877,0
25.0,Other,USA,Premium,Gaming Console,18.16,3,5,0.5551666666666667,2.5105990783410137,0
21.0,Female,Canada,Premium,Laptop,18.16,13,4,0.3685555555555555,1.6108811354228265,1
47.0,Male,USA,Premium,Mobile,18.16,18,4,0.7204999999999999,2.058179070646015,0
24.0,Male,USA,Standard,Gaming Console,18.16,5,4,0.8073999999999999,2.12066952121448,0
43.0,Male,USA,Premium,Tablet,18.17,11,5,0.7038,1.143726395300042,0
28.0,Male,USA,Standard,Mobile,18.17,35,5,0.9728749999999999,2.623195380173244,0
18.0,Male,USA,Premium,Smart TV,18.17,19,5,0.6682222222222223,5.880258899676376,0
26.0,Male,USA,Basic,Tablet,18.17,31,5,0.9579230769230769,2.05079006772009,0
46.0,Prefer not to say,USA,Standard,Gaming Console,18.17,15,5,0.6576000000000001,5.106323185011711,0
46.0,Female,Canada,Basic,Laptop,18.17,12,5,1.0389166666666667,2.509668508287293,0
34.0,Female,USA,Premium,Smart TV,18.17,14,5,0.5707908496732026,1.0151783220039112,1
51.0,Female,Canada,Basic,Smart TV,18.18,15,5,0.6834545454545453,1.495065789473684,0
38.0,Male,USA,Premium,Smart TV,18.18,6,4,0.6328750000000001,2.686699507389162,0
42.0,Male,USA,Premium,Tablet,18.18,14,3,0.47385714285714287,1.727315914489311,1
16.0,Prefer not to say,USA,Standard,Smart TV,18.18,3,5,0.8598095238095238,0.9912758996728465,0
17.0,Female,Canada,Basic,Tablet,18.18,17,4,0.8422857142857143,1.7826442229122403,0
26.0,Male,USA,Premium+,Tablet,18.19,6,5,0.5558571428571428,2.303989867004433,0
32.0,Male,USA,Premium,Desktop,18.19,23,5,0.5476666666666666,2.2554246745195288,0
35.03946643148495,Female,USA,Premium+,Tablet,18.19,16,5,0.6888571428571428,3.2491813039595123,0
27.0,Male,USA,Premium+,Laptop,18.2,12,5,0.8805833333333333,1.2987630827783063,0
27.0,Male,Canada,Standard,Laptop,18.2,17,5,1.0265384615384616,1.4907849829351534,0
41.0,Female,USA,Basic,Tablet,18.2,12,5,0.5167936507936508,2.86013619696176,0
26.0,Male,USA,Basic,Gaming Console,18.2,1,4,0.883,1.3877239801753716,0
35.03946643148495,Male,USA,Premium,Laptop,18.21,1,5,0.3617142857142857,3.989047097480832,0
60.0,Female,USA,Premium+,Tablet,18.21,13,5,1.2934,4.520479933802235,0
36.0,Male,USA,Standard,Gaming Console,18.21,11,5,0.9093939393939394,1.7093241551939924,0
19.0,Male,USA,Standard,Gaming Console,18.22,30,5,0.8057333333333332,1.8277879953185083,0
51.0,Male,USA,Premium,Mobile,18.22,29,5,0.8875320512820513,1.1629787234042552,0
36.0,Female,USA,Basic,Desktop,18.22,35,5,0.4718,1.5836592785745327,0
48.0,Male,Canada,Standard,Desktop,18.22,30,5,0.6283333333333334,1.340362923001471,0
40.0,Male,Canada,Premium,Gaming Console,18.22,4,4,0.7879999999999999,2.8483585200625323,0
27.0,Female,USA,Premium,Desktop,18.22,28,5,0.8342727272727273,1.5447223399745653,0
46.0,Female,USA,Premium,Tablet,18.23,17,5,0.6942222222222223,6.080044469149527,0
42.0,Female,USA,Premium,Smart TV,18.23,3,5,1.309,2.226791530944625,0
35.0,Male,Canada,Premium,Laptop,18.23,3,5,0.43302380952380953,2.921474358974359,0
60.0,Male,USA,Standard,Desktop,18.24,33,5,0.6507857142857143,1.6395505617977526,0
67.0,Female,Canada,Premium+,Laptop,18.24,3,5,0.6538090909090909,1.8365497566705822,0
53.0,Male,USA,Standard,Mobile,18.24,33,5,0.5981785714285714,1.4849389416553596,0
38.0,Other,USA,Premium+,Smart TV,18.25,2,5,0.66575,2.127039627039627,0
35.03946643148495,Male,USA,Premium,Smart TV,18.25,9,4,0.6374272727272727,1.8347855227882037,0
49.0,Other,USA,Standard,Tablet,18.25,10,5,0.35388888888888886,3.6769644056413697,0
27.0,Other,Canada,Standard,Desktop,18.26,21,5,0.7368461538461538,1.9147151345683329,0
50.0,Other,USA,Standard,Gaming Console,18.26,21,5,0.682142857142857,4.694087403598973,0
16.0,Female,USA,Standard,Desktop,18.26,33,5,0.6847272727272729,2.0996550402453047,0
12.0,Male,USA,Standard,Gaming Console,18.26,32,5,0.7206363636363636,2.5658079625292745,0
37.0,Female,USA,Basic,Tablet,18.27,4,5,1.0237500000000002,1.2476667425449577,1
35.03946643148495,Male,USA,Standard,Desktop,18.27,25,4,0.611,18.516891891891895,0
35.03946643148495,Female,USA,Premium,Desktop,18.27,19,5,0.6914395604395605,1.119713993871297,0
21.0,Male,Canada,Basic,Tablet,18.27,4,4,0.6784444444444444,2.897700237906423,0
35.03946643148495,Female,USA,Standard,Gaming Console,18.27,31,5,0.9667666666666667,0.668048022426717,0
15.0,Male,Canada,Basic,Smart TV,18.27,36,5,0.7851818181818182,2.8946395563770793,0
35.03946643148495,Other,USA,Premium,Desktop,18.27,16,5,0.548486111111111,2.8591549295774645,0
35.03946643148495,Female,USA,Basic,Gaming Console,18.28,30,5,0.35100000000000003,4.1063272182703106,0
31.0,Female,USA,Premium,Desktop,18.28,8,5,0.7001999999999999,1.1530698065601346,0
41.0,Male,USA,Standard,Mobile,18.28,5,4,0.5454444444444444,3.102687411598303,0
20.0,Female,Canada,Standard,Tablet,18.3,35,4,1.0525,18.42281879194631,0
34.0,Male,Canada,Premium,Laptop,18.3,20,4,1.084857142857143,2.7198414664354718,0
31.0,Male,USA,Standard,Laptop,18.3,2,5,0.7419080882352942,0.9028862757996877,0
59.0,Female,USA,Standard,Tablet,18.31,20,5,0.8708194444444444,1.3659082431928384,0
31.0,Male,USA,Basic,Laptop,18.31,19,5,0.8793333333333333,1.4922575387123063,1
35.0,Male,USA,Premium+,Tablet,18.31,8,5,0.921875,1.7880859374999998,0
41.0,Male,Canada,Basic,Laptop,18.31,15,5,0.591038961038961,1.9089487402258905,0
45.0,Prefer not to say,Canada,Basic,Tablet,18.32,10,5,0.4818461538461539,2.672501823486506,0
30.0,Female,Canada,Standard,Gaming Console,18.33,1,5,0.5774705882352942,1.8017693315858452,0
30.0,Female,USA,Standard,Gaming Console,18.33,18,4,0.8178566176470587,1.2730640120384302,0
36.0,Female,USA,Standard,Desktop,18.33,7,4,1.1837499999999999,3.3377845220030347,0
35.0,Female,USA,Premium+,Mobile,18.33,36,5,0.8692083333333334,1.5715918833952556,0
35.03946643148495,Male,USA,Premium,Tablet,18.33,8,4,0.8787301587301588,1.8723186925434117,0
32.0,Female,Canada,Premium+,Gaming Console,18.34,27,5,1.2282857142857142,3.4078662124496746,0
21.0,Male,USA,Premium,Laptop,18.34,13,5,0.6843333333333333,2.523274478330658,0
55.0,Male,USA,Standard,Laptop,18.34,6,5,1.0343,1.3803311590566985,0
42.0,Male,Canada,Standard,Tablet,18.34,8,5,0.8628333333333333,2.977272727272727,0
44.0,Female,USA,Premium,Gaming Console,18.35,26,5,1.1057000000000001,3.0711297071129713,0
31.0,Female,USA,Basic,Mobile,18.35,12,5,0.661078431372549,1.1403417918177112,0
49.0,Male,USA,Premium+,Smart TV,18.35,30,4,1.4256666666666666,3.777015437392796,0
32.0,Female,USA,Premium,Laptop,18.35,34,5,0.8252222222222221,2.346547314578005,0
34.0,Male,Canada,Standard,Tablet,18.36,4,5,0.7645,2.294521974588627,0
35.03946643148495,Male,USA,Premium+,Gaming Console,18.36,19,5,0.7247142857142858,3.171897494961129,0
62.0,Male,Canada,Basic,Mobile,18.36,32,5,0.5688571428571428,3.7165991902834006,1
47.0,Male,USA,Standard,Mobile,18.36,27,5,0.9682142857142857,1.4025974025974026,0
35.03946643148495,Female,Canada,Premium,Tablet,18.37,34,4,0.6482857142857142,1.3057694585949533,0
65.0,Female,USA,Premium,Smart TV,18.37,9,5,0.702,3.1241496598639458,0
36.0,Female,Canada,Premium+,Desktop,18.37,17,5,0.8578571428571429,1.7623920690757915,0
65.0,Female,USA,Premium,Smart TV,18.37,9,5,0.702,3.1241496598639458,0
40.0,Male,USA,Basic,Smart TV,18.38,19,5,0.48166666666666663,1.8812691914022515,0
27.0,Female,USA,Standard,Laptop,18.38,1,5,0.8194999999999999,1.135034993824619,1
45.0,Female,Canada,Basic,Tablet,18.38,28,3,1.0619999999999998,2.6812545587162653,0
22.0,Female,USA,Standard,Desktop,18.38,3,4,0.7599431818181819,2.974110032362459,0
42.0,Male,Canada,Standard,Tablet,18.38,3,5,1.0062363636363636,2.3270732221987758,0
32.0,Female,USA,Standard,Tablet,18.38,30,5,0.7037857142857142,1.2747659230146804,0
42.0,Female,USA,Premium+,Laptop,18.38,14,4,0.9408888888888889,3.0430463576158933,0
20.0,Female,USA,Premium,Mobile,18.39,8,5,0.5971794871794872,1.8532079274437352,1
35.0,Male,USA,Premium,Mobile,18.39,19,5,0.6825238095238095,1.5892265591242978,0
49.0,Male,USA,Standard,Mobile,18.39,8,5,1.2626190476190478,0.8806768297549686,0
35.03946643148495,Male,USA,Standard,Smart TV,18.39,31,4,1.0727714285714285,3.8580419580419583,0
43.0,Male,Canada,Standard,Mobile,18.39,22,5,0.7256666666666666,1.1068311766476078,0
20.0,Female,Canada,Premium,Gaming Console,18.4,32,5,0.47174999999999995,2.068965517241379,0
32.0,Male,USA,Standard,Desktop,18.4,27,5,0.911875,1.9021364576154374,0
41.0,Male,USA,Premium+,Smart TV,18.4,23,4,0.5105,1.6100335423654657,0
20.0,Female,Canada,Premium,Gaming Console,18.4,32,5,0.47174999999999995,2.068965517241379,0
42.0,Female,USA,Premium,Smart TV,18.41,5,4,0.7495897435897435,1.1356019327644702,0
11.0,Male,Canada,Standard,Tablet,18.41,13,5,0.7120833333333333,1.476540569442588,0
24.0,Female,USA,Premium,Laptop,18.42,5,5,0.48771428571428566,2.692982456140351,0
28.0,Male,USA,Basic,Gaming Console,18.43,34,4,0.8578194444444445,1.046663511594889,0
32.0,Female,USA,Basic,Tablet,18.43,35,5,0.59825,2.9054125065685756,0
28.0,Other,Canada,Basic,Tablet,18.43,23,5,0.6939166666666667,2.2452791878172587,1
26.0,Male,USA,Premium,Laptop,18.44,9,5,0.7282222222222223,3.912305516265912,0
20.0,Male,USA,Premium,Tablet,18.44,35,4,1.0477777777777777,3.1157420444945085,0
28.0,Female,USA,Premium,Desktop,18.44,19,4,0.8354444444444444,1.699278144678237,0
35.03946643148495,Other,USA,Premium,Laptop,18.45,7,5,0.7287666666666667,1.4953397271376467,0
61.0,Female,USA,Standard,Laptop,18.45,35,5,1.283095238095238,4.199544764795144,0
35.03946643148495,Female,USA,Premium+,Desktop,18.46,31,4,1.1206666666666667,3.9360341151385927,0
30.0,Male,USA,Premium+,Smart TV,18.46,36,4,1.251,31.376770538243626,0
20.0,Female,USA,Premium,Smart TV,18.46,34,5,0.7534444444444445,1.831349206349206,0
28.0,Female,USA,Premium,Desktop,18.47,1,5,0.8240972222222223,1.0484389782403027,0
30.0,Female,Canada,Standard,Gaming Console,18.47,3,5,0.504,2.348378893833439,0
24.0,Male,USA,Standard,Smart TV,18.48,33,5,0.5235714285714286,3.5999999999999996,0
18.0,Female,Canada,Premium+,Laptop,18.49,13,5,0.5503750000000001,2.8229007633587786,0
18.0,Male,Canada,Basic,Laptop,18.49,20,5,0.7169999999999999,2.5082523174316074,0
58.0,Male,Canada,Premium+,Desktop,18.5,16,5,0.7604395604395604,1.3566365191884624,0
45.0,Female,Canada,Standard,Smart TV,18.5,24,5,0.8584444444444443,2.3536895674300253,0
22.0,Male,Canada,Premium,Laptop,18.5,21,5,1.1673333333333333,5.580693815987933,0
18.0,Female,USA,Premium,Desktop,18.5,3,5,0.8358366013071896,1.1378780112762685,1
35.03946643148495,Male,Canada,Standard,Desktop,18.5,21,5,0.6033529411764706,1.3958752515090542,0
42.0,Male,USA,Premium,Laptop,18.51,20,4,1.0044761904761905,2.2809611829944547,1
45.0,Prefer not to say,USA,Basic,Mobile,18.51,2,5,0.7433666666666666,1.5867981140162883,0
23.0,Female,Canada,Premium,Gaming Console,18.51,15,5,0.6475,4.505476673427992,0
37.0,Female,Canada,Premium,Smart TV,18.51,11,5,0.7133571428571429,1.0040683482506103,0
38.0,Female,USA,Premium,Mobile,18.51,36,4,0.61525,2.1074003795066414,1
26.0,Other,USA,Premium,Desktop,18.51,2,5,0.7327181818181818,1.7083525611444392,0
105.0,Male,USA,Standard,Gaming Console,18.52,27,5,0.397125,0.7663448275862068,0
31.0,Female,USA,Premium+,Tablet,18.52,9,4,0.9637,2.190419869899468,1
35.03946643148495,Female,USA,Standard,Laptop,18.54,34,5,0.9525714285714284,2.56786703601108,0
43.0,Female,USA,Standard,Gaming Console,18.54,15,4,0.5748253968253969,1.9080617495711834,0
22.0,Male,USA,Standard,Smart TV,18.54,12,5,0.4385,1.6808703535811425,0
35.0,Other,Canada,Standard,Mobile,18.54,13,5,1.0780714285714286,3.6011654257041106,0
40.0,Female,USA,Standard,Mobile,18.54,34,5,0.5200461538461538,1.2142779172579412,0
16.0,Female,USA,Premium,Desktop,18.55,32,4,0.7764444444444445,2.371617302365225,0
37.0,Female,Canada,Standard,Tablet,18.56,4,4,0.5448000000000001,4.667225481978206,0
35.03946643148495,Male,USA,Standard,Smart TV,18.56,23,5,0.8351333333333333,3.6085547634478283,0
48.0,Prefer not to say,USA,Premium,Laptop,18.56,28,5,0.6576666666666666,5.245407442298634,0
49.0,Female,USA,Standard,Smart TV,18.56,31,5,0.8956923076923077,1.6211966807395546,0
26.0,Prefer not to say,USA,Premium,Smart TV,18.56,19,4,0.7051428571428572,2.1215469613259668,0
22.0,Female,USA,Basic,Smart TV,18.56,4,4,0.5446,3.8479612992398056,0
19.0,Prefer not to say,USA,Standard,Smart TV,18.57,29,5,0.8485578947368422,1.3223356278186567,0
21.0,Male,Canada,Premium+,Tablet,18.57,35,5,0.7256969696969697,3.1201344161299356,0
60.0,Female,Canada,Standard,Desktop,18.57,2,5,0.6589090909090909,1.3701426463354647,0
43.0,Female,USA,Premium,Desktop,18.57,24,5,0.7883566176470589,1.2612633008829524,0
60.0,Female,Canada,Standard,Desktop,18.57,2,5,0.6589090909090909,1.3701426463354647,0
48.0,Prefer not to say,Canada,Basic,Desktop,18.58,9,5,0.8021111111111111,1.5136456211812626,0
49.0,Male,Canada,Standard,Mobile,18.59,1,4,0.6021538461538462,1.0957854406130267,1
31.0,Female,USA,Basic,Desktop,18.59,15,5,0.7860833333333332,2.011541929666366,0
51.0,Male,USA,Basic,Gaming Console,18.59,21,5,0.766375,1.3286480047647409,0
34.0,Female,USA,Premium,Smart TV,18.6,2,5,0.7464583333333333,2.314872433105165,0
29.0,Other,USA,Premium,Laptop,18.6,34,5,0.6605,2.837528604118993,0
16.0,Male,USA,Basic,Tablet,18.6,25,5,0.754909090909091,2.087932647333957,0
35.03946643148495,Female,USA,Premium,Mobile,18.6,36,4,0.643125,1.1762225969645868,0
33.0,Female,USA,Basic,Desktop,18.61,15,5,0.6160000000000001,1.9080656185919342,0
38.0,Male,Canada,Premium+,Smart TV,18.63,6,5,0.8513653846153847,1.783913182253431,0
33.0,Female,USA,Basic,Gaming Console,18.63,28,5,0.3693333333333333,5.32793136320305,0
8.0,Male,Canada,Premium,Gaming Console,18.63,34,5,0.6451858974358975,1.233774834437086,0
43.0,Female,Canada,Premium,Mobile,18.64,8,5,0.7071000000000001,1.1875132724569974,0
28.0,Male,USA,Standard,Laptop,18.64,29,4,0.6374666666666666,2.3373040752351097,0
40.0,Male,USA,Premium,Gaming Console,18.64,32,4,0.6828333333333333,2.2667207134171057,0
24.0,Male,Canada,Standard,Mobile,18.64,5,5,0.7562,0.910823356950892,0
57.0,Male,Canada,Premium+,Smart TV,18.64,28,5,0.5436666666666666,2.466696074106749,0
40.0,Male,Canada,Standard,Desktop,18.64,13,5,0.8232727272727274,1.964862965565706,1
35.03946643148495,Female,Canada,Basic,Smart TV,18.64,8,5,0.9257272727272727,2.521190261496844,1
33.0,Male,Canada,Standard,Desktop,18.65,27,5,0.5973999999999999,5.5977988994497245,0
34.0,Female,USA,Basic,Mobile,18.65,1,5,0.35609999999999997,1.5517958674247674,0
31.0,Female,Canada,Premium,Desktop,18.65,32,4,1.0992,13.195754716981131,0
33.0,Male,USA,Premium,Gaming Console,18.66,10,4,0.5762857142857143,5.432314410480349,0
35.0,Female,USA,Standard,Laptop,18.66,13,5,0.8494047619047619,1.676800958514303,0
31.0,Female,Canada,Basic,Desktop,18.67,2,5,0.49263636363636365,1.318192515886091,0
40.0,Female,USA,Standard,Gaming Console,18.67,24,5,0.8018888888888889,1.407286432160804,0
32.0,Female,USA,Basic,Gaming Console,18.68,31,5,0.6413181818181819,1.451061626100466,0
40.0,Male,USA,Basic,Mobile,18.68,33,5,0.9821010101010101,1.8488947542065324,0
31.0,Male,USA,Premium,Smart TV,18.68,9,5,0.6680972222222221,1.9830148619957537,1
31.0,Male,Canada,Standard,Gaming Console,18.68,10,3,0.7320909090909091,2.2411517696460703,0
34.0,Female,USA,Basic,Smart TV,18.68,11,5,0.6518181818181819,2.1570438799076213,0
31.0,Male,Canada,Standard,Gaming Console,18.68,10,3,0.7320909090909091,2.2411517696460703,0
35.0,Male,Canada,Premium,Tablet,18.69,5,5,0.5962666666666667,0.9741985926505083,1
35.0,Male,USA,Basic,Desktop,18.69,31,4,0.7157142857142857,2.426222414539161,0
33.0,Female,Canada,Standard,Laptop,18.69,7,5,0.956375,2.4304291287386217,0
14.0,Female,USA,Standard,Gaming Console,18.69,31,4,0.7394090909090909,1.840774786605384,0
35.03946643148495,Female,USA,Basic,Tablet,18.69,32,5,0.5529999999999999,1.8939368349940888,0
26.0,Prefer not to say,USA,Standard,Smart TV,18.69,18,5,0.5215333333333333,2.03668725027243,0
43.0,Male,Canada,Standard,Tablet,18.7,18,5,0.6200064102564102,3.0505709624796085,0
47.0,Female,USA,Basic,Laptop,18.7,36,5,0.7105555555555556,2.2860635696821516,0
44.0,Female,USA,Premium,Gaming Console,18.7,21,5,0.6143000000000001,1.589685463304052,0
27.0,Other,USA,Basic,Desktop,18.7,13,5,0.44600000000000006,3.148148148148148,0
22.0,Male,USA,Standard,Tablet,18.7,9,3,1.2514285714285713,3.398970009088155,0
31.0,Male,USA,Premium,Laptop,18.7,21,5,0.9535454545454545,2.339449541284403,0
29.0,Male,USA,Standard,Tablet,18.71,29,5,0.92925,2.501336898395722,0
49.0,Male,Canada,Standard,Mobile,18.71,15,5,0.8033,1.3032273043882054,0
12.0,Female,USA,Standard,Laptop,18.71,29,5,0.8043333333333333,2.2957055214723927,0
43.0,Female,USA,Premium,Desktop,18.72,18,5,0.7095,1.8540772532188838,0
40.0,Male,USA,Premium+,Gaming Console,18.72,31,4,0.614375,2.8616560509554136,0
6.0,Prefer not to say,Canada,Premium,Laptop,18.72,18,5,0.7434285714285714,4.532687651331719,0
26.0,Male,USA,Standard,Gaming Console,18.72,36,5,0.52825,1.1773584905660377,0
45.0,Female,USA,Basic,Laptop,18.72,21,5,0.73315,1.0673762235104056,0
59.0,Male,USA,Standard,Laptop,18.73,25,5,0.6564285714285714,2.213947990543735,0
29.0,Female,USA,Basic,Desktop,18.73,36,5,0.6637912087912088,1.5528533922896226,0
31.0,Male,USA,Premium+,Mobile,18.73,32,5,0.8787153846153847,1.8326810176125243,0
31.0,Prefer not to say,USA,Premium+,Mobile,18.73,7,5,0.8147142857142856,4.513253012048192,1
29.0,Female,USA,Basic,Desktop,18.73,36,5,0.6637912087912088,1.5528533922896226,0
40.0,Male,USA,Standard,Desktop,18.74,18,4,0.5258571428571428,3.525870178739416,0
15.0,Female,USA,Premium,Mobile,18.74,20,4,0.65425,2.0570801317233807,1
32.0,Female,USA,Premium,Desktop,18.74,20,5,0.6646181818181818,2.1271282633371165,0
35.03946643148495,Male,USA,Premium,Mobile,18.75,15,5,0.6535714285714285,1.2139851084493363,0
35.03946643148495,Female,USA,Premium,Smart TV,18.75,30,4,0.6267777777777778,1.69045830202855,0
28.0,Other,USA,Standard,Desktop,18.75,1,4,0.9359285714285713,1.1726078799249529,0
32.0,Male,USA,Premium+,Tablet,18.75,7,4,0.8325555555555555,0.9868421052631581,0
36.0,Male,USA,Standard,Desktop,18.75,35,5,0.734,1.597784405624201,0
36.0,Male,USA,Standard,Desktop,18.76,7,5,0.8279090909090908,1.9247606019151846,0
23.0,Male,Canada,Premium,Smart TV,18.76,20,4,0.8301428571428572,3.492398386596339,0
38.0,Male,USA,Premium+,Tablet,18.76,17,5,0.7270833333333333,1.91071125445595,0
35.03946643148495,Female,USA,Basic,Laptop,18.77,5,4,1.28325,24.971175166297115,0
29.0,Female,USA,Premium,Desktop,18.78,36,5,0.8410666666666667,1.4740973312401882,0
32.0,Prefer not to say,Canada,Premium,Gaming Console,18.79,13,5,0.684190476190476,2.6602170835299668,0
46.0,Male,USA,Premium,Smart TV,18.79,3,5,0.9121904761904762,2.1989467524868345,0
24.0,Other,USA,Premium,Gaming Console,18.8,10,5,0.6897142857142857,2.766061794997548,0
39.0,Male,USA,Premium+,Desktop,18.8,21,5,0.8578351648351648,1.6512955643390428,0
26.0,Male,USA,Standard,Tablet,18.82,5,5,0.9081212121212121,2.0386351326954326,0
35.03946643148495,Male,USA,Standard,Gaming Console,18.83,12,4,0.6187272727272728,1.9652113411028003,0
38.0,Prefer not to say,Canada,Basic,Smart TV,18.83,22,5,0.6275384615384616,0.9154107924161399,1
13.0,Female,Canada,Standard,Tablet,18.83,29,5,0.7851111111111111,2.361622073578595,0
41.0,Male,Canada,Standard,Mobile,18.83,7,5,0.9303333333333333,2.2505976095617526,0
17.0,Male,USA,Standard,Desktop,18.83,29,5,0.7776666666666667,1.496027542372881,0
22.0,Female,USA,Standard,Laptop,18.83,11,5,1.1058382352941176,1.3664731494920173,0
51.0,Female,USA,Standard,Tablet,18.83,30,5,0.7318701298701298,1.4576183718229905,0
31.0,Male,USA,Standard,Laptop,18.84,23,5,0.535,2.1688411358403683,0
55.0,Female,USA,Premium+,Smart TV,18.84,6,5,0.6902857142857142,2.5204013377926424,0
50.0,Female,Canada,Standard,Desktop,18.84,34,4,1.036857142857143,1.4343357441948992,0
27.0,Male,USA,Basic,Desktop,18.85,22,4,0.534875,3.6180422264875243,0
37.0,Prefer not to say,USA,Standard,Desktop,18.85,3,5,0.8173818181818182,0.8842845973416733,1
25.0,Female,Canada,Standard,Tablet,18.85,4,4,0.5546666666666666,4.123222748815166,0
52.0,Prefer not to say,Canada,Premium,Gaming Console,18.85,25,5,0.7165961538461538,1.7346625766871167,0
35.03946643148495,Female,Canada,Standard,Tablet,18.86,35,5,0.6788000000000001,1.8487175298153897,1
35.03946643148495,Female,Canada,Premium,Mobile,18.86,14,5,0.858125,1.7210646387832698,0
35.0,Female,USA,Premium,Desktop,18.86,15,5,0.7297380952380952,1.283720930232558,1
45.0,Female,USA,Standard,Mobile,18.87,17,5,0.827875,2.1785645564748894,0
30.0,Male,USA,Basic,Smart TV,18.87,18,5,1.0867,1.1788837984173262,1
30.0,Female,USA,Premium,Laptop,18.87,12,5,1.0253,2.6147806004618936,0
20.0,Male,Canada,Basic,Laptop,18.88,26,5,0.9827857142857143,1.2888838320628055,0
35.0,Female,Canada,Standard,Laptop,18.88,4,5,0.734125,2.7819253438113947,0
9.0,Male,USA,Premium,Smart TV,18.89,6,5,0.5599740259740259,1.551327675882836,0
21.0,Female,USA,Standard,Smart TV,18.9,14,5,0.64125,3.3362753751103256,0
51.0,Prefer not to say,USA,Premium,Tablet,18.9,15,4,0.7427272727272727,2.966256866335338,0
33.0,Female,Canada,Standard,Desktop,18.91,8,5,0.5835555555555556,3.678988326848249,0
59.0,Female,USA,Standard,Desktop,18.91,18,5,0.5913030303030303,1.7744760713168592,0
35.03946643148495,Male,Canada,Premium,Laptop,18.92,1,4,1.0831111111111111,2.4705114254624596,0
39.0,Male,Canada,Premium,Tablet,18.92,22,4,0.6928888888888889,1.600902552531378,0
34.0,Male,USA,Premium,Desktop,18.92,17,5,0.8447777777777778,3.1445983379501388,1
18.0,Other,Canada,Standard,Desktop,18.93,6,5,0.892,3.6579710144927535,1
42.0,Other,USA,Basic,Mobile,18.93,25,5,0.8576666666666666,1.4433854365230652,0
58.0,Female,Canada,Premium,Smart TV,18.93,8,5,0.5641428571428571,4.345065034429991,0
35.03946643148495,Male,USA,Basic,Desktop,18.94,10,5,0.9257777777777778,2.3774058577405857,1
57.0,Male,USA,Standard,Desktop,18.95,7,5,0.7498,1.4806615444719364,1
43.0,Male,USA,Standard,Mobile,18.95,11,5,0.6831333333333334,0.8488241881298992,0
41.0,Male,Canada,Standard,Tablet,18.95,15,5,0.8880272727272727,2.0553145336225596,0
35.03946643148495,Male,Canada,Standard,Desktop,18.96,22,5,0.756,2.432328415651058,1
35.03946643148495,Male,USA,Premium+,Mobile,18.97,25,5,0.8750941176470588,1.146108146208841,0
34.0,Prefer not to say,USA,Premium,Desktop,18.97,4,5,0.6460042016806723,0.7741277290348908,0
44.0,Male,USA,Standard,Desktop,18.97,24,5,0.8198333333333333,2.233516483516483,1
41.0,Male,Canada,Basic,Tablet,18.97,18,5,0.8419333333333332,2.737373737373737,0
35.03946643148495,Male,USA,Premium+,Mobile,18.97,25,5,0.8750941176470588,1.146108146208841,0
32.0,Female,USA,Premium+,Tablet,18.99,2,4,0.881030303030303,2.5342526690391454,0
68.0,Female,USA,Premium+,Gaming Console,18.99,9,5,0.7065181818181818,2.0368251698248123,1
42.0,Male,USA,Standard,Smart TV,18.99,1,5,0.9449583333333333,3.424706943192064,0
38.0,Male,USA,Premium+,Laptop,18.99,6,4,0.6838181818181819,1.9968454258675077,0
46.0,Male,USA,Premium,Mobile,19.0,4,5,0.7302142857142857,1.3331774061513273,0
35.03946643148495,Male,Canada,Basic,Gaming Console,19.01,10,5,0.6475584415584414,1.7866541353383463,0
19.0,Male,USA,Premium,Tablet,19.01,36,5,0.7123333333333333,2.9343967069719574,0
58.0,Male,USA,Premium,Mobile,19.01,25,5,0.5578571428571428,2.591094956837801,0
34.0,Female,USA,Standard,Gaming Console,19.02,29,5,0.7931666666666667,1.8011363636363635,0
38.0,Male,USA,Standard,Gaming Console,19.02,23,4,0.892875,4.537574552683897,1
22.0,Male,USA,Premium,Mobile,19.03,22,5,1.0055555555555555,2.736816874400767,0
21.0,Female,USA,Standard,Mobile,19.03,32,5,0.473125,3.9169811320754717,0
58.0,Male,USA,Premium,Laptop,19.03,34,5,0.7736461538461539,0.8220302375809936,0
32.0,Male,USA,Premium+,Laptop,19.03,1,5,0.38442857142857145,2.7706867265226887,0
35.03946643148495,Female,Canada,Standard,Desktop,19.03,14,4,0.4877142857142857,2.1588201928530917,0
23.0,Other,USA,Premium,Gaming Console,19.04,31,5,0.611,3.0809061488673133,0
33.0,Male,USA,Basic,Mobile,19.05,23,5,0.7526923076923078,1.9545143638850888,0
35.03946643148495,Prefer not to say,Canada,Premium,Laptop,19.05,5,5,1.0013333333333332,2.8503740648379052,0
59.0,Female,USA,Premium,Mobile,19.05,14,5,0.8485555555555555,5.070984915705413,0
29.0,Male,Canada,Premium,Tablet,19.06,16,5,0.7775714285714286,2.9596273291925463,0
24.0,Female,USA,Premium+,Laptop,19.07,11,4,0.7042857142857143,3.7041113629006146,0
44.0,Female,USA,Standard,Gaming Console,19.07,14,5,1.0041333333333333,2.358688930117501,0
31.0,Female,USA,Premium,Smart TV,19.07,31,5,0.964125,3.8254764292878636,0
47.0,Other,USA,Standard,Desktop,19.07,13,5,0.7959761904761905,1.3518431001890359,1
39.0,Other,USA,Standard,Desktop,19.07,5,5,0.8084181818181819,3.519532451553368,0
35.03946643148495,Male,USA,Premium+,Tablet,19.07,25,5,0.696923076923077,2.0520086083213775,0
40.0,Prefer not to say,USA,Basic,Laptop,19.08,19,5,0.7426999999999999,3.6285261489698883,0
24.0,Other,USA,Premium,Smart TV,19.09,2,5,0.7972222222222223,1.0938783306274473,1
44.0,Male,Canada,Standard,Tablet,19.09,2,5,0.7515000000000001,7.244781783681215,0
30.0,Male,USA,Premium,Mobile,19.1,1,5,0.849,3.731683490719635,0
35.03946643148495,Female,USA,Basic,Laptop,19.11,25,5,0.5479999999999999,2.1844160792531913,0
53.0,Male,USA,Standard,Smart TV,19.12,4,5,0.9863333333333334,1.9427603725656224,0
67.0,Male,Canada,Premium,Desktop,19.12,18,5,0.8543,1.8229779119656762,0
37.0,Male,USA,Premium,Mobile,19.13,33,5,0.8092222222222222,1.601730393524979,0
42.0,Female,USA,Standard,Tablet,19.13,12,5,1.0058,2.418457648546144,0
55.0,Other,Canada,Premium,Laptop,19.13,7,5,0.48466666666666663,4.6096385542168665,0
38.0,Male,Canada,Basic,Tablet,19.14,7,5,0.7208,2.1114175399889685,1
30.0,Female,USA,Premium+,Tablet,19.14,5,5,0.5956060606060606,1.824305003971406,0
61.0,Prefer not to say,USA,Standard,Desktop,19.14,23,3,0.23074999999999998,5.844274809160306,0
37.0,Male,USA,Premium,Smart TV,19.15,22,4,0.4907272727272728,1.8448940269749516,0
26.0,Female,Canada,Premium,Mobile,19.15,15,5,0.9834444444444445,3.2531143827859563,0
29.0,Female,Canada,Premium,Tablet,19.16,3,5,0.8236249999999999,3.088662009672219,0
31.0,Female,USA,Standard,Gaming Console,19.17,7,5,0.7082626262626264,3.641025641025641,0
24.0,Male,USA,Standard,Gaming Console,19.18,31,4,1.0361212121212122,1.748936170212766,0
21.0,Female,USA,Premium,Tablet,19.18,27,5,0.5755714285714285,2.9237804878048776,0
27.0,Male,USA,Basic,Mobile,19.18,32,5,0.6864285714285714,6.076029567053854,0
50.0,Female,USA,Premium+,Gaming Console,19.18,32,4,0.7856666666666666,2.7597122302158272,0
37.0,Male,USA,Standard,Gaming Console,19.18,12,5,0.9055714285714285,1.72198114619183,0
30.0,Male,USA,Premium,Gaming Console,19.19,13,5,0.7428241758241758,2.5518617021276597,0
35.03946643148495,Other,USA,Standard,Smart TV,19.19,20,5,0.9616217948717949,1.4874047280713087,0
45.0,Male,USA,Basic,Tablet,19.21,3,5,0.9124102564102563,1.0272727272727273,1
25.0,Male,USA,Standard,Desktop,19.21,25,5,0.8489090909090908,1.9608710445729838,0
61.0,Female,USA,Basic,Gaming Console,19.21,34,5,0.6472,1.8951002959552778,0
31.0,Prefer not to say,USA,Standard,Gaming Console,19.22,13,5,0.8362499999999999,2.8355052864519297,0
39.0,Prefer not to say,Canada,Standard,Tablet,19.22,33,5,0.7136666666666667,2.4546615581098337,0
29.0,Female,USA,Basic,Mobile,19.22,19,5,0.8036666666666666,4.490654205607476,0
35.0,Female,USA,Standard,Mobile,19.22,1,5,0.7530000000000001,5.806646525679758,0
41.0,Female,Canada,Basic,Tablet,19.22,14,5,0.5825833333333333,1.0217969165337586,0
16.0,Female,Canada,Standard,Smart TV,19.22,2,4,0.6424722222222223,2.385108583247156,0
42.0,Female,Canada,Premium,Laptop,19.23,24,5,0.759,5.8184568835098345,0
51.0,Female,USA,Premium,Gaming Console,19.23,5,4,0.7343333333333334,3.9473144030106053,0
20.0,Prefer not to say,USA,Premium+,Smart TV,19.23,32,5,0.5629090909090909,2.581785634370105,0
35.03946643148495,Female,Canada,Premium,Gaming Console,19.25,18,5,0.6777936507936508,1.9186046511627908,1
60.0,Female,Canada,Standard,Laptop,19.25,18,5,0.7751089743589743,1.910038035389449,0
18.0,Male,USA,Standard,Smart TV,19.25,14,4,0.7573571428571428,1.7238805970149256,1
14.0,Female,USA,Premium,Desktop,19.26,5,5,0.550009090909091,1.4620445344129556,1
53.0,Female,Canada,Standard,Desktop,19.27,10,5,0.5942237762237762,2.5716192170818504,1
31.0,Male,Canada,Premium,Gaming Console,19.27,12,5,0.5196000000000001,4.172500902201371,0
94.0,Male,USA,Basic,Laptop,19.29,3,5,0.9663333333333333,1.4404480398257622,0
20.0,Other,USA,Premium,Tablet,19.29,33,5,0.5381111111111111,2.591580832960143,0
27.0,Female,USA,Basic,Desktop,19.3,9,5,0.5881730769230769,1.425406203840473,1
31.0,Other,USA,Basic,Mobile,19.31,22,5,0.7392142857142857,1.5767555797495914,0
30.0,Female,USA,Standard,Desktop,19.32,3,5,0.7897403846153846,1.1770917952883835,1
32.0,Male,USA,Premium,Gaming Console,19.33,12,5,0.7352307692307691,2.7666984732824424,0
32.0,Male,Canada,Standard,Laptop,19.33,33,5,0.6327142857142858,0.6372877630639047,0
5.0,Female,USA,Premium,Tablet,19.34,18,5,0.8084444444444445,1.0737484963449617,0
28.0,Male,USA,Basic,Gaming Console,19.35,23,4,0.5326666666666666,1.4727895471267285,0
23.0,Female,Canada,Basic,Desktop,19.35,34,5,0.8577878787878788,1.825184719383745,0
31.0,Other,USA,Premium,Tablet,19.35,15,5,0.8523214285714286,1.1228239845261125,0
36.0,Male,USA,Basic,Mobile,19.36,21,4,0.789,2.8773841961852855,0
16.0,Female,Canada,Premium,Smart TV,19.36,19,5,0.7521666666666667,6.61126920887877,0
20.0,Female,USA,Standard,Tablet,19.36,18,5,0.9713076923076924,1.207107970487374,0
35.03946643148495,Female,USA,Standard,Smart TV,19.38,13,4,0.8610363636363636,2.353846153846154,0
35.03946643148495,Male,Canada,Premium+,Tablet,19.38,28,5,0.8734835164835164,1.4236043095004896,1
38.0,Female,USA,Standard,Desktop,19.38,31,5,0.7321818181818183,1.6952908587257618,0
32.0,Female,Canada,Basic,Mobile,19.38,19,5,1.0213999999999999,1.1737155546583222,0
37.0,Male,USA,Standard,Gaming Console,19.38,36,4,0.8899047619047619,1.6869287683156822,0
15.0,Prefer not to say,USA,Premium,Mobile,19.39,7,5,0.6604,2.1660770806181344,0
37.0,Female,USA,Standard,Mobile,19.39,10,5,0.7671666666666667,4.735042735042735,0
59.0,Female,USA,Standard,Smart TV,19.4,23,4,0.6061666666666666,2.7820267686424476,0
22.0,Male,USA,Premium+,Smart TV,19.4,28,5,0.9076013986013987,1.6806237366445278,1
32.0,Male,USA,Premium+,Mobile,19.41,13,5,0.801,1.778558338423946,0
36.0,Female,USA,Premium,Laptop,19.41,31,5,0.5493916083916084,1.7111372318542462,1
36.0,Male,USA,Standard,Smart TV,19.42,29,5,0.8168809523809524,5.4296365330848095,0
35.03946643148495,Male,USA,Basic,Tablet,19.43,22,5,1.027077205882353,1.477004941087039,0
45.0,Female,USA,Standard,Gaming Console,19.43,35,4,0.7050039215686275,1.1872899480598837,0
31.0,Female,USA,Premium,Gaming Console,19.43,23,5,0.8174642857142858,0.7161373548743781,1
31.0,Other,USA,Standard,Mobile,19.43,29,5,0.5848666666666666,0.931150159744409,0
12.0,Female,Canada,Premium,Smart TV,19.43,2,5,0.7892272727272727,1.8821440103325802,0
37.0,Other,Canada,Premium,Smart TV,19.44,26,5,0.71075,2.0527983104540652,0
29.0,Male,Canada,Standard,Gaming Console,19.45,24,5,0.6196666666666666,3.5299455535390196,0
29.0,Female,USA,Premium,Gaming Console,19.45,19,5,0.690375,1.5662327204402093,0
20.0,Female,Canada,Premium,Laptop,19.45,32,5,0.6085972222222222,2.974764211062962,0
30.0,Male,USA,Premium+,Mobile,19.45,16,4,0.8767142857142857,2.6242410613897005,1
35.03946643148495,Male,USA,Standard,Smart TV,19.46,18,5,0.6927070707070706,1.068154789131827,0
44.0,Male,USA,Premium,Smart TV,19.46,5,5,0.5635555555555556,2.920460230115058,0
70.0,Male,USA,Premium+,Desktop,19.46,23,5,0.8676883116883116,1.2659655209801584,0
21.0,Male,Canada,Premium,Mobile,19.47,6,5,0.8047777777777777,1.5743935309973045,0
37.0,Female,USA,Premium,Desktop,19.47,6,5,0.7030000000000001,2.918311266550087,0
46.0,Male,Canada,Standard,Desktop,19.48,15,4,0.7597777777777779,1.9535350158783218,0
35.03946643148495,Female,USA,Standard,Desktop,19.49,33,4,0.7925454545454544,2.3909221018196685,0
34.0,Male,Canada,Basic,Gaming Console,19.5,1,5,0.9425000000000001,2.4173553719008267,0
42.0,Female,Canada,Basic,Tablet,19.5,12,5,0.8716999999999999,1.8777082330284065,0
31.0,Male,USA,Premium+,Desktop,19.52,5,5,0.6917777777777778,2.8889985199802664,0
35.03946643148495,Female,Canada,Standard,Gaming Console,19.52,15,4,0.2205,3.729936305732484,0
39.0,Female,USA,Standard,Gaming Console,19.52,19,5,0.2726,5.112178088171104,0
27.0,Female,USA,Premium,Tablet,19.52,35,4,1.0863333333333332,4.9230769230769225,1
35.03946643148495,Female,USA,Standard,Desktop,19.52,24,5,0.6723000000000001,2.305511811023622,0
20.0,Male,Canada,Basic,Desktop,19.52,18,5,0.961888888888889,0.9378603459320948,0
35.03946643148495,Male,USA,Standard,Mobile,19.53,3,5,0.7041,2.0958683598640673,0
25.0,Female,USA,Basic,Smart TV,19.53,17,4,0.37029999999999996,6.950177935943061,0
35.03946643148495,Female,Canada,Premium,Gaming Console,19.53,13,5,0.9589166666666666,0.6789107763615296,0
59.0,Other,USA,Premium,Mobile,19.54,4,4,0.983,6.28969957081545,0
47.0,Male,USA,Premium,Mobile,19.54,6,5,1.0582222222222222,2.326652113514586,0
58.0,Male,USA,Basic,Laptop,19.54,14,5,0.8386923076923076,1.4767602972666583,0
28.0,Female,USA,Standard,Mobile,19.54,35,4,0.7038,3.172077922077922,0
35.03946643148495,Female,USA,Standard,Gaming Console,19.54,2,5,0.5688571428571427,1.466599949962472,0
40.0,Female,USA,Standard,Mobile,19.54,17,5,0.7406923076923076,2.814210273643783,0
52.0,Male,USA,Premium,Laptop,19.54,10,5,0.7045384615384616,1.0733315023345236,0
27.0,Male,Canada,Premium,Smart TV,19.54,32,4,0.5037272727272727,2.1101511879049677,0
32.0,Male,USA,Standard,Desktop,19.55,5,5,0.29275,8.28975265017668,0
31.0,Male,Canada,Premium,Desktop,19.56,15,5,0.6533305322128851,1.418762088974855,0
42.0,Female,USA,Premium+,Laptop,19.57,14,5,0.8212727272727273,1.1837886883758444,0
16.0,Male,USA,Premium,Gaming Console,19.57,27,5,0.8070923076923077,3.3828867761452033,0
34.0,Male,USA,Standard,Desktop,19.57,24,4,0.5891666666666666,1.3477961432506886,0
34.0,Other,USA,Premium,Smart TV,19.57,25,5,0.707989010989011,2.0262295081967214,0
24.0,Other,USA,Standard,Gaming Console,19.57,11,5,0.9737142857142858,1.7888482632541134,1
35.03946643148495,Male,USA,Standard,Smart TV,19.58,14,5,0.8794761904761905,1.2717038319982679,0
51.0,Male,USA,Standard,Desktop,19.59,31,4,0.5997777777777777,1.8609879670677643,1
37.0,Female,USA,Premium+,Mobile,19.6,18,4,0.8441538461538461,1.7065737919024815,0
6.0,Male,USA,Standard,Laptop,19.61,8,5,0.8233589743589743,1.6285121107266436,1
61.0,Female,USA,Standard,Desktop,19.62,18,5,0.6954666666666667,6.773302646720369,0
21.0,Male,USA,Standard,Tablet,19.62,35,5,0.6127777777777778,3.064826868003124,0
24.0,Female,USA,Premium,Smart TV,19.62,11,5,0.7248571428571429,1.6657704825244093,1
26.0,Female,Canada,Basic,Mobile,19.62,36,5,0.5666923076923077,2.205733558178752,0
59.0,Male,USA,Standard,Laptop,19.62,35,5,0.729625,1.981151127566476,1
46.0,Female,USA,Premium+,Tablet,19.63,14,5,0.6211666666666666,1.7254614708467622,0
33.0,Female,USA,Premium+,Mobile,19.63,28,4,0.6996666666666667,2.078715142957995,0
44.0,Female,Canada,Basic,Desktop,19.63,35,4,0.6585079365079365,2.3914720812182737,0
32.0,Female,Canada,Standard,Smart TV,19.63,15,4,0.88,2.3736396614268434,0
35.03946643148495,Female,USA,Basic,Laptop,19.64,28,5,0.7935833333333333,1.702152246136068,0
97.0,Other,Canada,Premium+,Laptop,19.64,20,5,0.5595128205128206,1.750965824665676,0
29.0,Male,Canada,Premium,Mobile,19.64,13,5,0.5101428571428571,2.4673366834170856,0
45.0,Female,USA,Premium,Tablet,19.65,11,5,0.741111111111111,2.0604683677035998,1
49.0,Female,USA,Basic,Desktop,19.65,8,4,0.6451111111111112,2.4758504829903396,0
34.0,Male,USA,Premium,Mobile,19.66,29,5,0.70675,2.195421552205471,0
35.0,Male,USA,Premium,Mobile,19.66,35,5,0.6340000000000001,7.456384323640959,0
41.0,Female,USA,Premium,Laptop,19.67,19,5,0.5780090909090909,1.3978443681155988,0
51.0,Male,USA,Standard,Gaming Console,19.67,18,5,0.9039166666666667,0.9672977624784855,0
22.0,Other,USA,Standard,Mobile,19.67,8,5,0.6177142857142857,3.68697282099344,0
28.0,Female,USA,Premium+,Smart TV,19.67,15,5,0.8001666666666667,2.285880302149913,0
33.0,Male,USA,Standard,Tablet,19.67,23,5,0.666909090909091,1.3114790532281364,1
22.0,Male,Canada,Basic,Mobile,19.68,10,5,0.6930000000000001,2.207928197456993,0
33.0,Female,USA,Standard,Laptop,19.68,31,5,0.6807222222222222,2.0910217814768903,0
35.03946643148495,Female,USA,Premium,Tablet,19.68,29,5,0.7927613636363637,1.353662730711911,0
35.03946643148495,Male,Canada,Premium,Mobile,19.68,26,5,0.7032307692307693,1.6452556778598297,1
25.0,Male,USA,Standard,Laptop,19.69,2,5,0.7774871794871794,1.9269287228837058,0
35.0,Male,USA,Premium,Gaming Console,19.69,8,5,0.7083571428571429,1.516170431211499,0
42.0,Male,Canada,Standard,Desktop,19.69,4,5,0.9139999999999999,1.4474393530997305,0
37.0,Female,Canada,Standard,Gaming Console,19.69,13,5,0.7610769230769231,1.5171439578785155,0
41.0,Male,USA,Premium+,Mobile,19.69,19,5,0.6574285714285715,3.24026330224904,0
26.0,Male,USA,Premium,Mobile,19.69,24,5,0.6366060606060606,1.8502740798747064,1
35.0,Male,Canada,Basic,Gaming Console,19.7,25,4,0.508625,4.114166376609815,0
43.0,Male,USA,Basic,Mobile,19.7,34,5,0.6705555555555556,2.1320346320346313,0
36.0,Male,Canada,Basic,Gaming Console,19.7,20,5,1.0390000000000001,3.1731543624161076,0
21.0,Female,USA,Premium+,Desktop,19.7,6,4,0.81,3.316498316498316,1
26.0,Female,USA,Premium+,Laptop,19.71,21,5,0.7924191176470587,0.9681539091281214,0
35.03946643148495,Male,Canada,Basic,Tablet,19.71,23,3,0.922125,1.4130720516190705,0
38.0,Female,Canada,Standard,Smart TV,19.71,26,5,0.7976428571428571,0.9244840525328331,0
59.0,Female,Canada,Standard,Laptop,19.72,9,5,1.0261269841269842,2.987878787878788,0
45.0,Male,USA,Basic,Tablet,19.73,35,4,0.5517,1.7149065623641895,0
53.0,Female,USA,Basic,Desktop,19.74,4,5,0.9954242424242423,1.8602167425789224,0
35.0,Male,USA,Standard,Mobile,19.75,14,5,0.7446363636363637,1.883343928798474,0
36.0,Male,USA,Premium,Mobile,19.76,5,5,0.6855714285714285,8.39660056657224,0
36.0,Female,USA,Premium,Laptop,19.76,36,5,0.7125163398692811,0.9941304712393092,0
22.0,Male,USA,Premium+,Gaming Console,19.76,17,5,0.6502857142857144,1.3660559972347046,0
28.0,Male,USA,Premium,Smart TV,19.76,12,5,0.9908,7.708712613784137,0
41.0,Male,USA,Premium+,Tablet,19.77,9,4,0.6605333333333333,4.178231771750616,0
23.0,Male,USA,Standard,Tablet,19.78,32,5,0.7918125,1.3520164046479837,0
33.0,Female,Canada,Standard,Smart TV,19.78,19,5,0.8648333333333333,3.059551430781129,0
69.0,Female,Canada,Standard,Smart TV,19.78,2,5,0.7446875,1.8377206565500155,1
30.0,Male,USA,Standard,Smart TV,19.79,24,5,0.7252083333333332,2.0682807873192823,0
44.0,Prefer not to say,Canada,Standard,Laptop,19.79,33,5,0.7386666666666667,2.0949188426252645,0
40.0,Female,Canada,Standard,Mobile,19.8,4,5,0.6713571428571428,1.1747256007119549,1
34.0,Male,USA,Standard,Laptop,19.8,24,5,0.5486,3.368301672809753,0
39.0,Female,Canada,Basic,Mobile,19.81,16,5,0.935875,5.339622641509433,0
10.0,Female,USA,Premium+,Laptop,19.81,18,4,0.6268333333333334,2.136232925952552,0
40.0,Male,Canada,Standard,Gaming Console,19.81,13,5,0.9401944444444444,3.7805343511450378,0
30.0,Male,Canada,Basic,Desktop,19.82,24,5,0.9978194444444444,1.979690361245214,0
50.0,Female,USA,Basic,Gaming Console,19.82,33,4,1.0889047619047618,3.847298608864445,0
30.0,Male,Canada,Basic,Desktop,19.82,24,5,0.9978194444444444,1.979690361245214,0
22.0,Male,USA,Standard,Mobile,19.83,21,5,0.8201428571428572,1.4434065267499694,1
36.0,Female,USA,Standard,Smart TV,19.83,22,5,0.5776643356643356,1.0386730685290266,0
33.0,Female,USA,Basic,Desktop,19.83,9,5,0.8071212121212121,2.4148569108991267,0
34.0,Male,USA,Standard,Gaming Console,19.83,29,5,0.7650549450549451,2.07318348144276,0
35.03946643148495,Female,USA,Premium+,Desktop,19.83,21,5,0.5558333333333333,11.897999999999998,0
34.0,Female,USA,Premium,Gaming Console,19.84,22,4,0.8233142857142858,3.877524429967427,0
45.0,Male,USA,Standard,Mobile,19.84,27,5,0.944,1.171768874889261,0
27.0,Female,USA,Premium,Laptop,19.86,15,5,0.8204545454545454,1.7624611743824876,0
36.0,Female,USA,Premium,Smart TV,19.87,1,5,0.9223653846153845,2.061916291940505,0
32.0,Prefer not to say,USA,Premium,Laptop,19.87,18,5,0.6417,1.7050915331807779,0
40.0,Female,USA,Standard,Smart TV,19.87,14,5,0.9115,1.8179322964318387,0
51.0,Female,Canada,Standard,Tablet,19.87,30,5,0.7724615384615385,1.6664802907464353,0
52.0,Male,USA,Standard,Mobile,19.88,31,3,0.7661111111111111,2.5519897304236197,0
40.0,Male,Canada,Standard,Gaming Console,19.88,6,5,1.0255714285714286,3.5123674911660774,1
35.0,Male,USA,Standard,Laptop,19.89,31,4,0.7824444444444445,1.6538248337028825,0
41.0,Male,USA,Standard,Laptop,19.89,19,5,0.30474999999999997,13.670103092783506,0
45.0,Female,USA,Premium,Desktop,19.9,8,4,0.9365333333333334,4.199788955328878,0
52.0,Male,USA,Standard,Tablet,19.9,25,5,0.9555,2.584975102836111,0
52.0,Male,USA,Standard,Tablet,19.9,25,5,0.9555,2.584975102836111,0
31.0,Female,USA,Standard,Gaming Console,19.91,27,5,0.6490192307692307,1.1343652074826702,0
35.03946643148495,Male,USA,Premium+,Mobile,19.92,20,5,0.4458571428571429,5.672520170859041,1
69.0,Male,Canada,Premium+,Mobile,19.92,23,5,0.49439999999999995,1.81807118953453,0
43.0,Male,USA,Basic,Smart TV,19.94,29,5,1.1207142857142856,1.7774476303669589,0
26.0,Female,USA,Premium+,Desktop,19.95,28,5,0.8458585858585859,1.5225133553803103,0
36.0,Male,USA,Premium,Desktop,19.95,13,5,0.7143636363636363,1.8563895781637718,0
63.0,Female,USA,Premium,Tablet,19.96,3,5,0.718,3.1130751234728358,0
39.0,Male,USA,Premium,Desktop,19.97,36,5,0.6462,3.497373029772329,0
51.0,Female,USA,Standard,Gaming Console,19.98,21,5,1.250857142857143,2.0147899159663867,0
51.0,Male,USA,Standard,Gaming Console,19.98,21,5,1.250857142857143,2.0147899159663867,0
31.0,Male,USA,Basic,Mobile,19.99,33,5,1.1320833333333333,2.043967280163599,1
43.0,Female,USA,Premium+,Gaming Console,19.99,29,3,0.6861999999999999,4.539742619227856,0
34.0,Other,USA,Premium,Tablet,19.99,19,5,0.8307575757575757,1.0997615991197505,0
50.0,Male,Canada,Premium,Laptop,19.99,26,5,0.6034285714285714,4.074048913043478,0
25.0,Female,USA,Premium,Smart TV,20.0,33,4,0.7723333333333333,2.2535211267605635,0
22.0,Female,USA,Premium,Mobile,20.0,23,4,1.1564333333333334,1.0845006778129236,0
45.0,Female,USA,Premium,Smart TV,20.0,31,5,0.9473076923076924,1.7338534893801474,0
24.0,Prefer not to say,USA,Premium,Gaming Console,20.0,5,5,1.026844155844156,2.3157082207641837,0
35.03946643148495,Male,USA,Premium,Smart TV,20.0,22,5,0.7227181818181818,1.995676035256943,0
21.0,Male,USA,Premium,Mobile,20.0,10,5,0.541,6.6261733848702375,0
51.0,Female,USA,Premium,Smart TV,20.0,15,5,0.6387777777777778,1.5795708832433855,0
37.0,Male,Canada,Premium,Laptop,20.0,22,5,0.8336923076923077,1.7830609212481425,0
37.0,Female,Canada,Premium,Smart TV,20.0,16,5,0.6210606060606061,2.1104467112205416,0
77.0,Female,USA,Premium,Tablet,20.0,27,4,0.7003999999999999,1.9423761735189378,0
42.0,Male,USA,Premium,Laptop,20.0,27,4,0.6684285714285714,3.8986354775828462,0
35.0,Female,USA,Premium,Mobile,20.0,36,5,0.6251666666666668,3.5555555555555554,0
9.0,Female,USA,Premium,Laptop,20.0,32,5,0.7817472527472529,1.7130620985010705,0
15.0,Male,USA,Premium,Gaming Console,20.0,27,5,0.6732727272727272,2.3469587326422845,0
20.0,Prefer not to say,USA,Premium,Gaming Console,20.0,3,5,0.7013571428571428,1.6671297582661848,1
44.0,Female,USA,Premium,Desktop,20.0,36,5,0.5886363636363636,1.7999100044997747,0
28.0,Female,USA,Premium,Desktop,20.0,15,5,0.5993076923076923,1.6920473773265652,1
59.0,Male,USA,Premium,Gaming Console,20.0,7,4,0.6874615384615385,2.126905352711804,0
28.0,Female,USA,Premium,Smart TV,20.0,30,5,1.0800714285714286,1.8876828692779613,1
30.0,Female,USA,Premium,Desktop,20.0,35,5,0.6397142857142857,6.768189509306262,1
23.0,Female,USA,Premium,Laptop,20.0,28,4,0.2365,5.77478344562079,0
49.0,Male,USA,Premium,Tablet,20.0,21,5,0.6289010989010989,1.0706638115631693,0
34.0,Female,Canada,Premium,Mobile,20.0,2,5,0.673861111111111,2.120890774125132,0
35.0,Female,USA,Premium,Gaming Console,20.0,35,5,0.7036666666666667,1.5416238437821173,0
31.0,Male,USA,Premium,Smart TV,20.0,27,5,0.525090909090909,3.116073747078681,0
30.0,Male,USA,Premium,Mobile,20.0,5,5,0.9500000000000001,1.8295471870712,0
27.0,Other,USA,Premium,Laptop,20.0,9,5,0.8002352941176469,1.1467889908256883,1
31.0,Male,USA,Premium,Desktop,20.0,17,5,0.9815,1.49123897104511,0
23.0,Male,USA,Premium,Gaming Console,20.0,12,5,0.6336666666666666,3.21285140562249,0
21.0,Male,USA,Premium,Tablet,20.0,24,5,1.0431249999999999,2.4783147459727384,0
19.0,Female,USA,Premium,Gaming Console,20.0,33,5,0.7112499999999999,1.949634443541836,1
35.0,Female,USA,Premium,Gaming Console,20.0,1,5,0.786,1.8453021682300474,1
35.03946643148495,Male,Canada,Premium,Tablet,20.0,6,4,0.8984761904761904,1.3683010262257695,0
24.0,Other,Canada,Premium,Tablet,20.0,31,5,0.6692222222222222,2.3355391202802642,0
27.0,Male,Canada,Premium,Laptop,20.0,36,5,1.1118181818181818,2.0137606981037086,0
41.0,Male,Canada,Premium,Smart TV,20.0,1,5,0.8703030303030304,2.051282051282051,0
37.0,Female,USA,Premium,Tablet,20.0,11,5,0.5019,1.2530019839198079,0
34.0,Male,USA,Premium,Gaming Console,20.0,32,5,0.7139181818181819,1.6613595458950574,0
35.03946643148495,Female,USA,Premium,Laptop,20.0,16,5,0.7391538461538462,2.6536930561698364,0
52.0,Female,USA,Premium,Mobile,20.0,28,5,0.7952000000000001,3.4149117814456456,1
26.0,Male,USA,Premium,Desktop,20.0,10,4,0.655,2.844275894761792,1
30.0,Male,USA,Premium,Tablet,20.0,3,5,0.5690000000000001,1.495699862894179,0
38.0,Male,USA,Premium,Desktop,20.0,35,5,0.7828666666666666,1.7004392801473713,1
53.0,Female,USA,Premium,Tablet,20.0,36,5,0.5875,4.968944099378882,0
20.0,Female,USA,Premium,Mobile,20.0,35,5,0.8509285714285715,1.8504240555127216,0
31.0,Female,Canada,Premium,Desktop,20.0,25,5,0.6659999999999999,2.587880094888937,0
38.0,Female,Canada,Premium,Desktop,20.0,22,5,0.5693846153846154,2.2442491116513934,1
35.03946643148495,Female,USA,Premium,Desktop,20.0,34,5,0.9734444444444446,2.826189354686764,0
35.0,Male,USA,Premium,Smart TV,20.0,4,4,0.505,3.2008535609495863,0
35.03946643148495,Female,USA,Premium,Smart TV,20.0,22,4,0.7602307692307693,1.7047876118766871,1
32.0,Female,Canada,Premium,Desktop,20.0,23,5,0.6553076923076924,1.4115986354546524,0
35.0,Male,USA,Premium,Gaming Console,20.0,36,4,0.5575714285714286,3.0581039755351678,0
27.0,Male,USA,Premium,Gaming Console,20.0,6,5,0.9453333333333334,1.8674136321195143,0
30.0,Other,USA,Premium,Smart TV,20.0,16,5,0.773,1.7667844522968197,0
35.03946643148495,Female,Canada,Premium,Laptop,20.0,9,5,0.7018181818181819,2.7945971122496505,0
54.0,Female,Canada,Premium,Gaming Console,20.0,9,5,0.5671,1.959823615874571,0
27.0,Male,Canada,Premium,Desktop,20.0,19,5,0.7781176470588235,0.9438414346389807,0
35.03946643148495,Male,USA,Premium,Tablet,20.0,27,5,0.8835873015873015,1.7196904557179706,1
49.0,Female,Canada,Premium,Gaming Console,20.0,36,4,1.0316666666666667,1.3268465280849182,0
31.0,Other,USA,Premium,Tablet,20.0,1,5,0.49022222222222217,3.0333670374115265,0
30.0,Male,USA,Premium,Gaming Console,20.0,32,4,0.6703749999999999,1.5509887553315236,0
37.0,Female,USA,Premium,Gaming Console,20.0,35,4,0.7553333333333332,6.976744186046512,0
38.0,Female,Canada,Premium,Desktop,20.0,4,5,0.99025,2.412060301507538,0
27.0,Male,USA,Premium,Tablet,20.0,12,5,0.939076923076923,2.0056827678422193,0
104.0,Male,Canada,Premium,Tablet,20.0,21,5,0.925922077922078,1.8228771077016557,0
21.0,Female,USA,Premium,Smart TV,20.0,4,4,0.9128,2.677376171352075,0
30.0,Female,USA,Premium,Desktop,20.0,33,5,0.9232083333333332,2.6797677534613666,0
35.03946643148495,Male,USA,Premium,Desktop,20.0,26,5,0.8832222222222221,0.9577015163607343,0
33.0,Male,Canada,Standard,Mobile,20.0,34,5,0.9195,2.9090909090909087,1
37.0,Female,USA,Premium,Desktop,20.0,13,5,0.5384444444444445,4.1011619958988375,0
16.0,Female,USA,Premium,Tablet,20.0,33,5,0.9157777777777778,2.640845070422535,0
42.0,Male,Canada,Premium,Tablet,20.0,3,5,1.0147692307692309,1.8770530267480054,0
27.0,Female,Canada,Premium,Smart TV,20.0,27,5,1.12275,6.539509536784742,1
57.0,Male,USA,Premium,Mobile,20.0,32,5,0.8818333333333332,2.685164466323562,0
25.0,Other,Canada,Premium,Smart TV,20.0,29,5,0.8613333333333333,1.852423587527014,0
35.03946643148495,Male,Canada,Premium,Desktop,20.0,19,5,0.910923076923077,1.180173092053501,0
23.0,Female,Canada,Premium,Gaming Console,20.0,19,4,0.29088888888888886,1.5866719555731852,0
42.0,Male,Canada,Premium,Desktop,20.0,29,5,0.896,6.091370558375635,0
30.0,Female,USA,Premium,Mobile,20.0,16,5,0.9129743589743591,1.0371650821089022,0
25.0,Female,USA,Premium,Gaming Console,20.0,23,5,0.6422307692307692,1.075172475584625,0
21.0,Male,Canada,Premium,Laptop,20.0,20,5,0.752,1.4236564242496141,0
42.0,Male,USA,Premium,Mobile,20.0,11,5,0.7098272727272726,3.7453183520599245,0
63.0,Male,USA,Premium,Tablet,20.0,2,5,0.661625,1.0980966325036605,0
29.0,Female,USA,Premium,Laptop,20.0,16,5,0.7040192307692308,2.0938754144128424,0
21.0,Male,Canada,Premium,Smart TV,20.0,35,5,0.8756454545454545,2.1030494216614093,0
29.0,Female,Canada,Premium,Gaming Console,20.0,13,5,0.8616272727272727,2.054442732408834,0
35.0,Male,USA,Premium,Tablet,20.0,31,5,0.7349166666666667,2.268431001890359,0
44.0,Male,USA,Premium,Tablet,20.0,33,5,0.969125,2.5641025641025643,0
45.0,Female,USA,Premium,Smart TV,20.0,30,4,0.5344444444444445,3.0402837598175827,1
38.0,Female,USA,Premium,Desktop,20.0,28,4,0.30824999999999997,9.316770186335404,0
25.0,Male,Canada,Premium,Desktop,20.0,31,5,0.6935,1.8906570033086494,0
42.0,Male,Canada,Premium,Smart TV,20.0,5,4,0.619909090909091,1.6565433462175594,1
60.0,Male,USA,Premium,Smart TV,20.0,10,4,0.7452222222222222,2.5602730957968847,0
43.0,Female,USA,Premium,Laptop,20.0,16,5,0.8607142857142857,3.6341611144760746,0
61.0,Female,USA,Premium,Smart TV,20.0,36,5,0.9092222222222222,0.9050456293838148,0
26.0,Male,Canada,Premium,Desktop,20.0,9,5,0.8121363636363637,2.066471499913897,0
39.0,Female,Canada,Premium,Laptop,20.0,14,5,0.8291777777777778,0.9887122023564309,0
43.0,Male,USA,Premium,Gaming Console,20.0,32,5,0.4755,11.100832562442184,0
35.03946643148495,Male,USA,Premium,Smart TV,20.0,27,5,0.5121875,1.0704727921498662,0
51.0,Female,USA,Premium,Tablet,20.0,13,4,0.7904,2.7998133457769483,0
34.0,Male,USA,Premium,Laptop,20.0,3,5,0.603923076923077,1.9834710743801651,0
35.03946643148495,Male,USA,Premium,Mobile,20.0,28,4,0.7850333333333332,0.8746993221080255,0
31.0,Male,USA,Premium,Smart TV,20.0,9,5,0.7148333333333332,2.0195220464490067,0
38.0,Female,Canada,Premium,Gaming Console,20.0,36,5,0.7758,1.6179048132668192,0
22.0,Female,USA,Premium,Gaming Console,20.0,20,5,0.8981666666666666,4.135079255685733,0
35.03946643148495,Female,USA,Premium,Mobile,20.0,7,5,0.9075,3.184713375796178,0
36.0,Female,USA,Premium,Laptop,20.0,21,5,0.6880793650793651,2.938295788442703,0
32.0,Female,Canada,Premium,Mobile,20.0,12,4,0.809625,2.5564550489987217,0
34.0,Female,Canada,Premium,Smart TV,20.0,30,4,0.9554166666666666,3.2068412613575625,0
45.0,Female,USA,Premium,Desktop,20.0,21,5,0.7393333333333334,10.221465076660989,1
35.03946643148495,Male,USA,Premium,Desktop,20.0,2,5,0.7719583333333333,1.7258737235725587,0
18.0,Female,USA,Premium,Desktop,20.0,16,5,0.38358333333333333,2.822201317027281,0
43.0,Female,Canada,Premium,Tablet,20.0,26,5,0.7176527777777777,1.0130856901646264,0
35.03946643148495,Male,USA,Premium,Smart TV,20.0,1,5,0.4472424242424242,2.807674309780065,0
37.0,Female,USA,Premium,Mobile,20.0,13,5,0.7512539682539683,1.1482154817720793,0
35.03946643148495,Female,USA,Premium,Desktop,20.0,11,5,0.7945454545454546,2.4262029923170236,0
39.0,Female,USA,Premium,Mobile,20.0,7,5,0.7736666666666666,4.8076923076923075,0
35.0,Female,USA,Premium,Tablet,20.0,12,5,0.5995,3.432494279176201,0
44.0,Female,USA,Premium,Mobile,20.0,12,5,0.5771212121212121,2.5036511579386604,0
53.0,Female,USA,Premium,Gaming Console,20.0,3,5,0.4876666666666667,1.3650324195199635,0
26.0,Female,Canada,Premium,Gaming Console,20.0,1,4,0.8085,1.3994169096209912,0
35.03946643148495,Female,Canada,Premium,Gaming Console,20.0,3,5,0.6910681818181819,1.2717253073336159,0
35.03946643148495,Female,USA,Premium,Smart TV,20.0,30,5,0.7217272727272728,2.7297543221110097,0
38.0,Female,Canada,Premium,Gaming Console,20.0,30,5,0.6553333333333334,1.9150973507819982,0
27.0,Female,USA,Premium,Gaming Console,20.0,7,4,0.9377252747252747,2.24887556221889,0
19.0,Male,Canada,Premium,Laptop,20.0,1,4,0.44683333333333336,7.439553626782394,1
47.0,Female,Canada,Premium,Desktop,20.0,22,4,0.49050000000000005,3.0303030303030303,0
14.0,Male,USA,Premium,Desktop,20.0,11,5,0.6374444444444445,2.0280547574784515,0
18.0,Female,Canada,Premium,Desktop,20.0,4,5,0.9778571428571429,2.535389816184238,0
94.0,Female,Canada,Premium,Laptop,20.0,30,5,0.956984126984127,1.9169329073482428,0
48.0,Female,Canada,Premium,Smart TV,20.0,21,5,0.5735192307692307,1.3252346769740475,0
18.0,Male,USA,Premium,Tablet,20.0,35,5,0.47769999999999996,2.8281876031110063,0
41.0,Female,USA,Premium,Mobile,20.0,18,4,0.6671428571428571,3.5555555555555554,0
48.0,Female,USA,Premium,Gaming Console,20.0,5,5,1.071,7.202881152460985,0
47.0,Female,USA,Premium,Desktop,20.0,8,5,0.8130000000000001,3.59496704613541,0
52.0,Male,Canada,Premium,Tablet,20.0,15,5,0.7415604395604396,3.5502958579881647,0
19.0,Prefer not to say,USA,Premium,Laptop,20.0,35,5,0.7233333333333333,4.137931034482759,0
20.0,Male,USA,Premium,Laptop,20.0,24,5,0.5822626262626263,2.824858757062147,0
24.0,Female,USA,Premium,Gaming Console,20.0,5,5,0.984,3.211131924003211,1
32.0,Male,Canada,Premium,Tablet,20.0,3,5,1.1545545454545456,2.3566378633150036,0
30.0,Female,USA,Premium,Mobile,20.0,30,5,0.8357777777777777,3.4423407917383817,0
37.0,Male,Canada,Premium,Desktop,20.0,18,5,0.67325,2.425712553062462,0
30.0,Male,USA,Premium,Mobile,20.0,17,5,0.8185,4.805766920304365,1
32.0,Other,USA,Premium,Smart TV,20.0,14,5,0.704,1.0889292196007259,0
19.0,Male,Canada,Premium,Gaming Console,20.0,5,5,0.7423076923076923,1.8668326073428747,0
43.0,Female,USA,Premium,Gaming Console,20.0,35,5,0.6490192307692307,1.8050541516245486,0
35.03946643148495,Male,USA,Premium,Mobile,20.0,12,5,0.573625,3.083247687564234,1
53.0,Female,USA,Premium,Desktop,20.0,30,4,0.8024285714285715,3.0037546933667083,0
35.0,Female,Canada,Premium,Desktop,20.0,24,5,1.16675,27.149321266968325,0
35.03946643148495,Female,USA,Premium,Tablet,20.0,1,5,0.6879,2.481902792140641,1
51.0,Male,USA,Premium,Gaming Console,20.0,19,4,1.0201250000000002,2.853067047075606,0
19.0,Prefer not to say,USA,Premium,Smart TV,20.0,30,5,0.6086666666666666,1.5993602558976407,0
29.0,Other,Canada,Premium,Laptop,20.0,6,5,0.8248809523809524,2.4701523260601066,1
23.0,Female,USA,Premium,Smart TV,20.0,16,5,0.898,1.0910082734794073,0
46.0,Female,USA,Premium,Mobile,20.0,11,5,0.671375,5.55812876331635,0
54.0,Female,Canada,Premium,Mobile,20.0,6,5,0.6956428571428571,1.6787912702853947,0
33.0,Female,USA,Premium,Smart TV,20.0,17,5,1.2632,2.5488530161427354,1
38.0,Male,USA,Premium,Desktop,20.0,32,5,0.42933333333333334,4.455997029335313,0
36.0,Female,USA,Premium,Desktop,20.0,6,5,0.6720090909090909,2.099370188943317,0
35.03946643148495,Female,Canada,Premium,Tablet,20.0,34,4,0.7103286713286713,2.4701523260601066,1
16.0,Female,USA,Premium,Gaming Console,20.0,19,5,0.8314705882352942,1.9323671497584543,0
44.0,Male,Canada,Premium,Smart TV,20.0,22,5,0.825,1.7318516380430073,0
32.0,Female,USA,Premium,Smart TV,20.0,19,5,0.7153116883116883,1.3668982799863312,0
35.0,Other,Canada,Premium,Laptop,20.0,29,5,0.9272727272727272,1.520912547528517,0
32.0,Female,USA,Premium,Desktop,20.0,13,4,0.7515238095238095,3.6374658987571986,0
44.0,Female,USA,Premium,Laptop,20.0,14,5,0.7919090909090909,2.93040293040293,0
63.0,Prefer not to say,USA,Premium,Desktop,20.0,6,5,0.830875,2.008704385671242,0
46.0,Female,USA,Premium,Gaming Console,20.0,3,5,0.9955555555555555,0.9232899899976916,1
23.0,Other,USA,Premium,Desktop,20.0,3,5,0.7923333333333333,1.5739769150052465,0
44.0,Male,USA,Premium,Tablet,20.0,11,5,0.5898181818181818,2.102312543798178,0
42.0,Female,USA,Premium,Gaming Console,20.0,17,5,0.9780833333333334,1.5752165922814387,0
27.0,Male,USA,Premium,Laptop,20.0,9,4,0.524,6.393180607352158,0
17.0,Female,Canada,Premium,Mobile,20.0,14,5,0.6789047619047619,2.1257750221434897,0
39.0,Female,USA,Premium,Laptop,20.0,12,4,0.6553076923076923,1.1025358324145536,0
55.0,Female,Canada,Premium,Smart TV,20.0,25,5,0.41546666666666665,1.1727912431587177,0
32.0,Male,Canada,Premium,Gaming Console,20.0,23,5,0.7485714285714286,1.8547140649149922,0
16.0,Female,USA,Premium,Mobile,20.0,9,5,0.7801666666666667,3.4965034965034962,0
44.0,Male,USA,Premium,Tablet,20.0,3,5,0.4854666666666667,11.25703564727955,0
41.0,Female,USA,Premium,Laptop,20.0,3,5,0.644375,1.3766203969255477,1
28.0,Female,USA,Premium,Desktop,20.0,32,5,0.5297499999999999,2.5767661584711186,0
35.03946643148495,Male,USA,Premium,Desktop,20.0,28,5,0.7818589743589743,1.9448946515397083,0
22.0,Female,USA,Premium,Gaming Console,20.0,30,4,1.21975,7.375537799631224,0
46.0,Other,Canada,Premium,Mobile,20.0,7,5,0.7815238095238095,2.5751072961373387,0
43.0,Male,USA,Premium,Desktop,20.0,18,5,0.8708547008547008,1.0869565217391306,1
20.0,Male,USA,Premium,Smart TV,20.0,34,5,0.49269230769230765,1.0786516853932584,0
35.03946643148495,Prefer not to say,USA,Premium,Mobile,20.0,21,4,1.3563333333333332,7.100591715976333,0
20.0,Male,Canada,Premium,Tablet,20.0,8,4,0.5787777777777777,2.375296912114014,0
11.0,Female,USA,Premium,Desktop,20.0,13,5,0.5356470588235294,1.0268697586856068,0
28.0,Female,USA,Premium,Smart TV,20.0,18,5,0.7547777777777778,3.6452004860267313,0
35.0,Female,Canada,Premium,Desktop,20.0,7,5,0.645625,3.5460992907801416,0
51.0,Male,Canada,Premium,Mobile,20.0,10,5,0.835047619047619,2.512562814070352,0
46.0,Female,Canada,Premium,Gaming Console,20.0,25,5,0.9953809523809524,2.711251694532309,0
43.0,Female,USA,Premium,Desktop,20.0,2,5,0.7762272727272728,2.877697841726618,0
47.0,Female,USA,Premium,Desktop,20.0,27,5,0.8333857142857143,1.2277470841006752,1
42.0,Prefer not to say,USA,Premium,Laptop,20.0,8,5,0.7894191176470589,1.377726750861079,0
39.0,Male,USA,Premium,Smart TV,20.0,29,4,0.5958611111111112,1.670843776106934,0
53.0,Female,USA,Premium,Desktop,20.0,27,5,0.5745128205128205,0.9454774661203909,0
35.0,Female,Canada,Premium,Tablet,20.0,11,5,0.5259285714285714,2.2792022792022792,1
40.0,Prefer not to say,USA,Premium,Gaming Console,20.0,10,5,0.734111111111111,1.5308075009567548,0
37.0,Female,USA,Premium,Desktop,20.0,9,4,0.7011666666666666,1.3368983957219251,0
52.0,Male,USA,Premium,Gaming Console,20.0,21,5,0.8552517482517483,2.1707670043415335,0
17.0,Female,USA,Premium,Gaming Console,20.0,28,5,0.6229,2.811621368322399,0
43.0,Female,USA,Premium,Gaming Console,20.0,31,5,0.8429090909090909,2.1231422505307855,0
36.0,Male,USA,Premium,Tablet,20.0,26,5,0.6835142857142857,5.272407732864675,0
40.0,Female,USA,Premium,Tablet,20.0,31,5,0.6494871794871795,1.7859800565560353,0
47.0,Female,USA,Premium,Mobile,20.0,18,3,0.6448571428571428,7.113218731475993,0
60.0,Male,USA,Premium,Smart TV,20.0,24,5,0.8873636363636364,2.2844089091947457,0
25.0,Female,USA,Premium,Laptop,20.0,2,4,0.7543333333333333,3.5714285714285716,1
20.0,Female,Canada,Premium,Desktop,20.0,32,5,0.4094285714285714,2.545608824777259,0
31.0,Female,Canada,Premium,Mobile,20.0,4,5,0.6754102564102564,1.5816528272044286,0
44.0,Male,USA,Premium,Tablet,20.0,17,5,1.0811538461538461,1.1074197120708749,0
35.03946643148495,Prefer not to say,USA,Premium,Smart TV,20.0,9,5,0.8629551282051282,0.6391818472355385,0
47.0,Female,USA,Premium,Laptop,20.0,28,5,0.7428,1.7472335468841003,0
35.03946643148495,Male,USA,Premium,Mobile,20.0,7,4,0.6878333333333333,2.0938754144128424,0
47.0,Male,Canada,Premium,Tablet,20.0,15,5,0.448967032967033,1.448575567358764,0
35.03946643148495,Male,Canada,Premium,Laptop,20.0,34,4,0.9431212121212122,1.5485869144405728,0
39.0,Male,USA,Premium,Desktop,20.0,6,5,0.7996022727272727,2.2984102662325228,0
15.0,Female,Canada,Premium,Smart TV,20.0,31,5,0.5882000000000001,3.4672060098237503,0
37.0,Female,USA,Premium,Tablet,20.0,31,5,0.6231111111111111,3.2876712328767126,0
36.0,Female,USA,Premium,Laptop,20.0,15,5,0.6494,3.309431880860452,0
52.0,Male,USA,Premium,Tablet,20.0,24,5,0.6598272727272727,1.628443479440901,0
40.0,Female,USA,Premium,Mobile,20.0,17,4,0.265,2.6519337016574585,0
22.0,Male,Canada,Premium,Gaming Console,20.0,10,5,0.7933333333333333,3.7406483790523692,1
50.0,Male,Canada,Premium,Tablet,20.0,27,5,0.618,1.7318516380430076,0
35.03946643148495,Female,USA,Premium,Gaming Console,20.0,7,5,1.0063333333333333,1.9367333763718528,0
35.03946643148495,Male,USA,Premium,Tablet,20.0,17,5,0.437375,2.935420743639922,0
32.0,Female,USA,Premium,Mobile,20.0,36,5,0.7861666666666667,4.882017900732302,0
35.03946643148495,Female,Canada,Premium,Mobile,20.0,23,5,0.532125,2.261590652091971,0
35.03946643148495,Other,Canada,Premium,Gaming Console,20.0,24,5,0.5996363636363636,1.503570981080065,0
46.0,Other,USA,Premium,Tablet,20.0,17,5,1.083923076923077,3.3670033670033668,0
39.0,Male,USA,Premium,Tablet,20.0,12,4,1.0739999999999998,3.154574132492113,0
23.0,Male,USA,Premium,Desktop,20.0,7,4,0.7997142857142857,2.541834357127727,0
35.0,Female,USA,Premium,Desktop,20.0,12,5,0.7661843137254902,2.3378141437755695,0
44.0,Male,USA,Premium,Smart TV,20.0,16,5,0.47816666666666663,2.2213994816734544,0
42.0,Female,USA,Premium,Desktop,20.0,3,5,1.0337777777777777,2.905569007263922,0
33.0,Female,USA,Premium,Tablet,20.0,26,5,0.7545714285714286,1.4058106841611997,0
38.0,Male,Canada,Premium,Smart TV,20.0,1,4,0.580875,2.61210274270788,1
46.0,Female,Canada,Premium,Smart TV,20.0,21,5,0.8571515151515152,2.7143180275955663,0
39.0,Female,USA,Premium,Mobile,20.0,26,4,0.7585272727272727,1.945209920570595,0
31.0,Female,USA,Premium,Laptop,20.0,16,5,0.7270078431372549,0.9951899154088572,0
37.0,Male,USA,Premium,Smart TV,20.0,9,5,0.6528397435897435,1.9563090968373005,0
33.0,Female,Canada,Premium,Smart TV,20.0,10,5,0.6668888888888889,2.8208744710860367,0
18.0,Other,USA,Premium,Laptop,20.0,22,5,0.8260363636363637,3.674219228413962,0
38.0,Prefer not to say,USA,Premium,Gaming Console,20.0,22,4,0.569068376068376,1.9753086419753085,0
29.0,Female,USA,Premium,Mobile,20.0,18,5,0.5878484848484848,1.7587571449509012,1
46.0,Male,USA,Premium,Tablet,20.0,35,5,0.5603333333333333,1.907790143084261,0
27.0,Male,Canada,Premium,Tablet,20.0,18,4,0.8343333333333334,3.9577836411609497,1
28.0,Female,USA,Premium,Desktop,20.0,8,5,0.8117777777777778,1.4671720259200391,0
38.0,Female,USA,Premium,Mobile,20.0,21,5,0.4617857142857143,1.2693039983075947,0
20.0,Male,USA,Premium,Desktop,20.0,13,4,0.4165714285714286,2.217704675660691,0
33.0,Male,USA,Premium,Desktop,20.0,8,5,0.6763676470588236,1.1624527753560012,1
31.0,Female,USA,Premium,Gaming Console,20.0,5,5,0.7185,1.6634322151372332,1
51.0,Male,Canada,Premium,Desktop,20.0,3,4,0.49833333333333335,1.6359918200408996,0
38.0,Prefer not to say,Canada,Premium,Laptop,20.0,8,5,0.8258571428571428,3.152088258471237,0
33.0,Male,USA,Premium,Smart TV,20.0,28,5,0.6302857142857143,1.5787396395211157,0
22.0,Female,USA,Premium,Desktop,20.0,16,5,0.8820549450549451,1.2211254706421084,0
35.0,Other,USA,Premium,Smart TV,20.0,11,5,0.8942222222222223,2.5031289111389237,0
42.0,Male,USA,Premium,Mobile,20.0,27,5,0.6504285714285715,3.4472852628555013,0
21.0,Male,Canada,Premium,Mobile,20.0,31,5,0.5114722222222222,3.8784744667097613,0
32.0,Male,Canada,Premium,Smart TV,20.0,23,5,0.6764705882352942,0.6933610677760444,0
26.0,Female,USA,Premium,Desktop,20.0,11,5,0.7755,1.6429353778751368,1
44.0,Male,USA,Premium,Mobile,20.0,6,5,0.7205714285714285,5.233318796336677,0
20.0,Female,USA,Premium,Tablet,20.0,15,5,0.5831071428571428,2.5031289111389237,0
31.0,Female,USA,Premium,Smart TV,20.0,31,5,0.5477692307692308,1.9805248390823569,0
24.0,Female,Canada,Premium,Laptop,20.0,1,5,0.7482500000000001,2.9332681495966755,0
59.0,Female,USA,Premium,Mobile,20.0,33,4,0.6262857142857143,5.181347150259067,1
44.0,Female,USA,Premium,Desktop,20.0,3,5,0.79725,1.8677042801556418,0
32.0,Male,USA,Premium,Laptop,20.0,14,5,0.611784090909091,1.7434258317594071,0
33.0,Female,USA,Premium,Gaming Console,20.0,13,5,0.9918181818181818,1.320277258224227,0
35.03946643148495,Female,USA,Premium,Laptop,20.0,14,5,0.7786060606060605,2.3192887514495557,0
13.0,Female,USA,Premium,Smart TV,20.0,20,5,0.8294999999999999,0.8980691513246521,1
46.0,Male,USA,Premium,Gaming Console,20.0,3,5,0.6177499999999999,2.437538086532602,1
21.0,Female,Canada,Premium,Mobile,20.0,34,5,0.6368,2.158273381294964,0
35.03946643148495,Female,Canada,Premium,Tablet,20.0,14,4,0.7998571428571428,2.2905134567665586,0
37.0,Male,USA,Premium,Desktop,20.0,27,5,1.478875,3.1864046733935205,0
23.0,Female,USA,Premium,Tablet,20.0,14,4,0.7673402777777778,0.8231017216544345,0
36.0,Male,Canada,Premium,Smart TV,20.0,10,4,0.5729166666666666,3.4552260293694212,0
33.0,Female,USA,Premium,Gaming Console,20.0,22,5,0.5897857142857144,1.4015416958654519,0
50.0,Female,Canada,Premium,Desktop,20.0,28,5,0.5739869281045752,0.9977550511349464,0
36.0,Male,USA,Premium,Smart TV,20.0,21,5,0.7385972222222222,2.755453501722158,1
40.0,Male,USA,Premium,Tablet,20.0,13,5,0.5066666666666666,2.488077959776073,0
59.0,Male,USA,Premium,Desktop,20.0,27,5,0.7998571428571428,2.5839793281653747,0
35.0,Female,USA,Premium,Smart TV,20.0,28,5,0.5224444444444445,2.702094122945282,0
51.0,Male,USA,Premium,Desktop,20.0,32,5,0.6638333333333333,2.5380710659898473,0
10.0,Other,USA,Premium,Gaming Console,20.0,9,5,0.7706666666666666,3.946070371588293,0
39.0,Male,USA,Premium,Mobile,20.0,18,5,0.693125,5.004170141784821,0
27.0,Prefer not to say,USA,Premium,Gaming Console,20.0,17,4,0.41533333333333333,6.4171122994652405,0
41.0,Female,USA,Premium,Mobile,20.0,12,5,0.9079,2.6595744680851063,0
28.0,Female,USA,Premium,Tablet,20.0,27,5,0.7613801169590644,1.2526096033402923,0
22.0,Male,USA,Premium,Desktop,20.0,21,5,0.630095238095238,1.3320013320013322,0
37.0,Male,USA,Premium,Desktop,20.0,11,5,0.8281272727272727,2.860548271752086,0
27.0,Male,USA,Premium,Gaming Console,20.0,7,5,0.6445934065934066,2.032864645095714,0
56.0,Male,USA,Premium,Smart TV,20.0,27,5,0.6364166666666667,2.592912705272256,0
30.0,Female,USA,Premium,Tablet,20.0,9,5,0.6026923076923076,0.7899414126785598,0
41.0,Male,USA,Premium,Desktop,20.0,21,4,0.9141428571428571,4.7095761381475665,0
29.0,Female,Canada,Premium,Desktop,20.0,11,5,0.6333030303030303,1.4659174199853406,1
35.03946643148495,Female,USA,Premium,Tablet,20.0,31,5,0.5941190476190477,1.8198362147406733,0
26.0,Male,USA,Premium,Laptop,20.0,27,5,0.4527777777777778,2.132954141485958,0
34.0,Female,USA,Premium,Tablet,20.0,13,5,0.7346705882352942,0.9921455146754856,0
40.0,Female,Canada,Premium,Desktop,20.0,24,5,0.4497,2.6064291920069507,0
35.03946643148495,Female,USA,Premium,Desktop,20.0,15,5,0.7436,1.779887273805992,0
35.03946643148495,Female,Canada,Premium,Smart TV,20.0,31,5,0.8318333333333333,1.273209549071618,0
41.0,Female,Canada,Premium,Desktop,20.0,14,4,0.36466666666666664,3.51288056206089,0
19.0,Male,USA,Premium,Laptop,20.0,2,5,0.538,2.042553191489362,1
51.0,Female,USA,Premium,Laptop,20.0,31,4,0.67225,1.9717384160368057,0
27.0,Female,Canada,Premium,Desktop,20.0,28,5,0.6927777777777777,2.9717682020802374,0
34.0,Female,Canada,Premium,Laptop,20.0,14,5,0.7728,2.3006134969325154,0
13.0,Male,USA,Premium,Laptop,20.0,16,5,0.6762222222222221,2.404809619238477,1
14.0,Female,Canada,Premium,Laptop,20.0,31,5,0.9051,1.764187003822405,0
48.0,Female,USA,Premium,Gaming Console,20.0,8,5,0.5925734265734266,2.11118930330753,0
35.03946643148495,Female,Canada,Premium,Smart TV,20.0,24,5,0.9124285714285714,4.18555981862574,0
43.0,Female,USA,Premium,Mobile,20.0,25,5,0.7218051470588236,1.1262318160488034,0
41.0,Female,USA,Premium,Smart TV,20.0,35,5,0.9205272727272727,2.0161290322580645,0
44.0,Male,USA,Premium,Laptop,20.0,28,4,0.6028472222222222,2.041858090862685,0
8.0,Prefer not to say,USA,Premium,Tablet,20.0,33,5,0.81,1.8467220683287162,1
41.0,Male,USA,Premium,Gaming Console,20.0,36,5,0.9277142857142857,3.3021463951568513,1
42.0,Male,USA,Premium,Smart TV,20.0,29,5,0.9014444444444444,4.526593738211995,0
35.03946643148495,Female,USA,Premium,Tablet,20.0,32,5,0.635,3.3510192683607927,0
14.0,Female,USA,Premium,Desktop,20.0,27,5,1.0696666666666668,3.963011889035667,0
45.0,Female,Canada,Premium,Tablet,20.0,4,5,0.7286666666666666,2.5504782146652496,0
34.0,Male,USA,Premium,Tablet,20.0,34,4,0.8967777777777777,2.002670226969292,1
26.0,Male,USA,Premium,Smart TV,20.0,36,5,1.0430666666666666,2.280935183425204,0
45.0,Female,USA,Premium,Mobile,20.0,1,5,0.6962222222222222,3.6832412523020253,0
35.03946643148495,Female,USA,Premium,Laptop,20.0,20,5,0.575923076923077,1.4767413241447207,0
29.0,Female,USA,Premium,Desktop,20.0,35,4,0.575,3.910068426197458,0
37.0,Female,USA,Premium,Laptop,20.0,19,5,0.6109292929292929,1.8298261665141808,0
22.0,Male,USA,Premium,Desktop,20.0,23,5,0.8697619047619047,2.8348688873139616,0
26.0,Female,Canada,Premium,Mobile,20.0,27,5,0.7985,2.614948790586184,0
49.0,Female,USA,Premium,Desktop,20.0,14,5,0.6450714285714285,1.8170805572380377,0
14.0,Female,USA,Premium,Smart TV,20.0,28,5,0.6965333333333332,1.759788825340959,0
35.03946643148495,Female,USA,Premium,Smart TV,20.0,6,5,0.8278571428571428,1.2828736369467608,0
31.0,Male,USA,Premium,Smart TV,20.0,16,5,0.6085,0.7495783621712787,0
47.0,Male,USA,Premium,Mobile,20.0,15,5,0.6408333333333334,2.113792496036639,0
36.0,Male,USA,Premium,Tablet,20.0,10,4,0.7050000000000001,1.970119848957478,0
35.03946643148495,Female,USA,Premium,Laptop,20.0,7,5,0.6312857142857142,2.008704385671242,0
33.0,Male,USA,Premium,Gaming Console,20.0,34,4,0.626625,1.5913008884763293,0
42.0,Male,USA,Premium,Tablet,20.0,27,5,0.8875238095238096,1.2381345439537763,0
55.0,Male,Canada,Premium,Desktop,20.0,18,5,0.5073749999999999,2.8639618138424816,0
22.0,Male,Canada,Premium,Mobile,20.0,26,5,0.8639761904761905,1.0700909577314073,1
41.0,Female,Canada,Premium,Desktop,20.0,7,5,0.7412222222222222,2.2408963585434174,0
51.0,Male,USA,Premium,Tablet,20.0,4,4,0.5948333333333333,4.1067761806981515,0
51.0,Female,USA,Premium,Tablet,20.0,13,4,0.7904,2.7998133457769483,0
35.0,Female,USA,Premium,Mobile,20.0,36,5,0.6251666666666668,3.5555555555555554,0
43.0,Female,USA,Premium,Desktop,20.0,2,5,0.7762272727272728,2.877697841726618,0
24.0,Female,USA,Premium,Gaming Console,20.0,5,5,0.984,3.211131924003211,1
47.0,Male,USA,Premium,Mobile,20.0,15,5,0.6408333333333334,2.113792496036639,0
29.0,Female,Canada,Premium,Gaming Console,20.0,13,5,0.8616272727272727,2.054442732408834,0
33.0,Other,USA,Premium,Gaming Console,20.01,23,5,0.5411111111111111,4.269559032716928,0
31.0,Male,Canada,Standard,Smart TV,20.02,31,5,0.5564285714285714,0.6580836026954473,0
37.0,Female,USA,Basic,Desktop,20.02,20,4,0.837,4.483762597984323,0
35.03946643148495,Female,Canada,Standard,Desktop,20.02,31,4,0.6686,2.0890434782608693,0
11.0,Female,USA,Premium,Laptop,20.03,28,5,0.6389499999999999,0.8851734551079031,0
21.0,Male,USA,Standard,Mobile,20.03,25,5,0.9181298701298701,0.8180518684909128,1
25.0,Female,USA,Standard,Tablet,20.03,11,4,0.6578571428571429,5.6930364756039795,0
40.0,Male,USA,Premium,Smart TV,20.04,8,5,0.7782,12.231943031536115,0
20.0,Female,Canada,Premium+,Gaming Console,20.05,17,4,0.881,0.8286836123165944,1
40.0,Male,USA,Premium,Smart TV,20.05,17,5,0.6179047619047618,1.759029097821319,0
21.0,Male,USA,Basic,Mobile,20.05,30,5,0.6946666666666668,2.294925600915681,0
35.0,Female,USA,Premium,Smart TV,20.05,24,5,1.0911428571428572,3.612612612612613,0
19.0,Male,USA,Premium,Mobile,20.06,10,5,0.9548181818181818,2.388095238095238,0
39.0,Female,USA,Premium,Desktop,20.06,22,5,0.5717500000000001,3.5577889447236175,0
37.0,Female,USA,Premium,Mobile,20.06,25,5,0.3542857142857143,4.569476082004555,0
31.0,Female,Canada,Premium+,Smart TV,20.06,13,5,0.7362307692307692,2.077321366931308,0
37.0,Female,USA,Premium,Mobile,20.06,25,5,0.3542857142857143,4.569476082004555,0
28.0,Female,USA,Premium,Gaming Console,20.07,20,5,0.6144615384615384,1.5094008523439457,0
41.0,Female,USA,Premium,Mobile,20.07,9,4,0.6387142857142858,2.9660098522167484,0
39.0,Other,USA,Premium,Laptop,20.08,8,5,0.6935,1.533800127307447,0
35.0,Male,Canada,Standard,Mobile,20.08,27,5,0.45799999999999996,1.6798661461238145,0
46.0,Female,USA,Premium,Gaming Console,20.08,14,5,0.7446813186813187,1.3578271159697959,0
34.0,Other,USA,Basic,Desktop,20.09,33,5,0.6862307692307692,1.9426269137792103,1
35.03946643148495,Female,Canada,Standard,Mobile,20.09,13,5,0.5882000000000001,2.586695278969957,0
39.0,Female,Canada,Standard,Tablet,20.09,15,5,0.7265972222222222,2.4495021337126603,0
10.0,Male,USA,Standard,Gaming Console,20.09,7,5,0.6848181818181818,2.582262210796915,0
16.0,Other,USA,Standard,Tablet,20.1,35,5,0.7696666666666667,3.482529598613919,1
44.0,Male,USA,Premium,Smart TV,20.1,4,5,0.9798333333333333,2.9660600098376784,0
51.0,Male,USA,Standard,Gaming Console,20.11,2,4,0.4578888888888889,1.8008955223880598,0
24.0,Female,USA,Basic,Gaming Console,20.11,19,5,0.760275641025641,2.683718861209964,0
51.0,Male,USA,Standard,Gaming Console,20.11,2,4,0.4578888888888889,1.8008955223880598,0
37.0,Male,USA,Standard,Laptop,20.12,24,4,0.9071,1.180520242519069,0
39.0,Male,USA,Standard,Smart TV,20.12,34,4,0.8356000000000001,6.500807754442651,0
37.0,Prefer not to say,Canada,Standard,Laptop,20.12,28,5,0.6616000000000001,3.173501577287066,0
40.0,Female,USA,Basic,Smart TV,20.14,25,5,0.7003333333333333,2.3890865954922895,0
28.0,Male,Canada,Premium,Tablet,20.14,30,5,0.6202417582417583,2.0089775561097256,0
25.0,Male,USA,Premium,Laptop,20.14,4,5,0.7551111111111111,2.9719626168224296,0
-1.0,Male,USA,Premium+,Gaming Console,20.15,7,5,0.8949761904761904,2.383205204021289,0
35.03946643148495,Male,USA,Premium,Desktop,20.15,21,4,0.9357777777777778,2.5441919191919187,1
35.0,Male,USA,Standard,Mobile,20.16,5,5,0.7736000000000001,6.254395036194416,0
55.0,Female,Canada,Premium,Desktop,20.16,29,5,0.8908333333333333,2.343731834915714,0
50.0,Female,Canada,Basic,Gaming Console,20.16,8,5,0.7721515151515151,2.8772597526165558,0
35.03946643148495,Female,USA,Basic,Gaming Console,20.16,2,5,0.9354642857142857,0.9166414064868142,0
39.0,Male,Canada,Standard,Desktop,20.16,34,5,0.7760714285714285,2.161543959971408,0
36.0,Male,USA,Premium,Laptop,20.18,13,5,1.0617857142857143,1.808783985658799,0
-2.0,Female,USA,Standard,Desktop,20.18,5,4,0.5171090909090909,2.0511604269015757,0
10.0,Male,USA,Premium,Desktop,20.19,36,5,0.6463846153846153,1.3494485908432663,0
45.0,Female,USA,Standard,Smart TV,20.19,8,5,0.9777894736842105,1.2156547917711993,0
25.0,Other,Canada,Basic,Gaming Console,20.19,23,5,0.9476249999999999,1.949155269509252,0
10.0,Male,USA,Premium,Desktop,20.19,36,5,0.6463846153846153,1.3494485908432663,0
48.0,Male,USA,Basic,Gaming Console,20.2,24,5,1.0312666666666668,1.8869687062120502,0
26.0,Female,USA,Basic,Desktop,20.2,24,5,0.802125,3.3769852326553353,0
18.0,Female,USA,Standard,Tablet,20.21,22,5,0.9312222222222223,3.054408060453401,0
35.03946643148495,Female,USA,Premium,Mobile,20.21,3,5,0.5885333333333332,1.7280889268918342,0
48.0,Male,Canada,Basic,Tablet,20.21,7,5,0.941547619047619,2.2343836373687123,0
42.0,Male,USA,Standard,Smart TV,20.22,5,5,0.6680714285714286,1.3741080530071355,0
28.0,Other,Canada,Standard,Gaming Console,20.22,25,5,0.6256153846153846,1.5327858496525584,0
33.0,Female,USA,Premium,Desktop,20.23,3,5,0.7463333333333333,4.292079207920792,0
35.03946643148495,Female,Canada,Standard,Tablet,20.24,26,5,0.5241666666666667,5.72020725388601,0
29.0,Male,USA,Basic,Desktop,20.24,21,5,0.5343333333333333,7.211401425178146,0
35.03946643148495,Male,USA,Premium,Mobile,20.24,35,5,1.0243030303030303,0.838789888106092,0
28.0,Female,Canada,Premium,Mobile,20.25,32,5,0.7582777777777778,1.546194960549758,1
26.0,Other,Canada,Standard,Gaming Console,20.26,20,4,0.8027333333333333,3.5450568678915135,0
33.0,Female,USA,Standard,Mobile,20.26,33,5,0.6822820512820513,0.7993687117774712,0
35.03946643148495,Female,Canada,Premium,Gaming Console,20.26,19,5,0.7301333333333333,1.7191344929995758,0
35.03946643148495,Male,USA,Premium,Laptop,20.27,34,5,0.4236666666666667,0.9635556964031056,1
49.0,Male,USA,Premium,Smart TV,20.27,17,5,0.6058888888888889,0.955906625795803,0
18.0,Female,USA,Standard,Smart TV,20.28,13,5,0.7314825174825175,1.4610951008645534,0
33.0,Other,USA,Basic,Laptop,20.29,14,5,0.727153846153846,1.9973748974569319,0
38.0,Male,USA,Standard,Laptop,20.29,23,5,0.8979166666666666,2.086732944806308,0
41.0,Female,USA,Premium,Smart TV,20.3,21,5,0.485,1.0784487338409776,0
42.0,Male,Canada,Premium+,Desktop,20.3,31,5,1.0186666666666666,6.637602179836513,0
46.0,Prefer not to say,USA,Premium,Desktop,20.31,33,3,0.43,2.8097763430943044,0
32.0,Male,USA,Premium,Smart TV,20.31,1,5,0.7365714285714287,2.956331877729257,0
39.0,Female,Canada,Premium+,Laptop,20.32,27,5,1.0319666666666667,2.1955699621826037,0
26.0,Male,USA,Standard,Smart TV,20.32,2,5,0.7563272727272727,2.1060632233546377,0
27.0,Male,USA,Premium,Mobile,20.32,32,4,0.7338484848484849,2.095565486421451,0
35.03946643148495,Female,Canada,Standard,Laptop,20.33,7,5,0.5671919191919192,3.69412477286493,0
25.0,Male,Canada,Basic,Tablet,20.33,22,5,0.9282727272727274,2.1551236749116605,0
26.0,Female,USA,Basic,Mobile,20.33,20,5,0.639125,3.5950486295313877,0
37.0,Other,USA,Standard,Tablet,20.34,36,5,0.5578181818181818,1.923101166088875,0
40.0,Male,USA,Basic,Gaming Console,20.34,22,5,0.57585,0.9750719079578141,0
41.0,Female,Canada,Standard,Tablet,20.34,28,4,0.7234,1.7681831353230946,0
49.0,Male,USA,Standard,Desktop,20.35,36,5,0.5660000000000001,1.0816796598157337,0
26.0,Male,USA,Standard,Laptop,20.35,2,5,0.6403846153846153,1.6310446166176864,0
40.0,Male,USA,Premium,Smart TV,20.35,8,5,0.7854,1.5062916358253147,0
40.0,Female,Canada,Premium,Laptop,20.35,19,5,0.8565,2.5635103926097,0
35.03946643148495,Male,USA,Basic,Tablet,20.36,23,5,0.44376923076923075,1.7116435477091212,0
16.0,Male,USA,Standard,Mobile,20.36,19,5,0.8076181818181818,1.2261367058115025,0
53.0,Male,USA,Premium,Laptop,20.36,27,5,0.5450999999999999,1.6425978217022992,0
35.03946643148495,Male,USA,Basic,Tablet,20.36,23,5,0.44376923076923075,1.7116435477091212,0
40.0,Female,USA,Standard,Laptop,20.37,22,5,0.6832916666666666,2.369982547993019,0
57.0,Female,Canada,Standard,Tablet,20.37,2,5,0.818125,2.7238689547581902,0
30.0,Prefer not to say,Canada,Basic,Tablet,20.38,14,4,0.5510714285714285,1.835209365150833,1
57.0,Other,USA,Premium,Smart TV,20.38,25,5,0.8180909090909091,2.8052305574673086,0
12.0,Female,USA,Premium,Laptop,20.38,8,5,0.8272857142857144,1.6251993620414673,0
26.0,Male,Canada,Standard,Mobile,20.38,17,5,0.8374999999999999,2.917680744452398,0
34.0,Female,Canada,Basic,Laptop,20.39,9,5,0.6782619047619047,1.173862982153138,0
39.0,Female,USA,Premium,Tablet,20.39,11,5,0.7465454545454546,1.5129854068760822,0
27.0,Female,Canada,Standard,Gaming Console,20.39,14,5,0.7956000000000001,5.706156716417911,0
53.0,Male,USA,Premium,Tablet,20.39,21,5,0.4625714285714286,3.7493104505056696,1
25.0,Female,USA,Premium+,Gaming Console,20.39,26,5,0.9115833333333332,1.9841063898799869,0
16.0,Female,USA,Standard,Desktop,20.39,6,5,0.5943333333333334,1.5634504792332269,0
44.0,Other,USA,Premium,Laptop,20.39,13,4,0.8448194444444445,2.0178129638792677,0
25.0,Male,USA,Premium,Tablet,20.4,13,4,0.9869305555555556,2.1272158498435867,0
56.0,Other,USA,Premium,Mobile,20.41,20,4,0.7770833333333333,2.10665749182866,0
24.0,Male,USA,Standard,Tablet,20.41,12,5,0.8621428571428572,2.1223570190641246,0
25.0,Female,USA,Basic,Tablet,20.41,15,5,0.4977925696594427,1.4124567474048444,0
27.0,Prefer not to say,USA,Premium+,Laptop,20.41,30,5,0.7956666666666666,4.156822810590631,0
51.0,Male,Canada,Basic,Mobile,20.41,1,5,0.8553939393939394,1.368268156424581,0
25.0,Other,USA,Premium,Mobile,20.42,9,5,0.9167272727272727,2.0460921843687374,0
19.0,Male,USA,Basic,Gaming Console,20.42,19,5,0.8464,1.611681136543015,0
50.0,Male,USA,Basic,Gaming Console,20.42,36,4,1.1655714285714285,4.187286397812714,0
48.0,Female,USA,Premium,Laptop,20.42,28,5,0.8447820512820512,1.7217537942664418,0
30.0,Female,USA,Premium,Laptop,20.43,28,5,0.780797619047619,1.1820636451301831,0
43.0,Female,USA,Standard,Mobile,20.44,4,5,0.7124666666666666,0.8555284269271017,0
52.0,Female,USA,Basic,Mobile,20.45,20,5,0.9188701298701298,2.1024674434544206,1
30.0,Female,Canada,Standard,Smart TV,20.45,7,5,0.8533124999999999,1.6842827728208647,0
24.0,Male,USA,Premium+,Desktop,20.46,13,5,1.0384545454545453,2.012459016393443,1
41.0,Female,USA,Premium,Smart TV,20.46,27,5,0.8400549450549452,2.1525512887953706,0
36.0,Female,Canada,Basic,Tablet,20.46,22,5,0.8214333333333332,1.6486704270749397,0
42.0,Female,Canada,Premium,Desktop,20.47,30,5,0.8762820512820513,1.303406558420885,0
35.0,Female,USA,Premium,Mobile,20.47,12,5,0.8194722222222223,2.032434221413205,0
29.0,Male,USA,Premium,Tablet,20.47,29,5,0.9414285714285715,5.098381070983811,0
35.03946643148495,Female,USA,Premium,Mobile,20.48,3,5,0.5714,2.8845070422535213,0
32.0,Male,Canada,Premium,Laptop,20.49,25,5,0.7595000000000001,2.785228817399184,0
24.0,Male,USA,Standard,Gaming Console,20.49,28,5,0.8647857142857143,1.3048185098705156,0
47.0,Male,Canada,Standard,Desktop,20.49,19,5,0.7573749999999999,4.370423035904728,0
40.0,Male,Canada,Standard,Tablet,20.49,28,5,0.643357142857143,3.9993493819128165,0
7.0,Male,USA,Standard,Gaming Console,20.49,24,5,0.7477272727272728,2.851774530271398,1
23.0,Female,USA,Premium,Gaming Console,20.49,10,5,0.8158272727272727,1.8783804430863253,0
27.0,Female,USA,Basic,Smart TV,20.51,7,5,0.7822628205128206,2.6810457516339867,0
33.0,Female,USA,Standard,Mobile,20.53,14,5,0.479,0.5222368253699072,0
24.0,Male,USA,Basic,Smart TV,20.53,19,5,0.5660000000000001,3.0467474647538957,0
39.0,Female,USA,Premium,Gaming Console,20.53,21,5,0.874640866873065,1.0240252722587082,0
50.0,Male,USA,Premium,Tablet,20.53,36,5,0.8771818181818182,2.5566625155666247,0
46.0,Female,Canada,Basic,Tablet,20.54,8,5,0.39039999999999997,3.862112190535882,0
50.0,Female,USA,Premium,Mobile,20.54,32,4,0.8940000000000001,1.7355302070130965,1
37.0,Female,USA,Standard,Laptop,20.54,28,5,0.7939166666666667,1.5539024082713402,0
35.0,Other,USA,Premium,Laptop,20.55,34,5,0.5739298245614035,1.101482937287833,0
50.0,Female,USA,Premium,Smart TV,20.58,31,5,0.7717857142857143,1.7514893617021274,1
55.0,Female,USA,Premium,Mobile,20.61,24,5,0.4632,5.026829268292683,0
30.0,Male,USA,Premium,Smart TV,20.61,19,5,0.5244285714285715,2.3776196885214382,0
26.0,Female,USA,Basic,Desktop,20.61,7,5,0.41830769230769227,1.3858567746273673,0
63.0,Male,USA,Standard,Gaming Console,20.61,3,5,0.6427777777777778,2.337176337176337,0
35.0,Female,USA,Premium+,Mobile,20.62,17,5,1.0035,1.909553943509801,0
22.0,Male,USA,Standard,Gaming Console,20.62,34,5,1.0259375,1.1620174697097776,0
7.0,Male,USA,Premium,Gaming Console,20.64,22,5,0.7172777777777777,3.2041397153945668,0
44.0,Female,USA,Basic,Smart TV,20.64,30,5,0.9795555555555555,3.2684085510688834,0
50.0,Male,USA,Premium,Desktop,20.64,26,5,0.7972941176470587,1.16984696769318,0
18.0,Female,USA,Premium+,Desktop,20.65,36,4,0.9137142857142858,2.166083916083916,0
33.0,Female,USA,Standard,Laptop,20.65,13,5,0.6502857142857142,2.043542800593765,0
18.0,Female,USA,Premium+,Desktop,20.65,36,4,0.9137142857142858,2.166083916083916,0
34.0,Female,USA,Premium+,Mobile,20.66,25,3,0.6426666666666667,5.551276309896999,1
30.0,Male,USA,Standard,Laptop,20.66,36,5,0.7058831168831169,1.7548131370328426,0
50.0,Prefer not to say,USA,Premium,Laptop,20.67,12,5,0.5252500000000001,2.1799964844436635,0
28.0,Male,USA,Standard,Desktop,20.69,30,5,0.7976000000000001,1.9195917736199164,0
35.03946643148495,Male,USA,Standard,Mobile,20.69,1,5,0.6935714285714285,2.1925114800423877,0
42.0,Female,USA,Standard,Tablet,20.7,16,5,0.968,2.0522141440846,0
49.0,Female,USA,Premium,Tablet,20.7,24,5,0.7785,1.8872511776325784,0
38.0,Male,Canada,Standard,Desktop,20.7,15,5,0.6699090909090909,1.5665993945509584,1
36.0,Male,USA,Premium+,Smart TV,20.71,33,5,0.759,1.9458189790165987,0
19.0,Male,Canada,Premium+,Tablet,20.71,36,5,0.8663472222222222,2.4557312252964425,1
30.0,Female,Canada,Basic,Smart TV,20.72,22,5,0.6737777777777778,2.5959490499060345,0
45.0,Female,USA,Premium,Laptop,20.73,2,5,0.669111111111111,3.3088587390263364,0
37.0,Female,USA,Premium,Smart TV,20.73,14,5,0.6638571428571428,5.663934426229509,0
35.0,Female,USA,Standard,Laptop,20.74,2,5,0.7092307692307692,1.7183098591549295,0
20.0,Prefer not to say,USA,Premium+,Mobile,20.75,11,5,0.846125,5.897678825201327,0
14.0,Male,Canada,Basic,Laptop,20.75,27,5,0.734,3.032886723507917,0
34.0,Male,Canada,Basic,Desktop,20.75,24,4,0.71925,4.3274244004171,0
19.0,Female,Canada,Premium,Smart TV,20.76,28,5,0.6562083333333333,3.6884809002072845,0
35.03946643148495,Male,USA,Standard,Desktop,20.77,31,5,0.9142727272727273,2.279495152734589,1
32.0,Male,USA,Premium,Tablet,20.78,7,5,0.7390598290598291,1.021548545678001,0
41.0,Male,USA,Standard,Laptop,20.78,34,5,0.6709090909090909,2.671523462609813,0
35.0,Female,USA,Premium,Laptop,20.78,25,4,0.9169090909090909,2.5894080996884736,0
34.0,Female,USA,Premium,Smart TV,20.79,15,5,0.7181858974358974,1.6863593348654857,0
25.0,Female,USA,Basic,Smart TV,20.8,24,5,0.6879,1.8800843627598673,0
38.0,Male,USA,Premium,Gaming Console,20.8,1,5,0.5462857142857143,1.4971209213051824,0
42.0,Female,USA,Standard,Desktop,20.81,21,5,0.6398611111111112,3.557264957264957,0
36.0,Female,USA,Standard,Desktop,20.81,8,5,0.5597777777777777,1.9920229738353539,1
35.03946643148495,Female,USA,Premium,Laptop,20.81,3,5,0.686125,2.8736478711162254,0
33.0,Female,Canada,Standard,Gaming Console,20.81,2,5,0.8212727272727273,1.3684787373958789,0
38.0,Male,USA,Premium,Smart TV,20.81,8,5,0.773,2.8949686992812427,0
58.0,Male,USA,Standard,Tablet,20.81,8,5,0.8155714285714286,3.2246900826446274,0
35.0,Male,USA,Premium,Gaming Console,20.83,18,5,0.6686858974358973,1.8317455664663633,1
52.0,Male,Canada,Basic,Laptop,20.83,33,5,0.6925934065934065,1.4355616815988972,0
32.0,Female,Canada,Standard,Desktop,20.83,21,5,0.6788888888888889,1.302010626106886,0
25.0,Female,USA,Premium,Mobile,20.83,19,5,0.76475,1.692807801706623,0
25.0,Female,USA,Premium,Mobile,20.83,19,5,0.76475,1.692807801706623,0
44.0,Female,USA,Standard,Mobile,20.84,35,5,0.7425714285714287,6.205459057071961,0
21.0,Male,USA,Standard,Smart TV,20.84,35,4,0.7433571428571429,1.2296194316058608,0
41.0,Male,USA,Premium,Desktop,20.85,36,5,0.7461111111111112,1.1196634744473284,0
56.0,Female,Canada,Standard,Laptop,20.85,10,5,0.6808571428571428,1.7153434800493623,0
39.0,Male,USA,Standard,Tablet,20.85,21,4,0.6905,2.559328968903437,0
39.0,Male,USA,Standard,Tablet,20.85,21,4,0.6905,2.559328968903437,0
15.0,Male,USA,Basic,Desktop,20.87,9,3,0.7280666666666666,1.5434487858991741,0
53.0,Male,USA,Standard,Gaming Console,20.87,9,4,0.8558000000000001,3.6411747601046813,0
35.03946643148495,Female,USA,Standard,Desktop,20.87,15,5,0.7472136752136753,2.2273212379935963,0
23.0,Female,USA,Premium,Laptop,20.88,16,5,0.7052087912087913,2.3727272727272726,0
36.0,Female,USA,Premium,Mobile,20.88,10,5,0.5396666666666667,6.491191709844559,0
47.0,Female,USA,Basic,Laptop,20.89,27,5,0.8519047619047619,0.9583301475647986,1
31.0,Male,Canada,Standard,Desktop,20.89,31,5,1.1258333333333332,2.7571491421029477,0
29.0,Male,Canada,Premium,Tablet,20.9,11,5,0.6895,3.0600292825768665,0
20.0,Female,Canada,Standard,Gaming Console,20.9,17,4,0.6098333333333333,4.144084600132187,0
35.03946643148495,Male,USA,Basic,Mobile,20.91,34,5,0.6650909090909092,0.9533434650455928,0
19.0,Male,Canada,Standard,Gaming Console,20.93,24,4,0.6354285714285715,3.9502988361119846,0
50.0,Male,Canada,Standard,Desktop,20.93,8,4,0.4545,4.456352022711142,0
36.0,Female,USA,Premium,Mobile,20.93,8,5,0.5775555555555556,1.3182867940373713,0
39.0,Male,Canada,Premium,Desktop,20.94,36,5,0.5465476190476191,3.9584120982986764,0
28.0,Female,Canada,Premium+,Desktop,20.94,2,5,0.7152999999999999,2.6295521138551696,0
29.0,Female,USA,Standard,Tablet,20.94,5,5,0.48475,9.785046728971963,1
31.0,Female,USA,Basic,Mobile,20.94,19,5,0.79,1.435721631813507,0
41.0,Male,USA,Basic,Desktop,20.95,10,5,0.7426363636363635,2.5800492610837433,0
53.0,Male,USA,Standard,Laptop,20.95,36,5,1.1318,2.5976441413515183,0
33.0,Female,Canada,Premium,Tablet,20.95,3,4,0.4576666666666667,3.5151006711409396,0
33.0,Female,Canada,Premium,Tablet,20.95,3,4,0.4576666666666667,3.5151006711409396,0
18.0,Female,Canada,Premium,Desktop,20.96,28,4,0.6147499999999999,3.009332376166547,0
40.0,Male,USA,Basic,Gaming Console,20.96,16,5,0.7636363636363637,2.3986267404157924,0
40.0,Prefer not to say,USA,Standard,Laptop,20.97,22,5,0.8058666666666667,1.5914495320010116,1
51.0,Female,USA,Premium,Gaming Console,20.97,17,5,0.37075,1.7000405350628292,0
40.0,Male,USA,Premium,Gaming Console,20.98,2,5,0.675888888888889,2.916589434661724,0
35.03946643148495,Female,USA,Premium+,Laptop,20.98,3,5,0.8022272727272728,2.19916142557652,0
42.0,Male,Canada,Premium,Desktop,20.98,14,5,1.1162222222222222,1.4832096147048426,0
52.0,Female,USA,Basic,Mobile,20.98,26,5,0.8116483516483517,2.785572029210002,1
37.0,Female,Canada,Standard,Smart TV,20.98,25,5,1.0123434343434343,1.7697174188106284,0
28.0,Male,USA,Premium,Gaming Console,20.99,17,5,0.6193146853146854,0.8802068772714564,0
41.0,Male,USA,Premium+,Tablet,20.99,14,5,0.8347,7.275563258232236,0
14.0,Male,Canada,Premium,Tablet,20.99,3,4,0.6316999999999999,0.8398239530541477,0
30.0,Female,USA,Standard,Smart TV,20.99,7,5,0.7742499999999999,2.2651079136690644,0
27.0,Male,USA,Standard,Smart TV,21.01,4,5,0.8847820512820515,2.4568310270902356,0
21.0,Female,USA,Premium,Smart TV,21.01,30,5,0.9397142857142857,3.6946072684642437,0
33.0,Male,USA,Premium,Laptop,21.01,24,4,0.5168571428571429,2.017605633802817,0
27.0,Male,USA,Premium,Smart TV,21.02,5,4,0.7464,3.7435440783615315,0
9.0,Female,Canada,Basic,Laptop,21.02,21,5,0.5095384615384615,1.5545420929372609,0
17.0,Male,USA,Premium,Laptop,21.03,28,5,0.8266272727272728,1.6635464733025709,0
34.0,Prefer not to say,USA,Premium,Laptop,21.03,30,5,0.5189090909090909,1.8651884700665189,0
35.03946643148495,Male,USA,Standard,Mobile,21.03,25,4,0.98925,10.515000000000002,1
34.0,Male,USA,Premium+,Desktop,21.04,5,4,0.5700692307692308,1.793436567694275,0
42.0,Male,USA,Standard,Smart TV,21.04,6,5,0.4378888888888889,2.1818181818181817,1
24.0,Male,USA,Standard,Desktop,21.04,17,5,0.5945,5.150550795593635,1
44.0,Male,USA,Standard,Desktop,21.05,15,5,0.716375,2.6815286624203822,0
35.03946643148495,Male,USA,Premium+,Tablet,21.05,30,5,0.831657894736842,1.4893867924528303,0
54.0,Male,USA,Standard,Mobile,21.06,30,5,0.7251428571428572,3.0617882238914462,0
44.0,Female,Canada,Basic,Gaming Console,21.07,21,5,0.6057142857142858,1.23481148661848,0
24.0,Other,USA,Standard,Mobile,21.07,7,4,0.6917142857142857,2.4269533499712037,0
33.0,Female,Canada,Standard,Laptop,21.07,1,5,0.7412261904761905,1.5477473065621938,0
35.03946643148495,Female,USA,Premium,Desktop,21.08,23,5,0.9058571428571429,2.456876456876456,0
48.0,Other,Canada,Basic,Laptop,21.09,36,5,0.6894285714285715,5.586754966887418,0
13.0,Male,Canada,Standard,Tablet,21.09,9,5,0.6254242424242424,2.3239669421487603,0
26.0,Male,USA,Premium,Laptop,21.1,13,5,0.7000833333333334,1.8980509745127436,0
39.0,Male,USA,Basic,Gaming Console,21.11,22,5,0.528,2.548490945674044,1
39.0,Female,USA,Standard,Gaming Console,21.11,31,5,0.61775,1.7506565307532826,0
37.0,Female,USA,Premium,Gaming Console,21.11,18,4,1.007,6.6768581971534005,0
38.0,Female,USA,Basic,Gaming Console,21.12,16,5,0.630090909090909,1.819905213270142,1
21.0,Female,USA,Premium+,Laptop,21.13,19,4,0.8691,2.340841949778434,0
34.0,Female,USA,Standard,Mobile,21.15,34,5,0.8485714285714285,1.9671368780034102,0
35.03946643148495,Female,Canada,Premium+,Laptop,21.17,3,5,0.9239047619047618,3.420953406948559,0
26.0,Female,USA,Premium,Laptop,21.18,35,5,0.8155,3.1308203991130816,1
32.0,Female,USA,Premium,Gaming Console,21.18,4,4,1.0270000000000001,8.246593121349772,0
35.03946643148495,Female,USA,Premium+,Laptop,21.18,13,5,0.6407272727272727,2.1265060240963853,1
35.03946643148495,Male,USA,Premium,Laptop,21.21,29,5,0.43766666666666665,2.3778026905829597,0
44.0,Female,Canada,Standard,Smart TV,21.22,17,5,0.6532777777777777,1.3831613253666484,0
39.0,Male,USA,Standard,Tablet,21.22,18,5,0.7922692307692307,2.079712512250898,0
36.0,Female,USA,Premium,Smart TV,21.23,31,5,0.6032564102564102,1.3613337608207758,0
40.0,Male,USA,Basic,Mobile,21.23,33,3,1.0630000000000002,3.784313725490196,0
48.0,Male,USA,Basic,Smart TV,21.24,23,5,0.9004363636363636,2.190443451357855,0
35.03946643148495,Other,USA,Standard,Tablet,21.24,13,5,0.6113472222222223,1.424547283702213,0
55.0,Female,USA,Standard,Tablet,21.24,33,4,0.9450000000000001,1.608887766696124,0
46.0,Female,USA,Premium,Tablet,21.26,31,5,0.734,2.232411620581029,1
17.0,Female,Canada,Basic,Desktop,21.26,5,4,0.8024,3.8572724523737523,0
35.03946643148495,Female,Canada,Premium+,Desktop,21.26,4,5,0.6072500000000001,3.036419900023804,0
33.0,Other,USA,Standard,Laptop,21.26,8,4,0.8576666666666666,2.5471246006389774,0
37.0,Female,USA,Basic,Mobile,21.27,15,5,0.7674415584415584,1.7176312247644685,0
34.0,Female,Canada,Premium,Desktop,21.28,12,3,0.606,10.847918436703486,0
34.0,Male,Canada,Standard,Gaming Console,21.28,7,5,0.6486904761904762,1.0105263157894737,0
41.0,Male,USA,Premium,Laptop,21.28,8,5,0.8364166666666667,1.4565366187542779,0
34.0,Female,USA,Premium,Smart TV,21.28,6,5,0.7788947368421053,1.2408163265306125,0
31.0,Female,USA,Premium,Mobile,21.29,33,5,0.6602628205128206,1.195843475004681,1
35.03946643148495,Male,USA,Premium+,Laptop,21.29,15,5,1.3055,2.53201189296333,0
28.0,Female,USA,Premium+,Smart TV,21.29,32,4,0.5559999999999999,5.605089951733216,0
35.03946643148495,Female,USA,Premium+,Tablet,21.3,28,5,0.7843333333333333,2.9852838121934124,0
26.0,Male,USA,Standard,Smart TV,21.3,34,5,0.6174285714285714,1.655011655011655,0
20.0,Male,USA,Premium,Gaming Console,21.31,33,5,0.8315,9.835384615384616,1
40.0,Female,USA,Premium+,Tablet,21.32,18,5,0.6272205882352941,1.3327776620129195,0
33.0,Female,USA,Premium,Desktop,21.33,31,4,0.6548571428571428,2.416084576175193,0
34.0,Male,USA,Standard,Smart TV,21.33,22,5,0.6548333333333334,1.849154746423927,0
35.0,Prefer not to say,USA,Basic,Tablet,21.33,8,5,0.8183636363636364,0.6628340584213799,0
36.0,Female,USA,Basic,Desktop,21.35,4,4,0.46575,4.20413521496554,0
31.0,Prefer not to say,Canada,Premium,Desktop,21.35,19,5,0.8503333333333332,2.8049047514779946,0
56.0,Male,Canada,Premium+,Desktop,21.35,15,4,0.7357142857142858,2.6681941262237037,0
39.0,Female,USA,Standard,Mobile,21.35,35,5,0.4789670329670329,2.0571703870242493,0
36.0,Female,USA,Basic,Desktop,21.35,4,4,0.46575,4.20413521496554,0
50.0,Female,USA,Basic,Tablet,21.36,16,5,0.5358999999999999,1.0679110074160487,0
62.0,Male,USA,Premium,Tablet,21.36,2,5,0.620375,3.146575006137981,0
41.0,Female,Canada,Standard,Mobile,21.36,29,5,1.1684545454545454,1.5326476919397272,1
31.0,Female,USA,Standard,Gaming Console,21.36,36,5,0.6875384615384617,1.1024516129032258,0
35.03946643148495,Female,Canada,Premium,Smart TV,21.37,25,4,0.47728571428571426,4.004372267332916,0
35.03946643148495,Female,USA,Premium,Tablet,21.37,6,5,0.8256363636363637,0.894891122278057,0
45.0,Male,USA,Premium+,Laptop,21.37,7,5,0.8819999999999999,2.688050314465409,0
33.0,Other,USA,Premium,Laptop,21.38,11,5,0.7067000000000001,2.5346769413159453,0
12.0,Female,USA,Standard,Gaming Console,21.38,35,5,0.6082142857142857,1.1008324036728738,0
21.0,Other,USA,Basic,Tablet,21.38,20,5,0.8590238095238094,1.4866149032332832,0
32.0,Female,USA,Standard,Desktop,21.4,21,5,0.9975244755244757,1.800336511497476,0
52.0,Male,USA,Basic,Laptop,21.4,18,5,0.5671318681318681,1.8689956331877728,0
27.0,Female,USA,Premium,Tablet,21.4,8,4,0.7605000000000001,4.910133843212237,0
13.0,Female,USA,Basic,Smart TV,21.4,8,5,0.7062090909090909,1.9609040928527792,1
18.0,Male,USA,Premium,Tablet,21.41,34,5,0.7432857142857143,2.6530359355638167,0
32.0,Male,Canada,Standard,Desktop,21.41,35,5,0.7735050505050505,1.9113227198333582,0
23.0,Male,USA,Premium,Desktop,21.43,3,5,0.45118749999999996,1.9091314031180402,0
24.0,Male,USA,Premium,Gaming Console,21.44,8,4,0.9034285714285712,3.408585055643879,0
35.03946643148495,Male,USA,Standard,Tablet,21.44,2,5,0.7080909090909091,5.0506478209658425,0
51.0,Female,USA,Premium,Laptop,21.44,18,4,0.7857181818181818,1.565534866739686,0
34.0,Female,USA,Basic,Gaming Console,21.44,25,4,0.7008571428571428,3.4469453376205785,0
24.0,Female,Canada,Standard,Tablet,21.46,18,5,0.8166249999999999,2.04738432183177,1
36.0,Male,USA,Standard,Smart TV,21.47,27,5,0.8302307692307692,2.488794435857805,0
48.0,Female,USA,Basic,Gaming Console,21.47,7,5,0.8276969696969698,3.6974741676234206,1
35.0,Male,Canada,Basic,Desktop,21.47,8,5,0.706875,2.4333207404608994,0
31.0,Female,USA,Premium,Smart TV,21.48,24,5,0.7015714285714285,1.6803129074315515,1
41.0,Male,USA,Premium+,Desktop,21.48,5,5,0.6467738095238094,2.1048505634492893,0
36.0,Male,Canada,Standard,Desktop,21.49,5,5,0.729,1.8005865102639294,0
36.0,Female,Canada,Premium+,Smart TV,21.5,7,5,0.7596691176470589,1.1741148630199327,0
35.03946643148495,Male,USA,Standard,Tablet,21.5,29,4,0.909,1.7292225201072386,0
41.0,Prefer not to say,USA,Premium,Gaming Console,21.51,23,5,0.6456666666666666,2.431424265259985,0
35.03946643148495,Female,Canada,Premium+,Laptop,21.51,7,4,0.7782083333333333,2.004037267080746,1
48.0,Male,Canada,Premium+,Mobile,21.51,17,4,0.7931111111111111,4.091946734305644,0
40.0,Male,USA,Premium,Laptop,21.51,12,4,0.628,1.9575307143940541,0
22.0,Male,USA,Premium,Tablet,21.51,21,5,1.1022857142857143,3.9395604395604398,0
24.0,Female,Canada,Premium,Mobile,21.52,29,3,0.7415476190476191,4.9930394431554515,0
27.0,Prefer not to say,USA,Basic,Mobile,21.52,1,3,0.373,2.847816497573886,0
19.0,Male,USA,Premium,Smart TV,21.53,14,5,0.7659999999999999,0.8147073662966701,0
46.0,Male,USA,Standard,Desktop,21.53,24,5,0.6291818181818183,1.6192028077212333,1
55.0,Prefer not to say,Canada,Standard,Desktop,21.53,12,5,0.8,1.9475350520126637,1
35.03946643148495,Prefer not to say,USA,Premium,Desktop,21.54,21,4,0.7729772727272727,1.734997986306887,0
40.0,Female,USA,Basic,Smart TV,21.54,2,5,0.9422857142857144,6.90753607696419,0
33.0,Male,USA,Premium,Gaming Console,21.55,32,5,0.8552083333333333,1.5670827778451097,0
34.0,Female,USA,Premium,Gaming Console,21.55,17,5,0.9852,2.939972714870396,0
23.0,Female,Canada,Standard,Tablet,21.56,32,4,0.7702857142857142,3.781350482315112,0
46.0,Female,Canada,Basic,Laptop,21.56,6,4,0.585,3.8238250073898903,0
32.0,Male,USA,Basic,Laptop,21.56,20,5,0.9811666666666667,1.4531565940238147,0
24.0,Male,Canada,Basic,Laptop,21.57,8,4,0.7257272727272728,1.7726338857690729,0
14.0,Male,USA,Premium,Mobile,21.57,25,5,0.6254000000000001,2.1758574310692667,0
15.0,Female,USA,Standard,Tablet,21.57,7,4,0.9125714285714286,3.795307917888563,0
30.0,Female,USA,Standard,Tablet,21.58,32,4,0.9463714285714284,5.431208053691274,0
18.0,Female,Canada,Standard,Mobile,21.58,17,4,0.45111111111111113,1.3452467532467531,0
26.0,Female,USA,Premium,Tablet,21.59,36,5,0.3665,1.1646138631664118,0
56.0,Male,Canada,Standard,Laptop,21.59,17,4,0.7093333333333334,6.016720854621459,0
41.0,Male,USA,Premium,Laptop,21.59,13,4,0.776,9.462381300219137,0
41.0,Male,USA,Premium,Laptop,21.59,13,4,0.776,9.462381300219137,0
26.0,Prefer not to say,USA,Standard,Desktop,21.6,23,5,0.75525,6.595419847328245,0
28.0,Female,USA,Premium+,Tablet,21.6,30,5,0.3876428571428572,1.5915510254206067,0
10.0,Female,USA,Standard,Tablet,21.6,12,5,1.2501727272727274,2.1650517875041766,0
35.03946643148495,Male,Canada,Basic,Laptop,21.6,23,5,0.481020202020202,2.6081706580800965,0
35.03946643148495,Male,Canada,Premium,Tablet,21.61,28,5,0.8183333333333334,3.0609065155807365,0
30.0,Male,USA,Standard,Gaming Console,21.62,7,5,0.9898021978021978,1.811731843575419,0
35.03946643148495,Female,USA,Standard,Mobile,21.62,5,5,0.7657499999999999,2.7149434910004184,0
26.0,Female,Canada,Basic,Laptop,21.62,16,4,0.6042222222222222,2.982754656242814,0
31.0,Prefer not to say,USA,Standard,Desktop,21.62,22,5,0.9075666666666666,2.0512333965844407,1
34.0,Male,USA,Premium+,Desktop,21.62,18,5,0.8299761904761904,1.2968109567129862,0
24.0,Female,USA,Premium+,Smart TV,21.62,13,5,0.519625,2.1971544715447155,0
54.0,Female,Canada,Standard,Smart TV,21.63,34,5,0.6402,12.478846153846153,0
20.0,Male,USA,Premium,Smart TV,21.65,36,5,0.7015059288537548,1.1494558003716486,0
35.03946643148495,Female,USA,Standard,Desktop,21.65,5,5,0.8605972222222222,3.0378858746492043,0
33.0,Male,USA,Premium,Tablet,21.66,29,5,0.8152777777777778,1.06446064378737,0
44.0,Male,USA,Standard,Tablet,21.67,22,5,1.1270549450549452,3.22310361923649,1
35.03946643148495,Male,USA,Standard,Mobile,21.68,2,4,0.8967777777777778,3.0449438202247188,0
45.0,Female,USA,Premium+,Desktop,21.68,24,5,1.17575,5.851551956815115,0
35.03946643148495,Male,USA,Standard,Laptop,21.68,11,5,0.9517454545454545,2.435498970230294,1
58.0,Other,Canada,Premium,Desktop,21.69,10,5,0.6814,3.7257371886630404,0
45.0,Male,Canada,Premium+,Desktop,21.69,21,5,0.7860333333333334,1.4578245771255742,0
43.0,Female,USA,Premium+,Gaming Console,21.7,19,5,0.69725,1.991739329967875,0
44.0,Other,USA,Standard,Desktop,21.71,20,5,1.0219583333333333,3.2761569416498992,0
24.0,Male,USA,Standard,Laptop,21.71,34,4,0.8304444444444444,1.538443368371324,0
52.0,Female,USA,Basic,Tablet,21.71,11,5,0.4765714285714286,2.94040632054176,0
41.0,Male,Canada,Premium,Mobile,21.72,16,5,0.9272,1.236198064883324,0
33.0,Male,Canada,Standard,Tablet,21.72,5,5,0.7773333333333333,1.70442061208475,0
41.0,Male,Canada,Premium,Mobile,21.72,16,5,0.9272,1.236198064883324,0
35.0,Male,Canada,Premium,Smart TV,21.73,20,5,1.1234,7.57582800697269,1
36.0,Female,Canada,Basic,Gaming Console,21.73,29,5,0.5133333333333333,4.141677255400254,0
45.0,Male,USA,Premium,Mobile,21.73,12,5,0.5706969696969698,2.5504694835680746,0
13.0,Female,USA,Premium,Mobile,21.76,5,5,0.4300769230769231,1.5770020533880904,0
13.0,Male,USA,Premium,Gaming Console,21.77,9,5,0.6487142857142858,2.9438810006761327,1
48.0,Male,USA,Basic,Smart TV,21.77,31,5,0.7237692307692307,2.1978798586572434,0
13.0,Male,USA,Premium,Gaming Console,21.77,9,5,0.6487142857142858,2.9438810006761327,1
37.0,Female,USA,Premium+,Desktop,21.78,29,5,0.8020606060606061,1.909967845659164,0
35.03946643148495,Male,Canada,Basic,Gaming Console,21.78,18,5,0.7604047619047618,1.6006859382655563,0
24.0,Other,USA,Premium+,Tablet,21.78,10,5,0.99675,2.1926174496644295,0
24.0,Female,USA,Standard,Tablet,21.79,2,5,0.787125,3.9332129963898907,0
42.0,Male,USA,Premium,Laptop,21.8,33,5,0.49030000000000007,1.9761293246714002,0
43.0,Male,Canada,Premium,Tablet,21.8,9,5,0.8113737373737373,2.275970071341569,0
22.0,Prefer not to say,USA,Standard,Gaming Console,21.8,20,4,0.8297083333333333,2.7159468438538203,1
22.0,Prefer not to say,USA,Standard,Gaming Console,21.8,20,4,0.8297083333333333,2.7159468438538203,1
12.0,Male,USA,Standard,Tablet,21.81,32,5,1.012714285714286,2.6213942307692304,0
25.0,Male,Canada,Premium,Desktop,21.81,34,4,0.8527380952380952,4.404577583305284,1
5.0,Male,USA,Premium+,Smart TV,21.81,26,5,0.8287272727272728,2.5078574166347263,0
53.0,Female,Canada,Basic,Laptop,21.82,36,5,0.6377142857142857,5.3197887037789515,0
53.0,Female,USA,Basic,Mobile,21.82,16,5,1.0137333333333332,1.4144338807260155,1
38.0,Female,USA,Premium,Tablet,21.82,9,4,0.8007777777777777,2.348762109795479,1
42.0,Male,Canada,Standard,Tablet,21.83,7,5,0.9433636363636364,1.7309369631293772,0
21.0,Female,USA,Standard,Tablet,21.83,3,5,1.089678431372549,0.9807562710595282,0
35.03946643148495,Male,USA,Standard,Desktop,21.84,2,4,1.0878384615384615,0.9379428816834872,1
29.0,Male,Canada,Basic,Tablet,21.84,28,5,0.8459682539682538,5.571428571428571,0
37.0,Male,USA,Standard,Mobile,21.84,27,5,0.67225,2.0872889455240524,0
35.03946643148495,Prefer not to say,USA,Standard,Gaming Console,21.84,8,4,0.546,2.694632942628007,0
47.0,Male,Canada,Premium,Gaming Console,21.84,6,5,0.464375,8.759358288770054,0
26.0,Male,USA,Standard,Tablet,21.85,11,4,1.0221858974358975,2.3651452282157672,0
24.0,Male,USA,Premium,Smart TV,21.85,13,4,0.25780000000000003,6.558279139569786,0
36.0,Other,Canada,Standard,Smart TV,21.85,21,4,0.5734285714285714,3.8033072236727583,1
38.0,Female,USA,Standard,Desktop,21.85,8,5,0.9834970760233918,1.192794104267128,0
35.0,Other,Canada,Premium+,Mobile,21.86,22,5,0.6464404761904761,1.6456712672521958,1
35.03946643148495,Prefer not to say,USA,Premium,Desktop,21.87,24,4,0.9493030303030303,1.9620215311004785,1
59.0,Male,USA,Premium+,Mobile,21.87,17,5,0.734845238095238,1.840650862673587,0
49.0,Male,Canada,Premium,Laptop,21.87,29,5,0.9235714285714285,4.2356358941252426,0
26.0,Male,USA,Basic,Mobile,21.87,31,5,0.589939393939394,3.0193281178094797,0
25.0,Male,USA,Premium+,Gaming Console,21.88,14,5,0.7018333333333334,1.4145027475487555,0
51.0,Male,USA,Standard,Laptop,21.88,20,5,0.41146464646464653,2.0651250589900894,0
30.0,Male,Canada,Premium,Gaming Console,21.89,5,4,1.0176666666666667,3.055839925546766,0
25.0,Male,USA,Premium,Desktop,21.89,24,5,0.6125151515151516,2.309071729957806,0
42.0,Male,USA,Standard,Gaming Console,21.9,36,5,0.9803333333333333,2.340160284951024,1
42.0,Male,USA,Standard,Gaming Console,21.9,36,5,0.9803333333333333,2.340160284951024,1
35.0,Prefer not to say,Canada,Basic,Tablet,21.91,25,4,0.8548,4.311577566415218,0
32.0,Female,USA,Premium,Smart TV,21.91,19,5,0.744,3.5348211884915295,0
51.0,Male,USA,Basic,Gaming Console,21.91,21,5,0.6015555555555555,2.137560975609756,0
35.03946643148495,Other,Canada,Premium,Laptop,21.92,2,5,0.9126923076923077,2.3641919827431246,0
47.0,Male,USA,Basic,Smart TV,21.93,36,5,0.40287500000000004,1.3484320557491287,0
40.0,Female,Canada,Premium+,Mobile,21.94,30,4,0.9823809523809525,2.309878926127391,0
36.0,Male,USA,Premium,Gaming Console,21.94,19,5,0.8741666666666666,1.5202679293220926,0
48.0,Male,USA,Standard,Tablet,21.94,26,5,0.6078,1.610669276887312,0
40.0,Female,USA,Standard,Desktop,21.94,26,5,0.9215,2.2498718167834557,0
40.0,Female,USA,Standard,Desktop,21.94,26,5,0.9215,2.2498718167834557,0
40.0,Female,USA,Standard,Laptop,21.96,28,5,0.7507692307692309,1.4965924579736483,0
20.0,Male,USA,Premium+,Laptop,21.97,7,5,0.36044444444444446,2.483421250941974,1
14.0,Female,Canada,Standard,Mobile,21.97,16,5,0.5346250000000001,2.7670025188916876,0
35.03946643148495,Female,Canada,Premium,Laptop,21.97,8,5,0.8175714285714286,4.439878747052878,0
33.0,Female,USA,Premium,Desktop,21.97,3,5,0.6313571428571428,1.3170146867818964,0
38.0,Male,USA,Premium,Laptop,21.98,34,5,0.716,3.637065637065637,0
31.0,Female,Canada,Standard,Tablet,21.98,13,5,0.7990902777777779,1.3590272052761747,0
35.0,Male,Canada,Standard,Gaming Console,21.98,1,5,0.435,7.25811777655476,0
35.03946643148495,Male,USA,Premium+,Mobile,21.98,28,5,0.542968253968254,3.179363548698168,0
39.0,Female,USA,Premium,Desktop,21.98,23,5,0.41566666666666663,1.2638236703402013,0
47.0,Male,USA,Standard,Smart TV,21.99,6,5,0.7858571428571428,2.732808616404308,0
29.0,Female,Canada,Standard,Laptop,21.99,10,5,1.0180666666666667,2.2918186555497653,0
35.03946643148495,Male,USA,Premium,Smart TV,22.0,1,5,0.6938666666666667,2.442635085122132,0
29.0,Female,Canada,Standard,Smart TV,22.0,17,5,1.01525,3.985507246376811,0
47.0,Female,USA,Premium,Desktop,22.01,26,5,0.5502222222222222,2.687423687423687,0
32.0,Male,Canada,Standard,Gaming Console,22.01,8,5,0.7345256410256411,2.2459183673469387,0
23.0,Female,Canada,Premium,Gaming Console,22.02,2,5,0.9139999999999999,2.7885183621781344,0
30.0,Female,USA,Standard,Mobile,22.02,6,5,0.6406666666666667,3.899645808736718,0
33.0,Female,Canada,Premium+,Tablet,22.03,30,5,0.8373333333333333,2.336987270155587,1
48.0,Female,USA,Standard,Desktop,22.03,30,5,0.6760238095238096,4.612002791346825,0
35.03946643148495,Prefer not to say,USA,Premium,Desktop,22.03,27,4,0.64975,2.634117178158629,0
35.03946643148495,Female,USA,Basic,Desktop,22.03,27,5,0.5574444444444444,2.416011698044233,1
41.0,Female,Canada,Premium,Laptop,22.04,9,5,0.5706666666666667,2.871661237785016,0
23.0,Male,Canada,Standard,Smart TV,22.04,27,4,0.5673333333333334,6.444444444444445,0
40.0,Female,USA,Premium,Desktop,22.04,33,5,0.8965333333333334,2.11313518696069,0
38.0,Male,USA,Standard,Laptop,22.04,7,5,0.6394545454545455,3.07177700348432,0
40.0,Female,USA,Standard,Smart TV,22.04,31,5,0.841,1.8209859542825666,0
40.0,Male,USA,Basic,Gaming Console,22.06,16,5,0.685,2.8452278589853823,0
37.0,Female,Canada,Premium,Laptop,22.06,17,5,0.7442941176470588,1.0703541969917516,1
15.0,Female,USA,Premium,Mobile,22.06,35,5,0.5920000000000001,2.188130269466027,0
42.0,Prefer not to say,Canada,Standard,Mobile,22.07,20,4,0.7968181818181818,2.336273817925194,0
35.03946643148495,Male,Canada,Premium,Smart TV,22.09,3,4,0.8160000000000001,2.4778463264161528,0
25.0,Female,USA,Basic,Smart TV,22.09,31,5,0.8143750000000001,2.684626291270002,0
35.03946643148495,Female,USA,Standard,Desktop,22.09,20,4,0.89225,4.290708967303334,0
36.0,Female,USA,Premium,Desktop,22.09,34,5,1.1205714285714286,1.52889606644365,0
35.03946643148495,Female,USA,Standard,Tablet,22.1,29,5,0.7063846153846154,1.8848614072494672,0
49.0,Female,Canada,Basic,Mobile,22.11,15,5,0.6138333333333333,2.1978131212723655,0
55.0,Male,USA,Premium,Desktop,22.11,34,5,0.5201111111111111,1.6910133843212238,0
15.0,Male,USA,Premium+,Laptop,22.11,27,5,0.7,2.395017151110309,0
33.0,Male,USA,Basic,Smart TV,22.12,34,5,0.6049230769230769,1.9791231732776617,1
37.0,Female,USA,Standard,Smart TV,22.12,28,5,0.7168741258741259,3.628212137780208,0
45.0,Female,USA,Basic,Smart TV,22.12,30,5,0.5265714285714286,3.869387755102041,0
35.0,Female,USA,Premium,Gaming Console,22.13,23,5,0.8706363636363637,3.575121163166397,0
58.0,Male,USA,Standard,Tablet,22.13,11,5,0.959969696969697,1.8557651991614255,0
53.0,Male,Canada,Standard,Mobile,22.13,21,5,0.8493333333333334,7.9843656043295255,0
20.0,Male,USA,Standard,Tablet,22.14,15,4,0.7038181818181819,2.4047791455467054,0
14.0,Male,USA,Premium+,Laptop,22.15,14,5,0.7463030303030302,2.710585355904548,1
18.0,Female,USA,Standard,Desktop,22.16,17,4,1.0417,2.492688413948257,0
25.0,Male,USA,Premium,Mobile,22.17,29,5,1.0210909090909093,1.8154770028661116,0
40.0,Other,Canada,Premium,Tablet,22.17,4,4,0.47386111111111107,4.521414004078857,0
29.0,Prefer not to say,Canada,Premium,Laptop,22.18,1,5,0.5501212121212121,1.999098693105002,0
14.0,Female,USA,Basic,Smart TV,22.18,2,5,0.751423076923077,1.245484323818437,0
32.0,Female,USA,Standard,Gaming Console,22.2,4,5,0.7340130718954249,1.783610069630423,1
24.0,Male,USA,Basic,Tablet,22.21,20,5,0.9628888888888889,2.6027343750000003,0
33.0,Female,USA,Premium,Gaming Console,22.23,25,4,0.7427142857142857,1.9845261121856868,1
26.0,Male,USA,Premium,Laptop,22.23,5,4,0.9211666666666667,6.087631218621635,0
44.0,Female,Canada,Basic,Tablet,22.24,16,5,0.8183846153846155,1.190790647867214,0
34.0,Prefer not to say,Canada,Basic,Mobile,22.24,2,5,0.9286535947712418,1.296793002915452,0
27.0,Prefer not to say,Canada,Premium,Laptop,22.24,34,5,0.5416593406593406,1.5961722488038277,0
30.0,Male,Canada,Basic,Desktop,22.25,13,5,0.385,3.2768777614138433,0
38.0,Male,USA,Basic,Gaming Console,22.25,14,4,0.971121212121212,1.6308331297336915,0
38.0,Male,Canada,Premium,Tablet,22.25,4,5,1.0701428571428573,1.9364664926022628,0
19.0,Female,USA,Standard,Laptop,22.26,14,5,0.6441250000000001,4.8744525547445265,0
47.0,Prefer not to say,Canada,Premium,Desktop,22.26,13,5,0.5850952380952381,1.36620294599018,1
45.0,Female,USA,Premium+,Mobile,22.28,28,4,0.6577777777777778,1.8975159687721788,0
52.0,Female,USA,Premium,Mobile,22.28,20,4,1.0664047619047619,4.958456973293768,0
19.0,Female,USA,Standard,Tablet,22.3,31,5,0.5054000000000001,1.779255319148936,0
10.0,Female,USA,Basic,Desktop,22.3,5,5,0.6314,7.143619861185265,1
37.0,Prefer not to say,Canada,Standard,Smart TV,22.3,23,3,0.6144999999999999,9.246717346233588,0
10.0,Female,USA,Basic,Desktop,22.3,5,5,0.6314,7.143619861185265,1
47.0,Male,USA,Basic,Mobile,22.33,2,5,0.8487272727272728,2.372167138810198,0
52.0,Male,USA,Basic,Gaming Console,22.35,17,5,0.8185934065934066,3.5270910047343498,1
16.0,Female,Canada,Premium,Laptop,22.35,25,5,0.893090909090909,1.907267813966719,0
32.0,Female,USA,Basic,Smart TV,22.35,8,5,0.8165151515151515,1.243393602225313,0
21.0,Female,Canada,Premium,Gaming Console,22.36,15,4,0.6405238095238095,5.259114072912583,0
35.03946643148495,Female,USA,Basic,Smart TV,22.36,19,5,0.6574166666666666,2.1666666666666665,0
44.0,Female,Canada,Basic,Mobile,22.37,17,5,0.7138205128205127,1.435968760029956,0
57.0,Female,Canada,Premium,Tablet,22.38,26,5,0.881,2.051955990220049,0
28.0,Female,Canada,Premium+,Mobile,22.4,13,4,0.7335,4.885496183206107,1
24.0,Male,USA,Basic,Mobile,22.4,27,5,0.9817499999999999,2.919834890288942,1
41.0,Female,Canada,Basic,Smart TV,22.4,18,5,1.1563571428571429,1.0533740888784389,0
47.0,Male,Canada,Standard,Tablet,22.41,4,5,0.6015454545454546,2.525070422535211,0
28.0,Female,USA,Standard,Laptop,22.41,34,5,0.9588055555555557,2.5260191621266204,0
29.0,Male,Canada,Premium,Laptop,22.41,10,5,0.7422222222222222,1.18738961497704,0
51.0,Male,USA,Standard,Smart TV,22.42,10,4,0.915,4.065276518585676,1
28.0,Male,USA,Premium,Smart TV,22.42,4,5,0.475,1.7243943084219973,0
53.0,Female,Canada,Premium,Smart TV,22.42,34,5,0.7361272727272727,2.108794481893714,0
52.0,Female,Canada,Premium+,Gaming Console,22.43,20,5,0.7438472222222222,1.8619258439402326,0
35.03946643148495,Female,USA,Standard,Mobile,22.44,18,5,0.5765,1.0822281167108754,0
46.0,Male,Canada,Premium,Mobile,22.44,36,5,0.8446666666666667,4.423127463863337,0
28.0,Female,USA,Premium,Gaming Console,22.44,28,5,0.6839999999999999,1.0922365539060601,0
25.0,Male,Canada,Premium,Tablet,22.45,30,4,0.4318,3.549407114624506,1
47.0,Female,USA,Standard,Gaming Console,22.47,28,5,0.6692181818181817,1.7033480732785848,1
31.0,Other,USA,Basic,Smart TV,22.47,23,3,0.7325555555555556,2.839511373209772,0
18.0,Female,USA,Basic,Gaming Console,22.47,30,5,0.9336666666666666,2.0197752808988763,0
41.0,Male,USA,Premium+,Mobile,22.48,14,5,0.6276923076923077,1.3488,0
49.0,Male,Canada,Premium,Laptop,22.48,4,5,0.9849444444444445,2.1553211888782355,1
41.0,Male,USA,Premium+,Smart TV,22.49,31,5,0.7535181818181818,2.058895331095514,0
27.0,Female,USA,Basic,Mobile,22.5,30,5,0.9081818181818182,2.7506112469437656,0
33.0,Prefer not to say,USA,Basic,Desktop,22.51,13,5,0.6264285714285713,3.3389369592089,0
37.0,Male,Canada,Premium,Mobile,22.51,36,4,0.44733333333333336,3.2781553398058256,0
38.0,Female,USA,Standard,Desktop,22.52,21,5,0.600076923076923,2.0273068267066767,0
39.0,Female,USA,Basic,Tablet,22.52,25,4,0.33125,10.9232012934519,0
51.0,Male,Canada,Premium+,Mobile,22.52,23,5,0.68975,1.9679580541800175,0
41.0,Female,USA,Standard,Smart TV,22.55,30,5,0.8364047619047619,2.0327524038461537,0
35.0,Male,Canada,Basic,Desktop,22.55,14,5,0.5651111111111111,2.57910789172703,0
35.0,Female,USA,Premium,Smart TV,22.56,6,5,0.591888888888889,4.059988002399519,0
36.0,Female,USA,Premium+,Smart TV,22.56,35,5,0.574202380952381,1.9180955080062347,0
33.0,Male,USA,Standard,Tablet,22.57,30,5,1.0068333333333332,4.027959547888161,0
40.0,Male,Canada,Premium,Gaming Console,22.58,24,5,0.8290420168067227,1.0135408094561233,0
34.0,Female,Canada,Premium+,Tablet,22.6,13,4,0.8188571428571428,3.6668469442942135,0
34.0,Male,USA,Standard,Gaming Console,22.6,13,5,0.5695384615384615,2.049886621315193,0
48.0,Female,USA,Premium,Desktop,22.61,1,4,0.8551666666666667,2.275029347643803,0
35.03946643148495,Prefer not to say,USA,Basic,Laptop,22.62,24,5,0.6408525641025642,1.2239155920281362,0
46.0,Female,Canada,Standard,Mobile,22.62,19,5,0.23375,3.526110678098207,0
35.03946643148495,Male,USA,Basic,Desktop,22.63,14,5,0.6860303030303029,2.7519254154843935,0
11.0,Female,Canada,Basic,Mobile,22.63,17,5,0.41509090909090907,3.4089881998493596,0
34.0,Male,Canada,Standard,Tablet,22.63,6,5,0.7393142857142857,2.1487577148282955,1
45.0,Male,USA,Standard,Mobile,22.66,23,5,0.6051785714285713,1.156811026971837,0
32.0,Male,USA,Standard,Mobile,22.66,25,5,0.5772222222222223,2.5233853006681515,0
35.0,Female,USA,Standard,Mobile,22.66,4,5,0.7988181818181819,1.797224058162591,0
37.0,Female,Canada,Standard,Smart TV,22.66,8,5,0.942060606060606,1.9092824041567193,0
43.0,Female,USA,Premium+,Laptop,22.67,19,5,0.869015873015873,2.1213349968808486,0
21.0,Female,USA,Premium,Gaming Console,22.67,4,5,0.6271111111111111,2.0618462937698956,0
33.0,Male,USA,Basic,Smart TV,22.67,24,5,0.790625,2.608245445829339,0
23.0,Male,USA,Premium,Tablet,22.67,28,5,0.7886666666666666,2.044798556825015,1
50.0,Male,Canada,Standard,Desktop,22.68,35,5,0.928875,2.7215999999999996,0
35.03946643148495,Male,USA,Standard,Gaming Console,22.69,34,3,0.6803472222222222,3.4309475806451615,0
27.0,Male,Canada,Standard,Gaming Console,22.7,10,5,0.7818888888888889,2.042897855107244,0
38.0,Female,USA,Premium,Smart TV,22.7,7,5,0.882,3.02330743618202,0
35.0,Prefer not to say,USA,Standard,Mobile,22.7,2,5,0.6939340659340658,1.339364735962238,0
37.0,Male,USA,Premium,Laptop,22.72,20,5,0.9628888888888889,1.308253358925144,0
43.0,Prefer not to say,Canada,Standard,Tablet,22.72,24,5,0.5343333333333333,0.6865776882397381,0
16.0,Male,USA,Standard,Desktop,22.72,24,5,0.6947070707070706,2.6677103718199606,0
53.0,Female,USA,Basic,Tablet,22.72,15,5,0.705111111111111,2.043165467625899,0
20.0,Male,Canada,Premium,Desktop,22.72,23,5,0.6626000000000001,3.6863169280692265,0
53.0,Female,Canada,Basic,Gaming Console,22.73,4,5,0.6718321678321679,2.010318396226415,0
32.0,Other,USA,Premium,Desktop,22.74,24,5,0.588,2.484793298124203,0
22.0,Female,Canada,Premium,Desktop,22.75,33,5,0.9151153846153846,1.8488419341731002,1
22.0,Female,Canada,Premium,Gaming Console,22.75,5,5,1.0743076923076922,2.0738377392889698,0
39.0,Male,USA,Standard,Gaming Console,22.76,27,5,0.7320833333333334,2.2744836775483015,0
55.0,Female,Canada,Premium,Smart TV,22.76,30,5,0.5298666666666666,0.9907138711549623,0
18.0,Female,USA,Standard,Mobile,22.76,27,5,0.8608363636363636,0.9252032520325203,0
29.0,Female,USA,Standard,Gaming Console,22.77,36,5,0.7266363636363635,2.3897148854294206,1
35.03946643148495,Male,USA,Basic,Laptop,22.77,7,5,0.9259999999999999,5.567237163814181,0
35.03946643148495,Male,Canada,Premium,Gaming Console,22.8,33,4,0.6356363636363636,1.9680621493310315,0
53.0,Female,USA,Premium,Tablet,22.81,24,4,1.1218333333333335,3.979645245710962,1
28.0,Female,USA,Premium,Tablet,22.83,21,5,0.6072631578947368,1.3798730734360831,0
30.0,Male,USA,Premium,Gaming Console,22.83,3,5,0.6116794871794872,0.8121183375822613,0
20.0,Female,USA,Premium,Gaming Console,22.83,18,5,0.6552424242424243,2.622128637059724,0
21.0,Female,USA,Premium,Smart TV,22.84,4,5,0.42342857142857143,4.746795981988223,0
33.0,Male,USA,Standard,Smart TV,22.85,30,5,0.8653333333333333,2.3951781970649897,0
15.0,Male,USA,Standard,Desktop,22.85,23,4,0.9595384615384616,3.203271028037383,0
41.0,Female,USA,Premium,Mobile,22.85,18,5,0.7889393939393939,1.7742979163970494,0
35.03946643148495,Female,Canada,Standard,Laptop,22.86,21,5,0.5162777777777778,2.7520064205457464,0
41.0,Female,USA,Standard,Smart TV,22.87,29,5,0.574125,2.6779859484777515,1
64.0,Female,USA,Standard,Tablet,22.87,18,5,0.9737777777777777,2.2218264248704664,0
24.0,Male,USA,Premium,Tablet,22.88,9,5,0.8081428571428573,1.415695575951325,0
60.0,Female,Canada,Premium,Tablet,22.89,27,5,0.5615357142857142,1.8554444744663603,0
35.03946643148495,Male,Canada,Premium,Gaming Console,22.89,20,5,0.9130666666666667,1.5074086269344749,0
48.0,Male,Canada,Standard,Smart TV,22.89,21,5,0.741,6.2855835240274605,0
30.0,Male,Canada,Basic,Gaming Console,22.89,16,5,0.8899666666666667,2.4511868641799035,1
43.0,Female,USA,Premium,Smart TV,22.91,15,5,0.9907575757575757,3.20046565774156,0
35.03946643148495,Female,USA,Basic,Tablet,22.92,1,5,0.5575,1.6493163828256177,0
17.0,Male,USA,Premium,Mobile,22.92,31,4,0.6824444444444444,6.804552201880258,1
35.03946643148495,Male,Canada,Premium,Smart TV,22.93,20,5,0.9701363636363637,3.361348644026386,0
34.0,Female,USA,Standard,Gaming Console,22.94,3,4,0.6719142857142857,3.5076452599388377,0
39.0,Male,USA,Standard,Mobile,22.95,20,5,0.7202222222222222,2.8639767054908485,0
24.0,Male,USA,Standard,Smart TV,22.95,24,5,0.9539444444444444,2.967672413793103,1
42.0,Female,USA,Standard,Mobile,22.96,26,5,0.6425181818181818,3.614799265284702,0
42.0,Prefer not to say,USA,Basic,Smart TV,22.96,22,5,0.7726666666666667,2.2781544567554155,0
35.03946643148495,Male,Canada,Standard,Mobile,22.96,3,5,1.2775,4.770083102493075,0
29.0,Female,USA,Standard,Gaming Console,22.96,30,4,0.8581212121212121,2.3117972814230576,0
50.0,Female,USA,Premium+,Smart TV,22.98,2,4,0.8049,2.887539267015707,0
36.0,Male,USA,Premium,Tablet,22.98,8,5,0.657,9.528680027643398,0
30.0,Female,Canada,Premium,Tablet,22.98,4,5,0.49822727272727274,2.3444992348240095,0
27.0,Male,USA,Premium,Desktop,22.98,20,5,0.9390000000000001,2.8863303328448815,0
35.03946643148495,Female,USA,Premium,Laptop,22.99,35,5,0.8447,2.387744504067855,0
18.0,Female,USA,Premium,Desktop,23.0,21,5,0.7426250000000001,1.9655319755020653,0
48.0,Female,Canada,Premium,Gaming Console,23.01,8,4,0.8366333333333333,2.2595744680851064,0
35.03946643148495,Female,Canada,Standard,Desktop,23.02,13,5,0.688111111111111,3.2361761949390817,0
35.03946643148495,Female,USA,Standard,Desktop,23.03,34,4,0.9415,8.93212669683258,0
31.0,Female,USA,Premium,Desktop,23.04,9,5,0.7209333333333334,1.4291326372376718,1
12.0,Male,USA,Premium+,Tablet,23.04,30,5,1.0313653846153845,2.1389447624941975,0
23.0,Male,USA,Premium+,Desktop,23.04,20,4,1.3692857142857142,2.683229813664596,0
25.0,Other,USA,Basic,Smart TV,23.05,31,4,0.6556666666666666,3.3486682808716703,0
47.0,Female,Canada,Premium,Tablet,23.05,5,4,0.6652,2.4525625110835256,0
25.0,Other,USA,Basic,Smart TV,23.05,31,4,0.6556666666666666,3.3486682808716703,0
43.0,Female,USA,Basic,Tablet,23.06,32,5,0.73,1.635847718136675,0
46.0,Female,USA,Premium,Tablet,23.06,21,5,0.7836272727272727,2.576536312849162,0
7.0,Female,Canada,Standard,Mobile,23.07,36,5,0.7785,1.342449810881583,0
4.0,Female,USA,Standard,Mobile,23.08,7,5,0.8531428571428571,3.303435114503816,0
40.0,Male,USA,Premium+,Smart TV,23.08,27,5,0.41942857142857143,1.9476793248945148,0
33.0,Female,USA,Premium+,Mobile,23.09,13,5,0.7687999999999999,4.270653514180024,0
28.0,Male,USA,Standard,Laptop,23.09,25,5,0.9252197802197801,2.147241165530068,0
33.0,Male,USA,Basic,Gaming Console,23.11,17,4,0.821,2.6721911736365387,0
23.0,Female,USA,Basic,Smart TV,23.11,11,5,0.8137125506072873,1.294436146377894,0
33.0,Male,USA,Premium,Smart TV,23.13,18,4,0.6943999999999999,4.093805309734512,0
39.0,Female,USA,Premium,Tablet,23.14,19,5,0.9752500000000001,5.65079365079365,1
16.0,Female,USA,Basic,Gaming Console,23.14,33,4,0.8083750000000001,3.5572636433512685,0
27.0,Male,Canada,Standard,Smart TV,23.15,4,5,0.8637820512820513,1.4389309023101629,0
27.0,Male,Canada,Standard,Smart TV,23.15,4,5,0.8637820512820513,1.4389309023101629,0
36.0,Female,Canada,Premium,Gaming Console,23.16,20,5,1.1598333333333333,5.569539078156313,1
24.0,Male,USA,Basic,Laptop,23.18,12,5,0.7090000000000001,2.3572881355932203,0
35.03946643148495,Male,Canada,Premium,Desktop,23.18,17,5,0.5589999999999999,3.1558883594281824,0
22.0,Male,Canada,Premium,Smart TV,23.18,13,4,0.5370999999999999,1.3583357749780252,0
35.03946643148495,Female,USA,Standard,Desktop,23.2,19,5,0.7498181818181817,2.0888355342136857,0
48.0,Male,Canada,Standard,Gaming Console,23.2,27,5,0.7023626373626374,2.074206526598122,0
37.0,Female,USA,Premium,Tablet,23.2,18,5,0.9353333333333333,3.198529411764706,1
23.0,Male,USA,Premium,Desktop,23.2,36,4,0.9508809523809524,1.9213250517598344,0
27.0,Female,USA,Standard,Tablet,23.2,4,5,0.7327777777777778,1.0540663334847797,0
23.0,Other,USA,Standard,Gaming Console,23.21,8,4,0.9062727272727272,1.8467046810767804,0
27.0,Male,USA,Premium,Smart TV,23.22,29,5,0.598,2.767580452920143,0
37.0,Female,USA,Premium+,Desktop,23.22,16,5,0.660060606060606,2.754993078900534,0
35.03946643148495,Male,USA,Premium,Laptop,23.22,9,5,0.6935181818181819,2.484751203852327,0
28.0,Female,USA,Standard,Smart TV,23.23,12,5,0.299625,5.6681577877185845,0
35.0,Female,Canada,Premium,Desktop,23.23,21,5,0.8004,3.5637944259780108,0
22.0,Female,USA,Premium,Desktop,23.23,25,5,0.7122222222222223,1.9264685556323429,0
23.0,Male,Canada,Standard,Mobile,23.24,18,5,0.42972727272727274,1.0536496901919299,1
49.0,Male,USA,Premium,Gaming Console,23.24,9,5,0.824041958041958,1.6959377280467036,0
37.0,Male,USA,Standard,Tablet,23.25,31,5,0.44625000000000004,5.381944444444443,0
28.0,Other,Canada,Standard,Smart TV,23.25,18,5,0.7270909090909091,1.4218734073998573,1
41.0,Male,Canada,Premium,Gaming Console,23.25,5,4,0.8718383838383839,1.8340783591901129,0
23.0,Male,USA,Premium,Smart TV,23.25,34,5,0.8140909090909091,3.3966398831263693,0
29.0,Male,USA,Premium+,Gaming Console,23.27,9,5,0.45391818181818183,2.91969887076537,1
23.0,Male,USA,Standard,Desktop,23.27,8,5,0.6447142857142858,1.7419837804117282,0
47.0,Other,USA,Basic,Smart TV,23.28,34,5,0.9270384615384616,3.155896972435608,0
49.0,Male,USA,Premium,Desktop,23.28,20,5,1.0697142857142856,5.755253399258344,0
35.03946643148495,Other,USA,Standard,Gaming Console,23.28,14,5,0.8552313725490197,0.9587480266318898,0
25.0,Female,USA,Premium,Mobile,23.29,30,5,0.836041958041958,1.3462427745664742,0
38.0,Female,USA,Premium+,Gaming Console,23.31,36,5,0.9796923076923076,1.627982772669072,0
35.0,Male,Canada,Basic,Gaming Console,23.31,32,5,0.909076923076923,0.8550467689674146,0
35.03946643148495,Female,Canada,Premium,Desktop,23.32,5,4,0.9242051282051281,1.916449801397069,0
26.0,Male,Canada,Standard,Mobile,23.32,30,5,0.8220000000000001,1.6179463459759482,1
52.0,Female,USA,Premium,Desktop,23.32,19,5,0.7725714285714286,4.7063572149344095,1
25.0,Prefer not to say,Canada,Premium,Tablet,23.32,12,5,0.7630793650793651,2.2780853142298922,0
27.0,Male,USA,Premium+,Smart TV,23.33,6,4,1.1923333333333335,4.084622118470965,0
38.0,Male,USA,Standard,Tablet,23.33,26,5,0.8236980392156863,1.3712774294670844,0
27.0,Male,USA,Premium,Mobile,23.34,15,5,0.7285972222222221,4.629421487603305,0
39.0,Female,USA,Basic,Smart TV,23.34,20,5,0.8160000000000001,5.615076182838813,1
53.0,Male,USA,Premium+,Tablet,23.34,34,5,0.886609090909091,3.4740759116844453,0
16.0,Female,USA,Premium,Gaming Console,23.35,15,5,0.5674285714285714,3.1307262569832406,0
46.0,Female,Canada,Premium,Tablet,23.35,31,5,0.860111111111111,2.0198961937716264,0
30.0,Female,USA,Basic,Laptop,23.35,28,3,1.3326666666666667,13.192090395480228,0
28.0,Male,USA,Standard,Mobile,23.36,34,5,0.9401111111111111,2.215618084097376,0
52.0,Male,USA,Premium,Laptop,23.37,13,4,0.83025,6.741346153846154,1
35.03946643148495,Female,USA,Standard,Gaming Console,23.37,36,5,0.5492857142857144,2.7338662507311366,0
35.03946643148495,Female,USA,Premium+,Gaming Console,23.38,22,5,0.749352564102564,1.985281630342485,0
45.0,Female,USA,Standard,Desktop,23.38,33,4,0.5002,2.2850627137970356,0
37.0,Female,USA,Premium,Desktop,23.4,29,5,0.6514646464646465,2.7193492155723415,0
51.0,Male,USA,Basic,Smart TV,23.4,29,5,0.8628333333333333,2.6316776007497653,0
35.03946643148495,Male,Canada,Premium,Desktop,23.41,22,5,0.5728888888888888,2.66729965818458,1
22.0,Male,Canada,Premium,Desktop,23.41,28,5,0.6786848739495799,2.495735607675906,0
31.0,Female,USA,Premium+,Laptop,23.43,26,5,0.9814444444444445,3.2220948888379555,0
56.0,Male,USA,Standard,Laptop,23.43,22,5,1.1984444444444444,2.7382158161277754,1
48.0,Male,Canada,Premium,Laptop,23.45,27,5,0.8632142857142857,3.132932531730127,1
43.0,Female,USA,Standard,Tablet,23.45,23,5,0.9909444444444444,3.200636942675159,0
35.03946643148495,Prefer not to say,Canada,Premium,Tablet,23.46,2,5,0.6008571428571429,2.2940026075619295,0
28.0,Male,Canada,Premium,Smart TV,23.46,14,5,0.8042727272727273,3.8032964063766546,1
48.0,Male,USA,Premium,Desktop,23.46,22,5,0.6589166666666666,3.0753768844221105,0
38.0,Prefer not to say,USA,Standard,Tablet,23.46,3,4,0.7184444444444444,3.0619969545355668,0
50.0,Female,USA,Premium+,Mobile,23.46,16,5,0.6712626262626262,2.9124767225325887,0
37.0,Male,USA,Standard,Gaming Console,23.46,5,5,0.7082986111111111,1.218912365777624,0
22.0,Female,Canada,Standard,Gaming Console,23.47,13,5,0.6304666666666667,1.1416295095257396,0
48.0,Female,USA,Premium,Smart TV,23.48,17,5,0.7126703296703296,2.210575866938647,0
25.0,Female,USA,Standard,Desktop,23.48,33,5,0.9057142857142857,3.0935441370223975,0
34.0,Female,USA,Premium+,Gaming Console,23.48,36,5,0.8180404040404041,2.120409391932571,0
42.0,Female,Canada,Standard,Mobile,23.49,5,5,0.611909090909091,1.9071718538565627,0
35.03946643148495,Male,Canada,Standard,Smart TV,23.49,15,5,0.8295277777777778,1.3254960970563339,0
40.0,Male,Canada,Premium+,Smart TV,23.5,35,5,0.8421428571428572,4.8353909465020575,0
38.0,Male,USA,Premium,Mobile,23.51,20,5,0.6539999999999999,2.835946924004825,0
92.0,Male,Canada,Standard,Laptop,23.52,35,5,0.7393333333333334,1.486725663716814,0
52.0,Male,USA,Premium,Laptop,23.52,35,5,0.8489,2.5043478260869563,0
30.0,Male,Canada,Standard,Laptop,23.53,4,4,0.54975,4.353376503237742,0
35.03946643148495,Male,USA,Premium,Laptop,23.53,8,5,0.6674848484848485,1.2927387601867963,0
35.03946643148495,Male,Canada,Standard,Tablet,23.56,20,5,0.3593571428571428,4.524967989756722,0
42.0,Female,USA,Standard,Tablet,23.57,3,4,0.6695555555555556,4.2064247471743,1
43.0,Female,USA,Standard,Laptop,23.59,32,4,0.8859999999999999,2.7928176795580106,0
44.0,Male,Canada,Basic,Mobile,23.59,14,5,0.676874125874126,2.261744966442953,0
35.03946643148495,Female,USA,Premium,Gaming Console,23.59,23,5,0.6370769230769231,1.9210097719869705,1
46.0,Female,USA,Basic,Tablet,23.6,23,5,0.7800238095238095,3.170622480967309,0
28.0,Other,USA,Standard,Desktop,23.6,19,5,0.8147575757575758,2.010506886270055,1
66.0,Male,Canada,Basic,Desktop,23.62,9,4,0.9065714285714286,1.896680942184154,0
48.0,Male,USA,Premium,Mobile,23.63,9,5,0.8992756410256411,5.140681653372009,0
32.0,Male,Canada,Basic,Mobile,23.63,26,5,0.5361818181818182,2.888753056234719,1
23.0,Male,USA,Standard,Mobile,23.63,36,5,0.8527272727272728,3.3048951048951047,0
51.0,Male,USA,Basic,Tablet,23.63,20,5,0.7757820512820512,1.1134846461949264,0
42.0,Female,USA,Standard,Smart TV,23.63,31,5,0.5473571428571429,1.7273391812865495,0
24.0,Other,Canada,Premium,Laptop,23.63,36,5,0.7540681818181818,2.142015410182807,1
62.0,Prefer not to say,USA,Premium+,Mobile,23.64,20,4,0.7608333333333333,4.105354558610709,1
28.0,Female,Canada,Premium+,Desktop,23.64,1,5,0.5351666666666667,4.822849370962257,0
43.0,Male,Canada,Premium,Gaming Console,23.64,15,5,0.5446703296703297,1.9834988113550553,0
28.0,Female,Canada,Standard,Gaming Console,23.65,7,5,1.0585,5.466101694915253,0
39.0,Male,Canada,Standard,Desktop,23.65,21,5,0.9070333333333331,2.260994263862332,0
53.0,Female,Canada,Standard,Tablet,23.65,1,5,1.2033333333333331,4.25614877024595,1
53.0,Female,Canada,Standard,Tablet,23.65,1,5,1.2033333333333331,4.25614877024595,1
25.0,Female,USA,Premium,Mobile,23.66,35,4,0.9933636363636364,1.6175934366453966,0
44.0,Female,Canada,Premium,Mobile,23.66,5,5,0.5976,8.084282460136674,0
47.0,Female,USA,Standard,Smart TV,23.66,2,4,0.33766666666666667,4.47399936968169,1
35.03946643148495,Female,USA,Premium,Laptop,23.67,8,5,0.8372857142857143,3.1090192644483365,0
32.0,Female,Canada,Standard,Laptop,23.68,3,5,0.9918,1.3149467838963442,0
22.0,Male,Canada,Premium+,Mobile,23.69,3,5,0.7853939393939393,1.8580392156862746,0
44.0,Male,USA,Standard,Smart TV,23.7,29,5,0.75125,2.7419976860779016,0
23.0,Other,USA,Standard,Smart TV,23.7,19,5,0.5226825396825396,5.8687577383409,0
60.0,Female,USA,Premium,Tablet,23.71,25,5,0.7482,2.7855884080673587,1
16.0,Female,USA,Premium,Tablet,23.72,34,5,0.69,3.3885714285714283,0
52.0,Male,USA,Standard,Laptop,23.72,3,5,0.6158571428571429,1.2412349555206699,0
38.0,Female,USA,Premium,Tablet,23.72,6,4,0.6388571428571428,2.2629988869454603,0
29.0,Female,USA,Premium+,Gaming Console,23.73,25,5,0.7413030303030304,1.604824165915239,0
52.0,Female,USA,Premium,Laptop,23.74,16,5,0.7445999999999999,2.695685087055261,0
64.0,Female,Canada,Basic,Laptop,23.74,13,5,0.8178181818181818,2.7439799653245998,0
45.0,Female,Canada,Premium,Gaming Console,23.74,35,4,0.412,1.9764118218398778,0
36.0,Male,USA,Premium,Mobile,23.74,1,5,0.4848333333333333,4.175901495162708,0
35.03946643148495,Female,USA,Premium,Gaming Console,23.74,36,5,1.012111111111111,3.0784525610546782,0
35.03946643148495,Male,USA,Premium,Laptop,23.74,8,5,0.49949999999999994,2.4216252975178505,0
35.03946643148495,Female,USA,Basic,Laptop,23.75,14,5,0.5273333333333333,2.1653244187813403,0
59.0,Male,USA,Premium,Gaming Console,23.75,34,5,0.5081111111111111,2.706038739080896,0
35.03946643148495,Male,USA,Standard,Laptop,23.75,2,4,0.8824,6.144890038809831,0
37.0,Female,USA,Premium+,Smart TV,23.75,8,5,1.1046666666666667,3.4960745829244355,1
41.0,Male,USA,Basic,Smart TV,23.75,30,5,0.7749999999999999,3.4952170713760116,0
10.0,Male,USA,Basic,Desktop,23.76,2,5,0.8235454545454546,2.0970873786407767,0
40.0,Male,USA,Premium,Desktop,23.76,33,5,0.6882222222222223,2.3366661203081462,0
50.0,Male,USA,Standard,Smart TV,23.76,2,5,0.6863076923076924,2.5165048543689323,0
10.0,Male,USA,Basic,Desktop,23.76,2,5,0.8235454545454546,2.0970873786407767,0
33.0,Male,USA,Premium,Tablet,23.8,26,5,0.7696923076923077,3.2857800276115965,0
55.0,Male,USA,Standard,Tablet,23.8,25,5,0.7757616099071207,1.077817193750472,0
32.0,Male,USA,Basic,Desktop,23.81,22,5,0.8628589743589744,0.8802760490480005,0
53.0,Male,Canada,Standard,Mobile,23.82,5,4,0.8927142857142857,2.18298457308691,0
35.03946643148495,Male,USA,Premium,Smart TV,23.82,1,5,0.8217878787878787,2.3163695299837928,0
35.03946643148495,Female,Canada,Standard,Desktop,23.83,13,5,0.5763,1.3000545553737044,0
39.0,Male,USA,Premium+,Gaming Console,23.84,19,5,0.41437500000000005,2.0431366947578917,0
35.03946643148495,Female,USA,Standard,Laptop,23.84,30,5,0.4775,2.208770846201359,0
39.0,Female,Canada,Premium,Smart TV,23.85,19,5,0.77725,2.430366847826087,0
21.0,Male,USA,Basic,Laptop,23.85,22,5,0.5936666666666667,4.1903367496339685,0
41.0,Female,Canada,Standard,Desktop,23.86,7,5,0.6874285714285714,1.9770749896423145,0
-5.0,Male,Canada,Premium+,Tablet,23.86,17,5,0.7104675324675325,2.1853152190505267,0
38.0,Male,USA,Premium+,Mobile,23.86,35,5,0.8424166666666667,2.1479369842460616,0
42.0,Male,Canada,Premium,Gaming Console,23.87,18,5,0.6414191176470587,2.424581005586592,1
28.0,Female,USA,Standard,Gaming Console,23.87,32,5,0.42019999999999996,6.471757794848622,0
31.0,Male,USA,Premium,Laptop,23.87,21,5,0.8552500000000001,1.693107932379714,1
34.0,Male,USA,Premium,Mobile,23.88,9,5,0.526,2.622254758418741,0
34.0,Prefer not to say,USA,Premium+,Mobile,23.88,29,5,1.002181818181818,1.1405827097595924,0
27.0,Female,Canada,Premium,Desktop,23.88,23,5,0.6710128205128205,2.312832929782082,0
34.0,Prefer not to say,USA,Premium+,Mobile,23.88,29,5,1.002181818181818,1.1405827097595924,0
27.0,Male,USA,Standard,Gaming Console,23.9,35,4,0.8796272727272727,2.6403977168109,0
59.0,Male,USA,Standard,Mobile,23.9,18,5,0.7401758241758241,3.008181246066708,0
3.0,Male,Canada,Premium,Gaming Console,23.9,10,5,0.4511666666666666,3.8506981740064443,0
21.0,Male,USA,Basic,Desktop,23.91,31,5,0.7482222222222223,1.7309362934362933,0
22.0,Male,Canada,Standard,Smart TV,23.91,10,5,0.859625,3.60271220492215,0
21.0,Other,USA,Basic,Desktop,23.91,31,5,0.7482222222222223,1.7309362934362933,0
46.0,Female,USA,Premium,Desktop,23.92,31,5,0.5758888888888889,2.1183763837638376,0
45.0,Female,USA,Premium+,Mobile,23.93,17,5,0.7433846153846154,1.6806742362167855,0
42.0,Male,USA,Premium,Mobile,23.94,6,5,0.7951250000000001,2.987520798668885,0
45.0,Male,USA,Premium,Desktop,23.94,12,5,0.6789166666666666,2.4189962950488377,0
64.0,Male,USA,Standard,Mobile,23.95,11,5,0.8853333333333333,2.9118541033434644,0
32.0,Female,Canada,Basic,Smart TV,23.96,30,5,0.47451818181818184,2.5575520370040916,0
33.0,Female,USA,Standard,Laptop,23.97,15,5,0.5117142857142858,4.45953488372093,0
33.0,Male,Canada,Standard,Tablet,23.97,36,5,0.7233525641025641,1.5768007893871285,0
40.0,Female,USA,Premium,Mobile,23.97,29,4,1.1266666666666665,3.925218340611353,0
35.0,Female,USA,Premium,Mobile,23.97,26,5,0.7864333333333333,1.6045966752203502,0
38.0,Male,USA,Premium+,Mobile,23.98,34,4,0.8004181818181819,1.3052707974235689,0
35.0,Female,USA,Premium,Desktop,23.98,11,5,0.7876272727272726,3.8204992033988314,1
35.03946643148495,Female,USA,Premium,Desktop,23.98,20,5,0.6902499999999999,1.4469026548672566,0
35.03946643148495,Female,USA,Premium,Mobile,23.98,24,5,0.8845555555555555,4.165605095541401,0
55.0,Male,USA,Standard,Laptop,23.98,34,5,0.604375,3.9538334707337177,0
15.0,Male,USA,Premium+,Mobile,23.98,22,5,0.6046333333333335,1.5177215189873416,0
40.0,Female,USA,Premium,Mobile,23.98,19,5,1.042111111111111,3.727461139896373,0
24.0,Female,USA,Standard,Laptop,23.98,3,5,0.6537222222222222,2.441126569392603,1
38.0,Prefer not to say,Canada,Standard,Laptop,23.98,16,4,0.8785,5.836916835699797,0
35.03946643148495,Male,USA,Standard,Desktop,23.99,1,5,0.8692377622377623,2.7938664596273286,0
35.03946643148495,Prefer not to say,Canada,Premium+,Gaming Console,23.99,23,4,0.6159285714285714,2.580957504034427,0
35.0,Prefer not to say,USA,Premium,Mobile,24.0,3,5,0.8931272727272727,2.906742026645135,0
26.0,Male,USA,Standard,Desktop,24.0,18,5,0.726189075630252,1.8473380372033354,0
25.0,Male,Canada,Standard,Smart TV,24.0,4,4,0.7220909090909091,2.3308514082227254,1
55.0,Female,USA,Standard,Desktop,24.0,1,5,0.5601111111111112,1.939655172413793,0
43.0,Prefer not to say,USA,Premium,Smart TV,24.01,33,5,0.8052999999999999,3.8080888183980965,0
43.0,Female,USA,Standard,Desktop,24.01,9,5,1.2059000000000002,3.4145532116615316,0
47.0,Female,USA,Basic,Gaming Console,24.01,3,5,0.6459375,2.7455688965122924,0
38.0,Male,USA,Standard,Desktop,24.02,9,5,0.5909230769230769,1.4452466907340553,0
27.0,Other,USA,Standard,Mobile,24.03,2,5,0.5834396284829722,1.1330451866404716,0
21.0,Female,Canada,Premium,Tablet,24.04,23,5,0.8056643356643357,1.8147961751383994,1
23.0,Male,Canada,Standard,Desktop,24.04,1,5,0.5675090909090909,1.0547714808043875,0
48.0,Female,USA,Premium,Mobile,24.04,24,5,0.7313333333333334,0.817687074829932,0
34.0,Male,USA,Basic,Gaming Console,24.06,26,5,0.5867777777777778,2.4584468664850134,0
34.0,Male,USA,Basic,Gaming Console,24.06,26,5,0.5867777777777778,2.4584468664850134,0
24.0,Male,USA,Premium,Tablet,24.07,36,5,0.6625454545454545,2.8994177875928524,1
30.0,Prefer not to say,Canada,Premium,Mobile,24.07,8,4,0.80825,1.5806063259275474,0
24.0,Female,USA,Premium+,Gaming Console,24.08,36,5,0.8322857142857143,5.405162738496071,0
18.0,Female,Canada,Basic,Laptop,24.08,9,4,0.7631428571428571,2.7646383467278985,0
34.0,Male,Canada,Standard,Gaming Console,24.08,6,5,0.4256666666666667,3.3820224719101115,0
35.0,Female,USA,Premium,Smart TV,24.08,13,5,0.4756,2.4592340425531916,0
58.0,Female,USA,Premium,Smart TV,24.09,15,3,1.010875,4.480471171729696,0
58.0,Female,USA,Premium,Smart TV,24.09,15,3,1.010875,4.480471171729696,0
32.0,Female,Canada,Premium,Gaming Console,24.1,2,5,0.8641758241758242,1.9574928929199946,0
45.0,Male,USA,Premium+,Mobile,24.1,15,5,0.4703461538461538,1.1861209088671973,0
28.0,Male,USA,Standard,Mobile,24.11,22,4,0.7081111111111111,2.932495438881005,0
45.0,Female,Canada,Standard,Tablet,24.11,35,5,0.8593333333333333,2.1978122151321786,1
31.0,Prefer not to say,USA,Premium,Gaming Console,24.11,1,4,1.1051111111111112,2.573105656350053,0
17.0,Male,USA,Premium,Smart TV,24.11,25,5,0.7644000000000001,1.486589250847806,0
42.0,Female,USA,Basic,Tablet,24.14,27,5,0.5684,1.7360661632506291,0
30.0,Female,USA,Standard,Smart TV,24.16,17,4,0.9621111111111111,3.3805970149253732,1
59.0,Male,USA,Premium,Laptop,24.18,8,5,0.7085050505050505,2.735809918913822,0
54.0,Male,USA,Standard,Gaming Console,24.18,27,5,0.6378333333333334,2.636380156278393,0
48.0,Male,Canada,Premium,Mobile,24.19,26,4,0.5458333333333334,3.062025316455696,0
31.0,Male,Canada,Premium+,Tablet,24.2,3,5,0.8579285714285715,1.4457831325301205,0
30.0,Female,USA,Standard,Mobile,24.2,23,5,0.8577472527472527,3.0972696245733786,0
28.0,Male,Canada,Premium,Smart TV,24.2,23,4,1.1274285714285714,5.630089181853431,0
51.0,Female,Canada,Standard,Tablet,24.2,13,4,0.4468571428571429,3.777315296566077,0
35.03946643148495,Male,USA,Premium,Tablet,24.21,15,4,0.6865000000000001,7.325264750378215,0
30.0,Prefer not to say,USA,Premium,Desktop,24.21,1,5,0.6879285714285714,2.5341939986043265,0
24.0,Male,USA,Standard,Laptop,24.21,26,4,0.7853333333333333,10.712389380530976,0
44.0,Female,USA,Standard,Gaming Console,24.22,6,5,0.7081000000000001,1.6339105014616595,1
42.0,Male,USA,Premium,Gaming Console,24.22,26,5,0.5390909090909091,2.4187749667110516,0
35.03946643148495,Male,USA,Premium,Tablet,24.23,32,4,0.5055,7.050436469447139,0
32.0,Female,USA,Standard,Laptop,24.23,6,5,0.71686013986014,1.8693583644078693,0
19.0,Male,USA,Standard,Tablet,24.24,13,5,0.789012987012987,2.0536571589946337,0
33.0,Female,USA,Premium,Laptop,24.24,31,5,0.6561145510835913,1.0672928744404493,0
40.0,Male,Canada,Premium,Tablet,24.25,1,5,0.6365555555555555,2.994443301090759,0
46.0,Male,USA,Standard,Tablet,24.25,25,4,0.7431666666666666,2.7714285714285714,0
34.0,Female,USA,Standard,Gaming Console,24.28,4,5,0.7510036764705883,1.6479638009049775,1
49.0,Male,USA,Standard,Mobile,24.28,29,5,0.8372237762237762,2.657424297701569,0
25.0,Female,USA,Basic,Desktop,24.29,16,5,0.9350833333333333,2.0742954739538852,0
35.03946643148495,Prefer not to say,USA,Standard,Mobile,24.29,4,5,0.922625,1.5448378206487172,0
28.0,Male,USA,Standard,Smart TV,24.29,14,5,0.9324444444444444,2.5245106530400134,0
27.0,Female,USA,Basic,Mobile,24.31,24,4,0.775,2.928915662650602,0
26.0,Male,USA,Standard,Tablet,24.31,27,5,0.61075,1.986111111111111,0
38.0,Male,USA,Premium,Tablet,24.31,4,5,0.535625,1.757984813788116,0
34.0,Male,USA,Premium,Smart TV,24.31,11,5,0.7307142857142856,2.871259842519685,1
27.0,Male,Canada,Basic,Laptop,24.31,3,5,0.6429090909090909,2.181899775617053,0
12.0,Male,USA,Standard,Smart TV,24.32,14,5,0.9413636363636364,2.0096405453794244,0
37.0,Female,USA,Premium,Smart TV,24.32,10,5,0.9842857142857142,1.1726133076181293,0
35.03946643148495,Female,Canada,Premium,Smart TV,24.32,29,5,0.7345892857142857,1.5394028906002741,0
26.0,Female,USA,Premium+,Mobile,24.33,32,5,0.33388888888888885,2.4847659574468084,1
11.0,Male,USA,Basic,Mobile,24.33,19,5,0.5642142857142858,2.031732776617954,1
46.0,Female,USA,Premium,Mobile,24.34,32,5,0.6625,4.858283433133732,0
44.0,Female,Canada,Premium,Gaming Console,24.34,19,4,1.2515,3.5114210146669866,0
13.0,Female,USA,Standard,Mobile,24.34,26,5,0.5257000000000001,2.5802120141342755,0
40.0,Female,Canada,Standard,Mobile,24.35,23,4,0.9343146853146853,1.6293074606891937,0
29.0,Male,USA,Standard,Gaming Console,24.36,31,5,0.7174272727272727,2.456470588235294,0
32.0,Male,USA,Premium,Laptop,24.36,31,5,0.4224444444444444,7.71700105596621,0
29.0,Male,USA,Standard,Gaming Console,24.36,31,5,0.7174272727272727,2.456470588235294,0
27.0,Male,USA,Premium,Tablet,24.37,5,4,0.7732857142857144,10.511861969805896,1
19.0,Female,USA,Premium,Tablet,24.38,28,5,0.8109999999999999,6.472566371681417,1
28.0,Male,USA,Standard,Tablet,24.38,2,4,0.9180476190476191,2.2421827099938687,0
35.03946643148495,Female,USA,Premium,Gaming Console,24.39,22,5,0.6577,2.901844140392624,0
35.0,Male,Canada,Premium,Smart TV,24.39,28,4,0.5015897435897436,2.5494773519163765,0
20.0,Male,Canada,Premium+,Gaming Console,24.39,26,5,0.6638241758241757,1.5464440452287858,0
58.0,Male,USA,Premium,Gaming Console,24.4,21,4,0.5714861111111111,3.633655994043186,1
35.03946643148495,Other,USA,Premium+,Desktop,24.4,3,5,0.4921111111111111,2.7369601794727987,0
35.0,Female,USA,Basic,Gaming Console,24.41,3,5,0.5563846153846155,2.0607851414098777,0
35.03946643148495,Female,USA,Basic,Tablet,24.41,32,5,0.4873333333333333,2.628499641062455,0
19.0,Female,USA,Premium,Laptop,24.42,25,4,0.7196,2.88141592920354,0
51.0,Male,USA,Standard,Smart TV,24.44,20,4,1.044875,3.7523029682702145,0
27.0,Female,USA,Basic,Desktop,24.44,22,5,0.7054375,1.2891428571428574,1
35.0,Female,USA,Premium,Laptop,24.45,13,5,0.6125833333333334,2.755964681570543,0
41.0,Female,USA,Standard,Smart TV,24.45,2,5,1.3355833333333333,2.0624209194432725,0
35.03946643148495,Male,USA,Premium,Mobile,24.45,27,4,0.6586666666666667,2.357005141388175,0
50.0,Female,USA,Premium,Tablet,24.46,7,5,0.5321111111111111,3.1014370245139475,0
21.0,Male,Canada,Standard,Desktop,24.47,12,4,0.9537777777777778,2.0326734044026025,0
28.0,Female,Canada,Premium+,Gaming Console,24.47,11,4,0.8077777777777778,2.6583378598587717,0
29.0,Male,USA,Premium,Laptop,24.48,5,5,0.7895555555555556,2.833333333333334,0
35.03946643148495,Male,Canada,Standard,Tablet,24.49,19,5,0.7056666666666667,5.208791208791208,0
37.0,Female,Canada,Standard,Gaming Console,24.49,28,4,0.6888888888888889,2.375363724539282,0
27.0,Female,USA,Basic,Gaming Console,24.52,16,4,0.625875,4.219099512474907,0
36.0,Male,USA,Premium+,Smart TV,24.52,27,5,0.7343846153846154,2.255403955235321,0
35.0,Female,USA,Premium,Gaming Console,24.55,2,4,0.8530833333333334,2.0731878958479943,1
35.03946643148495,Other,Canada,Premium,Desktop,24.55,4,5,0.6883333333333332,1.5857465819786847,1
30.0,Female,USA,Premium,Smart TV,24.56,29,5,0.6272,3.0252514884007384,0
29.0,Female,USA,Premium,Gaming Console,24.56,28,5,0.6169,1.7204903677758316,0
42.0,Male,Canada,Premium,Mobile,24.56,3,5,0.7260769230769231,1.4365373367128094,0
30.0,Female,USA,Premium,Smart TV,24.56,29,5,0.6272,3.0252514884007384,0
41.0,Female,USA,Basic,Desktop,24.58,18,5,0.6088333333333333,1.8632975363234363,0
46.0,Male,USA,Standard,Gaming Console,24.6,30,5,0.7581580882352941,1.5325511369535876,0
44.0,Male,Canada,Standard,Tablet,24.6,11,5,0.6330666666666667,3.86286312483643,0
16.0,Male,USA,Basic,Tablet,24.61,10,5,0.7737777777777777,3.0476780185758514,0
35.03946643148495,Male,USA,Standard,Smart TV,24.62,20,4,0.6813333333333333,3.687468796804793,1
35.0,Male,USA,Basic,Smart TV,24.62,12,4,0.79425,6.1473158551810245,0
35.03946643148495,Female,Canada,Premium,Smart TV,24.62,32,5,0.788909090909091,1.6631389326728214,0
3.0,Male,USA,Premium,Gaming Console,24.62,26,5,0.8590833333333334,4.382082468110353,0
43.0,Female,USA,Premium,Mobile,24.63,21,5,0.33718181818181814,1.687756966651439,0
30.0,Male,USA,Standard,Smart TV,24.63,14,5,0.8288181818181819,1.411461318051576,0
34.0,Male,USA,Premium+,Tablet,24.64,17,5,0.619,2.202950379973178,0
45.0,Female,USA,Premium,Laptop,24.64,15,5,0.6778,2.8796260225944685,0
40.0,Male,Canada,Premium+,Laptop,24.65,36,5,0.7975274725274726,0.8777448071216617,0
42.0,Female,USA,Standard,Gaming Console,24.65,22,4,0.7864571428571427,3.5374312365462806,0
35.03946643148495,Female,USA,Basic,Mobile,24.66,30,5,0.8795000000000001,3.321957790749888,0
40.0,Male,USA,Basic,Gaming Console,24.66,9,5,0.7204545454545455,2.3122362869198314,0
47.0,Female,Canada,Standard,Tablet,24.66,6,4,0.2596666666666667,5.05327868852459,0
35.03946643148495,Male,USA,Basic,Smart TV,24.67,34,5,0.6964285714285715,2.7040555352575817,0
39.0,Male,USA,Premium+,Gaming Console,24.67,3,5,0.961421052631579,1.0774494103945262,0
27.0,Female,USA,Premium,Tablet,24.67,23,5,1.3143636363636366,1.8656415427275022,0
47.0,Female,USA,Premium,Tablet,24.67,16,5,0.6630557275541795,1.5114877974063106,0
47.0,Female,USA,Premium,Gaming Console,24.68,3,5,0.75125,2.394953905870936,0
50.0,Male,Canada,Premium,Desktop,24.68,31,5,0.5150588235294118,1.1980582524271843,0
26.0,Male,USA,Basic,Laptop,24.68,32,4,0.827625,3.2943270300333696,0
18.0,Female,USA,Premium,Tablet,24.7,17,5,0.389,9.966375252185609,0
35.03946643148495,Male,USA,Standard,Tablet,24.7,32,5,0.9534444444444444,3.2831191847585286,0
35.03946643148495,Male,USA,Standard,Tablet,24.7,32,5,0.9534444444444444,3.2831191847585286,0
-3.0,Female,USA,Premium,Gaming Console,24.71,13,5,0.7210238095238095,4.01679761582227,0
61.0,Male,USA,Premium,Mobile,24.72,5,3,1.0865,4.810898475510865,0
9.0,Male,USA,Premium+,Mobile,24.72,32,5,0.6396,2.2689307021569523,0
43.0,Male,USA,Standard,Desktop,24.73,17,5,0.7752666666666667,1.6086296617519515,0
20.0,Female,USA,Standard,Smart TV,24.73,20,5,0.5226071428571428,4.55013799448022,0
46.0,Male,USA,Premium,Laptop,24.73,23,5,0.4402090909090909,1.976818545163869,0
28.0,Male,USA,Premium+,Mobile,24.74,30,5,0.8151428571428572,2.4868487183782877,0
38.0,Male,Canada,Standard,Desktop,24.74,6,4,0.5954,7.767660910518053,0
32.0,Male,USA,Standard,Gaming Console,24.74,26,5,0.7733571428571429,8.77304964539007,0
37.0,Female,USA,Standard,Tablet,24.76,6,5,0.7515,6.9844851904090275,0
27.0,Female,USA,Premium,Desktop,24.76,11,4,0.9221666666666667,4.5361832061068705,0
57.0,Male,USA,Standard,Desktop,24.77,7,5,0.8022222222222222,2.305615885820664,0
51.0,Female,USA,Premium,Desktop,24.77,3,5,0.7613472222222222,2.393622161378644,0
35.03946643148495,Male,Canada,Premium,Mobile,24.77,10,5,0.5425333333333333,5.119531519118153,0
33.0,Female,USA,Standard,Tablet,24.78,10,5,0.7744615384615385,2.2157973174366616,1
15.0,Male,USA,Premium,Desktop,24.78,31,5,0.5191428571428571,2.855386979066641,0
38.0,Male,Canada,Basic,Desktop,24.79,4,5,0.9279454545454545,1.9779255319148936,1
35.03946643148495,Female,USA,Basic,Smart TV,24.79,14,5,0.8605,5.4047965116279055,1
32.0,Female,Canada,Premium,Tablet,24.79,12,5,0.8682708333333333,2.224648519294047,1
36.0,Female,USA,Standard,Mobile,24.8,20,5,0.5289999999999999,1.3125165387668698,0
40.0,Male,Canada,Premium,Tablet,24.81,2,5,0.8842857142857142,3.231169958758411,0
30.0,Other,USA,Basic,Smart TV,24.81,30,5,0.512625,2.720394736842105,0
49.0,Female,USA,Basic,Desktop,24.81,6,5,0.8472083333333333,2.8209209778283113,0
41.0,Female,USA,Standard,Desktop,24.81,31,4,0.6629999999999999,3.2199870214146658,1
22.0,Female,USA,Premium,Desktop,24.81,36,5,1.265222222222222,2.877633868161608,0
29.0,Prefer not to say,USA,Standard,Desktop,24.82,15,5,0.7616666666666667,2.398453857303914,0
51.0,Female,USA,Standard,Desktop,24.83,36,5,0.6230357142857142,2.588705473501303,0
32.0,Female,USA,Standard,Gaming Console,24.84,25,4,0.6041666666666666,4.859471796543854,0
28.0,Female,USA,Basic,Mobile,24.86,30,5,0.9345,3.855259757043163,0
35.03946643148495,Female,USA,Premium,Tablet,24.86,23,5,0.8135999999999999,2.947243627741553,0
11.0,Male,Canada,Premium,Desktop,24.88,27,4,0.7620714285714285,1.4818344252531268,0
20.0,Male,USA,Premium,Tablet,24.89,28,5,0.6794285714285714,2.127653511896282,1
36.0,Male,USA,Standard,Mobile,24.9,22,4,0.609,6.19659892160929,1
44.0,Prefer not to say,USA,Standard,Desktop,24.9,8,5,0.8448181818181818,3.8485316846986084,0
32.0,Female,Canada,Basic,Mobile,24.91,24,4,0.671142857142857,1.8959786883166307,1
35.03946643148495,Female,Canada,Basic,Smart TV,24.91,21,5,0.6962698412698413,2.10418133183162,1
31.0,Female,Canada,Premium,Mobile,24.91,4,5,0.6998571428571427,6.428387096774194,1
36.0,Male,USA,Standard,Tablet,24.92,5,4,0.9885714285714287,6.115337423312884,1
35.03946643148495,Female,Canada,Standard,Smart TV,24.94,1,4,0.8314285714285714,3.6730486008836523,0
31.0,Female,USA,Standard,Laptop,24.95,29,5,0.49542857142857144,3.314146557449634,0
30.0,Female,USA,Premium,Mobile,24.96,10,5,0.8899090909090909,3.018746220520056,0
45.0,Female,USA,Standard,Laptop,24.97,26,5,0.8970476190476191,4.111416026344676,0
38.0,Female,USA,Basic,Gaming Console,24.98,32,4,0.5413333333333333,3.02055622732769,0
26.0,Male,USA,Basic,Gaming Console,24.98,21,4,0.8412363636363637,1.2929606625258803,0
45.0,Female,Canada,Premium,Laptop,24.99,1,5,0.9628653846153845,2.200792602377807,0
42.0,Female,USA,Premium,Desktop,24.99,24,5,0.6065142857142857,3.732636295743091,0
33.0,Male,USA,Premium+,Gaming Console,25.0,23,5,0.6894395604395605,1.8026679485638744,0
34.0,Prefer not to say,USA,Premium+,Tablet,25.0,2,5,0.9821,4.606879606879607,0
36.0,Male,USA,Premium+,Desktop,25.0,8,4,0.5955714285714286,2.2911257064304262,0
35.03946643148495,Other,USA,Premium+,Tablet,25.0,8,5,1.0044444444444445,2.407318247472316,0
47.0,Female,USA,Premium+,Mobile,25.0,27,4,0.7144285714285714,3.3385265969285554,1
30.0,Male,USA,Premium+,Tablet,25.0,8,5,0.47857142857142854,2.9862631893290863,0
41.0,Female,USA,Premium+,Tablet,25.0,36,5,0.8196428571428571,2.0366598778004072,1
42.0,Female,Canada,Premium+,Tablet,25.0,4,4,0.44825,10.15572105619499,0
16.0,Male,Canada,Premium+,Tablet,25.0,10,5,0.8514065934065934,1.9425019425019423,0
25.0,Male,USA,Premium+,Gaming Console,25.0,16,5,1.085,10.676156583629894,0
35.03946643148495,Female,Canada,Premium+,Laptop,25.0,12,5,1.33075,6.73551863493489,0
32.0,Male,Canada,Premium+,Desktop,25.0,5,4,0.491,1.2527142141306162,0
33.0,Male,Canada,Premium+,Mobile,25.0,3,5,0.724,1.411499011950692,0
20.0,Male,USA,Premium+,Desktop,25.0,9,5,0.6857500000000001,2.6473702788563362,0
54.0,Male,USA,Premium+,Tablet,25.0,36,5,0.7061428571428572,1.6616816218012629,0
47.0,Other,USA,Premium+,Gaming Console,25.0,5,5,0.8052,2.2883295194508007,0
35.03946643148495,Female,Canada,Premium+,Gaming Console,25.0,27,5,0.969,0.9657481328869431,1
47.0,Male,Canada,Premium+,Tablet,25.0,8,5,0.7497628205128205,2.4406117800195246,0
56.0,Male,Canada,Premium+,Tablet,25.0,7,4,0.7992307692307692,2.3503603885929176,1
35.0,Female,USA,Premium+,Laptop,25.0,19,5,1.0698666666666665,2.4406117800195246,1
48.0,Male,USA,Premium+,Smart TV,25.0,4,5,0.6562857142857143,2.3866348448687353,0
52.0,Male,USA,Premium+,Tablet,25.0,6,4,0.956,1.8491124260355027,0
15.0,Male,Canada,Premium+,Tablet,25.0,10,5,0.761,1.5163768701981397,0
35.03946643148495,Male,USA,Premium+,Gaming Console,25.0,24,5,0.6478571428571429,5.919494869771112,0
46.0,Male,USA,Premium+,Smart TV,25.0,26,4,0.8020128205128205,1.775358030536158,0
47.0,Female,USA,Premium+,Laptop,25.0,3,4,0.8222222222222222,3.7369207772795217,0
35.03946643148495,Female,USA,Premium+,Mobile,25.0,35,5,0.8427272727272727,1.632031335001632,0
36.0,Female,Canada,Premium+,Desktop,25.0,22,5,0.9750769230769232,2.1246458923512748,0
41.0,Male,Canada,Premium+,Desktop,25.0,36,5,0.863,7.0356472795497185,0
59.0,Female,USA,Premium+,Smart TV,25.0,6,5,0.5985,2.830188679245283,0
45.0,Prefer not to say,Canada,Premium+,Gaming Console,25.0,29,5,0.324,2.922267679719462,1
43.0,Female,USA,Premium+,Tablet,25.0,23,4,0.48877777777777776,3.3504578959124407,1
30.0,Female,USA,Premium+,Gaming Console,25.0,23,5,0.7427616099071208,1.5657620041753653,1
40.0,Female,USA,Premium+,Gaming Console,25.0,4,4,0.5232857142857144,1.76532893962575,0
22.0,Male,USA,Premium+,Tablet,25.0,34,5,0.6195,1.9957424161788184,0
45.0,Male,USA,Premium+,Desktop,25.0,3,5,0.7045999999999999,2.1477663230240553,0
35.03946643148495,Female,USA,Premium+,Gaming Console,25.0,15,4,1.075,5.456529647144417,0
35.03946643148495,Female,USA,Premium+,Mobile,25.0,33,5,0.9393846153846155,1.6472655392049198,0
45.0,Male,USA,Premium+,Mobile,25.0,17,5,0.48963333333333336,2.9880478087649402,0
35.03946643148495,Female,Canada,Premium+,Desktop,25.0,9,5,0.8105,2.1789657176060433,0
18.0,Male,USA,Premium+,Laptop,25.0,34,5,0.5759090909090909,2.831257078142695,0
35.03946643148495,Female,USA,Premium+,Mobile,25.0,20,5,0.7455714285714286,4.792332268370607,0
26.0,Male,USA,Premium+,Mobile,25.0,11,5,0.6121794871794872,1.8582755203171455,0
37.0,Male,USA,Premium+,Gaming Console,25.0,30,4,0.9272499999999999,6.305170239596468,0
49.0,Female,USA,Premium+,Desktop,25.0,10,5,0.6601999999999999,2.2209061297009183,0
35.03946643148495,Male,Canada,Premium+,Smart TV,25.0,9,5,0.8411428571428572,3.7622272385252074,0
7.0,Male,USA,Premium+,Tablet,25.0,29,5,0.7902222222222222,2.477291494632535,0
42.0,Female,USA,Premium+,Laptop,25.0,13,5,0.873,1.7772511848341233,0
41.0,Male,USA,Premium+,Laptop,25.0,9,5,0.8582261904761905,2.2331397945511386,0
29.0,Male,USA,Premium+,Laptop,25.0,31,5,0.9526000000000001,2.230151650312221,0
26.0,Female,USA,Premium+,Desktop,25.0,26,5,0.7781181818181817,1.822821728034998,0
35.0,Male,Canada,Premium+,Laptop,25.0,22,5,0.6669749373433583,1.2323365100230037,1
17.0,Female,Canada,Premium+,Tablet,25.0,3,4,0.7596666666666667,1.8197258279752515,0
35.03946643148495,Female,USA,Premium+,Tablet,25.0,5,4,0.6735757575757576,2.4748391354561954,0
32.0,Female,USA,Premium+,Smart TV,25.0,6,5,0.570888888888889,3.5104142288790077,0
33.0,Male,USA,Premium+,Tablet,25.0,35,5,0.594875,2.933124755572937,0
27.0,Male,Canada,Premium+,Laptop,25.0,34,5,0.7822727272727272,3.386769022352676,0
97.0,Male,USA,Premium+,Smart TV,25.0,25,5,0.7006333333333333,1.0290183165260343,0
26.0,Female,USA,Premium+,Tablet,25.0,13,5,0.5808351648351648,2.802690582959641,0
44.0,Male,USA,Premium+,Smart TV,25.0,3,5,0.7158181818181819,2.9194239003503304,0
37.0,Prefer not to say,USA,Premium+,Gaming Console,25.0,17,5,0.5333,2.8946352759552294,1
35.0,Male,USA,Premium+,Laptop,25.0,20,5,0.6325625,1.5724918754586434,0
18.0,Other,USA,Premium+,Gaming Console,25.0,22,5,0.8116923076923078,1.5749685006299874,0
42.0,Male,USA,Premium+,Mobile,25.0,5,4,0.595,4.227733934611049,0
35.03946643148495,Female,Canada,Premium+,Laptop,25.0,24,5,0.63,3.0042058882435407,0
27.0,Male,USA,Premium+,Laptop,25.0,10,5,0.5924285714285715,2.158273381294964,0
35.03946643148495,Prefer not to say,USA,Premium+,Desktop,25.0,31,5,0.5182500000000001,3.522780648191639,0
11.0,Male,Canada,Premium+,Gaming Console,25.0,26,4,0.5662,6.947660954145437,0
50.0,Male,USA,Premium+,Smart TV,25.0,13,5,1.0353333333333332,2.6709401709401708,0
35.03946643148495,Male,USA,Premium+,Desktop,25.0,13,5,0.8302857142857143,3.8491147036181674,0
35.03946643148495,Male,USA,Premium+,Mobile,25.0,29,5,0.567,2.7639579878385847,0
14.0,Female,USA,Premium+,Mobile,25.0,14,4,1.1535,3.7697914048755967,1
38.0,Female,Canada,Premium+,Tablet,25.0,33,5,0.56925,3.781194857574994,0
29.0,Female,USA,Premium+,Desktop,25.0,4,5,0.638986111111111,3.4013605442176873,0
55.0,Female,USA,Premium+,Tablet,25.0,34,5,0.7272380952380952,3.0315278900565885,1
29.0,Female,USA,Premium+,Smart TV,25.0,16,5,0.8346923076923078,2.1480738937419446,0
22.0,Male,USA,Premium+,Mobile,25.0,12,4,0.4645,3.0972537683254178,0
49.0,Male,USA,Premium+,Laptop,25.0,27,4,0.7857777777777778,2.384737678855326,0
45.0,Female,USA,Premium+,Mobile,25.0,25,4,0.7681428571428571,3.0624744793793384,0
10.0,Male,Canada,Premium+,Laptop,25.0,10,5,0.50425,3.2327586206896552,0
36.0,Male,USA,Premium+,Desktop,25.0,8,5,0.5779,3.898128898128898,0
52.0,Male,USA,Premium+,Laptop,25.0,31,5,0.7116666666666667,1.3267291703520256,0
28.0,Prefer not to say,Canada,Premium+,Tablet,25.0,5,5,0.7194055944055944,1.8250395425234212,0
35.03946643148495,Female,Canada,Premium+,Tablet,25.0,26,4,0.5065555555555555,3.8779731127197516,0
42.0,Male,USA,Premium+,Laptop,25.0,8,5,1.0563333333333333,2.9013539651837523,0
31.0,Female,USA,Premium+,Laptop,25.0,12,5,1.0540833333333333,3.453038674033149,0
28.0,Prefer not to say,Canada,Premium+,Smart TV,25.0,32,5,1.0565555555555555,3.1223980016652786,1
25.0,Female,USA,Basic,Tablet,25.0,32,5,0.8220000000000001,2.6680896478121663,0
35.0,Male,USA,Premium+,Gaming Console,25.0,19,5,0.5231538461538461,1.5736466638690727,0
18.0,Male,USA,Premium+,Tablet,25.0,25,5,0.7054722222222223,1.9394879751745542,0
28.0,Female,Canada,Premium+,Gaming Console,25.0,30,4,1.1760000000000002,4.131093362709997,0
28.0,Male,USA,Premium+,Tablet,25.0,18,5,0.9211363636363636,2.5428038650618747,0
42.0,Female,USA,Premium+,Gaming Console,25.0,29,5,0.9142222222222222,3.476245654692932,0
35.03946643148495,Female,USA,Premium+,Laptop,25.0,34,5,0.7746,3.113971351463566,0
35.03946643148495,Female,Canada,Premium+,Laptop,25.0,27,5,0.7083607843137254,1.9384853967433442,0
13.0,Female,Canada,Premium+,Mobile,25.0,27,5,0.6251272727272726,1.9110714740731303,0
92.0,Female,USA,Premium+,Desktop,25.0,13,4,0.7255714285714285,1.639881928501148,1
-1.0,Female,USA,Standard,Smart TV,25.0,2,4,0.9670000000000001,4.377006127808578,0
36.0,Male,USA,Premium+,Mobile,25.0,26,5,0.677375,1.7281105990783407,0
39.0,Male,USA,Premium+,Tablet,25.0,36,5,0.75225,2.2772126916654014,0
36.0,Male,Canada,Premium+,Mobile,25.0,22,5,0.7995,5.018400802944128,0
42.0,Male,Canada,Premium+,Mobile,25.0,2,5,0.8787380952380952,0.8769878391019645,0
23.0,Male,USA,Premium+,Desktop,25.0,21,5,0.744047619047619,1.562825588664305,0
53.0,Male,Canada,Premium+,Desktop,25.0,35,4,0.8617083333333333,3.34001336005344,0
40.0,Female,USA,Premium+,Gaming Console,25.0,9,5,0.8190909090909091,0.9223957692780717,0
38.0,Female,USA,Premium+,Desktop,25.0,8,5,0.7924444444444445,2.637130801687764,0
43.0,Female,USA,Premium+,Smart TV,25.0,2,5,0.4874666666666666,4.251700680272109,1
29.0,Other,USA,Premium+,Tablet,25.0,24,5,0.9630769230769232,0.9982032341784788,0
38.0,Prefer not to say,USA,Premium+,Desktop,25.0,24,5,0.690602564102564,2.473614775725594,0
25.0,Other,USA,Premium+,Tablet,25.0,22,5,0.5547777777777778,3.5936751317680886,0
16.0,Female,USA,Premium+,Smart TV,25.0,25,5,0.738909090909091,3.275824415811313,0
49.0,Male,USA,Premium+,Laptop,25.0,15,5,0.9214766081871344,1.3997760358342666,0
36.0,Female,Canada,Premium+,Mobile,25.0,16,5,0.5610181818181819,1.7186067827681024,0
28.0,Male,USA,Premium+,Desktop,25.0,22,5,0.9186923076923077,2.6173442680160526,0
36.0,Female,USA,Premium+,Smart TV,25.0,8,5,0.796151515151515,1.7568517217146873,1
17.0,Female,USA,Premium+,Mobile,25.0,14,5,0.7769714285714285,6.4655172413793105,0
32.0,Male,Canada,Premium+,Desktop,25.0,5,4,0.491,1.2527142141306162,0
42.0,Male,USA,Premium+,Mobile,25.0,5,4,0.595,4.227733934611049,0
15.0,Male,Canada,Premium+,Tablet,25.0,10,5,0.761,1.5163768701981397,0
18.0,Other,USA,Premium+,Gaming Console,25.0,22,5,0.8116923076923078,1.5749685006299874,0
32.0,Male,Canada,Premium+,Gaming Console,25.01,10,5,0.9682727272727272,2.04107725788901,0
40.0,Female,USA,Premium,Laptop,25.02,30,5,0.718,2.742919788050429,0
35.03946643148495,Male,USA,Basic,Gaming Console,25.02,10,5,0.7993030303030302,1.4681662591687041,0
35.03946643148495,Female,Canada,Standard,Laptop,25.03,5,4,0.6422857142857141,5.258403361344537,0
35.03946643148495,Female,USA,Standard,Mobile,25.04,36,4,0.7241428571428571,3.589106545628284,0
39.0,Male,Canada,Standard,Smart TV,25.04,25,4,0.7602857142857142,14.934393638170976,0
22.0,Prefer not to say,USA,Basic,Tablet,25.04,18,5,0.645909090909091,3.13,1
30.0,Female,USA,Standard,Laptop,25.05,31,5,0.5826904761904762,1.9883582484455615,0
26.0,Male,USA,Standard,Mobile,25.06,34,5,0.7794181818181818,1.802445456725006,0
35.03946643148495,Male,USA,Basic,Mobile,25.07,12,5,1.0991,2.787620459599703,0
58.0,Male,Canada,Premium,Tablet,25.07,23,5,0.7577857142857143,1.410011248593926,0
36.0,Female,USA,Premium,Tablet,25.08,17,4,0.9567272727272726,2.3549295774647883,0
14.0,Female,Canada,Standard,Smart TV,25.09,31,4,0.31200000000000006,3.446428571428571,0
12.0,Other,Canada,Basic,Desktop,25.09,10,5,0.6865555555555556,5.293248945147679,0
34.0,Male,USA,Premium,Gaming Console,25.11,1,4,0.7091666666666667,7.432659102121361,1
16.0,Prefer not to say,USA,Standard,Mobile,25.11,5,5,0.6808090909090909,1.2474952388838287,0
24.0,Female,Canada,Standard,Smart TV,25.11,1,5,0.7699047619047619,1.9968190854870775,0
35.03946643148495,Prefer not to say,Canada,Premium,Laptop,25.11,25,5,0.508969696969697,2.0925,0
40.0,Female,Canada,Basic,Desktop,25.13,28,4,0.5274,2.2977750685766534,0
58.0,Male,USA,Standard,Tablet,25.15,6,5,0.9202499999999999,2.6229793151399265,0
19.0,Female,USA,Premium,Mobile,25.16,2,4,0.745375,6.8711879836140195,0
63.0,Female,Canada,Standard,Smart TV,25.17,18,5,0.8753333333333333,5.393571428571429,0
42.0,Male,USA,Premium+,Desktop,25.17,14,5,0.7214166666666667,1.8960451977401132,0
44.0,Female,Canada,Premium,Smart TV,25.18,30,5,0.5499444444444445,1.3372278279341479,0
22.0,Male,USA,Basic,Laptop,25.19,22,5,0.8505,1.968737788198515,0
56.0,Female,USA,Standard,Gaming Console,25.19,22,5,0.9023846153846155,1.7424486972561677,0
35.0,Female,Canada,Standard,Desktop,25.2,29,5,0.5636,1.686182669789227,0
55.0,Male,USA,Premium,Laptop,25.21,12,5,0.6093737373737373,3.476442197196047,0
45.0,Female,USA,Basic,Laptop,25.23,7,5,0.7424666666666667,1.1441312070138312,0
35.03946643148495,Prefer not to say,USA,Standard,Mobile,25.23,18,5,0.9069583333333333,5.0359281437125745,1
47.0,Female,USA,Basic,Tablet,25.25,19,5,0.41200000000000003,2.90341126868532,0
35.0,Male,Canada,Standard,Tablet,25.26,34,4,0.514625,3.7908954477238623,0
45.0,Male,USA,Premium,Laptop,25.26,35,5,0.8612857142857142,3.6965853658536583,0
40.0,Male,USA,Premium,Smart TV,25.26,7,5,0.909873015873016,3.35087331417201,0
21.0,Other,Canada,Standard,Mobile,25.26,31,5,0.653,5.473456121343445,0
34.0,Female,USA,Premium,Smart TV,25.27,21,5,0.6922500000000001,1.8056448731689887,0
35.03946643148495,Male,USA,Premium,Mobile,25.27,8,5,0.8492222222222222,1.3402280562185096,0
34.0,Male,Canada,Standard,Desktop,25.29,14,5,0.43737499999999996,3.785928143712574,0
35.03946643148495,Male,USA,Premium,Tablet,25.29,25,5,0.6952857142857144,3.476288659793814,1
12.0,Male,USA,Basic,Laptop,25.3,34,5,0.5593333333333332,2.1440677966101696,1
34.0,Female,Canada,Premium,Desktop,25.32,9,5,0.4627142857142858,4.881748071979434,1
17.0,Female,USA,Basic,Tablet,25.33,11,5,0.9225,3.6237482117310447,0
40.0,Male,USA,Standard,Smart TV,25.34,10,5,0.6023516483516483,2.252110798400237,0
42.0,Female,Canada,Premium,Mobile,25.35,23,5,0.8687272727272727,3.371757925072046,0
49.0,Male,USA,Premium,Smart TV,25.35,35,5,0.8544545454545455,2.217524420469456,0
39.0,Male,USA,Standard,Smart TV,25.35,1,3,0.8340571428571428,4.019556025369979,0
25.0,Male,USA,Standard,Smart TV,25.36,7,4,1.0332000000000001,11.12280701754386,1
19.0,Female,USA,Basic,Smart TV,25.36,30,5,0.8328666666666666,1.941063911213165,0
35.03946643148495,Female,USA,Premium,Tablet,25.36,32,4,0.8587499999999999,3.006520450503853,0
36.0,Female,USA,Basic,Laptop,25.37,3,5,1.0662666666666665,1.6058655976368816,0
22.0,Prefer not to say,USA,Premium+,Tablet,25.38,23,5,0.8867272727272727,1.8575262259087582,0
22.0,Prefer not to say,USA,Premium+,Tablet,25.38,23,5,0.8867272727272727,1.8575262259087582,0
30.0,Male,Canada,Premium,Gaming Console,25.4,19,5,0.3993333333333334,3.6494252873563218,0
44.0,Male,USA,Premium,Mobile,25.42,26,5,0.6739999999999999,2.532713384257722,0
25.0,Female,USA,Standard,Desktop,25.42,28,5,0.9002941176470589,2.0108108108108107,1
25.0,Female,USA,Standard,Desktop,25.42,28,5,0.9002941176470589,2.0108108108108107,1
34.0,Male,Canada,Standard,Gaming Console,25.43,19,5,0.7148241758241759,2.620298815043791,0
31.0,Male,USA,Standard,Mobile,25.44,12,5,0.931,5.081225033288948,0
37.0,Female,Canada,Standard,Mobile,25.45,5,5,1.1170808080808081,2.3833307320118617,1
29.0,Male,Canada,Standard,Smart TV,25.45,27,5,0.6803076923076923,2.633666781648844,0
36.0,Female,USA,Premium+,Laptop,25.46,10,4,0.8144285714285714,8.230603448275863,0
45.0,Male,Canada,Premium,Tablet,25.46,9,5,0.5965666666666666,3.4136312849162014,0
35.0,Male,Canada,Premium,Desktop,25.46,4,5,0.658,5.502881844380403,0
20.0,Male,Canada,Basic,Mobile,25.47,9,4,0.5955666666666667,2.175683371298405,0
40.0,Female,USA,Standard,Desktop,25.47,28,5,1.0392000000000001,2.0911330049261085,1
34.0,Male,Canada,Premium+,Tablet,25.49,15,5,0.802625,5.696089385474861,0
43.0,Male,USA,Premium,Gaming Console,25.49,16,5,0.6864181818181818,3.8092154420921545,0
1.0,Male,USA,Standard,Tablet,25.5,29,5,0.46325000000000005,3.887195121951219,0
46.0,Male,Canada,Premium+,Mobile,25.51,33,5,0.7148571428571429,3.024303497332543,1
50.0,Female,USA,Standard,Desktop,25.51,34,4,0.7851428571428571,5.274293590627153,0
49.0,Female,USA,Premium,Mobile,25.52,9,5,1.100142857142857,7.158485273492286,0
24.0,Male,Canada,Premium,Desktop,25.52,1,4,0.6362222222222222,2.0028776978417264,0
20.0,Female,USA,Standard,Smart TV,25.52,2,5,0.8327179487179487,1.732518669382213,1
32.0,Female,USA,Premium,Desktop,25.52,1,5,0.8528809523809524,1.9676175790285273,0
34.0,Male,USA,Premium+,Laptop,25.55,9,5,0.8045555555555556,1.3928766127566785,0
28.0,Male,USA,Basic,Laptop,25.55,34,5,0.5609999999999999,1.258310760896331,1
31.0,Female,USA,Standard,Tablet,25.56,30,5,0.5840000000000001,5.68,1
40.0,Female,USA,Premium,Desktop,25.56,6,5,0.9540833333333334,1.890299519290028,0
37.0,Male,Canada,Basic,Smart TV,25.57,16,5,0.8012424242424242,2.9273039496279334,0
9.0,Female,USA,Premium,Smart TV,25.57,3,5,0.7658750000000001,4.24750830564784,0
48.0,Male,Canada,Basic,Mobile,25.58,7,5,1.050848484848485,1.3318292259632074,0
45.0,Other,Canada,Basic,Smart TV,25.6,6,5,0.7494444444444444,6.934537246049663,0
18.0,Female,USA,Basic,Smart TV,25.62,19,5,0.8195833333333333,2.632642575783525,0
44.0,Prefer not to say,USA,Premium,Mobile,25.64,6,5,0.43022222222222223,1.1662497157152605,0
56.0,Female,USA,Premium,Desktop,25.64,17,5,0.6429181818181818,3.8431176617536846,0
33.0,Male,USA,Premium,Smart TV,25.65,9,5,0.8066923076923076,2.209302325581395,1
29.0,Male,USA,Standard,Desktop,25.66,15,5,0.43457142857142855,2.6143657666836475,0
37.0,Male,USA,Premium,Laptop,25.67,21,4,0.33016666666666666,5.312866505691618,0
35.03946643148495,Female,Canada,Standard,Mobile,25.67,33,5,0.8900714285714285,4.618290854572713,0
28.0,Male,USA,Standard,Gaming Console,25.68,28,4,0.7555384615384616,1.9190434674305643,1
35.0,Female,Canada,Basic,Gaming Console,25.7,4,5,0.6624294871794872,2.003898635477583,0
26.0,Female,Canada,Premium,Mobile,25.7,11,4,0.8053333333333333,3.9989626556016598,0
51.0,Male,USA,Standard,Desktop,25.71,24,5,0.8885000000000001,1.04039927159911,0
39.0,Male,USA,Standard,Smart TV,25.71,26,5,0.5714444444444444,1.892760736196319,0
55.0,Male,USA,Standard,Laptop,25.72,3,5,0.8054285714285714,6.478589420654912,0
29.0,Female,Canada,Standard,Laptop,25.73,28,5,1.004,2.9205448354143018,0
45.0,Male,USA,Premium,Mobile,25.73,5,5,1.0038412698412698,2.2530647985989494,0
29.0,Male,USA,Standard,Mobile,25.73,21,5,0.9199999999999999,1.5099765258215962,0
26.0,Male,Canada,Premium+,Laptop,25.74,19,4,0.8087272727272727,2.149777282850779,0
38.0,Female,USA,Standard,Desktop,25.74,27,5,0.784142414860681,1.1667296215154492,0
25.0,Female,USA,Basic,Gaming Console,25.75,29,5,0.3338787878787879,1.370166725789287,0
38.0,Female,USA,Standard,Laptop,25.75,9,5,1.0047857142857144,2.4843222383019774,0
35.03946643148495,Female,USA,Basic,Tablet,25.76,8,5,0.78575,2.560212025840649,0
52.0,Female,USA,Premium,Gaming Console,25.76,8,5,0.8750476190476191,3.9979306777030525,0
22.0,Female,USA,Premium,Gaming Console,25.77,11,5,0.5204,1.1629061371841154,0
38.0,Male,Canada,Premium,Laptop,25.78,7,5,0.6975,1.9909898313811303,0
46.0,Male,USA,Premium,Mobile,25.78,23,5,0.6446666666666667,2.86126526082131,0
28.0,Male,USA,Basic,Mobile,25.79,1,5,0.8319272727272727,2.7906221821460773,0
30.0,Female,USA,Standard,Gaming Console,25.8,10,4,0.6655,7.478260869565217,0
11.0,Female,USA,Basic,Desktop,25.81,13,5,0.485,2.223402727925341,0
34.0,Female,USA,Premium,Laptop,25.82,25,4,0.44525,5.892734880182579,0
39.0,Male,Canada,Basic,Gaming Console,25.83,22,4,0.9267142857142858,6.3672966310599834,0
49.0,Male,Canada,Premium,Tablet,25.84,35,5,0.7345999999999999,2.9192242515533797,0
35.03946643148495,Male,Canada,Premium,Gaming Console,25.84,32,5,0.7033,1.3461839020578275,0
25.0,Female,USA,Premium,Mobile,25.85,24,5,0.563125,12.136150234741786,0
35.03946643148495,Male,USA,Premium,Desktop,25.87,1,5,0.6511333333333333,3.8109501595875277,1
17.0,Male,USA,Premium,Mobile,25.87,33,5,0.4776666666666667,3.2364470391993327,0
35.03946643148495,Female,Canada,Standard,Smart TV,25.88,4,5,0.7446363636363638,2.917700112739571,0
28.0,Other,USA,Premium,Desktop,25.88,5,5,0.6929375,2.1509904418894585,0
34.0,Male,USA,Premium,Laptop,25.89,25,5,0.8212222222222223,1.308016167059616,0
30.0,Female,USA,Standard,Laptop,25.9,2,5,0.6966000000000001,1.5334517465956186,0
53.0,Female,USA,Premium,Gaming Console,25.91,26,5,0.8057777777777777,2.07059136920618,1
14.0,Male,Canada,Premium,Gaming Console,25.91,33,5,0.700125,6.6153191489361705,0
35.03946643148495,Female,USA,Standard,Gaming Console,25.92,22,5,0.9152857142857143,2.912359550561798,0
35.0,Male,USA,Premium,Gaming Console,25.93,7,5,0.5722361111111112,4.530576587070471,0
45.0,Male,Canada,Basic,Tablet,25.93,35,4,0.8941666666666668,1.816038286447998,0
56.0,Male,USA,Standard,Mobile,25.93,18,5,0.7226999999999999,3.173159290230471,0
29.0,Female,Canada,Premium+,Tablet,25.94,8,5,0.7254666666666666,1.300576585610429,0
35.03946643148495,Female,USA,Premium,Laptop,25.95,18,5,0.682,3.6515009380863033,0
35.03946643148495,Male,USA,Basic,Smart TV,25.95,30,5,0.9441363636363637,2.731578947368421,1
47.0,Female,USA,Standard,Tablet,25.95,23,5,0.45473611111111106,4.4986997977463155,0
16.0,Male,USA,Basic,Laptop,25.98,15,5,0.30860000000000004,2.845564074479737,0
24.0,Female,USA,Standard,Mobile,25.99,24,4,0.8440666666666667,2.659730513389049,0
35.03946643148495,Male,USA,Standard,Laptop,25.99,30,5,1.0146666666666666,3.40554706267744,1
38.0,Female,USA,Premium,Gaming Console,25.99,33,5,0.5536470588235294,1.641646489104116,0
32.0,Male,USA,Basic,Desktop,25.99,27,5,0.900625,3.5815342214056036,1
16.0,Female,USA,Premium,Tablet,25.99,9,5,0.4573333333333333,1.3803664689740638,0
25.0,Male,Canada,Premium,Mobile,26.0,13,5,0.42999999999999994,2.0136827158900217,0
20.0,Male,USA,Premium,Gaming Console,26.01,22,5,0.6288039215686275,2.108918918918919,0
25.0,Male,USA,Standard,Mobile,26.01,23,5,0.538,6.207637231503581,1
22.0,Male,USA,Standard,Desktop,26.01,8,5,0.2695,1.4200181983621478,0
41.0,Male,Canada,Premium,Desktop,26.02,4,5,0.9832078431372548,1.869029091344427,0
29.0,Male,USA,Basic,Desktop,26.02,16,5,0.701111111111111,2.2344353799914125,0
24.0,Female,USA,Premium,Laptop,26.02,1,5,0.9587142857142856,4.938943372350522,0
35.03946643148495,Prefer not to say,USA,Standard,Laptop,26.04,20,5,0.5001111111111112,2.4523622665201694,0
44.0,Male,USA,Premium,Gaming Console,26.08,1,5,0.4783076923076923,1.482098882364084,0
35.03946643148495,Female,USA,Premium,Smart TV,26.08,2,5,0.7891181818181818,2.979436405178979,0
2.0,Male,USA,Premium,Desktop,26.08,4,5,0.41430909090909085,1.7897746768843645,1
25.0,Female,USA,Basic,Smart TV,26.09,21,5,0.702,2.5026378896882493,0
35.03946643148495,Male,USA,Premium,Laptop,26.1,13,5,0.8185,4.131926121372032,0
23.0,Female,Canada,Basic,Smart TV,26.11,24,4,0.7892857142857141,8.083591331269352,0
31.0,Female,Canada,Premium,Tablet,26.13,33,5,0.6224666666666667,2.059101654846336,0
45.0,Male,USA,Basic,Mobile,26.15,6,4,0.7556904761904761,4.714543269230769,0
34.0,Female,USA,Premium+,Laptop,26.16,14,5,0.887,3.284369114877589,0
35.03946643148495,Male,USA,Premium,Gaming Console,26.16,31,5,0.784,2.7151011935651272,1
24.0,Female,USA,Basic,Mobile,26.17,17,5,1.0122222222222224,2.6367758186397983,0
10.0,Female,USA,Premium+,Mobile,26.17,19,5,0.5405,3.67728337236534,0
22.0,Male,USA,Premium,Desktop,26.17,1,5,1.2524,5.074983839689722,0
43.0,Male,USA,Standard,Laptop,26.18,11,5,0.6375164835164835,1.4400440044004401,0
13.0,Female,USA,Premium,Tablet,26.2,25,5,0.7892000000000001,4.5964912280701755,0
41.0,Female,Canada,Standard,Desktop,26.2,32,5,0.981875,3.872875092387287,0
34.0,Female,Canada,Standard,Tablet,26.2,17,4,0.7438522727272727,2.2618705035971223,0
33.0,Male,Canada,Premium+,Gaming Console,26.22,17,4,0.9859880952380953,0.9960744586551856,0
35.0,Female,USA,Standard,Tablet,26.22,6,5,0.8948461538461538,2.1580246913580243,0
36.0,Other,USA,Basic,Laptop,26.24,4,5,0.8822666666666665,2.2034989503149056,0
34.0,Female,USA,Standard,Desktop,26.25,21,5,0.4635,3.135576348795541,0
43.0,Female,USA,Premium,Gaming Console,26.25,3,5,0.9276190476190476,2.5564031813017363,0
33.0,Prefer not to say,Canada,Standard,Laptop,26.26,8,5,0.5507802197802197,1.9356265356265359,0
39.0,Female,USA,Premium,Gaming Console,26.27,16,4,0.8656666666666666,4.3207236842105265,0
24.0,Male,Canada,Premium,Smart TV,26.27,30,5,0.6839999999999999,2.249785897801884,0
20.0,Female,Canada,Premium,Desktop,26.29,15,4,0.5568333333333333,1.3816238941928705,0
35.03946643148495,Female,USA,Basic,Laptop,26.3,34,5,0.37271428571428566,7.000887311446317,0
39.0,Male,Canada,Standard,Laptop,26.3,14,5,0.669875,2.1759514616657474,0
42.0,Female,Canada,Premium,Mobile,26.3,11,5,0.7133333333333334,7.278597785977861,0
37.0,Female,Canada,Premium+,Smart TV,26.32,12,4,0.7682222222222221,5.029299363057324,0
36.0,Male,USA,Standard,Laptop,26.32,30,4,0.6078000000000001,7.1945330296127565,0
19.0,Other,USA,Premium,Mobile,26.34,19,5,0.5859542483660131,1.2294049008168026,0
17.0,Male,USA,Premium+,Desktop,26.34,2,5,0.9672142857142858,1.5567375886524821,0
35.03946643148495,Male,Canada,Premium,Mobile,26.34,28,5,0.5966666666666667,9.204426324985441,0
34.0,Male,Canada,Standard,Gaming Console,26.35,4,4,0.6629292929292929,2.5888324873096447,0
35.03946643148495,Male,USA,Premium,Mobile,26.36,27,5,0.5618888888888889,4.592334494773519,0
45.0,Female,USA,Premium+,Tablet,26.37,34,4,0.452375,1.7051406401551892,1
34.0,Female,USA,Standard,Tablet,26.38,13,4,0.890625,3.993943981831945,0
44.0,Female,Canada,Standard,Mobile,26.38,12,5,0.6677142857142857,2.810369318181818,0
34.0,Female,Canada,Standard,Smart TV,26.38,11,5,0.5723090909090909,1.9227405247813412,0
25.0,Female,USA,Standard,Gaming Console,26.39,22,4,0.9107500000000001,5.689543657923104,0
51.0,Female,USA,Basic,Tablet,26.39,17,5,0.865361111111111,2.988110964332893,0
35.03946643148495,Female,USA,Basic,Mobile,26.41,13,4,0.7873333333333332,3.3381082789129977,1
35.0,Male,Canada,Basic,Gaming Console,26.41,36,5,0.6097777777777778,6.0922722029988465,0
49.0,Female,USA,Premium,Gaming Console,26.42,25,5,0.9539047619047618,5.335577246718277,0
32.0,Other,USA,Premium+,Gaming Console,26.44,2,5,0.5873571428571428,2.606638186000657,0
10.0,Female,Canada,Premium,Mobile,26.45,32,5,0.864625,2.7291487532244196,0
51.0,Male,USA,Premium,Tablet,26.45,3,5,0.9055272727272726,3.137603795966785,0
43.0,Male,USA,Premium+,Gaming Console,26.47,30,5,0.7077142857142856,2.0787958115183245,0
48.0,Female,USA,Premium+,Gaming Console,26.48,4,5,0.7103472222222222,5.365754812563322,0
6.0,Male,USA,Basic,Laptop,26.48,22,5,0.6659047619047619,3.044261352749569,0
28.0,Male,Canada,Standard,Gaming Console,26.49,25,5,0.6000555555555556,1.1819736744255225,0
35.03946643148495,Male,USA,Standard,Tablet,26.51,8,5,0.7958333333333334,1.768905693950178,0
35.03946643148495,Female,Canada,Premium,Smart TV,26.52,27,5,0.6121212121212122,2.6559839759639456,0
33.0,Male,Canada,Standard,Gaming Console,26.52,35,5,0.5472222222222222,2.390984222389181,0
36.0,Male,USA,Premium,Laptop,26.52,22,5,0.4826904761904762,2.2161559888579387,1
35.03946643148495,Female,Canada,Premium,Smart TV,26.52,27,5,0.6121212121212122,2.6559839759639456,0
9.0,Male,USA,Basic,Mobile,26.53,21,4,0.8974272727272727,3.5341918294849024,0
31.0,Male,Canada,Standard,Mobile,26.54,23,5,0.8309803921568628,0.9271615720524017,0
25.0,Male,USA,Basic,Tablet,26.54,5,5,0.6313636363636365,3.3538331929233363,1
33.0,Male,USA,Premium,Gaming Console,26.55,34,4,0.988625,5.207584177835894,0
32.0,Female,USA,Standard,Laptop,26.56,27,5,0.7839583333333333,4.761278757095906,0
23.0,Male,USA,Premium,Mobile,26.57,30,5,0.7295555555555555,2.100395256916996,0
34.0,Male,Canada,Standard,Laptop,26.57,32,4,0.711452380952381,2.1034437260852354,0
35.0,Female,Canada,Standard,Desktop,26.58,2,4,0.6254285714285714,3.7410274454609427,0
19.0,Female,USA,Standard,Mobile,26.58,16,4,0.9049166666666666,3.178792106836754,0
32.0,Female,USA,Basic,Laptop,26.58,36,5,0.6268611111111111,3.646090534979423,0
35.03946643148495,Female,USA,Premium,Smart TV,26.58,8,5,1.008607843137255,1.7270955165692008,0
17.0,Male,Canada,Standard,Gaming Console,26.59,33,5,0.7146428571428571,1.7241975575489028,0
60.0,Male,USA,Premium,Tablet,26.59,9,5,0.7078383838383838,3.387261146496815,0
36.0,Female,USA,Premium,Desktop,26.6,7,5,0.8466363636363636,2.3040277176266786,0
31.0,Female,Canada,Standard,Gaming Console,26.6,2,4,0.6655714285714286,8.347280334728035,0
47.0,Male,USA,Premium,Mobile,26.61,22,5,0.6108484848484849,1.488255033557047,0
48.0,Male,USA,Standard,Gaming Console,26.61,28,5,0.8003030303030303,3.5036208031599734,0
45.0,Prefer not to say,Canada,Standard,Tablet,26.61,17,5,0.523,2.219349457881568,0
50.0,Male,USA,Premium+,Mobile,26.62,15,5,0.652909090909091,2.435870062528595,0
50.0,Male,USA,Standard,Laptop,26.62,19,5,1.1015000000000001,6.956445993031359,0
33.0,Female,Canada,Basic,Tablet,26.63,16,5,0.8964444444444444,1.8672431927077247,0
52.0,Prefer not to say,USA,Basic,Gaming Console,26.63,16,5,0.8115972222222222,1.9760079149146672,1
14.0,Female,USA,Premium,Smart TV,26.63,35,5,0.6618272727272727,2.8174925057309115,0
29.0,Male,USA,Premium,Laptop,26.65,32,5,0.8038888888888889,4.1190108191653785,1
38.0,Male,USA,Premium,Mobile,26.66,34,5,0.7954285714285714,3.1266614542611415,0
44.0,Female,USA,Premium,Smart TV,26.67,23,5,0.9686363636363636,2.9611398963730573,0
59.0,Female,USA,Premium,Tablet,26.68,31,4,0.7378750000000001,4.242777630532731,0
20.0,Male,USA,Premium,Desktop,26.68,8,5,0.8327142857142857,2.9826718837339294,0
59.0,Female,USA,Standard,Mobile,26.68,25,5,0.7577857142857143,1.4127614508869475,0
24.0,Male,USA,Standard,Gaming Console,26.69,35,5,0.5002,4.032737345756736,0
33.0,Male,USA,Premium+,Smart TV,26.69,28,5,1.1413055555555556,2.75343878954608,0
40.0,Male,Canada,Premium,Gaming Console,26.69,4,5,0.8014666666666665,3.20472283370022,0
32.0,Male,USA,Premium+,Desktop,26.7,12,4,0.35190909090909095,3.8070342205323184,0
55.0,Female,USA,Premium,Desktop,26.71,22,5,1.0544545454545453,2.30755939524838,1
35.03946643148495,Female,USA,Basic,Desktop,26.71,25,4,0.71125,2.400898876404494,0
28.0,Female,USA,Standard,Tablet,26.73,7,5,0.7781428571428572,2.4938578759135437,0
43.0,Male,Canada,Premium,Tablet,26.73,21,5,1.1726363636363635,2.6334975369458125,0
43.0,Male,Canada,Premium,Tablet,26.73,21,5,1.1726363636363635,2.6334975369458125,0
32.0,Female,USA,Premium+,Desktop,26.74,6,4,0.80175,1.2761692650334078,0
35.03946643148495,Male,USA,Premium+,Mobile,26.74,34,5,0.9993,1.7757609297177641,0
52.0,Female,USA,Premium,Smart TV,26.76,7,5,0.603030303030303,1.8669767441860465,0
18.0,Male,USA,Standard,Laptop,26.76,2,5,0.7012222222222222,2.8815506101938264,0
48.0,Other,USA,Standard,Tablet,26.77,22,5,0.7890714285714286,2.653121902874133,0
30.0,Female,USA,Premium,Smart TV,26.78,10,5,0.6835961538461539,3.1061279721631547,1
44.0,Female,Canada,Standard,Tablet,26.78,24,4,0.6504722222222222,3.599462365591398,0
35.03946643148495,Female,USA,Basic,Laptop,26.83,1,5,1.0467301587301587,4.3816004354926505,0
30.0,Male,USA,Premium,Smart TV,26.85,8,5,0.772,4.950829748002459,0
49.0,Male,USA,Basic,Smart TV,26.86,6,5,0.6307777777777778,1.9835076923076924,0
29.0,Male,Canada,Premium,Gaming Console,26.86,15,5,0.5771000000000001,1.8158873239436617,0
19.0,Male,USA,Standard,Laptop,26.86,12,5,0.7797999999999999,3.5941123996431754,0
21.0,Male,Canada,Premium,Smart TV,26.86,21,5,0.8939999999999999,6.673291925465838,0
39.0,Female,USA,Premium,Mobile,26.86,2,5,0.617,2.789200415368639,0
41.0,Male,USA,Basic,Desktop,26.87,6,5,0.40199999999999997,2.4360834088848593,0
17.0,Male,Canada,Standard,Tablet,26.87,14,5,0.7353666666666666,1.8484292593441871,0
36.0,Male,USA,Premium,Mobile,26.88,26,4,0.7458888888888888,2.2205700123915735,1
28.0,Female,Canada,Premium,Mobile,26.88,28,5,0.651159090909091,1.3427691282990593,0
38.0,Male,USA,Basic,Desktop,26.91,24,5,0.650047619047619,1.6253271592510572,0
32.0,Female,USA,Premium+,Laptop,26.92,2,5,0.6408888888888888,3.2028554431885787,0
33.0,Male,Canada,Basic,Mobile,26.93,34,5,0.962,2.266835016835017,0
27.0,Female,USA,Premium+,Smart TV,26.93,14,5,0.30333333333333334,1.5409116917795156,0
34.0,Female,USA,Basic,Laptop,26.93,9,5,0.51825,5.089133858267716,0
33.0,Other,Canada,Standard,Smart TV,26.94,4,5,0.84312987012987,2.3669644164592185,0
35.0,Female,USA,Standard,Desktop,26.95,17,5,0.47700909090909094,2.728193015016028,0
17.0,Female,USA,Basic,Tablet,26.95,24,5,0.5986666666666667,2.655172413793103,0
49.0,Male,USA,Standard,Smart TV,26.95,21,4,0.8543636363636363,4.151476251604621,0
36.0,Male,USA,Premium+,Smart TV,26.95,5,5,0.5372181818181818,3.650937006096184,1
49.0,Male,USA,Standard,Smart TV,26.95,21,4,0.8543636363636363,4.151476251604621,0
27.0,Female,USA,Standard,Gaming Console,26.97,35,5,0.6276999999999999,3.1324041811846683,1
35.03946643148495,Male,USA,Standard,Laptop,26.98,9,5,0.8943928571428572,1.3683854606931531,1
58.0,Male,USA,Premium,Mobile,26.99,31,4,0.7991428571428572,5.027631170443961,1
35.03946643148495,Male,Canada,Standard,Desktop,27.01,29,5,0.8523809523809525,2.8451544943820224,0
46.0,Female,USA,Premium,Desktop,27.03,22,5,0.6814666666666666,4.467768595041322,1
35.0,Female,USA,Basic,Laptop,27.04,2,5,0.7802142857142857,3.2139461172741677,1
27.0,Female,USA,Premium+,Desktop,27.04,1,5,0.7087142857142856,2.8279588635175177,0
28.0,Female,USA,Premium,Tablet,27.05,34,4,0.5098571428571428,4.895927601809954,0
11.0,Male,USA,Standard,Desktop,27.05,13,5,0.8520714285714286,8.772972972972973,0
36.0,Other,Canada,Premium,Desktop,27.06,7,5,0.74975,3.348319241080635,0
60.0,Male,USA,Standard,Smart TV,27.09,15,5,1.0157380952380952,2.049426301853486,0
19.0,Female,USA,Basic,Mobile,27.11,23,5,0.7261428571428572,3.5399347116430904,1
34.0,Male,USA,Premium,Desktop,27.12,8,5,0.6823181818181818,1.986328125,0
31.0,Female,Canada,Basic,Smart TV,27.13,25,5,0.5128472222222222,2.5241122654675143,0
27.0,Female,Canada,Premium,Mobile,27.14,21,5,0.48514285714285715,9.635502958579881,0
9.0,Female,Canada,Standard,Gaming Console,27.16,12,5,0.8720769230769231,2.8504460381318872,1
36.0,Male,Canada,Basic,Mobile,27.17,32,4,1.3357999999999999,1.8951406649616371,0
35.03946643148495,Male,USA,Standard,Mobile,27.19,13,5,0.6961181818181819,2.396650506831203,0
22.0,Female,USA,Premium,Mobile,27.19,20,5,0.4213,6.318357862122386,0
28.0,Female,USA,Standard,Laptop,27.19,11,4,0.6028888888888889,1.9396029009630245,1
22.0,Male,Canada,Premium+,Desktop,27.22,5,5,0.6803846153846154,2.531700511548597,0
40.0,Male,USA,Premium,Smart TV,27.23,25,4,0.6129166666666667,2.3053478199520248,0
37.0,Male,USA,Standard,Desktop,27.23,36,4,0.6972857142857144,4.107088989441931,0
15.0,Female,USA,Standard,Laptop,27.24,18,5,0.9428,6.838493723849373,0
40.0,Female,USA,Premium,Laptop,27.25,3,4,1.05225,3.0116043470252345,0
35.03946643148495,Male,USA,Standard,Mobile,27.27,3,5,0.464875,4.054013875123885,0
23.0,Female,USA,Basic,Tablet,27.27,19,4,1.2105000000000001,4.440162822252375,0
48.0,Male,USA,Basic,Tablet,27.28,33,5,1.3091666666666666,3.5321536469572723,1
31.0,Female,Canada,Standard,Gaming Console,27.28,27,4,0.5996904761904762,4.076712328767123,0
51.0,Female,USA,Standard,Smart TV,27.29,22,5,0.6240000000000001,2.0984236831987695,0
51.0,Female,USA,Standard,Smart TV,27.29,22,5,0.6240000000000001,2.0984236831987695,0
57.0,Female,USA,Premium+,Laptop,27.3,19,5,0.6398472222222222,8.49585062240664,0
34.0,Prefer not to say,USA,Premium,Mobile,27.3,21,4,0.741025641025641,3.0679902603483797,0
21.0,Female,USA,Premium,Tablet,27.3,31,5,0.491,4.107321965897693,0
15.0,Other,USA,Premium,Laptop,27.31,26,4,0.911,3.6641323792486578,0
60.0,Female,Canada,Standard,Desktop,27.33,11,5,0.4323333333333333,1.6219584569732934,0
35.0,Male,USA,Premium,Smart TV,27.34,32,5,0.9231272727272726,5.288201160541585,0
61.0,Male,USA,Basic,Tablet,27.34,8,5,1.113909090909091,1.8981717195093728,0
35.03946643148495,Female,USA,Standard,Mobile,27.36,28,5,0.8957000000000002,5.060419235511714,0
35.03946643148495,Female,USA,Premium,Laptop,27.36,33,5,0.6708666666666667,1.359052901730276,0
47.0,Female,Canada,Standard,Desktop,27.37,27,4,0.6014285714285714,3.586372570430225,0
35.0,Other,Canada,Standard,Smart TV,27.37,35,5,0.9447999999999999,3.642857142857143,0
27.0,Female,USA,Standard,Mobile,27.37,17,5,0.9478888888888889,3.0293303818483674,0
33.0,Male,Canada,Premium,Gaming Console,27.39,32,5,0.605909090909091,3.2920673076923075,1
45.0,Female,Canada,Standard,Tablet,27.39,24,5,0.831,3.8245287409820805,0
29.0,Male,Canada,Basic,Tablet,27.39,9,5,0.5913636363636364,2.2493840678894057,0
26.0,Prefer not to say,Canada,Premium+,Smart TV,27.4,3,5,0.9652142857142857,3.187899941826643,0
49.0,Male,Canada,Premium,Laptop,27.4,23,5,0.7996428571428572,1.9862268938021022,0
38.0,Male,USA,Basic,Mobile,27.4,34,5,0.6354444444444445,4.082443506332257,1
19.0,Male,Canada,Premium,Smart TV,27.41,35,5,1.1045757575757575,2.4715960324616773,0
37.0,Male,USA,Basic,Desktop,27.42,12,5,1.0114545454545454,1.7236249345206915,1
33.0,Male,USA,Premium+,Laptop,27.43,6,4,0.7985079365079365,4.636056338028169,1
50.0,Female,USA,Standard,Desktop,27.43,13,4,0.86375,11.023442732752848,0
31.0,Other,USA,Basic,Gaming Console,27.44,34,5,0.9463,2.2102295610149016,0
20.0,Female,USA,Standard,Laptop,27.45,29,5,0.8865833333333333,1.938787522071807,0
41.0,Male,USA,Standard,Gaming Console,27.45,1,5,0.5432857142857144,9.294582392776523,0
35.0,Female,USA,Premium,Desktop,27.46,25,5,0.523,2.8844537815126046,1
38.0,Female,USA,Standard,Tablet,27.46,28,5,0.773,3.5856365614798693,0
31.0,Female,Canada,Basic,Smart TV,27.48,36,5,0.6811818181818181,2.929637526652452,0
42.0,Female,USA,Premium,Smart TV,27.48,22,5,0.8291282051282052,2.2013351134846464,0
22.0,Female,USA,Premium,Gaming Console,27.48,17,5,0.8876444444444445,1.7273965426925093,0
36.0,Male,Canada,Standard,Gaming Console,27.5,3,4,0.439,4.489795918367347,0
46.0,Male,USA,Premium+,Smart TV,27.51,20,5,0.916775641025641,2.118598382749326,0
22.0,Male,Canada,Standard,Smart TV,27.55,15,5,0.840939393939394,2.038475767665557,0
41.0,Male,Canada,Standard,Desktop,27.56,17,4,0.895625,3.9277909738717334,0
35.03946643148495,Male,Canada,Premium,Desktop,27.56,17,4,0.6696013986013987,2.1430793157076202,0
30.0,Male,USA,Basic,Gaming Console,27.56,3,4,0.723090909090909,3.4827295703454086,0
39.0,Female,Canada,Premium,Smart TV,27.57,3,5,0.3525,2.9746448480489116,0
29.0,Male,USA,Basic,Tablet,27.57,5,5,0.5178750000000001,4.670242800677583,0
37.0,Female,USA,Basic,Laptop,27.57,5,5,0.7925714285714286,6.66210229561015,0
35.03946643148495,Female,USA,Standard,Smart TV,27.59,25,5,0.46416666666666667,1.827757535607817,0
20.0,Female,USA,Premium+,Desktop,27.59,25,5,0.8208181818181819,1.7355839798699935,0
21.0,Male,USA,Premium,Gaming Console,27.59,1,5,0.7477272727272727,2.364519354377946,1
21.0,Male,Canada,Premium,Desktop,27.63,32,5,0.890525641025641,2.619785082174462,0
58.0,Male,Canada,Standard,Laptop,27.64,21,4,1.3199999999999998,17.221183800623052,0
23.0,Male,USA,Standard,Desktop,27.64,23,5,0.739125,3.06543438077634,0
35.03946643148495,Male,USA,Standard,Gaming Console,27.65,34,5,0.7305,3.0501930501930503,0
26.0,Female,Canada,Standard,Smart TV,27.66,17,5,0.5643333333333334,1.1374914324880054,0
32.0,Male,USA,Premium+,Gaming Console,27.67,19,5,0.7614000000000001,13.630541871921185,0
13.0,Male,Canada,Standard,Tablet,27.67,6,5,0.6276181818181819,2.0935687263556115,0
45.0,Female,USA,Premium,Gaming Console,27.7,10,5,0.5643,2.892446919596241,1
33.0,Female,Canada,Premium,Gaming Console,27.71,31,5,0.5241313131313131,1.8204314026059347,0
25.0,Female,USA,Standard,Gaming Console,27.71,16,5,0.8390718954248366,1.1896107613050946,0
31.0,Other,USA,Standard,Laptop,27.71,8,5,0.4246666666666667,4.049196298100341,0
38.0,Male,USA,Premium,Gaming Console,27.72,30,4,0.933142857142857,5.205633802816901,0
33.0,Prefer not to say,Canada,Premium+,Mobile,27.73,17,5,1.3267619047619048,2.7093307278944794,0
38.0,Female,USA,Standard,Smart TV,27.73,28,5,0.7767999999999999,2.9395759717314487,0
38.0,Prefer not to say,USA,Premium,Smart TV,27.73,28,5,0.7450714285714286,2.7297785069729286,0
63.0,Female,USA,Premium,Desktop,27.74,5,5,0.5445666666666666,2.5130605465800993,0
23.0,Female,Canada,Standard,Smart TV,27.75,11,5,0.6631904761904761,3.886554621848739,0
60.0,Other,Canada,Premium,Desktop,27.76,36,5,0.8466666666666667,1.5446536214411575,0
40.0,Female,Canada,Premium,Laptop,27.77,25,5,0.462375,5.519046041735675,0
38.0,Female,Canada,Premium,Tablet,27.77,11,5,0.8034242424242424,2.2054268696227664,1
18.0,Male,USA,Premium,Mobile,27.79,12,5,0.5797948717948718,3.382150101419878,0
18.0,Male,USA,Premium,Mobile,27.79,12,5,0.5797948717948718,3.382150101419878,0
36.0,Female,Canada,Standard,Laptop,27.83,28,5,0.7410000000000001,2.5411657281996654,0
47.0,Male,USA,Standard,Mobile,27.84,32,5,0.6539861111111112,4.3432137285491415,1
38.0,Male,USA,Standard,Smart TV,27.85,24,5,0.5016969696969698,2.0690936106983653,0
46.0,Female,Canada,Premium,Smart TV,27.86,8,5,0.4951111111111111,4.824242424242424,0
44.0,Male,USA,Premium,Mobile,27.87,2,3,0.6214999999999999,5.9892550143266465,0
42.0,Female,Canada,Standard,Tablet,27.87,18,4,0.974625,3.389823636732211,0
48.0,Female,USA,Basic,Smart TV,27.88,5,5,0.8221923076923077,2.0151788941091433,0
30.0,Female,USA,Basic,Tablet,27.88,8,3,0.7322222222222222,1.243440124879209,0
28.0,Prefer not to say,USA,Premium,Mobile,27.89,2,4,0.6668,8.520366598778004,0
46.0,Female,Canada,Premium+,Mobile,27.91,25,5,0.6263939393939394,2.046938027136047,0
35.03946643148495,Female,Canada,Premium,Laptop,27.91,13,5,0.33925000000000005,4.367762128325509,0
31.0,Other,USA,Premium,Mobile,27.92,19,4,1.1856666666666666,3.4827442827442825,0
43.0,Female,Canada,Standard,Gaming Console,27.92,4,5,0.8780000000000001,3.219062259800154,0
57.0,Female,USA,Basic,Smart TV,27.92,28,5,1.0976363636363637,2.677321400031964,1
24.0,Female,USA,Basic,Tablet,27.92,19,5,0.7395,3.5274794693619707,0
34.0,Male,USA,Standard,Mobile,27.93,26,5,0.8226,3.9090272918124565,0
17.0,Female,Canada,Basic,Laptop,27.93,30,5,0.9838,4.20210631895687,0
39.0,Female,USA,Standard,Smart TV,27.95,28,5,0.8161428571428573,4.8010306326939585,0
20.0,Male,Canada,Basic,Desktop,27.95,2,4,0.6868611111111111,1.8165077989601388,1
35.03946643148495,Female,USA,Standard,Tablet,27.96,8,4,1.09525,45.463414634146346,0
26.0,Female,USA,Premium,Gaming Console,27.97,7,5,0.7097500000000001,2.861381074168798,0
42.0,Male,USA,Premium,Smart TV,27.99,25,5,0.9087777777777777,3.6636125654450256,1
26.0,Male,USA,Standard,Desktop,27.99,15,4,0.9725714285714285,5.989300998573466,0
31.0,Female,USA,Premium,Gaming Console,28.0,10,5,0.679452380952381,3.511705685618729,0
53.0,Male,USA,Standard,Gaming Console,28.0,8,4,0.6187142857142858,3.986710963455149,0
41.0,Male,USA,Standard,Tablet,28.0,33,5,0.8774692307692309,2.552027950782318,0
31.0,Prefer not to say,USA,Basic,Smart TV,28.01,11,5,0.7778272727272727,3.265203030891781,0
45.0,Male,Canada,Standard,Smart TV,28.03,2,5,0.8515714285714286,2.6265812900203027,0
28.0,Female,USA,Standard,Desktop,28.03,31,4,0.9741428571428571,1.9366651312759098,1
29.0,Female,USA,Premium,Laptop,28.03,34,5,0.7613809523809525,3.1630618769983068,0
25.0,Male,USA,Basic,Desktop,28.04,17,4,0.8696987179487179,2.0414998179832544,0
54.0,Male,USA,Basic,Gaming Console,28.04,9,5,0.7292539682539683,2.5364088647670737,0
38.0,Male,USA,Premium,Laptop,28.05,31,5,0.4080833333333333,2.2560321715817695,0
25.0,Male,USA,Premium,Mobile,28.06,3,5,0.6345,1.2088748474186832,0
40.0,Female,USA,Premium,Tablet,28.08,18,4,0.7809999999999999,2.65531914893617,0
9.0,Other,USA,Premium,Tablet,28.09,21,5,0.6784333333333333,1.2824532034697917,0
38.0,Male,Canada,Standard,Laptop,28.09,20,3,1.0455,4.732940185341196,0
16.0,Female,Canada,Premium,Mobile,28.1,7,5,0.7528181818181818,2.882051282051282,0
24.0,Female,Canada,Basic,Tablet,28.1,6,5,0.7288571428571429,5.260530421216849,0
20.0,Male,USA,Premium,Smart TV,28.12,20,4,0.749875,2.8190476190476192,0
13.0,Male,USA,Standard,Laptop,28.12,30,5,0.7994285714285714,18.851396648044695,0
35.03946643148495,Female,Canada,Basic,Smart TV,28.12,26,4,0.49625,3.3219137625516835,0
35.0,Female,USA,Premium,Tablet,28.13,7,5,0.5393749999999999,3.845522898154477,0
35.0,Female,USA,Premium,Tablet,28.13,7,5,0.5393749999999999,3.845522898154477,0
48.0,Prefer not to say,USA,Standard,Gaming Console,28.14,30,5,0.8285,7.395532194480947,0
20.0,Female,Canada,Premium+,Smart TV,28.16,17,5,0.38157142857142856,2.015748031496063,0
37.0,Male,Canada,Standard,Tablet,28.16,2,5,0.77075,1.7371992597162245,0
42.0,Female,USA,Premium+,Desktop,28.17,22,4,0.4891818181818182,2.4714139494078085,1
35.03946643148495,Male,USA,Basic,Gaming Console,28.18,20,5,0.538142857142857,1.7237231114282803,0
25.0,Male,Canada,Standard,Smart TV,28.18,25,5,0.7189999999999999,4.808873720136519,1
20.0,Female,USA,Basic,Smart TV,28.18,4,5,0.5251794871794873,2.491600353669319,0
38.0,Prefer not to say,USA,Premium,Mobile,28.2,9,4,0.8792,4.555735056542811,0
18.0,Male,USA,Standard,Tablet,28.2,4,5,0.7283660130718954,1.4891744411195214,0
35.0,Male,Canada,Standard,Desktop,28.2,23,4,0.7592941176470589,3.822001355319629,0
35.03946643148495,Male,USA,Premium+,Mobile,28.21,22,5,0.6753923076923076,2.216025137470542,0
54.0,Male,USA,Premium+,Smart TV,28.21,5,5,0.8280000000000001,2.0651537335285504,0
28.0,Female,USA,Premium+,Desktop,28.22,13,5,0.8367272727272728,3.3911476066493087,0
28.0,Female,USA,Premium+,Desktop,28.22,13,5,0.8367272727272728,3.3911476066493087,0
55.0,Other,Canada,Standard,Gaming Console,28.24,35,4,0.786,3.1500278862242044,0
66.0,Female,Canada,Basic,Tablet,28.24,24,5,0.73475,1.91414369633981,0
5.0,Male,Canada,Premium+,Desktop,28.25,31,4,0.8370238095238096,11.3682092555332,0
35.03946643148495,Male,USA,Premium,Gaming Console,28.25,2,5,0.8573272727272727,3.3551068883610453,1
48.0,Female,Canada,Standard,Laptop,28.27,18,5,0.7073626373626374,1.776683775007856,1
45.0,Male,USA,Premium,Smart TV,28.27,23,4,0.8492857142857143,4.898065261334104,0
47.0,Female,USA,Standard,Tablet,28.27,2,5,0.7987582417582417,3.3910435825669727,0
39.0,Female,Canada,Standard,Smart TV,28.27,23,3,0.95075,9.263790278536318,0
36.0,Female,USA,Premium,Gaming Console,28.3,34,5,0.6744,2.65188193034515,0
10.0,Female,USA,Premium,Desktop,28.31,26,5,0.6207368421052631,1.1187512349338076,0
37.0,Female,USA,Standard,Smart TV,28.31,11,4,0.4202,5.885654885654885,0
42.0,Male,USA,Standard,Smart TV,28.32,25,5,0.9273,2.6069346425283824,0
46.0,Male,USA,Premium,Smart TV,28.33,16,5,0.7142976190476191,0.8080817684811029,0
46.0,Male,USA,Premium,Smart TV,28.33,16,5,0.7142976190476191,0.8080817684811029,0
20.0,Male,USA,Premium,Gaming Console,28.34,24,5,0.425,9.761194029850746,1
24.0,Female,USA,Premium+,Smart TV,28.35,14,4,0.6530833333333333,2.292452830188679,0
57.0,Male,USA,Standard,Tablet,28.35,13,5,0.862,2.562132851333032,0
34.0,Male,Canada,Premium,Tablet,28.35,18,5,0.4418571428571429,2.5831435079726655,0
38.0,Female,USA,Standard,Gaming Console,28.36,19,4,0.7033296703296703,2.513812970896735,0
49.0,Male,USA,Standard,Smart TV,28.37,26,5,0.7583333333333333,2.905769887333561,0
38.0,Male,Canada,Basic,Tablet,28.37,11,5,0.4735555555555555,2.6358005574481265,0
35.03946643148495,Female,Canada,Basic,Gaming Console,28.38,20,5,0.6921333333333334,1.9473924977127173,1
35.03946643148495,Male,USA,Premium,Mobile,28.39,30,4,0.5396666666666667,3.849491525423729,1
44.0,Male,USA,Basic,Mobile,28.4,23,5,0.8441333333333334,2.089771891096394,0
34.0,Female,USA,Premium,Tablet,28.4,30,5,0.75075,7.549844926894106,0
43.0,Male,Canada,Basic,Laptop,28.41,25,4,0.9095714285714287,6.027581329561527,0
52.0,Male,USA,Premium,Tablet,28.41,30,5,0.73625,3.0090026478375993,0
42.0,Male,USA,Basic,Desktop,28.42,12,5,0.6015164835164836,1.645310690852953,0
26.0,Male,Canada,Premium,Smart TV,28.44,15,5,0.9355,12.996191926884999,0
23.0,Male,USA,Basic,Gaming Console,28.44,33,4,0.29066666666666663,16.895049504950496,0
33.0,Male,USA,Standard,Gaming Console,28.44,13,5,0.7204545454545455,3.893223819301848,0
37.0,Male,Canada,Standard,Smart TV,28.44,15,5,0.8530000000000001,4.260674157303371,0
35.0,Male,USA,Basic,Mobile,28.45,21,4,0.7497272727272728,3.4879444217409064,0
43.0,Female,Canada,Basic,Gaming Console,28.45,25,5,0.8961384615384616,1.8670020780925296,0
35.03946643148495,Male,USA,Standard,Desktop,28.45,32,4,0.5660833333333334,1.708537683915524,0
47.0,Female,USA,Premium+,Gaming Console,28.46,23,5,0.5788888888888889,3.090119435396308,0
21.0,Female,Canada,Premium,Tablet,28.47,17,5,0.6381,3.5432482887367764,0
34.0,Prefer not to say,USA,Premium,Laptop,28.47,35,3,0.9347000000000001,2.271240526525728,1
52.0,Male,USA,Standard,Mobile,28.48,33,5,0.96475,4.288080301129234,0
26.0,Female,USA,Standard,Desktop,28.5,4,5,0.6086153846153846,2.0191285866099893,0
65.0,Female,USA,Standard,Tablet,28.5,29,5,0.45160909090909096,2.7259684361549494,0
46.0,Female,Canada,Basic,Smart TV,28.5,29,5,0.6261666666666666,2.0694662955343093,0
33.0,Male,USA,Premium,Desktop,28.5,23,5,0.7718181818181817,4.822335025380711,1
40.0,Male,USA,Standard,Gaming Console,28.51,31,5,0.8247777777777778,5.964435146443515,1
57.0,Female,Canada,Standard,Desktop,28.52,12,5,0.7143472222222222,3.9758364312267656,1
61.0,Female,Canada,Premium,Tablet,28.53,27,5,0.825,2.313868613138686,0
35.0,Female,USA,Premium,Gaming Console,28.53,32,5,0.7782272727272727,3.3531831537708134,0
8.0,Female,USA,Standard,Laptop,28.54,19,4,0.48059595959595963,3.5921963499056004,0
26.0,Female,Canada,Standard,Desktop,28.54,7,3,0.7753333333333333,2.0122209165687424,0
52.0,Female,USA,Standard,Gaming Console,28.55,19,5,0.8737333333333334,1.777893098079917,0
52.0,Female,USA,Premium,Smart TV,28.55,13,4,0.5183333333333333,4.919586444572085,0
11.0,Male,USA,Standard,Laptop,28.56,12,5,0.6807333333333333,1.4942448552493894,0
17.0,Female,USA,Standard,Smart TV,28.56,3,4,0.5916250000000001,7.373493975903614,1
36.0,Male,Canada,Premium,Tablet,28.57,3,5,0.7214065934065934,1.5768558550271365,0
35.03946643148495,Male,USA,Standard,Mobile,28.57,21,5,0.7139166666666668,2.6717581047381547,0
35.03946643148495,Prefer not to say,USA,Premium,Smart TV,28.57,9,5,0.9330625,2.6449621971917914,0
2.0,Male,USA,Premium,Gaming Console,28.59,29,5,0.5635714285714286,3.931698372679349,0
14.0,Prefer not to say,USA,Basic,Tablet,28.6,26,4,0.9235333333333333,3.366686286050618,0
21.0,Other,Canada,Premium,Smart TV,28.61,3,5,0.8458484848484848,2.0679436212504516,0
42.0,Female,USA,Basic,Desktop,28.62,8,5,0.685,4.188292682926829,0
48.0,Female,USA,Premium,Tablet,28.63,36,5,0.8705999999999999,2.0854680101978875,0
6.0,Male,Canada,Premium,Smart TV,28.64,1,5,0.6238,2.590682948891904,1
33.0,Male,USA,Standard,Mobile,28.67,12,5,0.5492666666666667,2.8789958158995814,0
32.0,Female,USA,Standard,Smart TV,28.67,36,5,0.9473939393939395,2.94554794520548,0
23.0,Female,USA,Premium+,Smart TV,28.67,20,5,0.4806904761904762,2.6653238301828326,0
39.0,Female,USA,Premium+,Mobile,28.68,25,4,0.3748571428571428,4.66088840736728,1
25.0,Male,USA,Premium+,Mobile,28.69,34,5,0.518009090909091,2.016871704745167,1
45.0,Female,Canada,Standard,Tablet,28.7,36,5,0.7021666666666667,1.9101497504159732,0
62.0,Female,Canada,Basic,Mobile,28.71,3,5,0.7556666666666667,6.19194823867721,0
35.0,Female,USA,Premium+,Desktop,28.72,6,5,0.9285723684210526,2.028965030024726,1
26.0,Prefer not to say,USA,Basic,Gaming Console,28.73,19,5,1.1474444444444445,3.6951768488745977,0
21.0,Male,USA,Premium+,Smart TV,28.73,20,5,0.8728888888888888,5.419050613014775,0
25.0,Male,Canada,Premium+,Desktop,28.74,19,5,0.6401111111111111,4.0631479736098015,0
56.0,Female,Canada,Premium,Desktop,28.75,5,5,0.80775,1.6259779432557264,0
48.0,Female,USA,Premium+,Mobile,28.77,16,5,0.7487999999999999,2.7743490838958533,1
31.0,Male,USA,Premium,Gaming Console,28.78,3,5,0.6640079365079365,1.8853586636095645,0
28.0,Male,USA,Premium+,Gaming Console,28.8,5,5,0.46862500000000007,5.527831094049904,0
54.0,Male,USA,Premium+,Tablet,28.8,10,5,0.7650972222222222,3.3462432223082885,0
35.0,Male,Canada,Standard,Smart TV,28.81,21,5,0.6992426470588236,3.516273393002441,1
47.0,Female,USA,Premium,Laptop,28.83,5,5,0.5258888888888889,4.097110374230222,0
8.0,Female,USA,Standard,Laptop,28.89,14,5,0.6651428571428573,8.816887080366227,0
26.0,Male,USA,Premium,Gaming Console,28.89,6,5,0.9848333333333334,1.5993725779664145,0
29.0,Other,USA,Basic,Gaming Console,28.9,34,5,0.9604545454545454,2.908907901358832,0
35.03946643148495,Female,Canada,Premium+,Tablet,28.91,28,4,0.2766,3.0362331524593027,0
45.0,Female,USA,Standard,Laptop,28.91,36,5,0.7421428571428572,4.4602725636410385,0
40.0,Male,USA,Standard,Mobile,28.91,35,5,0.8364285714285715,5.26433990895296,0
40.0,Male,USA,Standard,Mobile,28.91,35,5,0.8364285714285715,5.26433990895296,0
29.0,Male,Canada,Standard,Laptop,28.93,2,5,0.6636858974358975,2.284849282611557,0
36.0,Female,Canada,Basic,Desktop,28.95,14,5,0.8130909090909091,2.1245107632093934,0
35.03946643148495,Male,Canada,Premium,Tablet,28.95,26,5,0.44285714285714284,3.9986187845303864,0
-7.0,Male,Canada,Standard,Mobile,28.96,16,5,0.7388333333333333,2.3815789473684212,0
14.0,Male,USA,Premium+,Smart TV,28.98,16,5,0.7419340659340659,2.2040816326530615,0
44.0,Female,USA,Premium,Desktop,28.98,23,5,0.8216666666666667,2.6230200633579726,1
35.03946643148495,Female,USA,Premium,Smart TV,28.99,36,4,0.7717499999999999,8.771558245083208,0
57.0,Prefer not to say,USA,Premium,Desktop,28.99,21,5,0.7577777777777778,3.973047053449063,0
39.0,Male,USA,Standard,Mobile,29.01,14,5,0.7522727272727272,2.4591692568522188,0
35.03946643148495,Prefer not to say,Canada,Premium+,Laptop,29.03,24,4,1.0439090909090907,2.5338958393948205,0
25.0,Other,Canada,Standard,Laptop,29.04,12,5,0.5972571428571428,6.975180144115292,0
37.0,Female,USA,Premium+,Desktop,29.07,2,5,0.6533181818181818,2.2188016791756775,0
35.03946643148495,Female,Canada,Standard,Gaming Console,29.08,18,5,0.8463894736842105,2.096359485762345,0
29.0,Female,Canada,Basic,Desktop,29.09,7,5,1.007857142857143,5.735787052251068,0
30.0,Female,Canada,Premium,Desktop,29.09,15,5,0.7726428571428572,3.0734284204965663,1
7.0,Male,USA,Premium,Smart TV,29.1,12,5,0.5282857142857142,4.158132888783044,1
68.0,Female,USA,Premium+,Laptop,29.1,2,5,0.9007714285714286,3.8014369693011103,0
27.0,Female,USA,Standard,Laptop,29.1,1,5,0.8122499999999999,4.392452830188679,0
53.0,Male,USA,Standard,Gaming Console,29.11,22,5,0.7717142857142857,8.200000000000001,1
37.0,Female,USA,Premium,Tablet,29.13,23,5,0.5631666666666666,4.043025676613463,0
37.0,Female,Canada,Premium,Desktop,29.14,10,4,0.9356666666666666,2.399341292713051,0
33.0,Female,Canada,Premium,Smart TV,29.14,33,5,0.7417142857142857,1.4641989783100244,0
30.0,Female,Canada,Premium,Tablet,29.14,17,5,0.6796703296703297,2.9394754539340955,0
18.0,Male,USA,Premium,Gaming Console,29.15,16,4,0.5773333333333333,5.477607265894143,0
35.0,Female,USA,Premium,Mobile,29.17,9,5,0.6754666666666667,2.043194022881158,0
31.0,Male,Canada,Standard,Gaming Console,29.21,2,5,0.5866333333333333,2.516657093624354,0
31.0,Male,Canada,Standard,Gaming Console,29.21,2,5,0.5866333333333333,2.516657093624354,0
41.0,Male,USA,Premium,Smart TV,29.22,7,5,0.6639999999999999,5.214753123140986,1
41.0,Female,USA,Premium,Tablet,29.23,35,5,0.6515625,2.9244622311155575,0
48.0,Female,Canada,Standard,Laptop,29.23,11,5,0.7689869281045751,1.5282328337399793,0
35.03946643148495,Female,USA,Premium+,Desktop,29.23,19,5,0.7038333333333333,2.222250380131779,0
27.0,Male,USA,Standard,Desktop,29.24,7,4,0.7812222222222223,2.647351742870077,0
35.03946643148495,Female,USA,Premium+,Desktop,29.24,6,5,0.7103333333333334,2.215431241318348,0
19.0,Male,USA,Premium,Tablet,29.24,1,5,0.8958571428571429,2.6780644176461608,0
36.0,Male,USA,Basic,Desktop,29.24,25,5,0.7374,2.4909839557006954,0
35.03946643148495,Male,Canada,Basic,Smart TV,29.24,16,5,0.9942142857142858,4.831726797025612,1
35.0,Male,USA,Standard,Gaming Console,29.25,24,5,0.590875,3.827699018538713,0
45.0,Female,USA,Basic,Tablet,29.26,14,4,0.5186333333333333,1.5375722543352603,0
49.0,Male,USA,Standard,Mobile,29.27,20,5,0.76225,3.3438690022848436,0
35.03946643148495,Male,USA,Premium+,Mobile,29.28,11,4,0.5211111111111111,3.8815731330092795,0
35.03946643148495,Male,USA,Premium,Smart TV,29.29,34,5,0.6344272727272727,2.0295646148515996,1
38.0,Male,Canada,Standard,Gaming Console,29.3,25,5,0.4779,3.721422523285351,0
44.0,Other,USA,Standard,Tablet,29.33,23,5,0.8420989010989011,2.821548821548821,0
53.0,Female,USA,Premium,Laptop,29.33,32,5,0.403,6.339337175792506,0
35.03946643148495,Male,Canada,Premium,Desktop,29.33,36,5,0.841,4.696557245796637,0
34.0,Female,USA,Basic,Tablet,29.34,13,5,1.030875,2.1473530129299827,0
40.0,Male,USA,Standard,Gaming Console,29.35,24,5,0.8692500000000001,3.6679858362841076,0
35.03946643148495,Female,USA,Premium,Desktop,29.36,16,4,1.0425714285714285,5.235066864784547,0
29.0,Male,Canada,Standard,Mobile,29.36,2,5,0.9022121212121212,3.259204440333025,0
48.0,Male,USA,Premium,Smart TV,29.37,22,4,0.6154861111111112,3.8076923076923075,1
16.0,Male,USA,Standard,Tablet,29.39,25,5,0.8685555555555555,2.515190415062045,0
38.0,Female,Canada,Premium,Desktop,29.41,17,4,0.37920000000000004,3.2927785034521366,0
41.0,Prefer not to say,Canada,Standard,Desktop,29.42,6,5,0.9826384615384616,2.8094859143721154,0
25.0,Female,USA,Premium,Mobile,29.42,28,5,0.7387472527472527,1.777643504531722,0
37.0,Male,USA,Standard,Tablet,29.43,2,5,0.6221,3.362147753236862,0
42.0,Female,USA,Premium,Gaming Console,29.45,19,5,0.7919999999999998,4.5354209445585205,0
25.0,Female,USA,Basic,Laptop,29.46,5,4,0.8093589743589743,2.6664655302458886,0
29.0,Female,USA,Premium,Smart TV,29.47,1,5,0.6551428571428572,2.5689379630974862,0
26.0,Female,USA,Standard,Laptop,29.47,32,3,0.8644999999999999,6.60515502428091,0
38.0,Female,USA,Premium,Laptop,29.48,24,5,0.817,3.936790563098153,0
43.0,Female,USA,Standard,Laptop,29.48,34,4,0.6327142857142857,7.673752711496746,0
35.03946643148495,Female,USA,Standard,Desktop,29.49,27,4,0.8904000000000001,4.010426110607433,0
63.0,Male,USA,Standard,Smart TV,29.53,36,5,0.6324871794871795,2.3551774558022065,0
51.0,Female,Canada,Standard,Smart TV,29.53,19,4,0.884875,3.700501253132832,0
32.0,Female,USA,Basic,Gaming Console,29.53,21,5,0.8080833333333333,3.8992077464788735,0
47.0,Male,Canada,Premium,Desktop,29.56,36,5,0.4966666666666667,1.8788135593220334,0
30.0,Male,USA,Premium,Smart TV,29.56,25,5,0.5872499999999999,1.2767060178520013,0
32.0,Male,USA,Basic,Laptop,29.58,31,5,0.6596666666666667,3.5934399676047786,0
-5.0,Female,USA,Premium,Tablet,29.58,20,4,0.9666363636363635,3.4637002341920375,0
32.0,Male,USA,Standard,Desktop,29.59,29,5,0.7096703296703297,1.948419666374012,0
29.0,Female,USA,Premium,Mobile,29.59,3,5,0.8266388888888889,1.0782872760400852,0
48.0,Female,USA,Standard,Gaming Console,29.59,1,4,0.614,2.926805143422354,0
28.0,Male,USA,Standard,Mobile,29.6,13,5,0.6860128205128205,2.946250829462508,0
39.0,Male,Canada,Basic,Laptop,29.61,25,5,1.0036666666666667,3.4008422664624804,0
30.0,Female,USA,Premium,Laptop,29.62,3,5,0.6116250000000001,4.418697165589259,0
35.03946643148495,Male,USA,Standard,Mobile,29.64,32,5,0.6363535353535353,3.7384906453647258,1
40.0,Male,USA,Premium,Tablet,29.65,24,4,0.7459166666666667,2.7645687645687644,0
40.0,Male,USA,Premium,Tablet,29.65,24,4,0.7459166666666667,2.7645687645687644,0
36.0,Female,USA,Premium,Laptop,29.67,21,5,0.8584285714285714,4.790635091496233,0
35.03946643148495,Female,Canada,Premium+,Gaming Console,29.68,11,5,0.6950000000000001,3.882275997383911,0
33.0,Male,USA,Basic,Smart TV,29.71,31,5,1.0340363636363636,2.3692185007974484,0
19.0,Female,USA,Premium,Tablet,29.72,5,5,0.46757142857142864,1.854988037033184,0
39.0,Male,Canada,Standard,Desktop,29.72,35,5,0.659125,2.9151544874938695,0
35.03946643148495,Female,USA,Premium,Gaming Console,29.72,25,5,0.7551818181818182,1.8164408678822448,0
35.0,Prefer not to say,Canada,Basic,Gaming Console,29.73,8,5,0.8506923076923076,3.233865119651922,0
41.0,Female,USA,Premium,Smart TV,29.79,9,4,0.5156000000000001,6.247465921006641,0
38.0,Female,Canada,Premium,Mobile,29.79,17,5,0.6987142857142857,7.612436115843271,0
32.0,Female,USA,Standard,Laptop,29.79,34,5,0.7213846153846154,3.477431906614786,0
57.0,Male,USA,Standard,Tablet,29.8,15,4,0.8732083333333334,2.72685679426567,0
28.0,Male,USA,Premium,Mobile,29.8,3,5,0.8058571428571429,4.176594253679046,0
19.0,Male,USA,Standard,Tablet,29.8,12,5,0.7123472222222222,2.13747758517633,1
19.0,Male,USA,Standard,Tablet,29.8,12,5,0.7123472222222222,2.13747758517633,1
35.03946643148495,Female,USA,Premium,Desktop,29.83,24,5,0.6205,2.2595631864663552,0
27.0,Male,USA,Premium,Laptop,29.84,31,5,0.916625,3.644209240789741,0
35.0,Male,Canada,Standard,Smart TV,29.84,24,5,0.8963589743589744,3.1727804359383303,0
24.0,Female,Canada,Premium,Tablet,29.86,1,5,0.8295,2.3243383497664762,0
21.0,Female,Canada,Premium,Tablet,29.87,33,5,0.6577777777777778,4.6369987063389395,0
20.0,Female,USA,Standard,Laptop,29.88,20,5,0.7645882352941176,1.362620658204758,0
25.0,Male,Canada,Basic,Laptop,29.89,10,5,0.5254444444444445,4.671529044021882,0
35.03946643148495,Female,Canada,Standard,Mobile,29.9,16,5,0.7043611111111112,4.234127920698607,0
22.0,Female,USA,Basic,Gaming Console,29.9,17,5,0.6767857142857143,1.6902204635387226,0
20.0,Female,USA,Standard,Laptop,29.9,35,5,0.8059999999999999,3.3970838856277217,1
35.03946643148495,Female,USA,Standard,Smart TV,29.9,27,5,0.5402142857142856,2.866272567502796,1
35.03946643148495,Male,USA,Standard,Gaming Console,29.9,8,5,0.843,2.570568849405359,0
33.0,Male,USA,Premium,Laptop,29.93,3,5,0.8368,3.991553678595243,0
12.0,Female,USA,Basic,Desktop,29.93,10,5,0.4156666666666667,1.4225285171102662,0
48.0,Male,USA,Standard,Gaming Console,29.94,22,5,0.3801,3.0135883241066934,0
61.0,Female,USA,Standard,Laptop,29.95,26,5,0.9262941176470588,2.080342671914795,0
42.0,Female,Canada,Premium,Gaming Console,29.95,15,5,0.8460000000000001,5.337095337095336,0
17.0,Female,USA,Premium,Tablet,29.95,9,5,0.8461666666666666,2.9668152550767704,1
41.0,Female,USA,Premium,Smart TV,29.95,5,5,0.7433333333333333,3.016619103575625,0
46.0,Female,USA,Basic,Smart TV,29.96,8,5,0.3391428571428572,1.748978400467017,0
43.0,Female,USA,Standard,Gaming Console,29.97,9,5,1.0792142857142857,1.2649127743387734,0
34.0,Other,USA,Premium+,Desktop,30.01,2,5,0.86225,4.181607059916396,0
30.0,Female,USA,Standard,Smart TV,30.01,2,5,0.7631190476190477,2.058063778717568,1
36.0,Prefer not to say,Canada,Premium,Mobile,30.03,25,4,0.6507222222222222,2.881957773512476,1
35.03946643148495,Female,Canada,Standard,Mobile,30.03,35,4,0.425,23.309184993531694,0
35.0,Male,USA,Premium+,Smart TV,30.04,13,5,0.5529999999999999,4.4154826065654085,1
42.0,Female,USA,Premium,Gaming Console,30.04,14,5,0.6763333333333333,2.8518987341772153,0
46.0,Female,USA,Premium,Gaming Console,30.05,26,5,0.9342916666666667,0.9991687448046551,0
42.0,Female,USA,Standard,Smart TV,30.05,12,5,0.6391428571428571,3.453361425014365,0
35.03946643148495,Female,USA,Standard,Gaming Console,30.06,6,5,1.1233636363636363,2.3131973836090802,0
40.0,Female,Canada,Standard,Smart TV,30.07,25,4,0.6576363636363636,1.4726961064402906,1
27.0,Female,USA,Standard,Laptop,30.08,19,4,0.7030196078431372,1.135737209741363,0
29.0,Prefer not to say,USA,Premium,Tablet,30.08,22,4,0.9737142857142856,3.2205567451820127,0
16.0,Male,USA,Standard,Desktop,30.09,13,5,0.7604444444444445,5.11589685463304,0
35.03946643148495,Female,Canada,Standard,Gaming Console,30.09,7,5,0.6188272727272728,3.085099111414901,0
39.0,Male,USA,Standard,Gaming Console,30.1,6,5,0.9381025641025642,1.6728417932567619,0
30.0,Female,Canada,Premium,Tablet,30.11,27,5,0.689875,3.867694283879255,0
35.03946643148495,Male,USA,Premium,Mobile,30.11,22,4,0.9228888888888889,3.1250648676699533,1
32.0,Male,USA,Standard,Desktop,30.11,29,4,0.7283636363636363,2.5625531914893616,0
43.0,Male,Canada,Premium,Laptop,30.13,11,5,0.4005714285714286,3.38983686480405,0
48.0,Female,Canada,Standard,Mobile,30.13,4,5,0.6503372549019608,1.475634642070035,0
36.0,Male,USA,Standard,Gaming Console,30.13,25,5,0.6412539682539684,4.706586826347305,0
31.0,Male,USA,Premium,Gaming Console,30.13,24,5,1.0429583333333334,4.508229426433914,1
30.0,Prefer not to say,Canada,Premium,Tablet,30.13,31,4,0.6241470588235294,1.3305365422830648,0
33.0,Male,USA,Premium,Smart TV,30.15,11,5,0.39225,4.493293591654247,0
13.0,Female,USA,Premium,Laptop,30.16,24,5,0.7112307692307693,3.247084155750942,0
31.0,Female,USA,Basic,Gaming Console,30.17,19,4,0.7776089743589744,1.9898867758601737,0
53.0,Male,USA,Standard,Smart TV,30.19,30,5,0.6879772727272727,3.165676336945124,0
35.0,Female,Canada,Premium,Desktop,30.22,6,5,0.6053181818181819,3.6242254647211674,0
37.0,Female,USA,Basic,Gaming Console,30.23,11,4,1.112111111111111,3.04022795843111,0
48.0,Female,USA,Standard,Smart TV,30.24,2,5,0.7423626373626374,2.080018342313424,0
28.0,Male,Canada,Basic,Gaming Console,30.24,18,5,0.7900363636363636,3.8181818181818175,0
48.0,Prefer not to say,USA,Premium,Mobile,30.25,8,5,0.9497272727272728,3.054527095254123,0
20.0,Male,USA,Basic,Mobile,30.3,3,4,0.46535164835164844,2.7939142461964037,0
37.0,Female,USA,Standard,Desktop,30.32,17,5,0.8969999999999999,15.628865979381445,0
35.03946643148495,Male,USA,Standard,Mobile,30.34,30,5,0.8085555555555556,2.472026072786529,0
18.0,Male,USA,Standard,Smart TV,30.36,14,4,1.0327000000000002,2.5046060772721024,0
37.0,Female,USA,Premium+,Laptop,30.38,30,5,0.9288484848484848,2.139938952805823,0
35.03946643148495,Male,USA,Premium,Smart TV,30.39,33,5,0.8885272727272727,2.975522193211488,0
41.0,Male,USA,Premium,Desktop,30.4,3,5,0.793,7.524752475247524,0
37.0,Female,USA,Premium,Smart TV,30.4,20,5,0.6434825174825176,2.1747943245498984,0
27.0,Female,USA,Premium,Gaming Console,30.4,34,5,0.6673363636363636,5.008237232289949,0
34.0,Female,Canada,Standard,Desktop,30.41,4,5,1.1236666666666668,6.5327604726100965,0
50.0,Male,USA,Standard,Gaming Console,30.42,6,5,0.7909999999999999,4.006145741878841,0
35.03946643148495,Male,USA,Premium,Laptop,30.42,10,5,0.5349230769230768,2.3397000384566082,0
39.0,Male,Canada,Standard,Gaming Console,30.44,6,5,0.9647777777777778,4.586639879457558,0
34.0,Male,USA,Premium,Smart TV,30.47,15,5,0.7768571428571429,1.3499224691722662,0
29.0,Male,USA,Standard,Desktop,30.48,15,5,1.0915555555555554,5.482014388489208,0
35.03946643148495,Male,Canada,Premium,Tablet,30.52,8,5,0.862375,4.03525782282944,0
34.0,Male,USA,Premium,Smart TV,30.54,18,5,1.0462857142857143,4.0432480141218,1
47.0,Male,USA,Premium,Gaming Console,30.55,25,4,0.44083333333333335,4.959415584415584,0
35.03946643148495,Male,USA,Standard,Mobile,30.55,21,5,0.6923333333333332,5.751490429871351,0
48.0,Female,Canada,Premium,Laptop,30.56,18,5,0.8603333333333332,3.729861676159479,0
37.0,Female,USA,Basic,Desktop,30.59,7,5,0.7195454545454545,3.7503064977523493,0
14.0,Male,USA,Standard,Smart TV,30.61,11,4,1.13225,5.7072715972653825,1
35.03946643148495,Female,USA,Standard,Smart TV,30.61,23,5,0.792,5.049766290899092,0
45.0,Female,USA,Basic,Gaming Console,30.62,26,5,0.6445714285714286,4.944025834230356,0
45.0,Female,USA,Basic,Gaming Console,30.62,26,5,0.6445714285714286,4.944025834230356,0
34.0,Male,USA,Standard,Smart TV,30.64,28,4,0.9508749999999999,2.2518373346398826,0
48.0,Male,USA,Premium,Mobile,30.65,26,5,0.5303333333333333,3.2525645560665013,0
27.0,Prefer not to say,USA,Standard,Mobile,30.65,30,5,0.8243571428571428,2.3193340900491863,0
72.0,Female,USA,Basic,Mobile,30.65,35,4,1.0087,2.5788809423643246,0
34.0,Female,USA,Premium,Gaming Console,30.68,14,5,0.46362499999999995,4.786271450858034,0
49.0,Male,USA,Premium+,Laptop,30.69,33,5,0.7551666666666667,4.240902809765085,1
31.0,Female,USA,Basic,Desktop,30.69,23,5,0.49673333333333336,2.638865004299226,0
31.0,Female,USA,Basic,Desktop,30.69,23,5,0.49673333333333336,2.638865004299226,0
35.03946643148495,Female,Canada,Standard,Desktop,30.7,23,5,0.9451758241758241,2.9941482444733416,1
29.0,Male,USA,Basic,Gaming Console,30.71,21,5,0.9282337662337663,3.792138300061741,0
28.0,Male,USA,Standard,Laptop,30.73,11,5,0.6608888888888889,1.3754569190600523,0
44.0,Female,USA,Standard,Mobile,30.73,13,5,0.49857692307692303,3.6489214328121906,0
31.0,Female,USA,Standard,Desktop,30.74,35,5,0.7757499999999999,3.606570199452483,0
39.0,Male,USA,Premium,Smart TV,30.74,15,5,0.8128333333333333,6.3864265927977835,0
38.0,Male,USA,Premium,Gaming Console,30.74,20,5,0.7535384615384615,0.8881398372417778,0
36.0,Male,USA,Standard,Tablet,30.74,35,3,1.0137714285714285,3.634285714285714,0
35.03946643148495,Prefer not to say,Canada,Premium+,Mobile,30.75,3,5,0.6553571428571427,5.747663551401869,0
46.0,Prefer not to say,USA,Premium,Mobile,30.76,31,4,0.7662500000000001,3.380838981498443,1
34.0,Male,USA,Standard,Tablet,30.77,34,4,0.7861666666666667,7.438356164383562,0
62.0,Female,Canada,Standard,Laptop,30.79,20,5,0.95,6.182730923694779,0
41.0,Male,Canada,Premium,Mobile,30.8,29,5,0.73575,2.1578701541335823,0
-0.0,Female,USA,Standard,Desktop,30.82,11,4,0.9433333333333334,1.4974491861689208,1
36.0,Male,USA,Standard,Laptop,30.83,10,5,1.3653555555555554,5.861216730038022,0
33.0,Other,USA,Premium+,Tablet,30.84,33,5,0.6587272727272728,3.3461121157323688,0
22.0,Female,USA,Premium,Laptop,30.85,4,4,0.913375,2.1861344041573165,0
24.0,Female,USA,Standard,Mobile,30.88,20,5,0.8156493506493506,2.260614934114202,1
38.0,Female,Canada,Standard,Smart TV,30.89,12,5,0.4456931818181818,5.876347495244135,0
11.0,Male,USA,Standard,Gaming Console,30.9,7,4,0.7667499999999999,1.9841609589041096,0
39.0,Male,USA,Premium,Tablet,30.92,3,5,0.9855,4.971061093247588,0
42.0,Female,USA,Standard,Desktop,30.92,14,5,0.6496666666666667,3.4374652584769314,0
50.0,Female,USA,Basic,Laptop,30.93,35,5,0.7560972222222222,3.930114358322744,0
33.0,Male,Canada,Basic,Gaming Console,30.94,22,5,0.6911428571428571,6.441360166551006,0
46.0,Male,USA,Basic,Tablet,30.95,33,4,0.8443,3.399853533504211,0
35.0,Male,USA,Basic,Gaming Console,30.95,17,3,0.7846666666666666,7.98023205844435,1
30.0,Female,USA,Premium,Desktop,30.97,26,5,1.0118454545454545,3.5914186316196366,0
29.0,Male,USA,Premium,Desktop,30.97,17,5,0.8214545454545454,2.9166535865641183,0
35.03946643148495,Male,Canada,Basic,Desktop,31.0,32,5,0.8112380952380953,1.0875920944918724,0
38.0,Female,USA,Standard,Tablet,31.0,13,5,0.7842222222222223,5.014828794823402,0
34.0,Female,USA,Premium,Smart TV,31.0,33,5,0.7854285714285714,3.663580854835532,0
13.0,Female,Canada,Basic,Desktop,31.02,31,4,0.7405238095238096,7.662412515438451,0
35.03946643148495,Female,USA,Basic,Smart TV,31.05,28,5,0.667125,4.365042174320525,0
39.0,Female,USA,Premium+,Gaming Console,31.05,23,5,0.7299790209790209,6.011616650532429,0
35.0,Female,USA,Standard,Desktop,31.09,8,5,0.7753333333333333,2.103755497913612,0
30.0,Male,Canada,Premium,Desktop,31.12,31,5,1.115904761904762,6.467613439556632,0
35.03946643148495,Female,Canada,Standard,Mobile,31.12,22,4,0.6811181818181818,3.629154518950438,0
43.0,Male,Canada,Standard,Tablet,31.15,25,4,0.5721090909090909,3.8953730721133804,0
3.0,Male,USA,Premium,Tablet,31.16,32,5,0.8105384615384615,1.5933185614453726,0
35.03946643148495,Male,USA,Premium,Smart TV,31.17,5,5,0.6764825174825174,2.1776897997205404,0
16.0,Male,USA,Premium,Tablet,31.19,13,5,0.6428,9.259772389905988,0
35.03946643148495,Female,USA,Standard,Tablet,31.19,7,5,0.6004191176470588,1.296881496881497,1
40.0,Female,USA,Standard,Laptop,31.19,18,4,0.9470833333333333,2.1818817768450507,0
29.0,Male,USA,Standard,Tablet,31.2,1,5,0.8198749999999999,2.93049467752035,0
37.0,Male,USA,Standard,Mobile,31.2,23,5,0.8151944444444444,5.730027548209365,0
29.0,Other,USA,Standard,Desktop,31.2,10,5,0.89,4.299494717501148,0
52.0,Female,Canada,Standard,Desktop,31.26,35,5,0.6544395604395604,2.373275971150196,0
35.03946643148495,Female,USA,Basic,Smart TV,31.26,9,5,0.6453397435897437,3.1773674402846006,0
57.0,Female,USA,Premium+,Gaming Console,31.28,10,5,0.7818300653594772,2.641891891891892,0
32.0,Male,USA,Standard,Desktop,31.29,3,4,0.5167499999999999,3.6503986000388875,0
10.0,Female,USA,Premium,Tablet,31.29,17,4,0.5255,4.312887663680221,1
48.0,Prefer not to say,Canada,Premium,Gaming Console,31.3,21,5,0.578111111111111,2.5433369447453957,0
27.0,Male,USA,Basic,Smart TV,31.32,36,4,1.0305,6.1191794203842385,1
26.0,Male,Canada,Premium+,Gaming Console,31.32,25,5,0.7210416666666666,2.2218018444076613,0
35.03946643148495,Female,USA,Premium,Gaming Console,31.33,15,5,0.8408585858585859,3.2909663865546213,0
28.0,Other,USA,Standard,Mobile,31.33,33,5,1.0624444444444445,6.511257360581918,0
33.0,Male,USA,Premium,Desktop,31.35,28,4,0.7311818181818182,2.8551912568306013,0
22.0,Female,USA,Basic,Desktop,31.37,30,5,0.8637333333333332,2.0158509157116846,0
15.0,Female,USA,Premium,Mobile,31.38,19,4,0.9309999999999999,11.010526315789473,1
35.03946643148495,Male,USA,Standard,Tablet,31.4,4,5,0.7502500000000001,72.74131274131273,1
12.0,Female,Canada,Premium,Laptop,31.41,2,5,0.5334,2.940552348260259,0
29.0,Female,Canada,Standard,Smart TV,31.44,25,5,0.6163000000000001,1.7119520827661314,0
35.03946643148495,Male,Canada,Standard,Laptop,31.44,18,4,0.6171428571428572,5.676798074029492,0
40.0,Female,Canada,Basic,Tablet,31.46,6,5,0.8966666666666667,3.0405927835051543,0
50.0,Female,Canada,Standard,Laptop,31.46,31,5,0.8607575757575757,3.524271844660194,1
30.0,Female,USA,Premium,Smart TV,31.48,35,5,1.0778214285714285,5.191863661352391,0
12.0,Female,USA,Standard,Mobile,31.49,35,4,0.9908741258741258,2.2899042540298145,0
35.0,Female,USA,Premium,Tablet,31.51,36,5,0.5982181818181818,2.6904795787676106,0
35.03946643148495,Male,Canada,Standard,Smart TV,31.52,28,4,0.957,3.556892984765845,0
54.0,Male,USA,Basic,Mobile,31.54,18,5,0.7656428571428572,3.3340380549682873,1
34.0,Female,USA,Premium,Tablet,31.55,9,5,0.98075,5.030560722827531,0
31.0,Female,USA,Standard,Tablet,31.56,35,5,0.6590666666666667,2.494532999604795,0
36.0,Female,USA,Basic,Desktop,31.61,35,3,0.6029333333333333,5.717817304793488,0
28.0,Female,USA,Basic,Laptop,31.62,16,5,1.1275,4.589259796806966,0
48.0,Female,USA,Premium,Gaming Console,31.63,13,5,0.8201538461538462,2.2011134307585243,0
35.03946643148495,Male,USA,Basic,Tablet,31.65,7,4,0.9957142857142858,3.0076021539436173,0
16.0,Male,USA,Premium,Mobile,31.65,20,5,0.5937999999999999,2.7055136059267704,1
35.03946643148495,Male,USA,Premium,Tablet,31.68,26,5,1.0206190476190475,7.274397244546497,0
44.0,Male,USA,Basic,Mobile,31.68,7,5,0.8130999999999999,3.129919315000823,1
44.0,Male,USA,Basic,Mobile,31.68,7,5,0.8130999999999999,3.129919315000823,1
35.03946643148495,Female,USA,Standard,Tablet,31.69,28,5,0.6560666666666667,3.3487143360338143,0
35.03946643148495,Female,Canada,Premium,Gaming Console,31.69,21,4,1.204375,6.1454427925016155,0
39.0,Male,Canada,Premium+,Laptop,31.7,14,5,0.9912727272727273,2.4021217479161403,0
50.0,Female,USA,Standard,Smart TV,31.72,36,5,0.805375,3.6890870323706144,0
35.03946643148495,Female,USA,Standard,Tablet,31.73,24,5,0.6698823529411764,1.4556158727731479,0
28.0,Female,USA,Premium+,Gaming Console,31.74,29,5,0.7093525641025642,3.4777209642074505,1
40.0,Male,Canada,Premium,Mobile,31.74,3,5,0.8843333333333334,2.8129985228951253,0
45.0,Female,Canada,Basic,Mobile,31.75,32,4,0.6141142857142856,5.255172413793103,0
30.0,Female,USA,Premium,Smart TV,31.75,35,4,0.7360714285714285,3.8145774929915897,0
40.0,Female,USA,Premium,Gaming Console,31.77,36,5,0.6086858974358974,2.8699186991869916,1
43.0,Female,USA,Standard,Laptop,31.77,11,4,0.8971666666666667,2.944392956441149,0
35.03946643148495,Female,Canada,Premium,Tablet,31.78,13,5,0.6592,4.226063829787234,0
38.0,Male,Canada,Standard,Mobile,31.78,9,5,0.7192222222222222,3.368904593639576,0
35.03946643148495,Female,USA,Basic,Desktop,31.8,21,5,0.935125,4.5536992840095465,0
33.0,Female,USA,Standard,Desktop,31.85,31,4,0.5878571428571429,6.83720930232558,0
37.0,Male,Canada,Standard,Laptop,31.86,21,5,0.560409090909091,3.724137931034482,0
34.0,Male,Canada,Standard,Desktop,31.86,14,5,0.8574358974358973,3.4412241224122413,0
13.0,Male,USA,Standard,Smart TV,31.87,2,5,1.0418615384615384,2.9153834425979572,0
22.0,Female,USA,Standard,Tablet,31.87,18,3,0.7055714285714285,4.089392643284858,0
20.0,Other,USA,Basic,Gaming Console,31.9,14,5,0.7765714285714286,1.9658997534921938,0
48.0,Male,USA,Premium+,Mobile,31.91,27,5,0.6655104895104895,1.7724495463803003,1
38.0,Male,USA,Standard,Laptop,31.91,34,5,0.9772000000000001,3.4559566787003613,0
40.0,Male,Canada,Standard,Laptop,31.94,6,4,0.8004444444444444,3.1364975450081833,1
50.0,Female,Canada,Standard,Desktop,31.94,18,5,0.7633333333333334,2.931171612113796,0
49.0,Female,USA,Premium,Smart TV,31.95,3,5,0.5208333333333334,1.6384615384615384,0
40.0,Female,USA,Standard,Mobile,31.96,5,5,0.4658181818181818,3.0755412991178828,0
45.0,Male,Canada,Premium,Gaming Console,31.96,25,4,0.6763931623931625,1.751712798026857,0
40.0,Female,USA,Standard,Mobile,31.96,5,5,0.4658181818181818,3.0755412991178828,0
21.0,Female,USA,Standard,Smart TV,31.98,5,5,0.8612857142857142,2.6084828711256116,0
36.0,Female,USA,Standard,Gaming Console,31.99,6,4,0.797,5.512349224583573,0
13.0,Female,USA,Basic,Desktop,32.0,34,5,0.8435999999999999,2.3343465045592704,0
35.03946643148495,Female,USA,Premium,Mobile,32.04,2,5,0.8626969696969695,3.608108108108108,0
35.03946643148495,Male,USA,Standard,Mobile,32.04,1,4,0.8346813186813188,2.0220889870621646,0
52.0,Female,USA,Basic,Desktop,32.06,17,5,0.8591538461538462,4.226763348714568,0
45.0,Female,USA,Premium+,Desktop,32.06,34,5,0.9265,4.584366062917064,0
40.0,Female,Canada,Premium,Desktop,32.09,11,5,0.6554545454545455,3.652124430955994,0
49.0,Male,USA,Premium,Laptop,32.1,2,4,0.6477083333333333,5.470036921329167,0
42.0,Male,USA,Premium+,Desktop,32.11,30,4,1.0739999999999998,6.74579831932773,0
43.0,Male,USA,Standard,Smart TV,32.12,20,5,0.39157142857142857,4.9100636942675155,0
36.0,Male,USA,Premium+,Tablet,32.14,8,5,0.6065555555555555,2.4704073789392775,1
51.0,Male,Canada,Premium,Gaming Console,32.16,14,5,0.7493,2.104712041884816,1
41.0,Male,USA,Premium+,Tablet,32.16,1,4,0.9015555555555556,4.196607220530665,0
33.0,Female,Canada,Standard,Gaming Console,32.16,11,5,1.0451818181818182,3.197348798674399,0
25.0,Male,Canada,Premium,Mobile,32.16,29,5,0.8976666666666666,2.753424657534246,1
20.0,Male,Canada,Premium,Gaming Console,32.16,21,5,0.769,3.6067289719626165,0
20.0,Male,Canada,Premium,Gaming Console,32.16,21,5,0.769,3.6067289719626165,0
37.0,Prefer not to say,USA,Premium,Gaming Console,32.2,18,5,0.7996071428571427,2.007481296758105,0
30.0,Female,Canada,Standard,Smart TV,32.2,10,4,0.8057000000000001,3.6891350009547454,0
35.0,Female,USA,Premium,Mobile,32.22,20,5,0.576375,4.1290046988466464,0
35.03946643148495,Male,Canada,Premium,Smart TV,32.23,15,5,0.8120666666666667,2.392428553754794,0
3.0,Other,Canada,Basic,Gaming Console,32.23,11,4,0.6253636363636363,4.032110091743118,0
38.0,Female,USA,Premium,Laptop,32.25,27,5,0.5922857142857143,5.633187772925765,1
20.0,Female,Canada,Premium+,Tablet,32.26,15,5,1.0220454545454545,4.067241017020382,0
27.0,Male,Canada,Premium+,Gaming Console,32.3,15,5,0.9347692307692308,2.6954102920723226,0
51.0,Female,USA,Premium,Smart TV,32.31,27,5,0.8308095238095237,2.0583988107878533,0
51.0,Male,USA,Basic,Gaming Console,32.32,26,5,0.8392222222222221,5.0043870967741935,0
32.0,Male,USA,Standard,Desktop,32.32,11,5,0.706,3.893194137723348,0
48.0,Male,Canada,Premium,Desktop,32.33,23,5,0.9296060606060605,4.257682177348551,0
47.0,Female,USA,Premium,Tablet,32.36,1,5,0.4865824175824176,3.020065328978068,0
27.0,Female,USA,Standard,Smart TV,32.37,10,5,0.7157402597402598,3.8797443068318014,0
35.03946643148495,Male,Canada,Standard,Tablet,32.42,30,5,0.6973333333333332,5.31330237639989,0
44.0,Female,Canada,Premium,Tablet,32.43,5,5,0.9080833333333334,6.575870226427847,0
33.0,Female,USA,Standard,Laptop,32.43,17,5,0.3963333333333333,2.277920861624912,0
31.0,Prefer not to say,USA,Premium,Smart TV,32.47,12,5,0.5415972222222223,5.124145186743818,0
37.0,Female,USA,Basic,Gaming Console,32.47,26,4,0.8728333333333333,5.4191933240611965,1
28.0,Female,USA,Standard,Gaming Console,32.48,10,4,0.8505604395604396,2.541802530324768,0
35.0,Female,Canada,Premium,Tablet,32.49,6,5,0.8041111111111111,5.084507042253521,0
13.0,Male,USA,Premium,Smart TV,32.49,16,4,0.4392222222222223,3.7481253605075953,0
43.0,Female,USA,Basic,Desktop,32.5,22,5,1.0488666666666666,9.75487743871936,0
46.0,Male,USA,Standard,Gaming Console,32.5,34,4,0.6835333333333333,3.1507513330101795,1
12.0,Female,USA,Basic,Gaming Console,32.51,15,4,1.1709999999999998,2.040590019876556,0
53.0,Female,USA,Premium,Gaming Console,32.52,5,5,0.7911543859649123,1.7717243257967858,1
35.03946643148495,Male,Canada,Premium,Desktop,32.54,28,5,0.4984444444444444,6.089831565814098,0
63.0,Male,USA,Premium,Mobile,32.54,11,5,0.5901428571428571,1.8478137421919365,0
35.03946643148495,Female,Canada,Premium,Gaming Console,32.55,22,4,1.025375,4.549266247379454,0
47.0,Female,USA,Standard,Tablet,32.55,5,5,0.8485,3.3118534848227905,0
35.03946643148495,Male,USA,Premium,Gaming Console,32.55,27,3,0.9271666666666666,6.800139275766016,0
37.0,Other,Canada,Basic,Tablet,32.55,4,5,1.47625,6.9378330373001775,0
20.0,Female,Canada,Basic,Mobile,32.58,30,5,1.1164999999999998,5.31484502446982,0
54.0,Female,Canada,Premium,Mobile,32.6,23,5,0.785,2.4219910846953936,0
28.0,Female,USA,Standard,Laptop,32.6,19,5,0.7168482972136223,1.7661399548532732,0
42.0,Female,USA,Standard,Tablet,32.62,18,5,0.4730909090909091,2.6148296593186373,0
32.0,Female,Canada,Basic,Desktop,32.69,4,3,0.4036,4.697964071856287,0
36.0,Female,USA,Premium,Tablet,32.7,18,5,0.7804722222222222,3.7810753517055313,0
35.0,Male,USA,Standard,Tablet,32.72,18,5,1.0157857142857143,2.1191709844559585,0
47.0,Male,USA,Premium+,Gaming Console,32.73,28,5,0.7526025641025642,4.350465219317678,0
40.0,Female,USA,Basic,Tablet,32.75,34,4,0.77625,4.58041958041958,0
33.0,Male,Canada,Premium,Mobile,32.76,5,5,1.1094444444444445,3.8443184040680616,0
35.03946643148495,Prefer not to say,USA,Premium+,Laptop,32.76,31,5,1.2686250000000001,2.6867140513942043,0
35.03946643148495,Female,USA,Standard,Gaming Console,32.77,6,5,0.9236428571428571,1.806173066323719,0
53.0,Male,USA,Basic,Laptop,32.78,35,5,0.7585999999999999,9.251175917215429,0
39.0,Female,USA,Premium+,Laptop,32.79,5,5,0.867375,7.02642857142857,1
25.0,Female,Canada,Premium,Desktop,32.8,2,5,0.6980999999999999,3.3572159672466735,0
53.0,Male,USA,Standard,Desktop,32.8,10,5,0.6603472222222222,3.9320679320679317,0
33.0,Female,Canada,Premium,Gaming Console,32.81,2,4,1.0264,8.15492957746479,0
45.0,Male,USA,Standard,Tablet,32.83,2,4,0.6247272727272728,2.8993229319988227,0
42.0,Male,Canada,Basic,Mobile,32.85,30,5,0.5525,3.5253085315685926,0
37.0,Male,USA,Standard,Tablet,32.86,17,5,0.8879843137254901,2.208333333333333,0
20.0,Male,USA,Premium+,Tablet,32.9,32,5,0.728,3.614060783595752,0
35.03946643148495,Male,Canada,Standard,Tablet,32.92,28,5,0.7010000000000001,10.026395939086296,0
52.0,Female,USA,Premium,Desktop,32.95,7,5,1.2186666666666666,6.448140900195695,0
34.0,Female,Canada,Standard,Mobile,32.96,10,4,0.8903650793650794,3.4531168150864326,0
6.0,Female,USA,Standard,Desktop,32.97,33,5,0.6245844155844156,2.4801905717151453,0
35.03946643148495,Male,Canada,Standard,Laptop,32.97,36,4,0.8620000000000001,2.264941607510877,0
35.03946643148495,Other,USA,Standard,Mobile,33.0,8,5,1.0227142857142857,4.58864426419467,0
38.0,Male,USA,Standard,Mobile,33.03,9,5,0.8460333333333334,3.135759493670886,1
37.0,Prefer not to say,Canada,Premium+,Mobile,33.03,30,5,0.8294242424242424,4.375800397438729,1
32.0,Female,USA,Basic,Smart TV,33.05,15,5,0.5793636363636363,4.1055900621118,1
24.0,Male,Canada,Standard,Smart TV,33.05,23,5,0.7581666666666667,4.598794063079777,1
58.0,Female,USA,Premium,Desktop,33.06,9,4,0.47239999999999993,5.627234042553192,0
34.0,Female,USA,Standard,Laptop,33.07,19,4,0.9424444444444446,5.349689943380965,0
38.0,Male,Canada,Premium,Mobile,33.07,7,5,0.6848571428571428,2.5091047040971164,1
23.0,Male,Canada,Standard,Laptop,33.07,15,5,0.829857843137255,2.0737876254180603,0
34.0,Female,Canada,Premium,Tablet,33.09,18,4,0.9958571428571429,3.0705227343025054,0
29.0,Female,USA,Premium,Tablet,33.14,29,4,0.9152,7.30760749724366,0
40.0,Male,USA,Premium,Gaming Console,33.17,4,5,0.5186363636363636,2.5131961106200276,0
28.0,Male,USA,Standard,Mobile,33.17,10,5,0.9605555555555556,4.409926877908266,0
18.0,Female,Canada,Basic,Mobile,33.18,14,4,0.7583333333333333,9.968953430145218,0
32.0,Female,USA,Standard,Laptop,33.2,10,5,0.6004725274725274,2.9208211143695015,0
56.0,Female,USA,Basic,Laptop,33.21,35,5,0.509,3.509334272631208,0
56.0,Male,USA,Basic,Laptop,33.21,35,5,0.509,3.509334272631208,0
47.0,Male,USA,Premium,Desktop,33.22,2,5,0.5486089743589744,2.565250965250965,0
43.0,Female,Canada,Basic,Desktop,33.23,14,5,0.8810909090909091,4.673699015471167,0
36.0,Male,USA,Basic,Mobile,33.23,5,5,0.7138571428571429,2.287254789491797,0
45.0,Female,USA,Standard,Tablet,33.24,34,5,0.9897777777777778,5.108606557377049,0
55.0,Male,USA,Standard,Gaming Console,33.24,28,5,0.6091071428571428,3.746759346233327,1
55.0,Female,USA,Standard,Desktop,33.25,30,5,0.6745000000000001,3.834326350182586,0
35.03946643148495,Prefer not to say,USA,Basic,Smart TV,33.3,22,5,0.7918809523809522,2.4657534246575343,0
43.0,Male,USA,Premium,Tablet,33.3,16,5,0.8613333333333333,6.441005802707929,0
29.0,Female,USA,Standard,Gaming Console,33.3,24,5,0.9436666666666667,3.2943116240725474,0
29.0,Female,USA,Standard,Gaming Console,33.3,24,5,0.9436666666666667,3.2943116240725474,0
41.0,Male,USA,Premium+,Gaming Console,33.34,16,5,0.5113571428571428,2.211853162317559,0
48.0,Female,USA,Premium+,Tablet,33.34,20,5,0.7709999999999999,1.7153146973074949,0
62.0,Male,USA,Premium+,Desktop,33.35,9,5,0.6002000000000001,7.896606156274665,0
29.0,Male,USA,Basic,Laptop,33.36,25,5,0.8372820512820514,2.821141649048626,0
35.03946643148495,Male,USA,Basic,Smart TV,33.39,1,4,0.7088272727272726,3.4799374674309536,1
35.03946643148495,Male,USA,Premium,Desktop,33.4,21,5,1.0478666666666667,2.960118168389956,0
13.0,Male,USA,Premium,Smart TV,33.41,23,5,0.700375,2.4644701253995573,0
38.0,Prefer not to say,USA,Premium,Tablet,33.41,2,5,0.7229166666666667,4.119605425400739,1
36.0,Male,USA,Standard,Tablet,33.45,1,5,0.6151666666666666,2.3785257169945484,0
44.0,Male,Canada,Premium+,Tablet,33.47,5,5,1.094654761904762,2.114562493418974,0
40.0,Female,USA,Premium+,Laptop,33.47,19,5,0.6791923076923077,3.407193756362403,0
21.0,Male,USA,Standard,Desktop,33.48,23,4,0.5821111111111111,2.837688939115694,0
35.03946643148495,Female,USA,Basic,Gaming Console,33.48,2,5,0.5634285714285715,3.222846141504893,0
26.0,Female,Canada,Basic,Laptop,33.49,6,5,0.8378888888888889,2.782717075197341,0
47.0,Male,USA,Standard,Desktop,33.5,13,5,0.7441181818181819,2.9720538222682236,1
30.0,Male,USA,Basic,Gaming Console,33.51,8,5,0.5062222222222222,3.352117372457485,0
12.0,Female,USA,Standard,Smart TV,33.52,3,5,0.40530909090909084,3.676110400292451,0
24.0,Male,USA,Basic,Smart TV,33.53,29,5,0.7262857142857142,4.459765018842829,0
42.0,Male,USA,Basic,Mobile,33.54,11,5,1.147,1.7805698106529821,0
35.03946643148495,Female,USA,Premium+,Smart TV,33.55,35,5,0.9967777777777778,3.0234304595974764,1
39.0,Male,USA,Basic,Smart TV,33.56,15,4,0.7050000000000001,6.186175115207374,0
36.0,Male,Canada,Premium,Laptop,33.61,31,5,0.9840833333333334,5.77491408934708,0
38.0,Male,USA,Standard,Smart TV,33.62,36,5,1.0607857142857142,1.969537199765671,0
35.03946643148495,Male,USA,Premium+,Tablet,33.62,15,5,0.5947222222222222,2.368717707844058,0
35.03946643148495,Female,USA,Basic,Desktop,33.63,5,5,0.6158461538461539,2.046865489957395,0
34.0,Female,Canada,Premium,Gaming Console,33.64,34,4,0.1928,15.073935772964898,0
31.0,Female,USA,Premium,Desktop,33.67,7,5,0.9698461538461538,3.059981823689791,0
20.0,Male,USA,Premium+,Laptop,33.7,36,5,1.100875,6.884576098059244,0
49.0,Male,USA,Standard,Laptop,33.71,25,5,0.5554285714285714,4.482712765957447,0
51.0,Female,Canada,Premium,Gaming Console,33.72,29,5,0.4609696969696969,4.2828111769686705,0
51.0,Female,Canada,Premium,Gaming Console,33.72,29,5,0.4609696969696969,4.2828111769686705,0
41.0,Female,USA,Premium+,Gaming Console,33.73,35,4,0.9246911764705883,2.3118574366004108,0
31.0,Female,Canada,Premium+,Mobile,33.75,22,4,0.658009090909091,3.206143128562381,0
53.0,Male,USA,Standard,Desktop,33.76,33,5,1.11075,6.551099611901681,0
37.0,Female,USA,Premium+,Laptop,33.76,29,5,0.6690330882352942,2.469340485188346,0
40.0,Female,USA,Basic,Laptop,33.76,34,5,0.8280000000000001,9.257769652650822,0
18.0,Female,USA,Standard,Desktop,33.77,13,5,0.6964444444444444,3.144320297951583,0
35.03946643148495,Female,USA,Basic,Desktop,33.77,28,5,0.8132000000000001,3.099586966498394,0
23.0,Female,USA,Premium,Gaming Console,33.78,3,5,0.3264,3.2309899569583926,0
48.0,Male,Canada,Standard,Laptop,33.79,21,4,0.9413566433566434,3.5637194586043237,0
50.0,Prefer not to say,Canada,Standard,Smart TV,33.8,5,5,0.7138333333333332,4.146391331016152,0
20.0,Male,USA,Standard,Tablet,33.83,31,5,0.7310833333333333,1.8618602091359384,0
21.0,Other,USA,Premium+,Laptop,33.84,2,5,0.9841666666666666,2.6906970580439973,0
43.0,Male,USA,Standard,Tablet,33.85,36,5,0.8338461538461539,2.963233148526408,1
35.03946643148495,Female,USA,Basic,Gaming Console,33.85,22,5,0.7963333333333333,6.26078914919852,1
36.0,Male,USA,Premium+,Gaming Console,33.86,19,5,1.0579999999999998,2.6295625161791354,0
36.0,Male,USA,Premium,Mobile,33.86,8,5,0.775025641025641,3.831039034508768,0
5.0,Male,USA,Standard,Tablet,33.87,22,5,0.7445294117647059,2.7425101214574896,0
35.0,Prefer not to say,USA,Standard,Desktop,33.88,6,5,0.5258571428571429,5.300651890482399,1
24.0,Male,Canada,Standard,Smart TV,33.9,20,5,0.8745454545454545,3.5936395759717312,0
36.0,Male,USA,Standard,Smart TV,33.9,19,5,0.7726923076923078,3.264847512038523,0
56.0,Female,USA,Premium,Smart TV,33.9,11,5,0.7142222222222221,1.673523119960507,0
17.0,Male,USA,Premium,Mobile,33.91,9,5,0.7254110275689223,1.2766518165275773,0
35.03946643148495,Prefer not to say,USA,Standard,Mobile,33.91,33,5,0.7867272727272727,4.501327433628318,0
42.0,Female,USA,Standard,Smart TV,33.92,11,5,0.5444444444444444,6.184138559708296,0
42.0,Female,Canada,Premium+,Smart TV,33.93,13,4,0.991,3.7244785949506034,0
40.0,Male,USA,Premium,Gaming Console,33.94,27,5,0.8908888888888888,3.6396782841823057,1
35.03946643148495,Male,USA,Basic,Smart TV,33.96,8,5,0.7254285714285714,3.5234307452879134,0
24.0,Female,USA,Basic,Desktop,33.96,12,5,0.810125,4.468421052631579,0
20.0,Female,USA,Standard,Desktop,33.98,33,5,0.911888888888889,1.4979061053559621,0
35.03946643148495,Female,USA,Standard,Laptop,34.0,16,5,0.5955714285714284,10.154305624688899,0
90.0,Male,USA,Basic,Gaming Console,34.0,30,5,0.6395,3.5877594090749207,0
41.0,Male,Canada,Premium,Tablet,34.02,19,4,0.6373333333333333,5.179396092362345,0
24.0,Male,USA,Standard,Desktop,34.03,10,5,1.0365833333333334,3.117251908396947,0
28.0,Other,Canada,Standard,Gaming Console,34.04,1,5,0.639,3.0620689655172413,0
55.0,Female,Canada,Standard,Tablet,34.05,21,4,0.40820000000000006,7.29642857142857,1
35.03946643148495,Female,USA,Basic,Tablet,34.06,29,4,1.0886,11.179431072210066,0
39.0,Female,Canada,Standard,Desktop,34.08,23,5,0.6972222222222222,3.6377868706635823,0
20.0,Male,USA,Premium,Smart TV,34.09,24,5,0.6791181818181817,3.2236406619385347,0
39.0,Female,Canada,Premium+,Desktop,34.12,25,4,0.8577999999999999,2.756058158319871,0
51.0,Female,Canada,Standard,Tablet,34.13,31,5,0.7376666666666667,2.31704005431093,0
30.0,Male,Canada,Premium,Desktop,34.13,7,5,0.9646363636363636,2.9401292175161524,0
23.0,Female,USA,Standard,Smart TV,34.15,3,5,0.964,4.189327335923124,0
33.0,Male,USA,Premium,Tablet,34.15,19,5,0.7903,3.4419620359482606,0
20.0,Female,USA,Standard,Gaming Console,34.19,11,5,0.7566,3.209324155193992,0
35.03946643148495,Male,USA,Premium,Laptop,34.21,33,4,0.9332,3.3413641543219925,0
29.0,Other,Canada,Premium,Tablet,34.21,33,4,0.4756666666666667,4.599148554783778,0
44.0,Female,USA,Premium,Smart TV,34.22,8,3,0.6632857142857143,6.412242348532166,0
65.0,Male,USA,Standard,Smart TV,34.23,28,4,0.742375,5.922145328719722,0
53.0,Male,Canada,Premium,Gaming Console,34.24,35,5,0.7264444444444444,4.412371134020619,0
39.0,Male,Canada,Premium,Gaming Console,34.25,29,5,0.9176410256410257,3.549222797927461,0
44.0,Male,Canada,Premium,Gaming Console,34.25,5,5,0.74875,11.583990980834272,0
56.0,Male,USA,Standard,Laptop,34.26,35,5,0.7918809523809524,5.772535804549283,0
54.0,Male,USA,Premium,Gaming Console,34.27,9,5,0.599020202020202,3.407125103562552,0
31.0,Male,USA,Premium,Tablet,34.28,35,5,0.5974444444444444,3.9500672172076046,0
35.0,Male,Canada,Premium,Tablet,34.28,23,4,0.841,2.088333840999086,0
14.0,Female,USA,Premium,Tablet,34.28,10,5,0.9610714285714286,2.776832725799919,0
41.0,Male,USA,Basic,Smart TV,34.3,24,5,0.7704583333333334,1.8851332783731796,0
41.0,Male,USA,Basic,Smart TV,34.3,24,5,0.7704583333333334,1.8851332783731796,0
44.0,Male,USA,Standard,Gaming Console,34.31,35,5,0.4136666666666667,7.064516129032257,0
29.0,Male,Canada,Premium+,Mobile,34.31,18,5,0.754,4.255943766797603,0
37.0,Female,USA,Standard,Gaming Console,34.31,31,5,0.549625,7.190359762486903,0
34.0,Female,Canada,Basic,Desktop,34.31,28,5,0.7484999999999999,3.030026493965264,1
25.0,Male,USA,Standard,Smart TV,34.33,32,5,0.7070555555555555,4.898454221165279,0
47.0,Female,Canada,Standard,Mobile,34.34,9,5,0.7056666666666667,3.6852083705956002,0
31.0,Female,Canada,Standard,Smart TV,34.36,29,4,0.898090909090909,3.122690093910936,0
32.0,Female,Canada,Basic,Laptop,34.4,20,5,0.6315128205128204,3.794815223386652,0
28.0,Male,Canada,Basic,Tablet,34.43,31,5,0.8173986928104575,1.3849557522123894,0
27.0,Male,USA,Standard,Mobile,34.45,34,5,0.8812857142857142,1.2670099301213684,0
16.0,Male,USA,Premium,Smart TV,34.46,21,5,0.7889423076923077,2.3130104038483053,0
38.0,Female,USA,Basic,Laptop,34.46,28,5,0.742,7.1247415575465185,1
35.03946643148495,Male,USA,Standard,Mobile,34.47,28,5,0.7427777777777778,3.879572312886888,0
29.0,Female,USA,Standard,Desktop,34.49,32,5,0.968090909090909,3.4809083263246428,0
23.0,Female,Canada,Premium+,Laptop,34.49,12,5,0.7493636363636362,3.0013052936910807,0
8.0,Female,Canada,Standard,Laptop,34.54,5,3,0.6418333333333334,4.235438381361129,1
35.03946643148495,Prefer not to say,Canada,Standard,Smart TV,34.56,8,5,1.2492738095238094,2.725552050473186,0
71.0,Male,Canada,Premium,Tablet,34.56,9,5,0.813,2.5736626535931486,0
32.0,Female,Canada,Standard,Tablet,34.61,1,5,0.549060606060606,5.906143344709897,0
47.0,Male,Canada,Premium,Mobile,34.64,26,3,1.006,4.935644739966754,0
6.0,Male,Canada,Standard,Gaming Console,34.64,32,5,0.7524047619047618,5.049562682215743,1
35.0,Female,Canada,Standard,Laptop,34.64,33,5,0.6794285714285715,4.105887001185302,0
42.0,Female,Canada,Basic,Laptop,34.64,23,5,0.5513076923076923,2.319125195268913,0
30.0,Female,USA,Premium,Tablet,34.66,31,5,0.8346363636363636,2.353553644182888,0
38.0,Male,Canada,Premium,Tablet,34.67,12,5,0.7385972222222221,1.7191735537190083,0
32.0,Female,Canada,Standard,Laptop,34.68,4,4,0.7904444444444445,5.792873051224944,0
40.0,Other,Canada,Premium+,Gaming Console,34.68,23,5,0.7062666666666666,4.399154334038054,0
24.0,Female,USA,Standard,Tablet,34.71,29,5,0.9608749999999999,4.252807841535634,0
17.0,Other,Canada,Standard,Desktop,34.73,13,5,0.7622222222222222,5.333503967238289,0
34.0,Female,USA,Standard,Laptop,34.74,36,5,0.42533333333333334,3.3641058747579087,0
29.0,Female,USA,Premium,Laptop,34.78,36,3,1.21775,14.244368600682593,0
35.03946643148495,Other,Canada,Premium,Laptop,34.78,10,5,0.8692857142857142,3.538748516194675,0
31.0,Prefer not to say,USA,Premium,Tablet,34.82,32,5,0.735,4.294347379239466,1
34.0,Female,Canada,Basic,Tablet,34.85,26,5,0.8586999999999998,4.86731843575419,0
44.0,Male,USA,Standard,Mobile,34.88,35,5,0.7654444444444445,2.005366040628594,0
37.0,Male,USA,Standard,Gaming Console,34.93,31,5,0.6265714285714286,5.9879999999999995,0
35.03946643148495,Male,Canada,Premium,Mobile,34.94,32,5,0.6742417582417581,2.433712560947295,0
35.03946643148495,Male,Canada,Premium,Mobile,34.94,32,5,0.6742417582417581,2.433712560947295,0
33.0,Male,USA,Basic,Smart TV,34.95,27,5,0.5682,5.1983143282102136,0
35.03946643148495,Male,Canada,Standard,Laptop,34.98,28,5,1.1227857142857143,3.7857142857142847,0
25.0,Female,USA,Standard,Mobile,34.98,17,5,0.5769444444444445,2.225190839694656,0
30.0,Male,USA,Premium,Desktop,35.0,9,4,0.740125,5.568814638027049,0
35.03946643148495,Female,USA,Basic,Mobile,35.04,8,5,0.570375,2.23374415639609,0
46.0,Prefer not to say,USA,Standard,Tablet,35.06,9,5,0.9130661764705883,3.91003717472119,0
46.0,Prefer not to say,USA,Standard,Tablet,35.06,9,5,0.9130661764705883,3.91003717472119,0
37.0,Other,USA,Premium,Desktop,35.07,2,5,0.6185454545454545,3.5634208298052497,0
52.0,Female,USA,Basic,Laptop,35.07,14,5,0.8125873015873015,2.0085910652920966,0
18.0,Male,USA,Standard,Desktop,35.07,4,5,0.6515294117647059,1.9021876694991866,0
35.03946643148495,Female,USA,Premium,Laptop,35.07,16,5,0.6574395604395604,2.2363694335210966,0
57.0,Male,USA,Premium,Gaming Console,35.07,31,5,0.8999999999999999,3.640484429065744,0
35.03946643148495,Male,USA,Premium+,Desktop,35.11,17,5,0.7956666666666666,3.185061989718778,0
30.0,Male,USA,Basic,Laptop,35.12,25,3,0.7201333333333333,7.520342612419698,1
36.0,Male,Canada,Basic,Mobile,35.16,1,5,0.8569210526315789,3.1216336194140273,0
44.0,Male,USA,Premium,Mobile,35.21,30,5,0.917,1.9615598885793872,0
35.03946643148495,Male,USA,Standard,Mobile,35.22,5,5,0.9640363636363637,4.99929027679205,0
29.0,Male,Canada,Premium,Laptop,35.22,21,4,0.40475,6.134107402031929,0
36.0,Male,USA,Premium,Tablet,35.28,29,5,0.7084444444444444,3.4576935641947073,0
36.0,Male,USA,Premium,Tablet,35.28,29,5,0.7084444444444444,3.4576935641947073,0
35.03946643148495,Female,USA,Standard,Tablet,35.29,7,5,0.8758809523809523,2.132970686007857,0
42.0,Male,USA,Basic,Mobile,35.3,11,5,1.0027545454545455,3.625470729202327,0
35.03946643148495,Male,USA,Basic,Tablet,35.31,22,5,0.77275,5.250557620817845,0
44.0,Female,USA,Basic,Tablet,35.36,20,3,0.9732666666666667,8.95945945945946,0
37.0,Female,Canada,Standard,Mobile,35.39,15,5,0.2961111111111111,2.4542302357836343,0
64.0,Male,USA,Standard,Gaming Console,35.39,13,5,0.9421868131868132,3.216298091487428,1
49.0,Female,USA,Premium,Gaming Console,35.4,2,5,0.38339999999999996,34.64926590538336,0
46.0,Other,USA,Standard,Laptop,35.41,21,5,0.49,3.8184759166067574,0
25.0,Male,Canada,Basic,Gaming Console,35.44,3,5,0.7814444444444445,3.42415458937198,0
35.03946643148495,Female,USA,Premium,Tablet,35.46,16,4,0.908625,4.804878048780488,0
43.0,Female,USA,Standard,Mobile,35.47,28,5,0.6787777777777777,3.4029421170450904,0
38.0,Female,USA,Basic,Laptop,35.47,24,5,0.6235555555555555,3.8575312669929307,0
28.0,Female,Canada,Premium,Mobile,35.52,8,5,0.39199999999999996,3.7245718280321567,0
40.0,Female,USA,Standard,Mobile,35.53,16,5,0.8588888888888888,5.986520640269587,0
42.0,Prefer not to say,USA,Premium,Laptop,35.54,20,3,0.4490238095238095,6.4228915662650605,1
18.0,Female,USA,Basic,Smart TV,35.59,33,5,0.48100000000000004,8.69816700610998,0
32.0,Female,USA,Standard,Laptop,35.61,13,5,0.5245555555555557,5.587343096234309,0
35.03946643148495,Male,USA,Standard,Laptop,35.61,2,5,0.8303571428571429,2.9478476821192054,0
29.0,Male,USA,Premium,Mobile,35.61,24,5,0.8155555555555556,3.248593583700775,0
32.0,Prefer not to say,Canada,Premium,Gaming Console,35.62,36,5,0.7738571428571428,4.837483023992757,0
52.0,Female,Canada,Premium,Laptop,35.62,33,5,0.7139166666666668,1.7249394673123486,1
41.0,Female,USA,Basic,Mobile,35.63,35,5,0.7942692307692307,3.4800586032882954,0
10.0,Male,Canada,Premium+,Smart TV,35.64,16,5,0.7096111111111112,4.95,0
42.0,Female,USA,Standard,Gaming Console,35.68,28,5,0.8683636363636364,4.797848498431196,0
51.0,Female,USA,Standard,Smart TV,35.68,36,5,1.0158181818181817,2.953234928955718,1
46.0,Male,USA,Premium,Gaming Console,35.68,9,5,1.0582307692307693,1.9620566400879846,0
36.0,Male,Canada,Premium+,Tablet,35.69,4,5,1.1155555555555554,4.154831199068684,0
39.0,Female,Canada,Premium,Mobile,35.73,15,5,0.6530476190476191,2.063330125120308,0
33.0,Female,Canada,Basic,Mobile,35.74,26,5,0.729125,7.829134720700986,0
53.0,Female,Canada,Basic,Desktop,35.79,2,5,0.5915,3.15237815619495,0
30.0,Male,Canada,Standard,Smart TV,35.84,18,5,0.9889444444444444,5.579657498702646,0
34.0,Female,Canada,Standard,Gaming Console,35.87,1,4,0.472,7.55157894736842,0
52.0,Male,USA,Premium,Tablet,35.89,14,4,0.7403636363636363,3.622812920592194,0
43.0,Male,USA,Standard,Smart TV,35.89,31,5,0.8313636363636363,5.254758418740849,0
52.0,Male,USA,Premium,Tablet,35.89,14,4,0.7403636363636363,3.622812920592194,0
38.0,Female,Canada,Standard,Desktop,35.91,7,5,0.9643454545454544,3.9131856156919715,0
43.0,Female,USA,Standard,Laptop,35.93,21,5,0.902969696969697,2.8110575042378407,0
55.0,Male,Canada,Premium,Tablet,35.94,7,4,0.5835357142857143,3.2583862194016313,0
55.0,Other,Canada,Standard,Mobile,35.96,21,5,1.1192636363636363,5.39265183704074,0
34.0,Prefer not to say,Canada,Premium,Mobile,35.96,31,5,1.0836666666666666,3.066079295154185,0
47.0,Male,Canada,Premium,Desktop,36.0,9,5,0.884125,6.683168316831682,0
41.0,Male,USA,Standard,Gaming Console,36.01,15,4,0.5737777777777777,4.436550308008213,0
43.0,Male,USA,Basic,Laptop,36.06,16,5,1.2222948717948718,3.363283071661744,0
27.0,Female,USA,Premium,Desktop,36.06,2,5,0.6454705882352941,1.6735767326732673,0
31.0,Male,USA,Basic,Smart TV,36.06,32,5,0.726,2.80259067357513,0
37.0,Female,USA,Standard,Gaming Console,36.07,23,5,0.6485714285714286,3.7822439706396365,0
31.0,Other,Canada,Premium,Laptop,36.07,35,5,0.7444285714285714,4.202330097087377,0
46.0,Male,USA,Standard,Mobile,36.12,34,4,0.8180000000000001,4.146957520091847,0
35.03946643148495,Female,USA,Basic,Smart TV,36.12,10,5,0.9762121212121213,2.884984025559105,0
29.0,Male,USA,Premium,Gaming Console,36.13,36,5,0.6045555555555555,4.964048545912526,0
40.0,Male,Canada,Basic,Desktop,36.13,7,5,0.8987142857142858,3.834777993985495,0
59.0,Female,Canada,Premium,Tablet,36.16,24,4,0.5958095238095238,2.4074567243675093,0
57.0,Male,USA,Standard,Tablet,36.21,5,5,1.0666666666666667,7.095362508164597,0
35.03946643148495,Female,USA,Basic,Tablet,36.21,32,5,0.51625,5.675548589341693,0
45.0,Female,USA,Basic,Desktop,36.24,33,5,0.6455604395604395,2.6188124774178005,0
25.0,Male,Canada,Premium,Laptop,36.25,12,5,0.611,10.578793774319067,1
36.0,Male,Canada,Standard,Tablet,36.27,19,5,0.7390000000000001,2.256532559104106,0
35.03946643148495,Other,USA,Premium,Smart TV,36.35,17,5,0.8571212121212122,5.170697012802275,0
35.03946643148495,Prefer not to say,USA,Premium,Smart TV,36.42,24,5,0.6623333333333333,3.2860150375939847,0
60.0,Male,USA,Standard,Desktop,36.46,23,5,0.820797619047619,1.8207240948813987,0
24.0,Female,USA,Premium,Smart TV,36.47,24,5,0.7155555555555556,4.303244837758112,0
20.0,Female,USA,Premium,Tablet,36.48,22,5,0.9825,4.082820369334079,0
50.0,Female,USA,Premium,Laptop,36.49,15,5,0.7265555555555555,7.080853816300128,0
55.0,Male,Canada,Standard,Smart TV,36.51,2,5,0.7884615384615385,2.7596371882086164,0
35.03946643148495,Prefer not to say,Canada,Standard,Smart TV,36.52,36,5,0.5609999999999999,6.301984469370146,0
60.0,Prefer not to say,Canada,Basic,Smart TV,36.53,35,5,0.7146000000000001,4.746210480727587,0
21.0,Male,USA,Standard,Laptop,36.54,20,4,0.8943333333333332,5.749803304484657,0
46.0,Female,Canada,Premium,Laptop,36.58,32,5,0.6680649350649349,1.6809374281994331,0
35.03946643148495,Female,Canada,Premium,Tablet,36.59,12,5,0.7954444444444444,4.885180240320428,0
14.0,Male,USA,Standard,Laptop,36.61,1,5,0.5684285714285714,5.02654462242563,0
15.0,Female,USA,Premium+,Gaming Console,36.65,30,4,0.6652181818181817,2.9796747967479673,0
32.0,Female,USA,Premium,Smart TV,36.66,3,5,0.8532142857142857,3.945470852017937,0
22.0,Male,USA,Premium,Gaming Console,36.66,6,5,0.6235714285714286,4.129928651896357,0
53.0,Female,USA,Premium,Tablet,36.68,19,5,0.5310238095238096,3.017274472168906,0
50.0,Male,USA,Basic,Gaming Console,36.69,13,5,0.807,3.0814669652855544,0
35.0,Male,Canada,Premium,Laptop,36.77,32,5,0.5345000000000001,1.8572270393130739,0
36.0,Female,USA,Premium,Smart TV,36.78,21,5,0.7316666666666667,2.318797940527477,0
32.0,Male,USA,Premium+,Mobile,36.83,16,5,0.8939999999999999,4.410778443113773,0
30.0,Other,Canada,Standard,Desktop,36.84,35,5,0.6534545454545454,4.726106478511866,0
35.0,Male,USA,Basic,Laptop,36.84,23,5,0.8233030303030303,3.7187079407806194,0
35.03946643148495,Male,USA,Standard,Desktop,36.86,26,5,0.8372000000000002,7.605226960110041,0
45.0,Male,USA,Premium,Laptop,36.86,17,5,1.0203363636363636,3.949991069833899,0
35.03946643148495,Male,USA,Standard,Desktop,36.86,26,5,0.8372000000000002,7.605226960110041,0
46.0,Female,USA,Standard,Smart TV,36.88,1,4,0.9073333333333333,4.908606921029281,0
26.0,Male,USA,Standard,Mobile,36.89,10,5,0.46871428571428575,4.640251572327044,0
26.0,Male,USA,Standard,Mobile,36.89,10,5,0.46871428571428575,4.640251572327044,0
47.0,Male,Canada,Premium,Gaming Console,36.9,7,5,0.5457142857142857,2.310582341891046,1
21.0,Female,USA,Standard,Mobile,37.01,10,4,0.8135555555555556,5.9533512064343155,0
34.0,Female,Canada,Standard,Gaming Console,37.01,36,5,0.7281904761904763,5.537655860349127,1
46.0,Female,USA,Premium,Mobile,37.01,15,5,0.6277692307692307,2.668348954578226,0
34.0,Female,Canada,Standard,Gaming Console,37.01,36,5,0.7281904761904763,5.537655860349127,1
30.0,Male,USA,Basic,Mobile,37.02,8,5,0.7805000000000001,4.586413380136279,0
41.0,Male,Canada,Standard,Mobile,37.03,26,5,0.9779999999999999,5.50222882615156,0
29.0,Female,USA,Premium,Tablet,37.05,23,5,0.6427142857142856,8.656542056074764,0
25.0,Male,Canada,Standard,Laptop,37.08,9,5,0.7192333333333333,1.6989690721649484,0
35.03946643148495,Female,USA,Premium,Tablet,37.1,16,5,0.5455142857142857,3.7850705662302326,0
10.0,Female,USA,Standard,Tablet,37.13,36,5,0.7862083333333334,4.151695862840104,0
43.0,Female,USA,Standard,Laptop,37.22,11,5,0.729375,9.037636584378793,0
47.0,Female,USA,Premium,Mobile,37.23,2,4,1.16825,8.598152424942262,0
31.0,Female,USA,Standard,Mobile,37.23,4,5,0.8344242424242425,3.167162909400255,0
41.0,Male,USA,Premium,Smart TV,37.24,23,4,0.7497878787878788,3.4939796716184524,0
30.0,Female,USA,Basic,Gaming Console,37.27,6,5,0.8865714285714286,5.506525486333416,0
45.0,Female,Canada,Standard,Smart TV,37.27,30,4,1.0256,9.119902120717782,0
25.0,Prefer not to say,Canada,Premium+,Gaming Console,37.28,16,4,0.483,5.006266786034019,0
35.0,Male,USA,Premium,Desktop,37.28,17,5,0.8012857142857143,5.589205397301349,0
35.03946643148495,Female,USA,Basic,Mobile,37.29,12,5,0.5434285714285715,4.856522682873887,0
29.0,Male,USA,Basic,Tablet,37.31,31,5,0.763818181818182,3.841771065728505,0
43.0,Male,USA,Standard,Smart TV,37.31,16,5,0.8552857142857142,4.771099744245524,0
35.03946643148495,Prefer not to say,USA,Premium+,Smart TV,37.32,18,5,0.6709934640522874,1.5248212461695607,0
45.0,Female,USA,Standard,Tablet,37.32,28,5,1.1422424242424243,3.6516634050880623,0
29.0,Prefer not to say,Canada,Premium,Laptop,37.36,6,5,0.8285714285714285,6.965817277812306,0
43.0,Male,USA,Premium,Smart TV,37.38,5,5,0.6076969696969696,3.017761033369214,0
27.0,Male,USA,Standard,Mobile,37.38,6,5,0.8708888888888888,3.6767213114754105,1
40.0,Female,USA,Basic,Tablet,37.38,24,5,1.0872857142857142,4.278519648988935,0
50.0,Female,USA,Standard,Laptop,37.4,28,5,1.1514285714285712,9.540816326530612,1
41.0,Male,USA,Basic,Smart TV,37.42,33,5,0.5240845588235294,2.329770675521428,0
27.0,Male,USA,Basic,Mobile,37.44,4,4,1.134,7.638218293097585,0
35.03946643148495,Male,USA,Standard,Tablet,37.48,15,5,1.0008947368421053,1.3161652815170313,1
47.0,Male,USA,Standard,Laptop,37.48,27,5,0.7707777777777778,4.48683160415004,0
47.0,Male,USA,Premium,Gaming Console,37.57,33,5,0.7427142857142857,4.8951140065146586,0
25.0,Female,Canada,Standard,Laptop,37.58,23,5,0.6346666666666666,3.698818897637795,0
35.03946643148495,Male,USA,Basic,Smart TV,37.61,32,5,0.9960909090909091,2.881624313625335,0
36.0,Female,USA,Premium,Gaming Console,37.61,7,4,0.9394583333333333,3.664501461513478,0
35.03946643148495,Female,USA,Premium,Gaming Console,37.66,8,5,0.6606858974358975,4.0647598488936865,0
47.0,Male,USA,Basic,Laptop,37.67,15,4,0.869625,4.6287118574646735,0
37.0,Female,Canada,Premium,Gaming Console,37.71,20,3,0.8883333333333333,12.563020544142145,0
35.03946643148495,Female,USA,Standard,Laptop,37.71,23,5,0.769909090909091,2.7303004706166285,0
22.0,Male,USA,Premium,Gaming Console,37.71,22,5,0.7009090909090909,2.279238440616501,0
46.0,Male,Canada,Basic,Smart TV,37.72,3,5,0.5091428571428571,9.074578989574979,0
41.0,Female,USA,Premium,Gaming Console,37.74,28,5,1.2645384615384616,2.81781981085117,0
50.0,Female,Canada,Premium,Mobile,37.76,12,5,0.8476666666666668,2.6720132091048474,0
31.0,Female,USA,Premium+,Smart TV,37.8,4,5,0.9010909090909092,3.2284697508896794,0
35.03946643148495,Male,USA,Basic,Laptop,37.85,22,5,1.1104166666666666,3.3421633554083887,0
30.0,Prefer not to say,USA,Basic,Tablet,37.89,16,5,0.76575,3.5389165628891655,0
41.0,Male,Canada,Standard,Mobile,37.93,9,4,0.7041428571428571,6.819898112076714,0
42.0,Male,USA,Premium+,Laptop,37.95,28,5,0.8998999999999999,2.3554360194476054,0
5.0,Female,USA,Standard,Mobile,37.96,29,5,0.47424242424242424,4.494967436352871,0
31.0,Male,USA,Basic,Tablet,38.01,18,5,0.6465714285714286,7.653020134228187,0
28.0,Female,USA,Premium,Mobile,38.02,8,5,0.8840833333333333,4.089637863033345,0
35.03946643148495,Male,USA,Premium,Desktop,38.05,20,5,0.6520909090909092,5.015377855887521,0
49.0,Female,Canada,Standard,Smart TV,38.06,11,5,0.8954102564102564,2.9637897469175862,0
31.0,Male,USA,Premium,Laptop,38.22,29,5,0.7828571428571429,2.01688654353562,0
24.0,Other,USA,Standard,Desktop,38.27,8,5,0.8225470085470086,3.502974828375286,0
61.0,Male,USA,Basic,Mobile,38.27,36,5,0.8165,6.833928571428572,0
35.03946643148495,Male,USA,Premium+,Desktop,38.28,7,5,1.0755,7.972231863936133,0
19.0,Female,USA,Standard,Desktop,38.29,21,5,0.7298809523809524,3.336334591925646,0
59.0,Female,Canada,Standard,Laptop,38.32,16,5,0.7237272727272728,5.661659689731593,0
54.0,Male,USA,Basic,Laptop,38.33,20,5,0.9690694444444444,6.689354275741709,1
51.0,Female,USA,Standard,Laptop,38.35,9,5,0.759,7.677677677677677,0
19.0,Male,USA,Standard,Desktop,38.37,6,4,0.7176666666666667,5.12283044058745,0
35.03946643148495,Female,USA,Premium,Tablet,38.37,13,4,1.165857142857143,3.9961812185384478,0
31.0,Female,Canada,Standard,Laptop,38.4,33,5,0.9583333333333333,3.5063156292801705,0
55.0,Female,USA,Premium,Smart TV,38.42,26,5,0.4914666666666667,1.8142609790650088,0
42.0,Female,Canada,Premium,Laptop,38.42,10,4,0.6675238095238096,4.0563082878761225,0
31.0,Male,USA,Standard,Desktop,38.46,18,5,0.8728846153846154,2.0856832971800436,0
30.0,Male,USA,Basic,Mobile,38.55,6,5,0.9716363636363636,3.9996541587411376,1
55.0,Male,USA,Premium,Laptop,38.58,25,4,0.9055714285714285,3.85864310718453,0
43.0,Male,USA,Premium,Gaming Console,38.59,3,5,0.3253333333333333,31.45923913043479,0
42.0,Female,USA,Standard,Gaming Console,38.59,26,4,0.5260666666666667,9.548041237113404,0
25.0,Female,USA,Standard,Gaming Console,38.63,20,5,0.6662272727272727,4.98558829855883,0
25.0,Male,USA,Standard,Laptop,38.71,35,5,0.7871111111111111,4.2076086956521745,0
57.0,Male,USA,Premium+,Smart TV,38.72,28,5,0.9251666666666667,2.8586194167589514,0
26.0,Female,USA,Basic,Tablet,38.8,14,5,0.8757777777777778,5.7552533992583434,0
42.0,Prefer not to say,USA,Premium+,Mobile,38.81,18,4,0.6873809523809523,11.814307458143077,0
26.0,Female,USA,Premium,Desktop,38.81,6,5,0.9195384615384616,4.373779113448536,1
49.0,Male,USA,Standard,Gaming Console,38.83,3,5,0.68275,3.1306100510615424,0
43.0,Prefer not to say,USA,Standard,Mobile,38.83,35,5,0.8370363636363636,4.648443735035913,0
45.0,Male,Canada,Basic,Tablet,38.84,32,5,0.9276,5.7131649914194655,0
31.0,Female,USA,Basic,Gaming Console,38.85,30,5,0.7667941176470587,3.4054054054054057,0
46.0,Male,USA,Premium,Gaming Console,38.85,3,5,0.6864545454545454,2.3742106335302506,0
44.0,Female,USA,Standard,Gaming Console,38.88,4,5,0.5237777777777777,7.296840788238973,1
35.03946643148495,Male,USA,Premium+,Gaming Console,38.89,18,5,0.78375,3.410904838473907,0
35.03946643148495,Female,Canada,Basic,Gaming Console,38.92,36,5,1.1437948717948716,4.370578326782706,0
45.0,Female,USA,Basic,Smart TV,38.92,24,5,1.0094444444444444,4.045037242335008,1
26.0,Female,USA,Standard,Smart TV,38.99,18,5,1.1382222222222222,5.386599125028782,0
52.0,Female,USA,Standard,Laptop,39.0,17,5,0.8184272727272728,7.149404216315307,0
40.0,Male,USA,Standard,Mobile,39.04,27,5,0.7970181818181818,2.4484164314832237,0
35.0,Female,USA,Standard,Tablet,39.04,16,5,0.8151428571428572,6.6263083451202265,0
16.0,Male,USA,Basic,Smart TV,39.04,26,5,1.291,10.092201637225335,0
38.0,Male,USA,Standard,Tablet,39.08,29,5,0.8345181818181819,3.196728016359918,0
44.0,Male,Canada,Basic,Tablet,39.15,33,4,0.569,5.141168745896258,0
22.0,Female,USA,Standard,Desktop,39.18,10,5,0.4942901960784314,1.9604703527645735,0
16.0,Female,USA,Standard,Gaming Console,39.2,2,5,0.5347857142857143,4.202251206003216,0
23.0,Female,USA,Basic,Tablet,39.2,5,5,0.8913263888888889,3.1193633952254647,0
37.0,Male,USA,Standard,Tablet,39.22,18,4,0.7418,11.05827067669173,1
30.0,Female,USA,Premium,Smart TV,39.26,7,5,0.8550909090909091,9.336504161712247,0
35.0,Female,USA,Premium,Gaming Console,39.33,1,4,0.6054181818181819,6.936507936507935,1
45.0,Male,USA,Premium,Laptop,39.42,33,5,0.7948333333333334,3.965129924559933,0
39.0,Male,Canada,Premium+,Smart TV,39.44,15,5,0.7785,1.9363390884543,1
42.0,Other,Canada,Standard,Mobile,39.49,35,5,0.4865064102564103,3.210569105691057,0
39.0,Female,USA,Basic,Smart TV,39.51,24,4,0.7277272727272728,3.376923076923077,0
43.0,Other,Canada,Premium,Desktop,39.55,17,4,0.7212000000000001,4.37338739402875,0
29.0,Female,USA,Premium,Tablet,39.56,11,5,1.0919333333333334,2.520815632965166,0
35.03946643148495,Female,USA,Premium,Smart TV,39.58,3,4,0.6276666666666666,2.9493293591654246,0
5.0,Female,USA,Standard,Gaming Console,39.59,23,4,0.9908333333333332,9.260818713450293,0
16.0,Male,Canada,Basic,Smart TV,39.6,20,5,0.877111111111111,7.259395050412465,0
25.0,Female,USA,Standard,Desktop,39.63,15,4,0.9319999999999999,2.4283088235294117,1
15.0,Male,USA,Basic,Mobile,39.63,12,4,0.5619000000000001,4.486415094339622,1
25.0,Female,USA,Standard,Desktop,39.63,15,4,0.9319999999999999,2.4283088235294117,1
37.0,Other,USA,Basic,Tablet,39.64,35,4,0.6134999999999999,6.085977482088024,0
34.0,Male,Canada,Premium+,Desktop,39.64,14,5,0.7312222222222222,4.0510986203372505,0
37.0,Female,Canada,Premium,Tablet,39.66,18,4,0.7431111111111111,4.899320568252007,0
35.03946643148495,Female,USA,Premium,Smart TV,39.66,26,3,0.5951428571428572,6.316963100610564,0
25.0,Male,USA,Basic,Tablet,39.68,16,5,1.191,7.933355548150616,0
35.03946643148495,Female,Canada,Standard,Laptop,39.72,14,5,0.6935714285714286,3.2948983824139355,0
22.0,Female,Canada,Premium,Smart TV,39.73,5,5,0.5296590909090909,3.624448836855709,0
53.0,Prefer not to say,USA,Premium,Laptop,39.78,26,5,0.779875,4.828646570908355,0
47.0,Female,USA,Premium,Smart TV,39.79,14,5,0.6058,3.814956855225311,0
41.0,Female,USA,Premium,Mobile,39.81,12,5,0.4094285714285714,7.798237022526934,1
32.0,Female,USA,Premium,Mobile,39.82,35,5,0.6225151515151516,4.205597606055272,0
38.0,Female,Canada,Premium,Smart TV,39.85,18,5,0.693875,6.989184448991523,0
22.0,Male,USA,Premium,Gaming Console,40.0,34,5,0.97075,3.1725049570389956,0
35.0,Male,USA,Premium,Laptop,40.04,19,4,0.9681428571428572,10.826498422712934,0
35.03946643148495,Male,USA,Premium,Mobile,40.05,12,5,0.6646373626373626,3.4260051325919583,0
40.0,Female,Canada,Standard,Smart TV,40.07,33,5,0.8904444444444444,3.7367112216350638,0
35.03946643148495,Male,USA,Standard,Desktop,40.14,11,5,0.9596666666666667,3.611336032388664,1
26.0,Other,USA,Standard,Smart TV,40.2,13,5,0.6893525641025642,3.709627806828668,1
19.0,Female,Canada,Standard,Tablet,40.22,32,5,0.6289230769230769,3.518810148731408,1
27.0,Female,Canada,Premium,Smart TV,40.27,32,4,0.6718333333333333,10.255517826825129,0
35.0,Male,USA,Premium,Gaming Console,40.28,3,5,0.6552361111111111,5.495225102319236,0
40.0,Male,USA,Standard,Gaming Console,40.28,17,5,0.9816190476190476,8.643776824034335,0
33.0,Male,USA,Standard,Laptop,40.3,28,4,0.5982272727272726,6.400211752249867,0
41.0,Other,USA,Premium,Mobile,40.33,3,5,1.059,6.034413965087281,1
33.0,Male,Canada,Premium,Mobile,40.38,7,5,0.8895,2.197351714130238,0
29.0,Female,USA,Standard,Desktop,40.39,16,4,0.382,15.584565916398716,0
24.0,Female,Canada,Basic,Gaming Console,40.4,26,5,0.6875714285714286,4.018567639257294,0
39.0,Female,USA,Standard,Smart TV,40.44,18,5,0.8816666666666666,6.960413080895008,0
22.0,Female,Canada,Standard,Desktop,40.45,12,4,0.8505833333333332,5.302599956303255,0
35.03946643148495,Female,USA,Premium,Desktop,40.45,35,4,0.7713333333333334,11.63470757430489,0
36.0,Male,Canada,Standard,Gaming Console,40.54,35,5,0.7922222222222222,3.5739053776079928,1
35.0,Female,USA,Basic,Tablet,40.56,23,5,0.6659404761904761,2.4947206560738087,0
39.0,Male,USA,Standard,Mobile,40.59,11,5,0.7001428571428572,5.056893687707642,0
46.0,Male,USA,Basic,Desktop,40.63,12,5,1.005125,2.397757450575391,0
53.0,Female,USA,Premium,Mobile,40.66,31,5,0.8321794871794871,1.9675780304863295,1
35.03946643148495,Male,USA,Premium+,Laptop,40.76,6,5,1.025,3.2272367379255735,0
61.0,Female,USA,Standard,Smart TV,40.93,36,5,0.5383516483516484,2.6265240641711225,0
18.0,Male,USA,Premium,Laptop,40.96,23,5,0.687,6.779586206896552,0
43.0,Female,USA,Standard,Smart TV,40.99,20,5,0.8428666666666667,2.4314384577360357,0
21.0,Female,Canada,Basic,Mobile,40.99,33,5,0.718,2.6709383145091223,0
50.0,Female,USA,Standard,Desktop,41.02,16,5,0.8785833333333333,4.359192348565356,0
18.0,Other,USA,Premium,Desktop,41.04,19,5,1.000047619047619,6.497097625329815,1
35.03946643148495,Male,USA,Basic,Tablet,41.05,34,4,0.6071666666666667,6.975361087510619,0
35.03946643148495,Male,USA,Basic,Tablet,41.05,34,4,0.6071666666666667,6.975361087510619,0
35.03946643148495,Male,USA,Standard,Tablet,41.08,25,4,0.7549722222222222,4.411669948093788,0
29.0,Female,USA,Standard,Mobile,41.08,3,5,0.7019090909090908,4.995541143088772,0
35.03946643148495,Female,USA,Basic,Laptop,41.1,14,5,0.46154545454545454,7.0196413321947055,0
35.0,Female,USA,Premium+,Mobile,41.1,28,5,0.8924272727272726,5.063655030800821,0
31.0,Female,USA,Premium,Laptop,41.14,26,5,0.9003194444444444,6.3178909649347315,1
27.0,Male,Canada,Standard,Desktop,41.14,8,5,0.5145000000000001,12.123772102161102,0
38.0,Female,Canada,Standard,Laptop,41.16,28,5,0.5016666666666667,6.2616632860040555,0
57.0,Male,USA,Basic,Smart TV,41.16,32,5,0.8391748251748252,3.451572327044025,0
23.0,Female,USA,Basic,Smart TV,41.17,14,5,0.8394444444444443,3.4471113591962044,0
46.0,Male,USA,Standard,Laptop,41.2,4,5,1.0235694444444443,3.9476205685084635,0
50.0,Female,USA,Basic,Smart TV,41.22,36,5,0.6733571428571429,2.3776196885214387,0
45.0,Other,USA,Premium,Smart TV,41.23,32,4,0.7164999999999999,3.4239446366782005,1
35.0,Male,USA,Standard,Smart TV,41.28,12,5,0.8392307692307692,4.7285223367697595,0
28.0,Male,USA,Premium,Mobile,41.29,15,5,0.8720769230769232,3.18800669154549,1
29.0,Male,USA,Basic,Smart TV,41.31,9,5,0.8757777777777778,5.063534218590399,0
12.0,Female,USA,Premium+,Tablet,41.4,2,5,0.82575,2.8147308781869684,0
68.0,Female,Canada,Standard,Tablet,41.41,29,4,0.6696666666666667,3.1878367975365665,0
35.03946643148495,Female,USA,Standard,Gaming Console,41.43,24,5,0.5556666666666666,3.070025935531678,0
35.03946643148495,Male,USA,Standard,Laptop,41.44,11,5,0.7881904761904761,2.0773665302030246,0
35.03946643148495,Male,USA,Standard,Laptop,41.44,11,5,0.7881904761904761,2.0773665302030246,0
46.0,Male,Canada,Premium,Desktop,41.49,1,5,0.9612222222222222,4.74081127404304,0
48.0,Male,Canada,Premium,Tablet,41.5,29,5,0.9034065934065934,2.9866858582223816,0
49.0,Female,Canada,Standard,Gaming Console,41.52,20,5,1.2786363636363636,5.97410071942446,0
27.0,Female,Canada,Standard,Desktop,41.54,4,5,0.546625,8.431664411366711,0
22.0,Male,USA,Premium,Tablet,41.55,35,5,0.9694666666666666,7.4819927971188465,0
26.0,Female,Canada,Basic,Gaming Console,41.57,20,5,0.7717,3.168042677505398,0
51.0,Male,USA,Basic,Mobile,41.61,29,4,0.6153,2.8862427745664743,0
14.0,Male,USA,Basic,Mobile,41.61,7,4,0.8701666666666668,4.078745303055056,0
35.03946643148495,Male,USA,Standard,Tablet,41.63,30,5,0.7149181818181818,1.4598480420806548,0
23.0,Male,USA,Premium,Laptop,41.65,23,5,0.49658333333333327,3.2748001572533085,0
30.0,Female,USA,Standard,Smart TV,41.69,4,4,0.7607272727272727,3.0575724239090576,0
49.0,Male,Canada,Premium+,Gaming Console,41.75,31,5,0.6913472222222222,2.523166800966962,1
-3.0,Other,Canada,Premium,Desktop,41.75,17,5,0.6830444444444446,2.0664906781059234,0
32.0,Female,USA,Standard,Smart TV,41.8,23,5,0.4938571428571429,10.43261231281198,1
40.0,Female,USA,Premium,Mobile,41.87,20,4,1.1440000000000001,3.6873623954205192,0
35.03946643148495,Prefer not to say,USA,Premium+,Mobile,41.9,13,4,0.6119431818181819,3.4752557367984513,0
33.0,Male,USA,Standard,Mobile,41.95,17,5,0.7170000000000001,5.5858854860186415,0
41.0,Male,USA,Standard,Laptop,41.97,35,5,0.6413916083916084,2.127936454284266,0
42.0,Male,USA,Premium,Desktop,42.01,17,5,0.7932,5.850974930362116,0
30.0,Male,Canada,Premium,Tablet,42.07,21,4,0.6536666666666666,5.600621255824273,0
32.0,Prefer not to say,Canada,Premium,Smart TV,42.1,30,5,0.3416666666666666,4.081434803683956,0
54.0,Prefer not to say,USA,Premium+,Smart TV,42.15,8,5,0.6516666666666666,3.6046180159635117,0
24.0,Female,USA,Premium,Gaming Console,42.16,22,5,0.49850641025641024,4.186000330961442,0
67.0,Female,USA,Standard,Mobile,42.24,4,5,0.6164725274725276,5.362674566229369,0
22.0,Prefer not to say,Canada,Premium,Tablet,42.25,6,5,0.7260666666666666,6.57246564687581,0
42.0,Male,Canada,Premium,Mobile,42.3,7,5,0.614076923076923,3.1057268722466955,0
19.0,Male,USA,Premium,Smart TV,42.32,15,5,0.9168571428571428,7.383541727246292,0
31.0,Male,Canada,Basic,Gaming Console,42.36,23,5,0.8272857142857143,10.728577458843393,1
67.0,Male,USA,Standard,Gaming Console,42.41,5,5,0.9123333333333332,4.933307483520744,0
42.0,Female,USA,Standard,Gaming Console,42.42,22,4,1.0838,15.105044510385758,0
14.0,Female,USA,Standard,Desktop,42.52,24,5,0.7472,4.423023578363384,0
38.0,Female,Canada,Premium,Desktop,42.64,10,5,1.0963571428571428,3.5922493681550125,0
19.0,Female,Canada,Premium,Desktop,42.64,1,4,0.5998888888888889,6.43622641509434,0
45.0,Female,USA,Premium,Laptop,42.69,17,5,0.7888181818181819,2.737708422402736,0
36.0,Male,USA,Premium,Tablet,42.7,24,5,0.5659090909090909,5.6419290905086985,0
25.0,Male,Canada,Standard,Laptop,42.77,8,4,0.7738750000000001,4.165232916734296,1
41.0,Female,USA,Standard,Desktop,42.84,18,5,0.7534444444444445,5.576914732045997,1
45.0,Male,USA,Premium,Laptop,42.86,2,5,0.7747820512820514,2.569030969030969,0
38.0,Female,USA,Premium,Desktop,42.87,9,5,0.9289999999999999,5.1474884930958575,0
25.0,Male,USA,Premium,Smart TV,42.91,18,5,0.6812142857142858,5.61404273877017,0
35.03946643148495,Prefer not to say,Canada,Standard,Laptop,42.95,31,5,0.61625,12.943244600703165,0
39.0,Female,USA,Standard,Mobile,42.99,10,4,0.8022142857142857,7.515734265734265,0
18.0,Female,USA,Premium,Laptop,43.02,17,5,0.5934444444444444,3.8093270365997642,0
33.0,Female,USA,Standard,Tablet,43.03,13,5,0.8158809523809524,2.5134345794392527,0
22.0,Male,Canada,Standard,Desktop,43.04,17,5,1.1633636363636364,6.92332439678284,0
33.0,Other,USA,Premium,Smart TV,43.08,19,5,1.0611111111111111,8.59594280013302,0
23.0,Female,USA,Premium,Gaming Console,43.11,26,5,0.8885972222222223,6.6425269645608624,0
29.0,Male,USA,Premium+,Gaming Console,43.11,12,4,1.1841666666666666,15.442388059701493,0
41.0,Male,USA,Basic,Desktop,43.11,7,4,0.4793333333333334,10.159465828750982,0
45.0,Male,USA,Standard,Laptop,43.11,8,5,0.7356666666666667,3.8212439060422514,0
24.0,Female,Canada,Premium,Smart TV,43.12,25,5,1.0582222222222222,5.272467902995719,0
35.03946643148495,Prefer not to say,USA,Premium+,Laptop,43.14,28,5,0.7719999999999999,2.5572021339656192,0
62.0,Male,Canada,Standard,Mobile,43.17,7,5,0.5626666666666666,4.09906630796012,0
35.03946643148495,Female,Canada,Standard,Desktop,43.18,28,5,0.6928363636363637,3.442008768433639,0
41.0,Female,USA,Standard,Smart TV,43.2,31,5,0.34809090909090906,4.180645161290323,0
39.0,Female,USA,Premium+,Tablet,43.24,12,5,0.8520833333333333,3.6158885017421603,0
57.0,Male,USA,Standard,Smart TV,43.26,1,4,0.7793272727272728,4.964804896710022,0
34.0,Male,Canada,Premium,Desktop,43.33,6,4,0.6526666666666666,8.188346456692912,1
35.03946643148495,Male,Canada,Standard,Laptop,43.37,9,4,0.8719642857142857,3.068993985139757,0
35.03946643148495,Female,USA,Standard,Desktop,43.38,7,5,0.47619999999999996,4.022874806800618,0
63.0,Female,USA,Standard,Gaming Console,43.41,28,5,0.5287380952380952,3.242778884462151,0
28.0,Male,USA,Premium,Smart TV,43.5,25,5,0.419968253968254,6.33341421984955,0
35.03946643148495,Female,USA,Premium,Gaming Console,43.51,17,5,0.6833888888888889,2.6519707436001623,0
39.0,Male,USA,Basic,Desktop,43.56,6,5,0.5614191176470589,1.897350272232305,0
37.0,Male,Canada,Premium,Mobile,43.57,2,5,0.8696666666666666,3.186882847738632,1
35.03946643148495,Male,USA,Premium,Desktop,43.7,29,5,0.46983333333333327,7.562734352466109,0
24.0,Female,Canada,Premium,Desktop,43.7,30,4,0.8262,6.230988593155893,0
14.0,Male,USA,Standard,Tablet,43.73,1,5,0.8373939393939394,4.31333223738287,1
27.0,Male,USA,Premium,Tablet,43.8,31,5,1.2296666666666667,5.959183673469387,0
20.0,Female,USA,Standard,Smart TV,43.83,18,5,0.6424685314685314,4.055829734731647,0
42.0,Female,Canada,Premium,Desktop,43.88,14,5,0.6390694444444445,2.1710233363568903,0
43.0,Female,Canada,Standard,Desktop,43.88,25,5,0.5913636363636364,3.2463625154130704,0
18.0,Female,Canada,Standard,Tablet,43.98,16,5,0.8270714285714286,3.116202172886159,0
34.0,Female,USA,Basic,Desktop,44.03,11,5,0.9635384615384616,3.3326605273117194,0
36.0,Male,USA,Basic,Mobile,44.19,12,5,0.6897142857142857,5.886767317939609,0
50.0,Female,USA,Standard,Smart TV,44.2,8,5,0.6601111111111111,6.1760596180717275,0
35.0,Male,Canada,Premium+,Gaming Console,44.24,10,5,0.738102564102564,3.805045871559633,0
20.0,Male,USA,Basic,Laptop,44.26,5,4,0.9713333333333334,8.462715105162522,0
43.0,Female,USA,Standard,Mobile,44.26,21,5,0.8851428571428571,6.040946314831665,0
29.0,Female,USA,Premium,Tablet,44.28,9,4,0.8186666666666667,7.997591812161348,0
29.0,Female,Canada,Premium,Smart TV,44.32,20,5,0.7905,16.20475319926874,0
27.0,Male,USA,Premium,Mobile,44.37,27,5,0.8340833333333333,9.805524861878451,0
53.0,Female,USA,Premium,Gaming Console,44.39,13,5,0.750736111111111,4.112723903644225,0
48.0,Female,Canada,Standard,Laptop,44.44,35,5,0.5295151515151515,5.8808998676665185,0
52.0,Male,USA,Standard,Smart TV,44.52,21,5,0.6133571428571428,3.341924183660703,0
39.0,Male,Canada,Standard,Smart TV,44.55,28,5,0.8815050505050505,2.203264094955489,0
38.0,Male,USA,Premium,Mobile,44.57,31,5,0.7274,2.380240320427236,0
35.03946643148495,Female,USA,Standard,Tablet,44.64,27,5,0.8505714285714285,9.342169515172653,1
41.0,Male,USA,Basic,Tablet,44.65,32,5,0.8947411764705882,2.730608500662522,0
35.03946643148495,Female,USA,Premium+,Gaming Console,44.83,11,5,0.8201111111111111,2.095675886248539,1
45.0,Male,USA,Standard,Gaming Console,45.01,4,4,0.6272000000000001,9.721382289416846,0
36.0,Female,USA,Standard,Mobile,45.03,8,5,0.8204761904761905,8.934523809523808,0
48.0,Female,USA,Premium,Desktop,45.16,22,5,1.2729166666666667,7.287789133942978,0
38.0,Female,Canada,Premium,Mobile,45.27,15,5,0.5597181818181818,3.78458966141842,0
26.0,Female,Canada,Premium,Mobile,45.29,12,5,0.8141,3.794721407624633,0
21.0,Female,USA,Premium,Desktop,45.29,21,5,0.819625,4.777426160337553,0
28.0,Other,USA,Premium,Gaming Console,45.37,13,5,0.8072222222222222,3.4967244701348745,0
36.0,Male,Canada,Standard,Mobile,45.44,31,5,0.9236428571428572,3.6240861358500593,0
26.0,Male,Canada,Premium,Tablet,45.54,14,5,0.8244363636363636,4.052803322456244,0
35.03946643148495,Male,USA,Standard,Desktop,45.54,19,5,0.7518589743589743,3.684466019417475,1
40.0,Male,USA,Premium,Smart TV,45.57,30,5,0.7735151515151515,4.659509202453987,0
27.0,Prefer not to say,USA,Premium,Desktop,45.81,31,5,0.85275,4.5296638101516145,0
43.0,Female,USA,Premium,Tablet,45.86,7,4,0.9674285714285713,7.1100775193798444,0
28.0,Male,USA,Standard,Gaming Console,45.87,25,5,0.6100909090909091,5.737335834896809,0
17.0,Male,Canada,Standard,Tablet,45.88,7,5,0.48916666666666664,3.480591730939436,1
8.0,Female,USA,Basic,Gaming Console,45.9,29,5,0.6205714285714287,7.742479617655327,0
35.03946643148495,Female,USA,Standard,Gaming Console,45.91,35,5,0.5196363636363637,4.222256284488044,0
27.0,Male,USA,Standard,Desktop,46.0,23,5,1.057,20.11661807580175,0
73.0,Prefer not to say,Canada,Premium+,Desktop,46.09,32,5,0.8092727272727273,8.95821185617104,0
39.0,Male,USA,Standard,Smart TV,46.2,22,5,0.7854285714285715,6.074950690335306,0
55.0,Male,USA,Premium,Desktop,46.23,2,4,0.637,7.1971977166580166,0
55.0,Male,USA,Premium,Desktop,46.23,2,4,0.637,7.1971977166580166,0
51.0,Female,USA,Standard,Laptop,46.3,17,5,0.6548222222222222,2.351447435246318,0
46.0,Male,USA,Basic,Gaming Console,46.33,23,5,0.9164285714285715,10.284128745837958,0
8.0,Female,USA,Premium+,Gaming Console,46.39,22,4,0.8944444444444444,3.5813175501801333,0
44.0,Female,USA,Standard,Desktop,46.48,20,5,0.6697500000000001,9.084039087947883,0
29.0,Male,Canada,Standard,Smart TV,46.61,33,5,0.6514848484848484,2.5628665689149566,0
35.03946643148495,Male,USA,Standard,Laptop,46.63,35,5,0.6507666666666667,3.197851182992342,0
30.0,Female,USA,Standard,Tablet,46.69,33,4,0.4625,7.348898216159496,0
24.0,Female,USA,Premium,Smart TV,46.69,29,5,0.46444444444444444,9.2,1
44.0,Female,Canada,Premium,Laptop,46.71,6,5,0.6738666666666666,6.1299212598425195,0
21.0,Female,USA,Premium,Desktop,46.72,11,5,0.5423333333333333,9.254539451964344,0
32.0,Other,Canada,Premium,Desktop,46.72,26,5,0.6703333333333333,2.1351207251123467,1
39.0,Female,USA,Premium,Gaming Console,46.86,21,5,0.7633472222222223,3.905542436449507,0
35.03946643148495,Male,USA,Standard,Tablet,46.9,19,5,0.8025972222222222,6.238084681888716,0
37.0,Male,USA,Premium,Gaming Console,46.91,6,5,0.48278787878787877,4.161147250147841,0
48.0,Female,Canada,Premium,Desktop,46.97,4,5,0.7181666666666666,9.147030185004867,0
35.03946643148495,Male,USA,Premium,Tablet,47.08,23,4,1.045,9.132880698351114,0
30.0,Male,USA,Standard,Mobile,47.13,6,5,0.6813272727272728,4.518696069031639,0
23.0,Female,USA,Premium+,Mobile,47.14,30,5,0.7923071895424837,2.7556508183943884,0
35.03946643148495,Female,USA,Premium,Laptop,47.2,31,5,0.778125,4.964936886395512,0
41.0,Prefer not to say,USA,Premium,Desktop,47.24,1,5,0.6465714285714286,8.348748159057438,0
42.0,Male,USA,Premium+,Desktop,47.24,24,5,0.9228333333333334,4.735839598997494,0
41.0,Prefer not to say,USA,Premium,Desktop,47.24,1,5,0.6465714285714286,8.348748159057438,0
58.0,Male,Canada,Basic,Gaming Console,47.3,25,5,0.7179261904761906,2.1775492979360083,0
26.0,Female,USA,Basic,Laptop,47.33,29,5,1.0771111111111111,5.953459119496855,0
18.0,Male,USA,Premium,Mobile,47.47,30,5,0.8351875,2.375677704562516,0
49.0,Female,USA,Standard,Tablet,47.48,32,5,0.6074404761904761,3.5292368681863224,0
23.0,Prefer not to say,Canada,Basic,Mobile,47.48,25,5,0.8574363636363637,4.667868261510732,0
24.0,Male,Canada,Premium,Smart TV,47.49,21,5,0.9289487179487179,6.125107480653482,0
38.0,Male,Canada,Basic,Laptop,47.52,12,5,0.5626666666666666,5.87633965375103,0
62.0,Female,Canada,Premium,Tablet,47.54,36,4,0.39111111111111113,5.330592412633153,0
44.0,Male,USA,Standard,Gaming Console,47.62,35,4,0.6341111111111111,5.872970195272353,0
33.0,Male,USA,Basic,Smart TV,47.71,35,5,0.868,2.4126422250316057,0
19.0,Male,USA,Standard,Laptop,47.81,29,5,0.6582738095238094,2.9367321867321867,0
36.0,Female,Canada,Premium,Smart TV,47.86,22,5,0.76175,5.029952706253285,0
52.0,Female,Canada,Standard,Smart TV,47.86,32,4,0.7966,6.458839406207827,0
44.0,Female,USA,Premium,Gaming Console,47.91,12,5,0.8038666666666667,3.1795155403163364,0
30.0,Female,Canada,Basic,Smart TV,47.98,33,5,0.78175,7.617888330246096,0
32.0,Female,USA,Premium,Gaming Console,48.04,35,3,0.3996,27.451428571428576,0
26.0,Female,USA,Standard,Desktop,48.04,3,5,0.6361111111111111,10.33488705629258,0
13.0,Male,Canada,Premium,Tablet,48.14,31,5,0.5754444444444444,7.516003122560498,0
13.0,Male,Canada,Premium,Tablet,48.14,31,5,0.5754444444444444,7.516003122560498,0
35.03946643148495,Female,USA,Premium+,Gaming Console,48.18,11,5,0.762,6.105174234424498,1
44.0,Prefer not to say,USA,Standard,Desktop,48.22,35,5,0.6320606060606061,1.6272215973003374,0
35.03946643148495,Prefer not to say,USA,Premium,Tablet,48.27,31,5,0.8048888888888888,6.5658580820675585,0
41.0,Male,USA,Premium,Laptop,48.51,25,5,0.7129000000000001,3.74739281575898,1
30.0,Male,USA,Premium,Desktop,48.57,15,4,0.48725641025641026,2.875666074600355,0
3.0,Male,USA,Standard,Laptop,48.57,28,5,0.973090909090909,3.400863578013771,1
43.0,Male,Canada,Premium,Desktop,48.67,35,5,1.002909090909091,4.982426207131889,0
51.0,Male,Canada,Premium,Smart TV,48.7,5,5,0.8522222222222222,4.884653961885657,0
34.0,Female,USA,Basic,Laptop,48.72,1,5,0.8461608391608392,5.161016949152542,0
20.0,Female,USA,Premium,Gaming Console,48.98,26,4,0.8683272727272727,4.747657512116317,0
102.0,Male,Canada,Premium,Smart TV,49.16,31,5,0.8925555555555555,4.778227766078081,0
35.0,Male,USA,Premium,Laptop,49.34,18,5,0.7599166666666666,3.039737139336688,0
21.0,Male,USA,Premium+,Tablet,49.46,24,4,0.7710000000000001,5.339330694494422,0
35.03946643148495,Male,USA,Standard,Smart TV,49.52,8,4,0.6775181818181819,5.778296382730455,0
33.0,Female,Canada,Premium,Laptop,49.56,28,5,0.3110666666666667,4.160044767767207,0
29.0,Other,USA,Basic,Gaming Console,49.61,36,5,0.8170909090909091,6.445647466435686,0
46.0,Female,USA,Premium,Smart TV,49.62,25,4,0.7016363636363637,4.662803445575567,0
48.0,Female,Canada,Basic,Mobile,49.67,8,5,0.5492222222222221,6.4021482277121375,0
19.0,Male,Canada,Premium,Mobile,49.82,21,4,1.1298857142857144,6.6191319751992905,0
30.0,Male,USA,Standard,Gaming Console,49.86,33,4,1.12425,5.5451343836886,0
39.0,Female,USA,Standard,Desktop,49.96,36,5,0.816125,7.798126951092612,1
9.0,Male,USA,Standard,Desktop,50.11,27,5,1.0052222222222222,3.9107700312174813,0
9.0,Male,USA,Standard,Desktop,50.11,27,5,1.0052222222222222,3.9107700312174813,0
26.0,Female,Canada,Premium+,Gaming Console,50.18,31,4,0.6668666666666666,6.859876965140122,0
26.0,Female,Canada,Premium+,Gaming Console,50.18,31,4,0.6668666666666666,6.859876965140122,0
32.0,Female,USA,Standard,Desktop,50.29,32,5,1.08725,4.3247814246810945,0
44.0,Female,USA,Standard,Gaming Console,50.3,7,5,0.4958787878787878,3.908313908313908,0
43.0,Female,USA,Basic,Mobile,50.48,20,4,0.8729722222222223,7.3336561743341395,0
35.03946643148495,Female,USA,Premium,Laptop,50.72,5,5,0.7816000000000001,2.689051868869842,0
41.0,Female,USA,Standard,Mobile,50.81,17,4,0.8207142857142857,4.656483885749198,0
18.0,Female,USA,Standard,Mobile,50.81,8,5,0.8609969040247678,2.6950141442715703,0
25.0,Female,Canada,Standard,Desktop,50.97,15,5,0.732,8.851519536903039,1
38.0,Female,Canada,Premium,Smart TV,51.01,4,5,1.0833750000000002,9.937012987012984,0
42.0,Male,Canada,Standard,Smart TV,51.13,21,5,0.6971333333333334,5.293874029335634,1
18.0,Female,USA,Basic,Laptop,51.19,14,5,0.9833333333333334,6.024715574735191,1
22.0,Female,Canada,Premium,Laptop,51.19,35,4,0.8671666666666666,5.680414277788052,0
17.0,Female,Canada,Standard,Mobile,51.2,0,5,0.8552222222222222,7.106176266481611,1
45.0,Male,USA,Premium,Desktop,51.25,34,3,0.954,10.974304068522482,0
35.03946643148495,Female,USA,Premium,Mobile,51.36,17,5,0.49200000000000005,10.309802609568417,0
37.0,Female,Canada,Premium,Desktop,51.46,20,5,0.5803397435897437,2.0791919191919193,0
25.0,Female,Canada,Basic,Smart TV,51.57,34,5,0.7205769230769231,3.5524684270952926,0
18.0,Male,USA,Standard,Desktop,51.74,8,4,0.675125,15.903688524590166,0
59.0,Female,USA,Basic,Desktop,51.84,29,5,0.5553750000000001,10.583191561755697,0
35.03946643148495,Female,USA,Premium+,Mobile,51.84,23,5,0.6354761904761905,2.4042668315683704,0
26.0,Male,Canada,Premium,Smart TV,51.88,32,5,0.9981608391608392,5.676148796498907,0
35.03946643148495,Female,Canada,Standard,Smart TV,51.92,30,5,0.8028809523809524,14.007194244604317,1
35.03946643148495,Male,Canada,Standard,Tablet,52.05,12,3,0.71675,12.402700555996823,0
16.0,Female,Canada,Standard,Gaming Console,52.07,3,5,1.0042,8.56649300795174,1
34.0,Female,USA,Standard,Laptop,52.16,25,5,0.7811428571428571,6.8706915477497255,0
37.0,Female,Canada,Basic,Gaming Console,52.25,4,5,0.8146,15.322580645161292,0
33.0,Male,USA,Standard,Smart TV,52.39,20,5,0.8600000000000001,4.378604262432094,0
10.0,Other,USA,Basic,Smart TV,52.39,25,4,0.7137368421052632,2.11990828162935,1
52.0,Male,USA,Basic,Smart TV,52.53,24,4,0.6751181818181817,3.861080485115766,0
53.0,Female,Canada,Basic,Laptop,52.55,15,5,0.7731428571428571,11.264737406216502,0
35.03946643148495,Male,USA,Standard,Mobile,52.57,28,5,0.5415714285714286,6.915588686691514,0
50.0,Female,USA,Standard,Gaming Console,52.81,3,4,0.7554272727272726,4.710972346119536,0
30.0,Other,USA,Premium,Mobile,53.24,34,5,0.6671428571428571,12.159878188047204,0
33.0,Male,Canada,Premium,Gaming Console,53.29,19,5,0.831923076923077,5.343248663101605,0
35.03946643148495,Female,USA,Premium,Laptop,53.49,31,5,0.5763776223776224,4.113033448673587,1
45.0,Male,Canada,Premium,Smart TV,53.68,34,5,0.7481188811188811,3.6144091572214117,0
26.0,Female,USA,Standard,Tablet,53.86,6,3,0.5980000000000001,12.511033681765387,0
29.0,Female,Canada,Premium,Gaming Console,53.9,32,5,0.6134090909090909,6.733291692692067,0
42.0,Prefer not to say,USA,Standard,Mobile,53.99,35,5,0.6527181818181818,7.054442508710801,0
50.0,Prefer not to say,USA,Basic,Tablet,54.01,4,4,0.6488484848484849,3.9142408503442443,0
25.0,Male,USA,Standard,Smart TV,54.39,18,5,0.6307628205128205,3.960436893203884,0
23.0,Female,Canada,Standard,Desktop,54.46,27,5,0.7575411764705883,3.823990637799883,1
45.0,Female,Canada,Premium,Desktop,54.54,3,4,0.9132142857142856,20.816793893129773,0
46.0,Female,USA,Standard,Smart TV,54.61,15,5,0.6713181818181819,6.320601851851853,0
32.0,Female,USA,Standard,Laptop,54.91,28,5,0.4881428571428571,7.026231605886116,0
36.0,Male,USA,Standard,Laptop,55.07,5,4,0.48155555555555557,9.127624309392266,0
35.03946643148495,Prefer not to say,USA,Standard,Mobile,55.15,27,4,0.8454285714285714,10.353566958698371,1
38.0,Male,USA,Premium,Desktop,55.16,21,5,0.5158888888888888,9.380952380952381,0
42.0,Prefer not to say,Canada,Premium+,Tablet,55.43,1,4,0.4617,3.6651972669164645,0
29.0,Male,USA,Premium+,Smart TV,55.81,32,5,0.654875,9.494187694924864,0
39.0,Male,USA,Premium+,Tablet,56.0,25,5,1.292,7.253886010362694,1
22.0,Female,USA,Premium,Tablet,56.09,25,5,0.7775454545454544,4.557075152335816,0
40.0,Female,Canada,Premium,Desktop,56.12,22,5,0.9645320512820512,6.123295144571741,0
30.0,Female,USA,Basic,Laptop,56.14,14,5,0.7518585858585859,3.3694108232469735,0
30.0,Female,USA,Standard,Laptop,56.36,16,5,0.7699666666666667,3.3188732947296105,0
51.0,Female,USA,Basic,Smart TV,56.41,27,5,0.7455084033613444,2.293711032800217,0
16.0,Female,Canada,Premium,Mobile,56.48,17,5,1.0440416666666665,10.53731343283582,0
48.0,Other,USA,Premium,Mobile,56.59,24,5,0.6428104575163399,1.721717965620405,0
18.0,Female,Canada,Standard,Gaming Console,56.65,23,5,0.8625555555555555,9.744839449541283,1
35.03946643148495,Female,USA,Standard,Tablet,56.78,33,4,0.8386923076923076,7.161656506201388,0
35.03946643148495,Male,Canada,Basic,Desktop,56.85,16,5,0.7587999999999999,21.2788521522146,1
36.0,Other,Canada,Standard,Laptop,56.96,22,4,0.9660000000000001,10.660012476606363,1
39.0,Female,Canada,Premium,Desktop,57.0,14,5,0.5415555555555556,5.9077560891345655,0
38.0,Female,Canada,Standard,Desktop,57.56,36,5,0.7383333333333334,5.857530529172321,0
46.0,Female,USA,Premium,Tablet,58.07,12,5,0.8172197802197803,5.472278938275482,0
35.03946643148495,Female,USA,Standard,Gaming Console,58.32,28,5,0.743041958041958,6.5332337565347265,0
32.0,Female,USA,Standard,Mobile,58.65,2,5,0.6182222222222222,4.0490162236796685,0
11.0,Male,USA,Basic,Smart TV,58.7,18,5,0.5636153846153846,5.557834937667666,1
15.0,Male,USA,Standard,Laptop,59.06,26,5,0.7989999999999999,13.037527593818984,0
20.0,Male,USA,Basic,Desktop,60.04,13,5,0.6495000000000001,10.708680142687276,0
15.0,Male,USA,Standard,Laptop,60.21,7,5,0.6311666666666667,11.243697478991596,0
37.0,Prefer not to say,USA,Basic,Smart TV,60.41,26,5,0.7807142857142857,4.3801812688821755,0
39.0,Female,USA,Standard,Tablet,60.46,10,5,0.7484375,2.3600286253334204,0
42.0,Male,Canada,Premium,Gaming Console,60.5,6,5,0.770125,7.570385818560999,1
25.0,Female,USA,Standard,Gaming Console,60.87,29,5,0.9049285714285714,3.294128258320556,0
33.0,Other,USA,Basic,Laptop,60.98,17,5,0.6744965034965036,5.155417782161476,0
35.03946643148495,Male,USA,Premium,Mobile,61.09,8,4,0.8569444444444444,7.937202252057166,1
46.0,Male,USA,Premium,Gaming Console,62.28,11,5,0.873198717948718,5.9884615384615385,0
57.0,Female,USA,Standard,Laptop,62.58,7,5,0.6571272727272727,8.468200270635993,0
29.0,Male,USA,Standard,Tablet,63.16,17,5,0.752909090909091,7.086013462976813,0
38.0,Female,USA,Premium,Laptop,63.19,9,5,0.2783333333333333,33.641526175687666,0
15.0,Male,USA,Premium,Desktop,63.34,15,3,1.0528194444444443,5.297463061053805,1
25.0,Male,USA,Basic,Gaming Console,63.65,30,5,0.5420793650793652,16.626033957335654,0
50.0,Male,USA,Standard,Gaming Console,63.69,18,5,1.016888888888889,6.919065725149374,0
37.0,Male,USA,Basic,Smart TV,64.82,30,5,0.7907500000000001,32.792580101180434,0
52.0,Female,USA,Standard,Tablet,65.17,9,5,0.4023333333333333,11.845501363223265,0
35.03946643148495,Male,USA,Basic,Laptop,65.29,4,5,0.9154242424242423,6.245854591836735,0
44.0,Female,USA,Standard,Laptop,65.85,2,5,0.7307000000000001,7.48437204015912,0
39.0,Female,USA,Premium,Laptop,66.08,24,5,0.7410972222222222,5.0016399646776835,0
35.03946643148495,Female,USA,Premium+,Laptop,66.12,18,5,0.7106730769230769,5.0262257696693275,0
43.0,Male,USA,Standard,Gaming Console,66.63,23,3,0.7771666666666667,8.242886597938144,0
35.03946643148495,Male,USA,Premium+,Smart TV,66.95,11,3,0.71825,23.50497366881217,0
34.0,Female,Canada,Standard,Laptop,67.31,18,5,1.0724,11.0193724420191,0
41.0,Male,Canada,Standard,Laptop,67.86,24,5,0.8735694444444444,14.762871646120377,0
30.0,Prefer not to say,USA,Premium+,Laptop,67.9,10,4,0.7174,7.306312769010044,0
30.0,Prefer not to say,USA,Premium+,Laptop,67.9,10,4,0.7174,7.306312769010044,0
30.0,Prefer not to say,USA,Premium+,Laptop,67.9,10,4,0.7174,7.306312769010044,0
26.0,Male,USA,Standard,Laptop,68.52,11,4,0.7120000000000001,5.4874532835024015,0
25.0,Female,Canada,Standard,Mobile,68.94,14,4,0.838,10.696664080682698,0
43.0,Male,USA,Standard,Mobile,70.67,36,5,0.7581190476190476,7.150421585160203,1
24.0,Female,USA,Standard,Gaming Console,71.02,1,5,0.7383,7.848959292687419,0
43.0,Female,USA,Standard,Tablet,71.24,23,4,0.9222499999999999,16.599611650485436,1
36.0,Female,USA,Basic,Mobile,71.87,33,5,0.7383333333333333,4.119018053300221,0
35.0,Male,USA,Standard,Desktop,72.11,3,5,0.7832087912087913,6.822138126773888,0
48.0,Female,USA,Premium+,Smart TV,73.54,17,5,1.0473454545454546,6.809259259259259,0
34.0,Male,USA,Standard,Tablet,74.64,24,5,0.674076923076923,13.045150014564522,0
44.0,Male,USA,Premium,Smart TV,78.9,32,4,1.123875,12.76010781671159,0
50.0,Male,Canada,Premium,Laptop,82.24,24,5,0.826,13.86456869907277,0
39.0,Male,USA,Standard,Laptop,84.77,6,5,0.778875,8.153574863738376,0
35.03946643148495,Male,USA,Premium+,Smart TV,87.13,8,5,0.9431111111111112,11.908428246013667,0
38.0,Female,USA,Premium,Desktop,88.5,5,4,0.47944444444444445,16.803797468354432,0
35.03946643148495,Other,USA,Premium,Tablet,93.65,36,5,0.7994545454545454,2.7019619157530297,0
31.0,Male,USA,Premium,Tablet,94.09,36,4,0.5992222222222223,9.210964268232992,0
35.03946643148495,Female,USA,Standard,Gaming Console,206.3,20,5,0.7164444444444444,17.80238745865094,1
35.03946643148495,Female,Canada,Standard,Mobile,218.0,32,5,0.6556,28.835978835978835,0
38.0,Female,USA,Premium+,Smart TV,244.79,26,5,0.5255238095238095,47.3024154589372,0
45.0,Female,USA,Standard,Tablet,246.92,6,5,0.7042857142857142,13.237312365975699,1
38.0,Female,USA,Standard,Tablet,254.95,35,5,0.6489272727272727,23.32570905763952,1
36.0,Male,USA,Standard,Desktop,257.09,24,5,0.8170272727272726,26.840786497302933,0
39.0,Male,USA,Standard,Mobile,260.04,29,5,0.7524,19.43255698094408,1
35.03946643148495,Female,USA,Standard,Desktop,279.37,28,5,0.544875,17.531848133040477,0
49.0,Prefer not to say,USA,Standard,Tablet,281.74,31,5,0.6647857142857143,21.539755351681954,0
27.0,Male,USA,Premium,Gaming Console,282.42,29,5,0.772,13.580060907196668,0
36.0,Prefer not to say,USA,Basic,Mobile,284.95,31,5,0.7251428571428573,10.293816605454873,0
45.0,Female,USA,Standard,Smart TV,286.35,29,5,0.733125,31.260917030567686,0
44.0,Female,USA,Standard,Gaming Console,292.96,3,5,0.6876616161616161,10.454767144471539,0
35.03946643148495,Male,USA,Standard,Tablet,308.99,21,5,0.8328666666666666,20.774764679515915,0
31.0,Female,USA,Standard,Laptop,311.84,5,5,0.7787499999999999,33.74283137962128,0
8.0,Male,USA,Premium,Tablet,321.63,36,5,0.7725972222222223,27.176172370088718,0
47.0,Male,Canada,Premium,Gaming Console,336.87,5,5,0.5093345588235294,26.29400286197476,0
39.0,Female,USA,Standard,Mobile,341.82,1,5,0.7935000000000001,44.72132577409507,0
21.0,Male,USA,Standard,Desktop,344.49,1,5,0.8515000000000001,41.07591414944356,1
50.0,Female,Canada,Premium,Gaming Console,367.9,22,5,0.7195555555555555,52.84654057936317,0
41.0,Prefer not to say,Canada,Premium,Desktop,375.3,22,5,0.5634615384615385,31.22729163777562,0
35.03946643148495,Male,USA,Premium,Laptop,378.48,17,5,0.6202307692307691,41.131679043651516,1
19.0,Female,USA,Premium,Smart TV,380.34,29,4,0.4965,53.30623686054659,1
34.0,Male,USA,Basic,Mobile,383.3,36,5,0.9045714285714286,77.38223418573351,0
24.0,Prefer not to say,USA,Premium,Mobile,386.45,14,5,0.5178750000000001,54.95852097653473,0
28.0,Female,USA,Basic,Mobile,393.56,35,5,0.6973333333333334,76.46891191709845,0
60.0,Male,USA,Standard,Desktop,408.1,25,5,0.6121666666666666,41.424462865843346,0
31.0,Male,USA,Premium,Smart TV,412.29,7,5,0.8339090909090908,28.13946081219429,0
33.0,Female,USA,Standard,Mobile,419.23,27,4,0.691125,40.37528089887641,0
27.0,Male,USA,Basic,Mobile,420.91,7,4,0.8945555555555555,118.01214953271028,1
35.03946643148495,Female,USA,Premium+,Gaming Console,430.99,0,5,0.8232222222222222,70.46158038147139,0
67.0,Female,USA,Standard,Gaming Console,432.82,30,5,0.9533214285714284,41.38517928286852,0
37.0,Male,USA,Basic,Desktop,448.53,22,5,0.5255000000000001,39.00260869565217,0
15.0,Male,Canada,Standard,Mobile,474.6,5,4,0.8988571428571428,108.60411899313499,0
35.03946643148495,Male,USA,Premium+,Mobile,479.85,15,5,0.9685333333333332,24.83053040103493,0
44.0,Female,USA,Standard,Desktop,484.58,2,5,0.4492222222222222,64.0978835978836,0
15.0,Male,USA,Premium,Laptop,484.66,36,5,0.8816,74.83170355120946,0
41.0,Prefer not to say,USA,Premium+,Laptop,486.98,6,5,0.7246013071895425,31.370839596306634,0
40.0,Male,USA,Premium,Gaming Console,487.28,11,5,0.5769473684210527,25.677849991217283,1
31.0,Female,USA,Standard,Laptop,490.07,35,5,0.869,65.41535038932147,0
45.0,Other,USA,Standard,Desktop,497.73,22,5,0.8034571428571429,77.628801663634,0
58.0,Male,USA,Standard,Gaming Console,498.41,4,5,1.0431666666666666,49.6836683834524,0
40.0,Female,USA,Standard,Mobile,520.96,31,4,1.0345555555555555,66.76121315677061,0
41.0,Male,USA,Standard,Smart TV,525.37,17,4,0.9326000000000001,95.31962503779859,0
26.0,Male,USA,Standard,Desktop,540.57,32,5,1.1686190476190477,160.0108534780464,0
31.0,Male,USA,Premium,Smart TV,542.33,6,5,0.9655333333333332,36.91831177671886,0
35.0,Male,USA,Premium,Desktop,543.57,3,3,0.5680000000000001,302.82451253481895,0
39.0,Female,Canada,Premium+,Smart TV,554.34,18,5,0.6971313131313132,94.65110984632896,1
67.0,Female,USA,Basic,Desktop,556.13,34,5,0.5130961538461538,45.92952512044047,0
29.0,Female,USA,Standard,Smart TV,556.19,6,4,1.1311111111111112,39.30208456012249,1
24.0,Male,Canada,Premium,Laptop,562.8,29,5,0.8644285714285714,91.61150298426477,1
35.03946643148495,Female,USA,Standard,Smart TV,581.42,33,5,0.8172597402597402,73.53541315345699,0
37.0,Female,USA,Standard,Mobile,596.4,23,4,0.7184444444444444,87.06569343065694,0
54.0,Male,USA,Premium,Laptop,598.69,31,5,0.4836666666666667,123.7815299793246,0
67.0,Female,USA,Standard,Smart TV,612.58,11,4,1.2983333333333333,175.02285714285716,0
35.03946643148495,Female,USA,Standard,Desktop,654.62,12,5,0.6819999999999999,209.9262426509888,0
29.0,Female,USA,Standard,Gaming Console,657.09,27,5,0.6592666666666667,88.33833744118306,0
39.0,Male,USA,Standard,Smart TV,659.79,9,5,0.6141666666666666,92.14944134078212,0
33.0,Male,USA,Basic,Laptop,660.38,9,5,0.696375,37.31311799604483,0
48.0,Female,USA,Standard,Mobile,661.28,19,5,0.7475454545454545,116.90276959340011,0
29.0,Male,USA,Premium,Desktop,667.08,23,5,0.8072222222222223,58.023775007248474,0
20.0,Male,USA,Basic,Tablet,681.21,5,5,1.234,253.70949720670393,0
37.0,Other,USA,Premium+,Mobile,683.07,20,5,0.913,109.84776199410346,0
22.0,Female,USA,Premium+,Laptop,687.17,36,5,0.917047619047619,83.36069551152445,0
23.0,Prefer not to say,USA,Premium,Laptop,709.15,4,5,0.4807272727272728,48.29625425652667,0
35.0,Male,USA,Premium,Tablet,710.55,4,5,0.4737368421052632,51.902848794740684,0
35.03946643148495,Male,USA,Basic,Laptop,762.9,4,5,0.6126,80.22082018927445,0
42.0,Female,Canada,Premium,Mobile,769.44,28,4,0.9461111111111111,100.31812255541068,0
45.0,Female,USA,Standard,Mobile,774.92,24,5,0.7766666666666666,46.5324259407526,0
35.03946643148495,Male,Canada,Standard,Gaming Console,777.58,6,5,0.6855181818181817,65.84081287044877,1
50.0,Female,USA,Standard,Tablet,791.06,17,4,0.5054722222222222,118.68867216804199,0
45.0,Female,Canada,Premium,Tablet,797.59,23,5,0.8447,70.38593910869245,1
38.0,Other,USA,Basic,Smart TV,813.76,6,5,0.6436666666666666,70.71049963794353,0
26.0,Female,Canada,Basic,Gaming Console,813.9,17,5,0.5725714285714286,141.91804707933738,0
44.0,Male,USA,Premium,Gaming Console,817.54,15,5,0.3957361111111111,93.22006841505129,1
41.0,Female,Canada,Standard,Smart TV,825.27,12,5,0.4025714285714286,133.75526742301457,0
35.03946643148495,Male,Canada,Standard,Desktop,829.29,15,5,0.8369047619047618,148.9296617779108,0
21.0,Male,USA,Standard,Mobile,829.95,25,4,0.38079999999999997,391.17831893165754,0
35.03946643148495,Male,USA,Standard,Laptop,830.81,10,4,0.38225000000000003,251.76060606060605,1
33.0,Male,Canada,Premium,Tablet,832.81,17,5,0.9363999999999999,96.50173812282735,0
33.0,Male,Canada,Premium,Tablet,832.81,17,5,0.9363999999999999,96.50173812282735,0
24.0,Male,USA,Standard,Laptop,833.07,19,5,0.7696190476190476,121.70489408327246,1
45.0,Male,USA,Basic,Mobile,834.72,5,5,1.0563333333333333,120.33445458913982,0
52.0,Female,Canada,Premium+,Desktop,836.4,26,5,0.563875,116.92451071761415,0
17.0,Female,USA,Standard,Desktop,843.35,4,4,0.525,259.2264344262295,0
40.0,Female,USA,Basic,Mobile,844.61,15,5,0.6058749999999999,197.33878504672896,0
17.0,Female,USA,Premium,Desktop,855.74,25,4,0.7367979797979798,162.53371320037985,0
35.03946643148495,Male,USA,Basic,Gaming Console,855.79,4,4,0.9903,170.70279255319147,0
38.0,Female,USA,Premium,Laptop,859.24,35,5,0.6944999999999999,40.91294341718911,0
33.0,Male,USA,Premium,Laptop,890.41,11,5,0.8295714285714285,94.4899186416696,0
35.03946643148495,Male,USA,Premium,Desktop,890.65,13,5,0.8105050505050505,105.71513353115726,0
45.0,Female,USA,Premium,Laptop,915.79,22,5,0.8473162393162393,54.77212918660286,0
35.03946643148495,Female,USA,Premium,Smart TV,925.62,35,5,0.893,50.49754500818331,0
28.0,Prefer not to say,USA,Standard,Smart TV,927.72,18,5,1.1257692307692309,42.74222529371114,0
35.03946643148495,Male,USA,Standard,Smart TV,932.78,6,5,1.0342307692307693,141.58057171768274,1
32.0,Female,Canada,Standard,Desktop,945.47,3,5,0.7225192307692307,82.83907710280374,0
35.03946643148495,Female,USA,Standard,Mobile,947.18,12,5,0.7298272727272727,110.47978227060653,0
42.0,Male,Canada,Basic,Gaming Console,954.98,24,5,0.6465333333333333,84.1762891141472,0
27.0,Female,USA,Premium,Laptop,983.1,30,5,0.9984666666666667,59.768973553551525,0
30.0,Male,Canada,Standard,Smart TV,984.45,27,5,0.6796666666666666,175.74233858970544,0
49.0,Female,USA,Premium,Desktop,997.8,5,4,0.44339999999999996,261.7752514210756,0