age,gender,country,state_province,subscription_plan,monthly_spend,primary_device,household_size,churned,monthly_spend_log,household_size_missing,start_year,start_month,start_day,start_weekday
43.0,Male,USA,Massachusetts,Basic,36.06,Laptop,1.0,0,3.6125382208572137,0,2024,4,8,0
38.0,Male,USA,Texas,Premium+,14.59,Desktop,2.0,0,2.7466296830696852,0,2024,5,24,4
32.0,Female,USA,Michigan,Standard,11.71,Desktop,3.0,1,2.542389085201363,0,2023,9,22,4
11.0,Male,USA,Ohio,Standard,28.56,Laptop,2.0,0,3.386422096080001,0,2024,8,21,2
21.0,Female,USA,Arizona,Standard,9.54,Desktop,6.0,0,2.355177543113216,0,2024,10,28,0
43.0,Female,Canada,Quebec,Standard,22.854736059479553,Gaming Console,2.0,0,3.1719827745379456,0,2024,5,16,3
24.0,Male,USA,North Carolina,Premium,12.21,Gaming Console,5.0,0,2.580974118534234,0,2025,4,13,6
24.0,Male,USA,Pennsylvania,Basic,23.18,Laptop,1.0,0,3.1855258451866466,0,2024,8,4,6
41.0,Female,USA,Missouri,Premium,29.23,Tablet,2.0,0,3.408834808791367,0,2022,9,26,0
32.0,Female,USA,Ohio,Basic,18.68,Gaming Console,3.0,0,2.9796028916241073,0,2023,1,18,2
22.0,Male,USA,Pennsylvania,Basic,25.19,Laptop,2.0,0,3.2653776585196206,0,2023,10,18,2
45.0,Female,Canada,Alberta,Basic,5.14,Mobile,3.0,1,1.814824742159051,0,2023,12,16,5
50.0,Female,USA,Pennsylvania,Standard,3.36,Laptop,1.0,0,1.4724720573609429,0,2024,8,2,4
25.0,Female,USA,Indiana,Premium,21.811017452655033,Smart TV,1.0,0,3.1272436408541084,0,2022,11,11,4
36.0,Female,USA,Tennessee,Basic,8.78,Laptop,6.0,0,2.280339484046726,0,2025,2,1,5
26.0,Other,USA,Ohio,Premium,10.28,Mobile,7.0,0,2.423031246069913,0,2025,3,25,1
31.0,Female,USA,Indiana,Premium+,11.32,Tablet,0.0,0,2.511223958105374,1,2023,7,2,6
38.0,Female,Canada,Alberta,Basic,17.24,Laptop,3.0,0,2.9036169846461855,0,2024,4,29,0
33.0,Male,USA,Florida,Premium+,19.675352862849536,Gaming Console,2.0,0,3.0289423078910556,0,2023,9,5,1
40.0,Female,Canada,New Brunswick,Basic,20.136172344689378,Gaming Console,3.0,0,3.0509859018293035,0,2024,8,13,1
36.0,Male,USA,New York,Premium+,11.97,Tablet,0.0,1,2.5626389983283526,1,2023,12,14,3
60.0,Other,Canada,Ontario,Basic,36.53,Smart TV,2.0,0,3.6251406131469297,0,2022,9,26,0
37.0,Female,USA,Michigan,Basic,17.72,Mobile,2.0,0,2.929592471049446,0,2023,5,13,5
28.0,Female,USA,Washington,Basic,12.06,Gaming Console,2.0,0,2.569554123848285,0,2024,11,4,0
24.0,Other,USA,Indiana,Premium,10.17,Laptop,4.0,0,2.413231613081109,0,2024,5,11,5
26.0,Male,USA,Massachusetts,Premium+,18.19,Tablet,2.0,0,2.9543893100196086,0,2025,2,2,6
56.0,Male,USA,Pennsylvania,Premium+,7.49,Gaming Console,4.0,0,2.138889000323256,0,2023,12,24,6
60.0,Male,USA,California,Standard,27.09,Smart TV,2.0,0,3.335413641116152,0,2024,5,11,5
32.0,Other,USA,Massachusetts,Standard,22.854736059479553,Gaming Console,0.0,0,3.1719827745379456,1,2023,11,20,0
31.0,Male,USA,Pennsylvania,Premium+,19.52,Desktop,1.0,0,3.021400020302569,0,2025,3,25,1
36.0,Other,USA,Texas,Premium,9.74,Smart TV,0.0,0,2.3739750890807185,1,2024,9,29,6
41.0,Male,Canada,British Columbia,Standard,27.56,Desktop,1.0,0,3.3520071374713836,0,2024,3,30,5
21.0,Female,USA,Indiana,Standard,37.01,Mobile,0.0,0,3.6378492830011573,1,2024,10,4,4
40.0,Female,USA,New York,Standard,22.854736059479553,Tablet,2.0,0,3.1719827745379456,0,2023,12,29,4
48.0,Female,USA,Ohio,Standard,15.84,Tablet,1.0,0,2.8237570088141806,0,2024,11,29,4
29.0,Female,Canada,Alberta,Standard,25.73,Laptop,2.0,0,3.2857865301508276,0,2023,4,21,4
58.0,Male,Canada,Alberta,Standard,27.64,Laptop,6.0,0,3.3548043420924447,0,2023,11,10,4
35.0,Male,Canada,Nova Scotia,Standard,6.05,Tablet,4.0,0,1.9530276168241774,0,2022,10,29,5
42.0,Male,Canada,Newfoundland and Labrador,Basic,32.85,Mobile,5.0,0,3.521938999358284,0,2023,2,16,3
40.0,Female,USA,Pennsylvania,Premium,3.22,Desktop,4.0,0,1.4398351280479207,0,2023,12,13,2
50.0,Female,USA,Wisconsin,Premium+,22.98,Smart TV,2.0,0,3.177220149599368,0,2025,6,4,2
33.0,Female,Canada,Manitoba,Basic,16.5,Smart TV,0.0,0,2.8622008809294686,1,2025,5,21,2
39.0,Other,USA,Tennessee,Basic,20.136172344689378,Desktop,2.0,0,3.0509859018293035,0,2024,4,19,4
47.0,Male,USA,Georgia,Premium+,2.01,Smart TV,2.0,1,1.1019400787607843,0,2025,3,12,2
24.0,Other,USA,Washington,Premium,19.09,Smart TV,2.0,1,3.000222178826843,0,2025,6,12,3
20.0,Male,Canada,Quebec,Premium,15.39,Tablet,3.0,0,2.7966713927557385,0,2022,9,21,2
34.0,Male,USA,Indiana,Standard,30.64,Smart TV,3.0,0,3.4544221428994533,0,2023,4,13,3
53.0,Other,Canada,British Columbia,Premium,16.83,Gaming Console,0.0,0,2.8808824318750488,1,2023,3,8,2
44.0,Female,USA,New York,Standard,22.854736059479553,Mobile,2.0,0,3.1719827745379456,0,2024,5,28,1
37.0,Female,Canada,Quebec,Premium,29.14,Desktop,3.0,0,3.4058531931983493,0,2024,10,29,1
40.0,Other,USA,Wisconsin,Standard,13.0,Tablet,3.0,0,2.6390573296152584,0,2024,5,6,0
22.0,Male,USA,Tennessee,Premium,19.03,Mobile,3.0,0,2.997231149677727,0,2023,10,12,3
20.0,Male,USA,Pennsylvania,Standard,3.9,Gaming Console,2.0,0,1.589235205116581,0,2024,5,5,6
27.0,Female,USA,Washington,Premium,10.7,Desktop,1.0,0,2.4595888418037104,0,2024,5,8,2
26.0,Other,Canada,New Brunswick,Standard,20.26,Gaming Console,2.0,0,3.056827372913802,0,2023,12,17,6
40.0,Female,Canada,New Brunswick,Premium,6.76,Gaming Console,3.0,0,2.048982334195127,0,2023,9,23,5
38.0,Female,USA,Pennsylvania,Basic,3.95,Desktop,3.0,0,1.599387576580599,0,2023,11,12,6
38.0,Male,USA,Illinois,Standard,24.02,Desktop,1.0,0,3.219675505038765,0,2024,11,14,3
30.0,Male,USA,Tennessee,Basic,20.136172344689378,Tablet,1.0,1,3.0509859018293035,0,2024,10,27,6
40.0,Female,USA,Illinois,Premium,12.48,Tablet,4.0,0,2.601207105484161,0,2024,5,28,1
50.0,Male,Canada,New Brunswick,Premium+,12.47,Laptop,2.0,0,2.6004649904222727,0,2024,11,16,5
43.0,Male,USA,Arizona,Standard,2.48,Mobile,2.0,0,1.247032293786383,0,2022,8,22,0
28.0,Female,USA,Michigan,Premium,22.83,Tablet,2.0,0,3.170945291110651,0,2023,11,22,2
39.0,Other,Canada,Quebec,Basic,8.02,Gaming Console,1.0,0,2.199444334074532,0,2022,11,22,1
44.0,Female,Canada,Newfoundland and Labrador,Basic,21.07,Gaming Console,2.0,0,3.094219220268645,0,2023,11,29,2
29.0,Female,Canada,Newfoundland and Labrador,Premium,44.32,Smart TV,2.0,0,3.8137484361598055,0,2023,12,7,3
26.0,Male,Canada,Nova Scotia,Standard,13.91,Tablet,2.0,0,2.702032128776647,0,2023,9,14,3
35.0,Female,USA,Massachusetts,Premium,27.46,Desktop,2.0,1,3.3484995926617063,0,2023,7,8,5
53.0,Female,Canada,Alberta,Standard,17.93,Laptop,2.0,0,2.9407479652212314,0,2025,6,5,3
30.0,Male,USA,Massachusetts,Premium,17.62,Tablet,0.0,0,2.924236271848921,1,2024,9,30,0
21.0,Male,Canada,Manitoba,Standard,7.47,Gaming Console,1.0,0,2.136530508663963,0,2023,12,21,3
56.0,Other,USA,Georgia,Premium,20.41,Mobile,0.0,0,3.0638581026015914,1,2023,12,7,3
33.0,Female,USA,Massachusetts,Basic,9.39,Smart TV,5.0,0,2.340843805111136,0,2022,12,1,3
50.0,Other,Canada,Nova Scotia,Standard,6.54,Smart TV,2.0,0,2.020222182019865,0,2022,8,3,2
48.0,Female,USA,California,Basic,1.91,Laptop,2.0,0,1.0681530811834012,0,2024,10,29,1
26.0,Female,USA,Tennessee,Standard,14.46,Mobile,0.0,0,2.738256043159276,1,2023,8,28,0
38.0,Other,Canada,Alberta,Standard,10.87,Laptop,4.0,0,2.4740142086215764,0,2024,12,27,4
32.0,Other,Canada,Quebec,Standard,22.854736059479553,Gaming Console,2.0,0,3.1719827745379456,0,2023,5,29,0
20.0,Male,USA,Missouri,Standard,22.14,Tablet,0.0,0,3.1415627217655304,1,2024,5,26,6
27.0,Female,Canada,Saskatchewan,Basic,5.81,Tablet,1.0,0,1.918392120161421,0,2025,4,29,1
20.0,Male,Canada,Quebec,Premium,6.55,Gaming Console,4.0,0,2.0215475632609334,0,2025,1,6,0
31.0,Female,USA,Virginia,Premium+,16.17,Mobile,0.0,0,2.843163674909384,1,2023,12,27,2
36.0,Female,USA,New Jersey,Standard,31.99,Gaming Console,4.0,0,3.49620448524049,0,2025,2,14,4
30.0,Male,USA,Michigan,Premium,7.71,Desktop,1.0,0,2.1644717908644115,0,2025,6,6,4
52.0,Male,Canada,Prince Edward Island,Standard,8.84,Desktop,3.0,1,2.286455711064162,0,2023,3,13,0
24.0,Female,USA,New Jersey,Standard,3.68,Gaming Console,1.0,0,1.5432981099295553,0,2025,6,3,1
20.0,Female,USA,New York,Premium,14.89,Smart TV,4.0,1,2.7656899805486246,0,2025,6,26,3
22.0,Female,USA,North Carolina,Premium,21.811017452655033,Mobile,4.0,0,3.1272436408541084,0,2023,9,7,3
14.0,Male,USA,Illinois,Premium+,28.98,Smart TV,1.0,0,3.4005304926744517,0,2024,4,4,3
45.0,Female,USA,Missouri,Premium,21.811017452655033,Smart TV,3.0,0,3.1272436408541084,0,2023,1,27,4
40.0,Male,USA,North Carolina,Premium,15.6,Desktop,4.0,1,2.8094026953624978,0,2024,9,30,0
49.0,Other,USA,Georgia,Standard,12.52,Tablet,3.0,0,2.604170070614818,0,2025,3,15,5
22.0,Other,USA,Florida,Basic,31.37,Desktop,3.0,0,3.477232067938153,0,2023,2,28,1
38.0,Male,Canada,Ontario,Basic,24.79,Desktop,3.0,1,3.2499868198932536,0,2025,4,9,2
35.0,Female,Canada,British Columbia,Standard,8.38,Laptop,4.0,0,2.238579763018133,0,2023,4,24,0
13.0,Female,USA,Florida,Premium,10.47,Desktop,7.0,0,2.4397349311412793,0,2023,6,10,5
24.0,Other,USA,Indiana,Premium,21.811017452655033,Gaming Console,3.0,0,3.1272436408541084,0,2025,3,19,2
49.0,Female,Canada,Quebec,Standard,38.06,Smart TV,6.0,0,3.665098925448533,0,2024,9,27,4
33.0,Male,USA,Arizona,Standard,28.67,Mobile,5.0,0,3.3901364343027307,0,2024,8,27,1
37.0,Male,Canada,New Brunswick,Standard,15.85,Mobile,3.0,0,2.8243506567983707,0,2024,2,28,2
36.0,Other,Canada,Manitoba,Premium,27.06,Desktop,2.0,0,3.3343450746743146,0,2025,1,4,5
30.0,Male,Canada,British Columbia,Basic,19.82,Desktop,3.0,0,3.035914063186823,0,2023,8,14,0
37.0,Other,USA,Illinois,Standard,11.76,Tablet,2.0,1,2.546315277916644,0,2025,3,12,2
40.0,Female,Canada,Quebec,Basic,17.91,Smart TV,0.0,0,2.9396908826703663,1,2024,3,6,2
43.0,Female,USA,Texas,Basic,50.48,Mobile,2.0,0,3.941193382727926,0,2023,12,4,0
39.0,Male,USA,Maryland,Basic,8.61,Tablet,2.0,0,2.262804222982201,0,2023,4,23,6
18.0,Male,USA,Texas,Premium,1.08,Mobile,4.0,0,0.7323678937132266,0,2025,2,15,5
32.0,Other,USA,New Jersey,Standard,4.65,Smart TV,2.0,0,1.7316555451583497,0,2025,6,15,6
55.0,Other,USA,Indiana,Premium,38.42,Smart TV,2.0,0,3.674273301724574,0,2023,6,21,2
53.0,Female,USA,Texas,Standard,9.19,Tablet,3.0,0,2.321406847234633,0,2023,1,2,0
36.0,Male,USA,Maryland,Standard,10.74,Gaming Console,2.0,0,2.4630018143999504,0,2023,4,23,6
34.0,Female,Canada,Prince Edward Island,Premium,33.64,Gaming Console,3.0,0,3.5450090836942345,0,2022,10,2,6
46.0,Female,USA,North Carolina,Premium,8.2,Tablet,5.0,0,2.2192034840549946,0,2025,4,13,6
48.0,Male,USA,Florida,Basic,21.24,Smart TV,5.0,0,3.1018924693823817,0,2023,9,26,1
54.0,Male,USA,Arizona,Basic,13.08,Mobile,3.0,0,2.644755350729896,0,2023,4,9,6
18.0,Female,Canada,Prince Edward Island,Standard,2.83,Laptop,5.0,0,1.3428648031925547,0,2023,10,29,6
59.0,Female,Canada,Saskatchewan,Premium+,4.01,Desktop,4.0,0,1.6114359150967734,0,2023,9,1,4
16.0,Male,USA,Georgia,Premium,15.86,Gaming Console,2.0,0,2.8249439525737094,0,2023,7,19,2
26.0,Female,USA,California,Basic,2.86,Gaming Console,2.0,1,1.3506671834767394,0,2023,5,5,4
32.0,Female,USA,Virginia,Standard,35.61,Laptop,0.0,0,3.600321427132145,1,2024,7,11,3
45.0,Female,USA,Massachusetts,Standard,17.44,Laptop,3.0,0,2.914522218128448,0,2023,8,15,1
51.0,Male,USA,Arizona,Standard,22.42,Smart TV,3.0,1,3.1535903581695712,0,2024,10,1,1
34.0,Other,USA,Wisconsin,Premium+,19.675352862849536,Tablet,2.0,0,3.0289423078910556,0,2025,6,17,1
36.0,Female,USA,Illinois,Basic,13.02,Smart TV,1.0,0,2.640484881606444,0,2025,5,4,6
59.0,Female,Canada,Alberta,Standard,38.32,Laptop,1.0,0,3.671733295278966,0,2024,4,1,0
29.0,Male,USA,Illinois,Premium+,23.27,Gaming Console,3.0,1,3.18924101973851,0,2024,11,11,0
30.0,Female,USA,Massachusetts,Premium,24.56,Smart TV,2.0,0,3.241028629509334,0,2023,3,20,0
18.0,Female,Canada,Newfoundland and Labrador,Standard,2.54,Gaming Console,4.0,0,1.264126727145683,0,2023,9,17,6
44.0,Male,Canada,Manitoba,Premium+,16.45,Gaming Console,1.0,0,2.859339648648436,0,2024,12,21,5
25.0,Male,USA,New York,Premium,5.53,Laptop,4.0,0,1.8764069432883397,0,2022,11,19,5
23.0,Male,USA,Washington,Premium,11.15,Smart TV,3.0,0,2.4973291697865574,0,2024,7,30,1
25.0,Female,USA,New York,Standard,11.84,Desktop,3.0,0,2.552565298261815,0,2025,7,20,6
51.0,Female,Canada,Saskatchewan,Basic,18.18,Smart TV,2.0,0,2.953868069455292,0,2024,5,31,4
43.0,Female,Canada,Quebec,Premium,18.64,Mobile,0.0,0,2.97756830292632,1,2024,12,16,0
31.0,Male,USA,Virginia,Basic,20.136172344689378,Tablet,2.0,0,3.0509859018293035,0,2024,10,29,1
15.0,Other,USA,Missouri,Premium,27.31,Laptop,1.0,0,3.343215099123808,0,2023,6,2,4
28.0,Female,USA,Illinois,Basic,20.136172344689378,Desktop,2.0,0,3.0509859018293035,0,2023,12,11,0
11.0,Male,USA,Florida,Premium,17.58,Smart TV,8.0,1,2.922085733385692,0,2024,10,13,6
36.0,Other,USA,Wisconsin,Basic,284.95,Mobile,1.0,0,5.655816970361325,0,2023,1,21,5
35.0,Male,USA,Tennessee,Basic,17.7,Laptop,5.0,1,2.928523523860541,0,2023,4,5,2
26.0,Female,USA,Wisconsin,Basic,20.136172344689378,Mobile,1.0,0,3.0509859018293035,0,2022,11,4,4
21.0,Male,USA,Maryland,Standard,2.92,Gaming Console,2.0,0,1.366091653802371,0,2022,8,28,6
35.0,Other,USA,Illinois,Premium,24.0,Mobile,0.0,0,3.2188758248682006,1,2025,5,7,2
38.0,Female,USA,Michigan,Standard,16.94,Mobile,1.0,0,2.88703285663065,0,2023,6,17,5
36.0,Other,USA,Arizona,Basic,15.17,Gaming Console,1.0,1,2.783157673589016,0,2024,3,11,0
34.0,Other,USA,Virginia,Standard,19.02,Gaming Console,1.0,0,2.9967317738870745,0,2023,3,7,1
23.0,Male,USA,Texas,Premium,18.12,Tablet,0.0,0,2.9507349076232554,1,2023,2,2,3
28.0,Female,USA,Massachusetts,Basic,10.45,Smart TV,2.0,0,2.4379897300002487,0,2024,7,11,3
46.0,Female,USA,Wisconsin,Premium,18.23,Tablet,0.0,0,2.9564715596006885,1,2024,3,20,2
30.0,Other,USA,Arizona,Standard,4.57,Gaming Console,2.0,0,1.7173950539391927,0,2022,11,19,5
40.0,Male,Canada,Prince Edward Island,Premium,4.41,Desktop,6.0,0,1.6882490928583902,0,2025,6,5,3
45.0,Female,USA,Florida,Standard,3.87,Mobile,0.0,0,1.5830939370944985,1,2023,8,10,3
40.0,Female,Canada,New Brunswick,Standard,30.07,Smart TV,3.0,1,3.436242723404956,0,2023,7,21,4
16.0,Female,Canada,Quebec,Basic,9.56,Tablet,2.0,1,2.3570732782781154,0,2025,2,19,2
39.0,Female,USA,Georgia,Premium,10.85,Desktop,1.0,0,2.47232786758114,0,2025,1,18,5
48.0,Male,USA,New Jersey,Basic,20.2,Gaming Console,8.0,0,3.054001181677967,0,2023,8,21,0
22.0,Male,Canada,British Columbia,Basic,19.68,Mobile,1.0,0,3.0291670496402285,0,2024,10,12,5
47.0,Female,USA,Indiana,Standard,6.95,Gaming Console,2.0,0,2.0731719286662407,0,2024,7,26,4
26.0,Female,USA,Maryland,Basic,9.86,Laptop,1.0,0,2.3850863145057892,0,2024,7,1,0
22.0,Male,USA,Indiana,Premium,1.59,Desktop,3.0,1,0.9516578757114464,0,2023,11,26,6
19.0,Female,USA,Indiana,Premium,25.16,Mobile,3.0,0,3.264231526588998,0,2025,6,25,2
39.0,Male,USA,Maryland,Premium+,7.45,Laptop,0.0,0,2.134166441369082,1,2025,5,3,5
12.0,Female,USA,California,Premium,14.16,Desktop,1.0,1,2.7186603802142257,0,2022,9,12,0
42.0,Female,USA,Tennessee,Standard,22.96,Mobile,2.0,0,3.1763857732472487,0,2023,6,5,0
21.0,Male,USA,Arizona,Premium,21.811017452655033,Mobile,4.0,0,3.1272436408541084,0,2024,10,22,1
34.0,Male,Canada,Newfoundland and Labrador,Basic,18.15,Desktop,1.0,0,2.952302715626655,0,2023,5,29,0
42.0,Female,USA,New York,Standard,17.15,Desktop,0.0,0,2.8986705607108596,1,2023,6,10,5
36.0,Male,Canada,Manitoba,Basic,35.16,Mobile,2.0,0,3.5879535355239756,0,2025,7,30,2
23.0,Female,USA,Massachusetts,Premium,43.11,Gaming Console,4.0,0,3.786686514116848,0,2023,6,19,0
20.0,Male,Canada,Prince Edward Island,Standard,17.27,Gaming Console,3.0,0,2.9052603703899154,0,2023,5,14,6
30.0,Male,USA,Washington,Standard,22.854736059479553,Desktop,4.0,0,3.1719827745379456,0,2025,7,24,3
32.0,Other,USA,Ohio,Standard,5.45,Mobile,0.0,0,1.864080130807681,1,2024,1,20,5
46.0,Other,USA,Florida,Standard,7.38,Gaming Console,1.0,0,2.1258479144939915,0,2022,8,21,6
36.0,Male,USA,New Jersey,Standard,4.73,Tablet,6.0,1,1.7457155307266483,0,2023,11,20,0
49.0,Female,USA,Ohio,Premium,9.81,Desktop,3.0,0,2.3804716316511167,0,2023,9,17,6
41.0,Female,USA,Indiana,Standard,12.97,Laptop,0.0,0,2.6369121732688705,1,2024,9,1,6
23.0,Female,USA,California,Premium,13.98,Smart TV,3.0,0,2.7067159780890733,0,2024,9,10,1
20.0,Other,USA,Texas,Premium,12.74,Tablet,3.0,0,2.620311286794203,0,2024,10,3,3
52.0,Female,USA,Massachusetts,Basic,13.93,Desktop,1.0,0,2.703372611551099,0,2024,10,19,5
39.0,Male,USA,Arizona,Standard,6.42,Laptop,4.0,1,2.004179057179289,0,2023,10,15,6
36.0,Male,USA,New Jersey,Premium,3.31,Smart TV,2.0,0,1.4609379041156565,0,2023,11,19,6
30.0,Male,Canada,Ontario,Premium,14.28,Gaming Console,3.0,0,2.7265447837383743,0,2022,11,22,1
35.0,Other,USA,North Carolina,Standard,33.88,Desktop,2.0,1,3.551913599040779,0,2025,2,12,2
21.0,Male,Canada,Prince Edward Island,Premium,10.87,Mobile,0.0,0,2.4740142086215764,1,2024,1,23,1
39.0,Other,USA,Florida,Standard,10.51,Tablet,5.0,0,2.4432162227337915,0,2024,11,25,0
38.0,Male,USA,Wisconsin,Premium,18.18,Smart TV,4.0,0,2.953868069455292,0,2025,2,11,1
29.0,Male,USA,Massachusetts,Basic,16.65,Laptop,0.0,0,2.8707357833793057,1,2024,5,1,2
32.0,Female,Canada,Nova Scotia,Standard,8.09,Smart TV,2.0,0,2.2071749081893874,0,2024,8,19,0
33.0,Other,USA,Arizona,Basic,16.68,Gaming Console,3.0,1,2.8724340572094973,0,2024,8,30,4
15.0,Female,USA,Texas,Standard,11.49,Gaming Console,5.0,0,2.5249283241374862,0,2024,11,6,2
24.0,Female,USA,Tennessee,Premium+,24.08,Gaming Console,4.0,0,3.22207071576472,0,2022,8,8,0
41.0,Female,USA,Missouri,Basic,20.136172344689378,Smart TV,2.0,0,3.0509859018293035,0,2023,10,31,1
36.0,Male,USA,New Jersey,Standard,7.64,Mobile,3.0,0,2.1564025828159643,0,2025,6,17,1
45.0,Male,Canada,Manitoba,Premium,16.26,Smart TV,1.0,0,2.848391685655282,0,2024,9,25,2
43.0,Male,USA,Georgia,Standard,24.73,Desktop,3.0,0,3.2476576262936527,0,2024,3,10,6
38.0,Male,USA,Missouri,Standard,10.85,Mobile,2.0,0,2.47232786758114,0,2023,1,20,4
19.0,Other,USA,Michigan,Standard,18.57,Smart TV,3.0,0,2.9739977814079848,0,2023,3,6,0
20.0,Male,USA,Arizona,Premium,10.38,Gaming Console,2.0,0,2.431857428698185,0,2025,1,3,4
13.0,Male,USA,North Carolina,Basic,10.3,Smart TV,1.0,0,2.424802725718295,0,2024,1,17,2
25.0,Other,USA,Arizona,Basic,3.57,Desktop,4.0,0,1.5195132049061133,0,2025,4,21,0
13.0,Male,USA,Tennessee,Premium,21.77,Gaming Console,2.0,1,3.125443880075648,0,2024,11,8,4
40.0,Other,USA,Massachusetts,Standard,20.37,Laptop,3.0,0,3.0619880693310564,0,2023,10,1,6
48.0,Male,Canada,Prince Edward Island,Premium,32.33,Desktop,1.0,0,3.506457892319648,0,2023,9,18,0
51.0,Female,USA,North Carolina,Premium,21.811017452655033,Smart TV,3.0,0,3.1272436408541084,0,2024,5,22,2
26.0,Female,USA,New Jersey,Premium,15.05,Smart TV,1.0,0,2.775708849576025,0,2024,6,21,4
23.0,Male,USA,New Jersey,Premium,26.57,Mobile,2.0,0,3.3167282250357055,0,2023,2,4,5
27.0,Other,USA,Virginia,Standard,1.94,Laptop,2.0,0,1.0784095813505903,0,2025,1,23,3
49.0,Male,USA,Texas,Standard,22.854736059479553,Desktop,3.0,0,3.1719827745379456,0,2024,12,14,5
44.0,Male,USA,Florida,Basic,28.4,Mobile,4.0,0,3.380994674344636,0,2023,9,17,6
21.0,Female,USA,Illinois,Premium,9.01,Tablet,1.0,0,2.303584593327129,0,2023,2,13,0
31.0,Other,USA,Florida,Premium,12.26,Gaming Console,3.0,0,2.5847519847577165,0,2024,9,19,3
40.0,Female,USA,Indiana,Basic,9.34,Desktop,1.0,0,2.336019869080283,0,2022,11,5,5
47.0,Female,USA,Arizona,Standard,4.18,Desktop,2.0,0,1.6448050562713916,0,2024,5,27,0
37.0,Male,USA,New Jersey,Premium,5.17,Tablet,2.0,0,1.8196988379172965,0,2024,11,22,4
21.0,Female,USA,Pennsylvania,Standard,16.27,Desktop,0.0,0,2.848970892158587,1,2024,2,19,0
56.0,Female,USA,Pennsylvania,Standard,17.62,Gaming Console,3.0,1,2.924236271848921,0,2024,1,30,1
35.0,Female,USA,Illinois,Premium,22.56,Smart TV,5.0,0,3.159550358783386,0,2025,2,16,6
37.0,Male,Canada,Quebec,Premium,21.811017452655033,Laptop,0.0,0,3.1272436408541084,1,2023,10,7,5
52.0,Female,USA,California,Basic,20.45,Mobile,2.0,1,3.065724645374026,0,2023,12,31,6
41.0,Other,Canada,British Columbia,Premium,375.3,Desktop,1.0,0,5.930386697599392,0,2023,10,12,3
41.0,Female,Canada,Newfoundland and Labrador,Premium,13.06,Laptop,2.0,0,2.643333886382519,0,2025,3,9,6
24.0,Other,USA,Florida,Premium,7.22,Laptop,4.0,0,2.1065702090680882,0,2023,11,7,1
39.0,Female,USA,Texas,Premium,10.65,Gaming Console,2.0,0,2.4553061800117097,0,2023,10,29,6
47.0,Female,USA,Ohio,Standard,13.96,Smart TV,4.0,0,2.7053799725463312,0,2024,2,27,1
38.0,Female,USA,Michigan,Premium,859.24,Laptop,2.0,0,6.757211420082271,0,2022,9,9,4
44.0,Male,USA,New York,Premium,1.95,Mobile,4.0,0,1.0818051703517284,0,2025,4,24,3
35.0,Male,USA,Indiana,Basic,10.23,Smart TV,0.0,0,2.418588768750352,1,2024,8,24,5
27.0,Female,USA,Virginia,Basic,22.5,Mobile,1.0,0,3.1570004211501135,0,2023,2,23,3
36.0,Other,USA,New Jersey,Premium+,19.675352862849536,Desktop,2.0,0,3.0289423078910556,0,2024,12,10,1
37.0,Male,USA,Pennsylvania,Standard,13.51,Gaming Console,0.0,1,2.6748380668960965,1,2025,1,13,0
30.0,Female,USA,Ohio,Premium,34.66,Tablet,0.0,0,3.574029612434994,1,2023,1,22,6
47.0,Male,USA,New York,Basic,37.67,Laptop,7.0,0,3.6550641056192057,0,2024,5,3,4
32.0,Female,USA,Michigan,Standard,5.47,Desktop,2.0,0,1.8671761085128091,0,2025,4,12,5
21.0,Female,Canada,Prince Edward Island,Premium,28.47,Tablet,0.0,0,3.3833727967496032,1,2024,3,17,6
32.0,Male,USA,Massachusetts,Basic,15.42,Mobile,0.0,0,2.7985001040242823,1,2024,6,3,0
37.0,Female,USA,Virginia,Basic,13.87,Smart TV,0.0,1,2.6993457604720636,1,2024,7,23,1
39.0,Other,USA,New York,Premium,20.08,Laptop,1.0,0,3.0483247236731614,0,2024,12,19,3
37.0,Other,Canada,Newfoundland and Labrador,Premium,21.811017452655033,Smart TV,2.0,0,3.1272436408541084,0,2024,4,17,2
21.0,Other,USA,Michigan,Standard,5.79,Tablet,2.0,1,1.9154509415706047,0,2024,7,22,0
50.0,Female,USA,Wisconsin,Basic,6.04,Mobile,1.0,0,1.951608170169951,0,2022,8,2,1
19.0,Female,USA,Maryland,Premium,15.41,Desktop,1.0,1,2.7978909051019993,0,2024,5,15,2
30.0,Other,Canada,Quebec,Basic,20.38,Tablet,7.0,1,3.062455905596899,0,2024,6,26,2
45.0,Male,USA,New Jersey,Standard,12.52,Laptop,4.0,0,2.604170070614818,0,2023,1,11,2
25.0,Other,Canada,Quebec,Premium+,37.28,Gaming Console,4.0,0,3.6449275665847534,0,2024,4,8,0
53.0,Other,USA,California,Premium,11.18,Desktop,1.0,1,2.4997952622817508,0,2023,2,3,4
29.0,Female,USA,Michigan,Premium,18.78,Desktop,2.0,0,2.984671326194566,0,2022,8,17,2
13.0,Female,USA,Missouri,Basic,6.91,Mobile,5.0,0,2.0681277817795625,0,2023,4,22,5
18.0,Male,USA,New York,Standard,22.854736059479553,Gaming Console,1.0,0,3.1719827745379456,0,2024,7,21,6
34.0,Male,USA,Massachusetts,Premium,27.12,Desktop,4.0,0,3.336481066942464,0,2024,12,2,0
26.0,Male,USA,Illinois,Standard,5.31,Laptop,2.0,0,1.8421356765531218,0,2024,11,9,5
43.0,Male,Canada,Alberta,Standard,18.7,Tablet,2.0,0,2.9806186357439426,0,2024,2,23,4
53.0,Female,USA,Tennessee,Basic,2.29,Tablet,2.0,0,1.1908875647772805,0,2023,1,31,1
43.0,Male,USA,Indiana,Premium,3.05,Smart TV,4.0,0,1.3987168811184478,0,2025,3,26,2
48.0,Female,USA,Indiana,Premium+,26.48,Gaming Console,2.0,0,3.3134584673541485,0,2025,4,27,6
33.0,Female,USA,California,Standard,1.59,Tablet,4.0,1,0.9516578757114464,0,2022,9,24,5
34.0,Other,USA,California,Premium,18.6,Smart TV,3.0,0,2.975529566236472,0,2025,6,26,3
43.0,Male,USA,Pennsylvania,Premium,18.17,Tablet,5.0,0,2.9533465570575532,0,2024,9,2,0
17.0,Female,Canada,Alberta,Standard,22.854736059479553,Tablet,5.0,0,3.1719827745379456,0,2024,1,23,1
36.0,Male,Canada,British Columbia,Standard,7.76,Smart TV,2.0,0,2.1701959049483,0,2024,4,7,6
29.0,Female,Canada,Manitoba,Standard,2.33,Laptop,7.0,0,1.2029723039923526,0,2023,3,2,3
21.0,Male,Canada,Nova Scotia,Premium,19.47,Mobile,6.0,0,3.018960399673198,0,2025,2,2,6
35.0,Male,Canada,New Brunswick,Premium+,6.93,Desktop,1.0,0,2.0706530356467567,0,2023,2,23,3
22.0,Male,USA,Indiana,Standard,2.48,Laptop,3.0,0,1.247032293786383,0,2023,9,16,5
21.0,Other,USA,New Jersey,Basic,17.22,Tablet,3.0,0,2.9025198918318122,0,2023,3,14,1
24.0,Female,USA,Texas,Standard,34.71,Tablet,2.0,0,3.575430761606357,0,2023,3,9,3
42.0,Male,USA,New York,Premium,21.811017452655033,Laptop,0.0,0,3.1272436408541084,1,2023,5,26,4
25.0,Female,USA,Maryland,Basic,29.46,Laptop,2.0,0,3.4164143474670157,0,2025,3,2,6
59.0,Female,Canada,Prince Edward Island,Standard,19.72,Laptop,0.0,0,3.031099417391282,1,2024,11,20,2
24.0,Male,USA,Arizona,Standard,22.854736059479553,Tablet,3.0,0,3.1719827745379456,0,2023,3,18,5
32.0,Female,USA,Michigan,Standard,24.84,Gaming Console,4.0,0,3.2519236789144013,0,2023,7,5,2
33.0,Other,Canada,New Brunswick,Premium,7.9,Laptop,5.0,0,2.186051276738094,0,2023,10,3,1
32.0,Other,Canada,Quebec,Standard,34.68,Laptop,3.0,0,3.5745903077118086,0,2025,4,15,1
29.0,Male,USA,Massachusetts,Standard,2.12,Gaming Console,1.0,0,1.1378330018213911,0,2024,7,28,6
29.0,Female,USA,California,Standard,34.49,Desktop,4.0,0,3.569250966658405,0,2022,12,30,4
37.0,Other,Canada,Quebec,Basic,15.11,Laptop,2.0,0,2.779440197188883,0,2023,10,26,3
36.0,Male,USA,Wisconsin,Premium,14.67,Smart TV,3.0,0,2.7517480563679295,0,2023,4,27,3
47.0,Female,USA,Washington,Basic,25.25,Tablet,4.0,0,3.2676659890376327,0,2024,1,15,0
26.0,Male,Canada,Prince Edward Island,Standard,10.58,Gaming Console,2.0,0,2.449279472144849,0,2022,9,30,4
35.0,Female,USA,Georgia,Premium,21.811017452655033,Mobile,1.0,0,3.1272436408541084,0,2022,8,15,0
29.0,Female,USA,Indiana,Standard,3.98,Smart TV,3.0,0,1.6054298910365616,0,2023,5,5,4
10.0,Female,Canada,Newfoundland and Labrador,Standard,11.49,Desktop,2.0,0,2.5249283241374862,0,2023,8,1,1
50.0,Other,USA,Arizona,Standard,9.15,Laptop,1.0,0,2.3174737054877963,0,2024,9,24,1
28.0,Male,Canada,Alberta,Premium,15.64,Tablet,1.0,0,2.8118094353930627,0,2024,1,8,0
20.0,Male,USA,Florida,Standard,3.18,Mobile,2.0,0,1.430311246536665,0,2024,3,9,5
26.0,Female,USA,Michigan,Standard,2.35,Desktop,2.0,0,1.208960345836975,0,2022,12,12,0
46.0,Female,USA,Virginia,Premium,24.34,Mobile,6.0,0,3.232384174892993,0,2022,12,26,0
42.0,Female,USA,New York,Premium+,19.57,Laptop,2.0,0,3.0238337036648657,0,2024,6,10,0
15.0,Male,USA,California,Premium,21.811017452655033,Gaming Console,0.0,0,3.1272436408541084,1,2023,5,4,3
49.0,Female,Canada,Saskatchewan,Premium,6.59,Desktop,2.0,1,2.0268315914075385,0,2023,2,13,0
39.0,Male,Canada,Manitoba,Premium,34.25,Gaming Console,5.0,0,3.5624655292582776,0,2023,3,30,3
48.0,Female,Canada,Alberta,Premium,46.97,Desktop,0.0,0,3.8705758155139725,1,2025,4,5,5
25.0,Male,Canada,Quebec,Premium,36.25,Laptop,0.0,1,3.6176519448255684,1,2024,8,30,4
31.0,Female,USA,Missouri,Standard,25.56,Tablet,1.0,1,3.279406324608233,0,2023,2,20,0
31.0,Other,USA,North Carolina,Premium+,37.8,Smart TV,1.0,0,3.6584202466292277,0,2025,4,1,1
39.0,Other,USA,Georgia,Premium,15.1,Gaming Console,3.0,0,2.7788192719904172,0,2023,1,13,4
34.0,Other,USA,Washington,Premium,16.06,Tablet,1.0,0,2.836736542063533,0,2023,10,27,4
37.0,Other,Canada,Nova Scotia,Premium+,10.0,Laptop,4.0,0,2.3978952727983707,0,2023,9,13,2
25.0,Female,Canada,British Columbia,Premium,12.37,Mobile,0.0,0,2.5930133911138515,1,2025,7,26,5
20.0,Other,USA,Wisconsin,Premium,21.811017452655033,Gaming Console,3.0,1,3.1272436408541084,0,2025,5,18,6
29.0,Male,USA,Michigan,Standard,9.79,Gaming Console,2.0,0,2.378619779270043,0,2023,8,8,1
39.0,Female,USA,Arizona,Basic,4.55,Laptop,2.0,0,1.713797927758343,0,2024,12,5,3
35.0,Female,USA,Michigan,Basic,40.56,Tablet,8.0,0,3.727138166231027,0,2023,9,29,4
31.0,Other,USA,Michigan,Standard,4.46,Smart TV,0.0,0,1.6974487897568136,1,2024,10,8,1
29.0,Female,USA,Missouri,Basic,17.57,Gaming Console,5.0,0,2.9215473753646144,0,2024,9,18,2
26.0,Male,Canada,Ontario,Premium,51.88,Smart TV,4.0,0,3.9680251955434307,0,2022,12,16,4
33.0,Female,USA,Illinois,Basic,10.87,Gaming Console,6.0,1,2.4740142086215764,0,2023,9,15,4
50.0,Male,USA,Illinois,Basic,8.7,Desktop,1.0,0,2.272125885509337,0,2024,2,16,4
37.0,Female,USA,North Carolina,Premium,2.46,Mobile,4.0,0,1.2412685890696329,0,2023,10,27,4
26.0,Female,USA,Washington,Basic,6.18,Tablet,1.0,0,1.9712993830601329,0,2025,1,13,0
44.0,Female,USA,Georgia,Premium,21.811017452655033,Desktop,4.0,0,3.1272436408541084,0,2022,8,22,0
28.0,Female,USA,Maryland,Premium,21.811017452655033,Desktop,1.0,1,3.1272436408541084,0,2024,5,7,1
26.0,Male,USA,California,Standard,21.85,Tablet,0.0,0,3.128951117340214,1,2024,9,24,1
58.0,Male,USA,Georgia,Premium,24.4,Gaming Console,2.0,1,3.2347491740244907,0,2023,11,9,3
43.0,Female,USA,Ohio,Standard,3.22,Tablet,3.0,0,1.4398351280479207,0,2023,1,6,4
46.0,Other,USA,Indiana,Standard,35.06,Tablet,4.0,0,3.585184217775171,0,2024,11,7,3
29.0,Other,USA,Tennessee,Basic,4.61,Laptop,2.0,0,1.724550719534605,0,2024,8,14,2
36.0,Male,USA,Washington,Standard,18.76,Desktop,1.0,0,2.983659692319722,0,2025,1,5,6
16.0,Female,USA,Tennessee,Standard,8.58,Smart TV,0.0,0,2.259677591982769,1,2024,6,8,5
22.0,Male,USA,California,Premium,18.1,Smart TV,0.0,1,2.9496883350525844,1,2023,10,27,4
27.0,Male,USA,New Jersey,Premium,44.37,Mobile,3.0,0,3.8148510936758724,0,2023,5,21,6
45.0,Other,Canada,New Brunswick,Premium,4.74,Desktop,3.0,0,1.747459210331475,0,2024,6,5,2
41.0,Male,USA,North Carolina,Premium,13.58,Desktop,3.0,0,2.6796507265805123,0,2023,3,9,3
31.0,Female,USA,Indiana,Standard,3.96,Gaming Console,4.0,1,1.601405740736836,0,2024,7,10,2
38.0,Male,Canada,Manitoba,Basic,11.92,Desktop,2.0,0,2.558776498354456,0,2023,1,23,0
26.0,Other,USA,Maryland,Premium,11.99,Tablet,0.0,0,2.5641798306825083,1,2025,4,10,3
27.0,Male,USA,Florida,Standard,29.24,Desktop,2.0,0,3.4091655513113324,0,2025,1,1,2
31.0,Male,Canada,Quebec,Standard,29.21,Gaming Console,0.0,0,3.4081729953985804,1,2025,6,22,6
50.0,Male,USA,Tennessee,Standard,14.98,Tablet,2.0,0,2.7713379403381286,0,2024,3,10,6
47.0,Female,USA,Texas,Premium+,19.675352862849536,Mobile,2.0,1,3.0289423078910556,0,2023,5,29,0
52.0,Female,USA,Ohio,Premium,14.96,Gaming Console,1.0,0,2.7700855920216627,0,2023,12,11,0
50.0,Male,Canada,Saskatchewan,Premium,1.63,Tablet,3.0,0,0.9669838461896731,0,2024,12,17,1
37.0,Female,Canada,Ontario,Standard,18.56,Tablet,0.0,0,2.9734866646066713,1,2025,4,21,0
31.0,Female,USA,Tennessee,Standard,22.854736059479553,Smart TV,1.0,0,3.1719827745379456,0,2022,12,9,4
19.0,Male,USA,Massachusetts,Standard,9.17,Smart TV,4.0,1,2.3194422100604686,0,2023,6,16,4
24.0,Male,Canada,Nova Scotia,Standard,11.94,Tablet,2.0,1,2.5603232890727545,0,2024,4,29,0
44.0,Male,USA,Florida,Premium,7.49,Laptop,2.0,0,2.138889000323256,0,2025,5,13,1
47.0,Male,USA,Texas,Standard,8.35,Laptop,0.0,0,2.2353763433005955,1,2022,9,10,5
40.0,Male,Canada,Ontario,Standard,3.3,Gaming Console,4.0,0,1.4586150226995167,0,2025,3,10,0
45.0,Female,USA,Pennsylvania,Standard,22.854736059479553,Desktop,4.0,0,3.1719827745379456,0,2023,9,15,4
38.0,Female,USA,Wisconsin,Standard,12.54,Gaming Console,2.0,0,2.605648267484129,0,2025,6,5,3
34.0,Other,USA,Washington,Premium+,4.08,Tablet,2.0,0,1.6253112615903906,0,2024,12,3,1
60.0,Male,USA,Michigan,Standard,9.1,Desktop,5.0,0,2.312535423847214,0,2024,3,1,4
23.0,Male,USA,Texas,Standard,13.43,Desktop,2.0,0,2.6693093727857793,0,2025,5,3,5
60.0,Female,USA,New Jersey,Premium,5.72,Mobile,3.0,0,1.9050881545350582,0,2025,2,10,0
27.0,Male,USA,Missouri,Premium+,9.18,Smart TV,6.0,0,2.3204250111223765,0,2024,3,9,5
46.0,Female,Canada,Quebec,Standard,7.09,Smart TV,3.0,0,2.0906287310704004,0,2023,2,27,0
44.0,Other,Canada,Prince Edward Island,Premium,17.53,Mobile,1.0,0,2.9193910402972683,0,2023,1,31,1
27.0,Male,USA,Virginia,Standard,11.51,Laptop,4.0,0,2.5265283244788197,0,2025,2,17,0
31.0,Male,USA,New York,Standard,15.33,Desktop,1.0,0,2.7930039069823738,0,2025,4,2,2
46.0,Male,USA,Maryland,Premium,14.76,Gaming Console,0.0,1,2.757475084429733,1,2025,5,8,3
33.0,Female,USA,New York,Standard,31.85,Desktop,0.0,0,3.4919517449306197,1,2023,1,20,4
32.0,Male,USA,Massachusetts,Premium,6.92,Tablet,2.0,1,2.0693912058263346,0,2024,12,5,3
38.0,Female,Canada,Manitoba,Standard,13.59,Tablet,4.0,0,2.6803363625346943,0,2022,12,14,2
47.0,Other,Canada,New Brunswick,Basic,20.136172344689378,Desktop,0.0,0,3.0509859018293035,1,2024,9,7,5
23.0,Female,Canada,British Columbia,Premium,9.13,Gaming Console,2.0,0,2.315501318260592,0,2024,2,24,5
14.0,Other,USA,Georgia,Basic,28.6,Tablet,4.0,0,3.3877743613300146,0,2023,6,24,5
28.0,Other,USA,California,Standard,26.73,Tablet,5.0,0,3.322514859627687,0,2025,1,20,0
39.0,Female,USA,Florida,Premium+,4.62,Smart TV,2.0,0,1.7263316639055997,0,2024,11,13,2
15.0,Female,USA,Massachusetts,Standard,0.94,Smart TV,6.0,0,0.6626879730752367,0,2024,9,15,6
21.0,Male,USA,Michigan,Standard,9.6,Laptop,1.0,0,2.3608540011180215,0,2023,5,30,1
47.0,Female,USA,New Jersey,Premium+,6.85,Tablet,0.0,0,2.060513531794317,1,2023,10,3,1
30.0,Other,USA,Ohio,Premium,53.24,Mobile,0.0,0,3.99341864363214,1,2022,10,12,2
30.0,Male,USA,California,Premium+,19.675352862849536,Tablet,3.0,0,3.0289423078910556,0,2024,12,7,5
16.0,Male,USA,Pennsylvania,Premium,19.57,Gaming Console,1.0,0,3.0238337036648657,0,2023,5,28,6
50.0,Female,Canada,Ontario,Standard,11.18,Gaming Console,2.0,0,2.4997952622817508,0,2025,3,21,4
32.0,Female,USA,New Jersey,Premium,16.12,Gaming Console,2.0,0,2.840247370713596,0,2022,8,6,5
52.0,Female,USA,Tennessee,Basic,13.18,Gaming Console,1.0,0,2.6518325211039815,0,2023,2,12,6
31.0,Other,USA,Michigan,Premium,34.28,Tablet,1.0,0,3.5633162311385904,0,2022,9,11,6
18.0,Female,USA,Massachusetts,Standard,6.47,Tablet,1.0,1,2.010894999144726,0,2022,12,19,0
28.0,Female,USA,Tennessee,Premium,15.23,Smart TV,2.0,0,2.7868613815264998,0,2023,5,29,0
19.0,Male,USA,Georgia,Basic,2.56,Tablet,3.0,0,1.269760544863939,0,2025,5,3,5
52.0,Male,USA,California,Premium+,13.88,Gaming Console,0.0,0,2.700018029404946,1,2022,10,1,5
41.0,Male,USA,Wisconsin,Premium,3.45,Desktop,2.0,0,1.4929040961781488,0,2024,7,15,0
33.0,Female,Canada,Quebec,Standard,17.8,Gaming Console,1.0,0,2.9338568698359038,0,2022,10,3,0
59.0,Male,USA,Arizona,Premium,21.811017452655033,Gaming Console,2.0,0,3.1272436408541084,0,2025,1,2,3
33.0,Female,USA,New Jersey,Premium,4.16,Tablet,3.0,1,1.6409365794934714,0,2023,3,29,2
26.0,Female,USA,Missouri,Standard,13.82,Desktop,3.0,0,2.695977619867941,0,2023,4,22,5
34.0,Female,Canada,Prince Edward Island,Basic,20.39,Laptop,3.0,0,3.062923523094314,0,2024,11,15,4
32.0,Male,USA,Maryland,Premium+,10.72,Tablet,1.0,0,2.4612967841488667,0,2024,2,10,5
28.0,Other,USA,Missouri,Premium,25.88,Desktop,2.0,0,3.2913825156549485,0,2025,3,5,2
36.0,Female,USA,Texas,Premium,36.78,Smart TV,2.0,0,3.6317798620733637,0,2023,11,12,6
53.0,Female,Canada,British Columbia,Premium,15.26,Laptop,0.0,0,2.7887081041196646,1,2025,2,13,3
37.0,Female,Canada,Newfoundland and Labrador,Basic,10.68,Desktop,1.0,0,2.457877977400081,0,2023,4,6,3
40.0,Female,USA,Washington,Standard,6.79,Desktop,6.0,0,2.052840859882657,0,2024,3,9,5
48.0,Female,USA,Missouri,Basic,20.136172344689378,Smart TV,4.0,0,3.0509859018293035,0,2023,3,15,2
33.0,Female,USA,Michigan,Standard,22.854736059479553,Gaming Console,2.0,0,3.1719827745379456,0,2023,10,2,0
23.0,Other,USA,Massachusetts,Premium,7.84,Gaming Console,1.0,0,2.179286876649552,0,2024,5,25,5
48.0,Male,Canada,Nova Scotia,Premium,23.45,Laptop,2.0,1,3.196630215920881,0,2023,5,2,1
28.0,Female,USA,Washington,Premium,18.47,Desktop,2.0,0,2.968874819384108,0,2025,7,27,6
25.0,Other,USA,Arizona,Standard,26.39,Gaming Console,2.0,0,3.3101779832749867,0,2023,10,10,1
28.0,Female,USA,Ohio,Premium,21.811017452655033,Smart TV,3.0,1,3.1272436408541084,0,2023,2,4,5
30.0,Female,USA,New York,Premium,12.71,Tablet,4.0,0,2.6181254935742233,0,2023,11,29,2
34.0,Male,USA,Maryland,Premium,12.2,Gaming Console,2.0,0,2.580216829592325,0,2022,8,19,4
23.0,Other,USA,Tennessee,Premium,33.78,Gaming Console,2.0,0,3.549042508926137,0,2025,5,22,3
30.0,Female,USA,Massachusetts,Premium,21.811017452655033,Desktop,1.0,1,3.1272436408541084,0,2022,9,19,0
30.0,Male,Canada,Ontario,Premium+,7.45,Smart TV,0.0,0,2.134166441369082,1,2024,2,23,4
25.0,Other,USA,Wisconsin,Basic,63.65,Gaming Console,4.0,0,4.168988105217867,0,2023,2,19,6
42.0,Female,USA,Illinois,Standard,17.51,Desktop,2.0,0,2.9183111265854063,0,2023,7,9,6
28.0,Male,USA,California,Premium+,17.03,Mobile,0.0,0,2.8920370372152258,1,2023,11,8,2
43.0,Other,Canada,Prince Edward Island,Premium,1.88,Mobile,1.0,1,1.0577902941478545,0,2024,1,20,5
43.0,Male,Canada,Newfoundland and Labrador,Premium,8.4,Smart TV,1.0,0,2.2407096892759584,0,2024,10,16,2
38.0,Other,USA,Ohio,Standard,3.79,Laptop,4.0,0,1.5665304114228238,0,2024,9,13,4
33.0,Male,Canada,Prince Edward Island,Standard,10.24,Gaming Console,4.0,0,2.419478844465545,0,2023,5,23,1
27.0,Male,Canada,Ontario,Standard,6.09,Tablet,4.0,0,1.958685340544036,0,2024,6,19,2
52.0,Female,USA,Indiana,Premium,13.5,Gaming Console,4.0,0,2.6741486494265287,0,2022,11,16,2
30.0,Male,USA,California,Standard,12.1,Mobile,1.0,1,2.5726122302071057,0,2025,7,5,5
58.0,Other,Canada,Quebec,Premium,21.69,Desktop,2.0,0,3.1219242987917504,0,2024,10,14,0
36.0,Female,USA,Michigan,Premium+,15.67,Gaming Console,0.0,0,2.813610696762703,1,2022,11,25,4
40.0,Male,USA,California,Basic,22.06,Gaming Console,2.0,0,3.138099514840913,0,2024,4,25,3
31.0,Other,USA,Pennsylvania,Premium,27.92,Mobile,6.0,0,3.3645333972905638,0,2024,1,31,2
31.0,Male,USA,New Jersey,Basic,2.86,Laptop,5.0,1,1.3506671834767394,0,2024,6,23,6
35.0,Female,USA,North Carolina,Premium,11.6,Tablet,2.0,0,2.533696813957432,0,2023,6,25,6
35.0,Female,USA,Missouri,Standard,6.19,Tablet,2.0,0,1.9726911717329554,0,2025,2,18,1
28.0,Male,Canada,Ontario,Premium,2.2,Laptop,4.0,0,1.1631508098056809,0,2024,8,14,2
44.0,Female,USA,Arizona,Standard,20.84,Mobile,3.0,0,3.083743150876704,0,2022,9,8,3
21.0,Female,USA,Illinois,Standard,19.03,Mobile,1.0,0,2.997231149677727,0,2022,12,13,1
34.0,Female,USA,Florida,Premium,19.84,Gaming Console,2.0,0,3.0368742168851663,0,2023,10,20,4
47.0,Female,USA,Tennessee,Basic,18.7,Laptop,4.0,0,2.9806186357439426,0,2022,8,7,6
50.0,Male,Canada,British Columbia,Premium,3.76,Tablet,3.0,0,1.5602476682433286,0,2023,11,8,2
49.0,Male,USA,Georgia,Premium,12.45,Tablet,3.0,0,2.598979106047848,0,2023,2,24,4
41.0,Female,USA,Florida,Premium,6.44,Desktop,4.0,0,2.0068708488450007,0,2023,12,14,3
40.0,Male,Canada,Saskatchewan,Premium+,24.65,Laptop,1.0,0,3.2445435716167785,0,2022,8,30,1
28.0,Male,USA,Michigan,Standard,17.45,Desktop,4.0,0,2.915064370486536,0,2025,7,10,3
36.0,Female,Canada,Newfoundland and Labrador,Basic,14.66,Laptop,2.0,0,2.751109690562657,0,2023,7,16,6
40.0,Other,USA,New Jersey,Standard,7.6,Desktop,3.0,0,2.151762203259462,0,2024,8,14,2
42.0,Other,USA,Virginia,Standard,11.42,Gaming Console,5.0,0,2.519308076505333,0,2023,10,21,5
55.0,Female,USA,Michigan,Basic,20.136172344689378,Desktop,2.0,1,3.0509859018293035,0,2024,1,29,0
26.0,Male,USA,California,Premium,12.07,Gaming Console,4.0,0,2.570319527636131,0,2024,2,15,3
23.0,Male,USA,Michigan,Basic,15.49,Smart TV,4.0,0,2.8027541365715076,0,2023,3,28,1
54.0,Other,USA,California,Standard,3.27,Desktop,5.0,0,1.451613827240533,0,2023,8,25,4
43.0,Male,USA,Wisconsin,Standard,66.63,Gaming Console,2.0,0,4.214051671586849,0,2023,9,5,1
24.0,Male,Canada,Saskatchewan,Standard,11.38,Tablet,2.0,0,2.5160822672564502,0,2023,11,6,0
24.0,Male,Canada,Prince Edward Island,Premium+,13.69,Mobile,1.0,0,2.6871669901857858,0,2022,12,24,5
38.0,Female,USA,Virginia,Standard,5.38,Mobile,4.0,1,1.8531680973566984,0,2022,10,31,0
23.0,Other,USA,Arizona,Premium,21.811017452655033,Laptop,4.0,0,3.1272436408541084,0,2023,4,10,0
39.0,Other,USA,New Jersey,Standard,14.82,Desktop,1.0,0,2.761274962339508,0,2022,10,8,5
40.0,Male,USA,New York,Basic,18.38,Smart TV,1.0,0,2.96424160646262,0,2024,1,1,0
20.0,Female,Canada,Alberta,Premium+,20.05,Gaming Console,2.0,1,3.0469005601283903,0,2024,3,8,4
23.0,Male,USA,Missouri,Premium,2.32,Tablet,6.0,0,1.199964782928397,0,2023,1,31,1
30.0,Male,USA,California,Basic,5.22,Mobile,3.0,0,1.827769906751088,0,2024,3,29,4
26.0,Female,USA,New York,Basic,38.8,Tablet,3.0,0,3.6838669122903918,0,2024,6,25,1
42.0,Female,Canada,Ontario,Premium,38.42,Laptop,2.0,0,3.674273301724574,0,2024,10,1,1
26.0,Female,Canada,Ontario,Standard,12.98,Gaming Console,3.0,1,2.637627736805664,0,2024,1,27,5
13.0,Female,USA,Tennessee,Premium,14.53,Gaming Console,3.0,0,2.7427736371605955,0,2023,4,27,3
16.0,Male,Canada,British Columbia,Standard,11.74,Mobile,0.0,1,2.5447466501440172,1,2025,6,16,0
34.0,Female,USA,Ohio,Premium+,26.16,Laptop,6.0,0,3.3017453026904953,0,2024,6,19,2
34.0,Female,USA,Indiana,Standard,4.85,Smart TV,1.0,0,1.766441661243765,0,2025,5,8,3
15.0,Male,USA,New Jersey,Premium,63.34,Desktop,6.0,1,4.16418152181088,0,2024,5,25,5
45.0,Other,Canada,New Brunswick,Basic,13.81,Mobile,2.0,0,2.6953026282797072,0,2022,11,1,1
42.0,Male,USA,Indiana,Premium,18.51,Laptop,7.0,1,2.97092715463502,0,2023,12,19,1
31.0,Female,Canada,Alberta,Standard,14.95,Laptop,1.0,0,2.7694588292308535,0,2024,1,6,5
58.0,Male,Canada,British Columbia,Premium,15.25,Desktop,4.0,0,2.7880929087757464,0,2024,12,5,3
10.0,Female,USA,Indiana,Standard,9.01,Gaming Console,1.0,0,2.303584593327129,0,2024,9,17,1
29.0,Female,Canada,Nova Scotia,Standard,15.69,Laptop,2.0,0,2.8148097376737438,0,2024,7,17,2
20.0,Other,Canada,Quebec,Premium,12.01,Smart TV,1.0,0,2.565718292524414,0,2025,7,11,4
29.0,Male,Canada,Quebec,Premium,14.63,Smart TV,2.0,0,2.749192144433385,0,2023,6,15,3
53.0,Female,USA,Missouri,Basic,14.89,Gaming Console,2.0,0,2.7656899805486246,0,2023,8,31,3
27.0,Female,USA,Illinois,Standard,30.08,Laptop,1.0,0,3.436564525499447,0,2024,1,30,1
17.0,Male,Canada,Alberta,Standard,8.16,Laptop,5.0,0,2.214846178686039,0,2025,5,28,2
20.0,Male,USA,New York,Basic,13.8,Laptop,4.0,0,2.6946271807700692,0,2024,10,22,1
14.0,Female,USA,Illinois,Standard,2.29,Mobile,2.0,0,1.1908875647772805,0,2022,11,29,1
21.0,Female,Canada,British Columbia,Standard,15.17,Mobile,2.0,0,2.783157673589016,0,2024,6,28,4
46.0,Female,USA,Washington,Standard,1.42,Smart TV,3.0,0,0.883767540168595,0,2023,3,7,1
36.0,Female,USA,Washington,Premium,21.23,Smart TV,2.0,0,3.101442727976105,0,2023,1,13,4
42.0,Other,USA,Georgia,Premium,8.61,Desktop,5.0,0,2.262804222982201,0,2024,9,3,1
35.0,Male,USA,Michigan,Standard,10.64,Mobile,5.0,1,2.454447442303292,0,2023,10,25,2
33.0,Male,USA,North Carolina,Premium+,17.66,Gaming Console,1.0,0,2.926382195419198,0,2024,9,9,0
28.0,Male,USA,Ohio,Standard,14.9,Mobile,3.0,0,2.766319109226186,0,2024,11,30,5
42.0,Male,USA,Missouri,Standard,28.32,Smart TV,4.0,0,3.3782698770184507,0,2023,7,4,1
51.0,Male,Canada,Quebec,Premium,32.16,Gaming Console,0.0,1,3.501344330267094,1,2024,6,7,4
41.0,Female,USA,Texas,Basic,24.58,Desktop,6.0,0,3.2418107961506966,0,2024,2,5,0
26.0,Other,USA,New York,Standard,13.79,Desktop,4.0,0,2.6939512767227085,0,2024,6,27,3
33.0,Female,USA,Virginia,Basic,9.05,Desktop,2.0,0,2.307572634505085,0,2023,1,4,2
32.0,Male,USA,Georgia,Standard,29.59,Desktop,4.0,0,3.420673158162812,0,2023,3,1,2
42.0,Male,Canada,Saskatchewan,Basic,954.98,Gaming Console,8.0,0,6.862736992330473,0,2023,8,19,5
49.0,Other,USA,Washington,Premium,21.811017452655033,Tablet,3.0,0,3.1272436408541084,0,2023,11,20,0
29.0,Female,USA,Texas,Standard,22.77,Gaming Console,2.0,1,3.1684242813721024,0,2022,8,12,4
29.0,Female,Canada,Nova Scotia,Premium+,7.66,Tablet,7.0,0,2.1587147225743437,0,2024,8,18,6
40.0,Male,USA,Georgia,Basic,5.69,Mobile,2.0,0,1.900613874140137,0,2023,4,18,1
24.0,Male,USA,Washington,Basic,8.12,Mobile,3.0,0,2.21046980408624,0,2022,11,25,4
39.0,Male,USA,Missouri,Basic,6.04,Desktop,1.0,0,1.951608170169951,0,2023,7,28,4
59.0,Female,USA,Maryland,Premium,18.1,Desktop,2.0,0,2.9496883350525844,0,2025,7,7,0
41.0,Female,USA,Missouri,Premium+,19.675352862849536,Tablet,4.0,1,3.0289423078910556,0,2022,8,16,1
34.0,Female,USA,Michigan,Basic,10.46,Gaming Console,7.0,0,2.4388627112865935,0,2023,6,20,1
32.0,Female,Canada,Prince Edward Island,Premium+,18.34,Gaming Console,3.0,0,2.9621754900251482,0,2023,5,30,1
52.0,Male,USA,Georgia,Premium+,13.48,Gaming Console,3.0,1,2.6727683869575705,0,2024,2,4,6
27.0,Male,USA,Florida,Standard,6.58,Tablet,1.0,0,2.0255131996542803,0,2025,3,24,0
40.0,Female,Canada,Nova Scotia,Premium,5.96,Desktop,0.0,0,1.9401794743463283,1,2024,11,28,3
29.0,Female,Canada,New Brunswick,Basic,5.0,Desktop,1.0,0,1.791759469228055,0,2022,12,3,5
40.0,Other,USA,Illinois,Standard,31.96,Mobile,1.0,0,3.495294705041271,0,2025,3,20,3
26.0,Female,USA,Wisconsin,Standard,7.54,Smart TV,0.0,0,2.1447610078004784,1,2024,12,20,4
52.0,Male,Canada,British Columbia,Basic,8.71,Gaming Console,3.0,0,2.2731562823032334,0,2022,8,19,4
27.0,Female,USA,Ohio,Standard,18.38,Laptop,2.0,1,2.96424160646262,0,2025,7,28,0
36.0,Male,USA,Tennessee,Basic,44.19,Mobile,2.0,0,3.810875823423188,0,2024,8,31,5
34.0,Male,Canada,Saskatchewan,Premium+,25.49,Tablet,1.0,0,3.2767673032839784,0,2024,5,14,1
31.0,Male,USA,Washington,Premium,5.81,Tablet,1.0,0,1.918392120161421,0,2023,6,27,1
33.0,Other,Canada,Alberta,Basic,1.91,Smart TV,2.0,0,1.0681530811834012,0,2023,10,4,2
37.0,Other,USA,Tennessee,Premium,3.04,Laptop,2.0,0,1.3962446919730587,0,2023,1,4,2
39.0,Male,Canada,Prince Edward Island,Standard,7.99,Mobile,7.0,1,2.196112848483529,0,2023,11,1,2
37.0,Male,USA,Tennessee,Standard,9.05,Desktop,4.0,0,2.307572634505085,0,2023,6,1,3
46.0,Other,USA,Virginia,Basic,12.94,Laptop,2.0,1,2.6347624053323777,0,2024,12,9,0
45.0,Male,Canada,Nova Scotia,Basic,5.19,Laptop,3.0,0,1.8229350866965048,0,2022,10,8,5
25.0,Female,USA,Illinois,Standard,17.45,Smart TV,1.0,0,2.915064370486536,0,2023,3,4,5
38.0,Female,Canada,Newfoundland and Labrador,Premium,7.5,Gaming Console,4.0,0,2.1400661634962708,0,2023,8,31,3
54.0,Male,Canada,Manitoba,Standard,22.854736059479553,Laptop,2.0,0,3.1719827745379456,0,2024,6,17,0
36.0,Male,USA,Arizona,Standard,15.29,Mobile,3.0,0,2.790551422613954,0,2025,6,28,5
28.0,Male,USA,Maryland,Standard,16.54,Mobile,5.0,0,2.864483986944037,0,2025,4,1,1
23.0,Female,USA,Tennessee,Premium,12.05,Desktop,0.0,0,2.5687881337687024,1,2022,11,24,3
40.0,Female,USA,Indiana,Premium,9.26,Smart TV,2.0,0,2.3282528397426234,0,2022,9,28,2
33.0,Other,USA,Indiana,Premium+,30.84,Tablet,2.0,0,3.460723360976182,0,2022,11,10,3
34.0,Female,USA,Indiana,Premium,11.97,Mobile,0.0,0,2.5626389983283526,1,2022,12,22,3
13.0,Female,USA,North Carolina,Basic,13.13,Laptop,0.0,0,2.6483001966964363,1,2025,3,11,1
22.0,Female,USA,California,Premium,56.09,Tablet,5.0,0,4.044628969976168,0,2023,7,2,6
16.0,Male,USA,Indiana,Basic,14.55,Tablet,5.0,0,2.744060638625243,0,2025,1,24,4
35.0,Female,USA,Maryland,Basic,24.41,Gaming Console,1.0,0,3.2351427973320726,0,2025,5,25,6
42.0,Female,USA,New Jersey,Standard,20.81,Desktop,2.0,0,3.0823685802135374,0,2023,11,9,3
47.0,Female,Canada,Prince Edward Island,Premium,3.02,Tablet,2.0,0,1.3912819026309295,0,2024,6,6,3
39.0,Other,USA,Georgia,Standard,17.82,Tablet,1.0,0,2.9349201341572337,0,2024,6,30,6
45.0,Male,USA,Florida,Premium,25.73,Mobile,0.0,0,3.2857865301508276,1,2025,3,13,3
37.0,Male,Canada,New Brunswick,Basic,20.136172344689378,Smart TV,4.0,0,3.0509859018293035,0,2024,5,21,1
20.0,Male,USA,Arizona,Standard,15.89,Gaming Console,7.0,0,2.826721730819709,0,2023,8,4,4
32.0,Other,USA,Indiana,Basic,9.83,Tablet,3.0,0,2.382320061012899,0,2025,5,28,2
30.0,Male,USA,Maryland,Premium,19.19,Gaming Console,2.0,0,3.005187432324746,0,2024,7,24,2
25.0,Male,Canada,Prince Edward Island,Basic,4.29,Laptop,2.0,0,1.665818245870208,0,2025,4,30,2
37.0,Female,Canada,Ontario,Basic,2.22,Laptop,4.0,0,1.169381359556317,0,2022,12,9,4
33.0,Female,USA,Arizona,Standard,8.1,Mobile,7.0,0,2.2082744135228043,0,2022,12,18,6
13.0,Female,USA,New Jersey,Standard,3.67,Smart TV,4.0,0,1.541159071680806,0,2025,7,26,5
36.0,Female,USA,Tennessee,Standard,6.22,Laptop,3.0,0,1.9768549529047348,0,2024,8,9,4
58.0,Male,USA,Massachusetts,Standard,0.41,Gaming Console,1.0,1,0.3435897043900769,0,2025,6,12,3
24.0,Female,Canada,Ontario,Premium,21.52,Mobile,2.0,0,3.1144038032714896,0,2023,3,12,6
34.0,Female,Canada,Quebec,Premium,21.811017452655033,Mobile,2.0,0,3.1272436408541084,0,2025,6,28,5
35.0,Female,Canada,Ontario,Standard,26.58,Desktop,3.0,0,3.3170908723651555,0,2025,6,9,0
49.0,Male,USA,Michigan,Basic,26.86,Smart TV,6.0,0,3.3271919683516598,0,2025,2,8,5
31.0,Other,USA,Virginia,Standard,19.22,Gaming Console,0.0,0,3.006672213592325,1,2024,7,28,6
38.0,Male,USA,New York,Premium,21.98,Laptop,1.0,0,3.1346242724206097,0,2022,10,7,4
22.0,Other,USA,New Jersey,Basic,20.136172344689378,Mobile,2.0,0,3.0509859018293035,0,2023,12,5,1
43.0,Female,USA,North Carolina,Basic,12.7,Desktop,3.0,0,2.617395832834079,0,2024,11,19,1
35.0,Female,USA,Massachusetts,Premium,21.811017452655033,Gaming Console,2.0,0,3.1272436408541084,0,2022,9,10,5
38.0,Female,USA,Washington,Basic,24.98,Gaming Console,3.0,0,3.2573270112424533,0,2022,12,23,4
41.0,Male,Canada,Nova Scotia,Standard,2.38,Mobile,2.0,0,1.2178757094949273,0,2024,12,9,0
45.0,Male,USA,Tennessee,Standard,12.23,Smart TV,3.0,0,2.5824869781268642,0,2023,9,25,0
44.0,Female,USA,Tennessee,Standard,11.33,Tablet,2.0,1,2.512035317176253,0,2024,8,26,0
42.0,Female,USA,Pennsylvania,Premium+,2.86,Laptop,3.0,1,1.3506671834767394,0,2022,12,19,0
47.0,Male,USA,North Carolina,Premium,26.61,Mobile,0.0,0,3.3181780259420632,1,2023,10,13,4
13.0,Other,USA,Virginia,Basic,7.29,Gaming Console,3.0,0,2.1150499691472033,0,2025,5,14,2
52.0,Other,USA,Michigan,Premium,10.99,Gaming Console,0.0,0,2.4840729690394228,1,2024,4,7,6
23.0,Male,Canada,Prince Edward Island,Standard,23.24,Mobile,4.0,1,3.1880041612011136,0,2024,2,1,3
36.0,Male,USA,California,Premium,10.78,Desktop,1.0,0,2.4664031782234406,0,2025,2,7,4
35.0,Male,Canada,Quebec,Premium,34.28,Tablet,4.0,0,3.5633162311385904,0,2023,9,25,0
36.0,Other,USA,Texas,Premium,15.87,Desktop,0.0,0,2.825536896557877,1,2023,10,12,3
34.0,Female,USA,New Jersey,Premium,11.27,Mobile,7.0,0,2.50715725872282,0,2025,3,13,3
21.0,Female,USA,Ohio,Premium,22.84,Smart TV,1.0,0,3.171364842197149,0,2025,4,20,6
23.0,Female,Canada,Ontario,Basic,20.136172344689378,Desktop,3.0,0,3.0509859018293035,0,2024,8,25,6
41.0,Male,USA,Ohio,Standard,15.81,Smart TV,5.0,0,2.8219739474205245,0,2023,2,21,1
24.0,Female,Canada,Prince Edward Island,Basic,40.4,Gaming Console,0.0,0,3.7232808808312687,1,2023,6,3,5
25.0,Male,USA,Indiana,Standard,25.36,Smart TV,3.0,1,3.2718477096343066,0,2025,1,27,0
23.0,Other,Canada,Newfoundland and Labrador,Standard,22.854736059479553,Tablet,4.0,1,3.1719827745379456,0,2023,12,27,2
39.0,Female,USA,Illinois,Premium,46.86,Gaming Console,2.0,0,3.868280082480227,0,2023,11,6,0
31.0,Male,USA,Michigan,Premium,21.811017452655033,Smart TV,5.0,0,3.1272436408541084,0,2023,5,5,4
43.0,Female,Canada,New Brunswick,Basic,10.74,Tablet,0.0,0,2.4630018143999504,1,2025,6,9,0
46.0,Female,USA,New Jersey,Premium,11.4,Mobile,2.0,1,2.517696472610991,0,2023,2,20,0
29.0,Other,USA,Texas,Standard,22.854736059479553,Mobile,0.0,0,3.1719827745379456,1,2024,9,14,5
41.0,Female,Canada,Manitoba,Standard,22.854736059479553,Gaming Console,2.0,0,3.1719827745379456,0,2023,9,10,6
19.0,Female,USA,New York,Standard,22.3,Tablet,1.0,0,3.1484533605716547,0,2023,1,14,5
42.0,Male,USA,Indiana,Premium,1.32,Gaming Console,0.0,0,0.8415671856782186,1,2024,12,29,6
50.0,Male,USA,Missouri,Standard,2.7,Tablet,0.0,0,1.308332819650179,1,2024,12,4,2
27.0,Male,USA,Indiana,Standard,23.9,Gaming Console,2.0,0,3.214867803470662,0,2022,9,24,5
25.0,Male,USA,Ohio,Standard,11.66,Desktop,5.0,0,2.5384474167160302,0,2022,8,21,6
52.0,Male,Canada,Ontario,Standard,17.49,Laptop,2.0,1,2.9172300453990334,0,2023,8,15,1
40.0,Female,Canada,New Brunswick,Basic,20.136172344689378,Smart TV,4.0,1,3.0509859018293035,0,2023,10,15,6
34.0,Other,Canada,British Columbia,Premium,2.66,Smart TV,3.0,0,1.297463147413275,0,2023,5,30,1
27.0,Male,USA,Virginia,Premium,6.85,Mobile,4.0,0,2.060513531794317,0,2022,11,16,2
29.0,Male,Canada,Alberta,Premium,5.14,Gaming Console,4.0,0,1.814824742159051,0,2023,1,15,6
40.0,Female,USA,Maryland,Basic,20.136172344689378,Laptop,0.0,0,3.0509859018293035,1,2024,8,10,5
49.0,Female,Canada,Ontario,Premium,2.58,Smart TV,2.0,0,1.275362800412609,0,2023,10,9,0
24.0,Female,Canada,Ontario,Basic,11.46,Smart TV,4.0,0,2.522523513359307,0,2024,7,30,1
17.0,Male,USA,Washington,Premium,4.91,Gaming Console,6.0,0,1.776645831418007,0,2024,11,15,4
34.0,Female,USA,Virginia,Premium+,20.66,Mobile,1.0,1,3.0754672415728446,0,2023,7,24,0
28.0,Other,Canada,New Brunswick,Basic,9.61,Desktop,2.0,0,2.3617969526258915,0,2024,1,1,0
23.0,Male,USA,Maryland,Basic,3.77,Gaming Console,5.0,0,1.5623463049002497,0,2025,3,14,4
17.0,Female,USA,Missouri,Standard,5.55,Smart TV,6.0,0,1.8794650496471605,0,2023,1,4,2
13.0,Male,USA,North Carolina,Basic,12.71,Smart TV,5.0,0,2.6181254935742233,0,2024,10,25,4
50.0,Female,Canada,Quebec,Basic,14.8,Desktop,1.0,0,2.760009940032921,0,2024,1,6,5
52.0,Male,USA,Florida,Basic,18.14,Desktop,1.0,0,2.9517803860248084,0,2023,7,7,4
39.0,Male,USA,Wisconsin,Standard,22.76,Gaming Console,6.0,0,3.168003494494444,0,2023,5,26,4
32.0,Female,USA,Wisconsin,Premium,39.82,Mobile,2.0,0,3.709172157381699,0,2022,9,15,3
22.0,Male,USA,Missouri,Standard,22.854736059479553,Desktop,0.0,0,3.1719827745379456,1,2024,12,14,5
49.0,Male,Canada,Alberta,Standard,18.59,Mobile,0.0,1,2.9750192319564492,1,2025,7,24,3
26.0,Male,Canada,Alberta,Premium,45.54,Tablet,3.0,0,3.8403121578741457,0,2024,6,18,1
40.0,Other,USA,Virginia,Standard,9.52,Laptop,1.0,0,2.3532782073095637,0,2023,3,2,3
47.0,Male,USA,Arizona,Standard,21.99,Smart TV,3.0,0,3.1350593387750902,0,2025,2,21,4
41.0,Other,USA,California,Premium,7.83,Gaming Console,1.0,0,2.178155014615869,0,2023,7,5,2
14.0,Male,Canada,Ontario,Basic,20.136172344689378,Smart TV,0.0,1,3.0509859018293035,1,2025,1,30,3
45.0,Female,USA,New Jersey,Premium,20.73,Laptop,3.0,0,3.078693794268338,0,2025,6,10,1
35.0,Other,Canada,Ontario,Premium,18.69,Tablet,4.0,1,2.9801108926510342,0,2025,3,13,3
51.0,Male,USA,New York,Premium,7.25,Gaming Console,2.0,0,2.1102132003465894,0,2022,12,10,5
60.0,Female,USA,Pennsylvania,Standard,9.76,Smart TV,3.0,0,2.3758355547336385,0,2024,10,14,0
35.0,Male,Canada,Ontario,Standard,10.39,Gaming Console,1.0,0,2.432735777459091,0,2022,10,21,4
12.0,Male,Canada,Ontario,Standard,8.79,Tablet,2.0,0,2.281361456542419,0,2024,3,7,3
14.0,Other,USA,Michigan,Standard,7.55,Smart TV,1.0,0,2.145931282948669,0,2023,3,11,5
37.0,Female,Canada,Ontario,Premium,9.77,Laptop,1.0,0,2.3767644911682972,0,2022,9,24,5
53.0,Female,USA,New Jersey,Standard,22.854736059479553,Desktop,4.0,0,3.1719827745379456,0,2023,10,30,0
40.0,Male,USA,Illinois,Premium+,8.11,Smart TV,0.0,0,2.209372711271867,1,2023,11,20,0
23.0,Female,Canada,Nova Scotia,Standard,6.2,Laptop,4.0,0,1.9740810260220096,0,2024,11,14,3
41.0,Female,USA,Michigan,Basic,35.63,Mobile,0.0,0,3.6008675767907232,1,2022,9,3,5
34.0,Female,USA,Indiana,Basic,14.53,Gaming Console,0.0,0,2.7427736371605955,1,2023,1,22,6
45.0,Other,Canada,Newfoundland and Labrador,Premium,9.76,Mobile,6.0,0,2.3758355547336385,0,2023,7,21,4
60.0,Female,Canada,New Brunswick,Standard,27.33,Desktop,5.0,0,3.3439213138424253,0,2024,9,26,3
19.0,Female,USA,Arizona,Standard,26.58,Mobile,3.0,0,3.3170908723651555,0,2024,4,27,5
24.0,Female,USA,North Carolina,Premium,6.55,Tablet,0.0,0,2.0215475632609334,1,2024,6,21,4
23.0,Male,Canada,Alberta,Premium+,13.73,Tablet,1.0,0,2.689886230474539,0,2023,12,11,0
29.0,Female,USA,Ohio,Basic,8.22,Laptop,4.0,1,2.2213750375685026,0,2025,4,7,0
26.0,Male,USA,Tennessee,Premium,18.44,Laptop,2.0,0,2.967332799032293,0,2024,11,16,5
12.0,Female,Canada,Newfoundland and Labrador,Premium,31.41,Laptop,3.0,0,3.4784670171534557,0,2025,6,7,5
24.0,Male,Canada,Prince Edward Island,Standard,7.61,Gaming Console,1.0,1,2.152924318439639,0,2024,7,31,2
48.0,Male,Canada,Saskatchewan,Basic,25.58,Mobile,1.0,0,3.2801590532850993,0,2025,1,11,5
33.0,Female,USA,Michigan,Standard,20.26,Mobile,1.0,0,3.056827372913802,0,2022,11,18,4
52.0,Male,Canada,Manitoba,Standard,14.56,Desktop,6.0,0,2.7447035187502458,0,2024,10,21,0
34.0,Female,USA,California,Basic,12.87,Mobile,4.0,1,2.6297282343267403,0,2024,11,8,4
20.0,Male,USA,Arizona,Premium,26.01,Gaming Console,2.0,0,3.2962071678045244,0,2023,10,12,3
27.0,Male,Canada,Nova Scotia,Premium,5.82,Smart TV,2.0,1,1.9198594718553708,0,2023,7,22,5
38.0,Male,USA,Massachusetts,Basic,20.136172344689378,Smart TV,1.0,0,3.0509859018293035,0,2022,8,15,0
42.0,Other,USA,Arizona,Premium,13.64,Smart TV,3.0,1,2.6837575085331657,0,2023,11,17,4
21.0,Female,USA,North Carolina,Premium,46.72,Desktop,1.0,0,3.8653505972297153,0,2024,9,26,3
44.0,Male,Canada,Prince Edward Island,Premium,6.81,Tablet,4.0,0,2.0554049638515948,0,2024,8,18,6
27.0,Male,USA,Indiana,Standard,22.854736059479553,Gaming Console,7.0,0,3.1719827745379456,0,2025,2,2,6
37.0,Other,USA,Maryland,Standard,13.1,Desktop,1.0,1,2.6461747973841225,0,2023,2,12,6
34.0,Male,USA,Arizona,Basic,16.84,Mobile,3.0,0,2.8814431271518632,0,2024,8,19,0
43.0,Other,USA,Pennsylvania,Standard,8.53,Laptop,2.0,0,2.254444717666111,0,2022,11,16,2
32.0,Female,USA,Missouri,Standard,6.09,Mobile,3.0,0,1.958685340544036,0,2023,8,19,5
43.0,Female,USA,New York,Premium,17.14,Desktop,2.0,0,2.8981194446869907,0,2025,6,19,3
43.0,Female,Canada,Ontario,Standard,7.66,Laptop,2.0,0,2.1587147225743437,0,2023,7,19,2
20.0,Female,USA,Illinois,Premium,3.15,Tablet,8.0,1,1.423108334242607,0,2025,1,20,0
55.0,Other,Canada,Ontario,Standard,28.24,Gaming Console,0.0,0,3.3755376348815775,1,2022,9,20,1
30.0,Male,USA,Pennsylvania,Premium,21.811017452655033,Mobile,3.0,0,3.1272436408541084,0,2025,3,25,1
45.0,Male,Canada,Nova Scotia,Standard,28.03,Smart TV,5.0,0,3.3683297780365384,0,2025,6,14,5
27.0,Other,USA,California,Premium,21.811017452655033,Laptop,4.0,1,3.1272436408541084,0,2024,11,21,3
40.0,Female,Canada,British Columbia,Premium,5.69,Mobile,2.0,1,1.900613874140137,0,2024,6,19,2
46.0,Female,USA,Missouri,Basic,8.41,Mobile,4.0,0,2.2417729535972883,0,2024,6,9,6
35.0,Male,USA,California,Premium,7.22,Tablet,1.0,1,2.1065702090680882,0,2022,8,23,1
45.0,Other,USA,New York,Standard,18.87,Mobile,4.0,0,2.9892110565637253,0,2024,3,11,0
59.0,Male,USA,Pennsylvania,Premium,12.24,Gaming Console,4.0,0,2.5832425505088623,0,2025,7,19,5
30.0,Female,USA,New York,Premium,26.78,Smart TV,3.0,1,3.3243163373261977,0,2024,10,2,2
50.0,Male,Canada,Newfoundland and Labrador,Standard,4.97,Desktop,4.0,0,1.7867469274045107,0,2024,3,18,0
60.0,Female,Canada,Quebec,Premium,22.89,Tablet,1.0,0,3.173459961337718,0,2023,5,28,6
25.0,Other,USA,California,Premium,18.16,Gaming Console,2.0,0,2.9528247725427144,0,2025,5,6,1
39.0,Female,USA,Illinois,Basic,7.82,Smart TV,3.0,0,2.1770218700187,0,2023,8,8,1
38.0,Male,USA,Virginia,Standard,8.59,Gaming Console,0.0,0,2.2607208888953467,1,2024,7,29,0
36.0,Male,USA,Ohio,Premium,12.89,Mobile,2.0,0,2.6311691567662523,0,2025,4,7,0
30.0,Female,USA,Indiana,Standard,22.854736059479553,Gaming Console,3.0,0,3.1719827745379456,0,2023,8,25,4
37.0,Female,Canada,Ontario,Premium,51.46,Desktop,0.0,0,3.9600509744387278,1,2023,12,7,3
31.0,Male,USA,Illinois,Premium,9.92,Desktop,2.0,0,2.390595970316759,0,2023,10,1,6
45.0,Female,Canada,Quebec,Premium,54.54,Desktop,2.0,0,4.017103481878653,0,2025,5,4,6
42.0,Male,USA,New Jersey,Standard,20.22,Smart TV,2.0,0,3.054944133185837,0,2025,3,12,2
17.0,Male,Canada,Alberta,Premium,14.0,Laptop,2.0,0,2.70805020110221,0,2022,8,6,5
29.0,Male,USA,Missouri,Basic,2.36,Desktop,1.0,0,1.2119409739751128,0,2023,11,29,2
29.0,Male,USA,Texas,Premium+,17.89,Tablet,4.0,0,2.9386326815134183,0,2024,5,22,2
38.0,Male,USA,Georgia,Premium+,23.98,Mobile,0.0,0,3.2180755046974316,1,2022,10,28,4
31.0,Male,USA,Arizona,Premium,21.811017452655033,Desktop,2.0,0,3.1272436408541084,0,2024,3,22,4
10.0,Other,USA,Virginia,Basic,23.76,Desktop,3.0,0,3.2092294478163956,0,2025,6,7,5
25.0,Female,USA,Tennessee,Basic,25.75,Gaming Console,2.0,0,3.2865344733420154,0,2023,3,6,0
50.0,Other,USA,Massachusetts,Standard,22.854736059479553,Mobile,0.0,1,3.1719827745379456,1,2024,9,13,4
32.0,Male,Canada,British Columbia,Premium+,25.01,Gaming Console,2.0,0,3.25848107946056,0,2024,10,4,4
18.0,Female,Canada,Manitoba,Standard,43.98,Tablet,0.0,0,3.8062179465311696,1,2024,4,25,3
24.0,Male,Canada,Newfoundland and Labrador,Standard,7.21,Laptop,0.0,0,2.105352923464337,1,2024,11,1,4
19.0,Male,Canada,Quebec,Standard,22.854736059479553,Desktop,0.0,0,3.1719827745379456,1,2024,10,13,6
33.0,Male,USA,Tennessee,Standard,52.39,Smart TV,2.0,0,3.9776234625120948,0,2023,12,4,0
24.0,Male,USA,Florida,Basic,18.12,Mobile,1.0,0,2.9507349076232554,0,2025,3,10,0
49.0,Female,USA,Michigan,Premium,997.8,Desktop,3.0,0,6.9065545584056185,0,2025,3,27,3
33.0,Male,Canada,Nova Scotia,Basic,26.93,Mobile,0.0,0,3.3297013799570854,1,2022,10,29,5
29.0,Male,USA,Florida,Standard,3.89,Tablet,2.0,0,1.5871923034867808,0,2024,2,12,0
30.0,Female,USA,Tennessee,Premium,31.48,Smart TV,0.0,0,3.4806245152934774,1,2022,9,2,4
26.0,Male,USA,North Carolina,Standard,17.41,Gaming Console,1.0,0,2.9128939952449864,0,2024,4,14,6
25.0,Female,Canada,Alberta,Basic,16.38,Desktop,7.0,0,2.8553201198372458,0,2024,1,10,2
35.0,Female,USA,California,Standard,5.13,Mobile,3.0,0,1.81319474994812,0,2022,11,16,2
23.0,Female,USA,Indiana,Premium,10.2,Laptop,1.0,1,2.4159137783010487,0,2022,12,11,6
59.0,Female,USA,Massachusetts,Basic,17.39,Desktop,2.0,0,2.91180703861623,0,2023,10,11,2
43.0,Male,Canada,Manitoba,Basic,14.99,Mobile,3.0,0,2.771963526845863,0,2022,8,28,6
45.0,Female,USA,North Carolina,Standard,24.97,Laptop,2.0,0,3.256942025674657,0,2023,6,12,0
47.0,Other,USA,Florida,Premium,4.01,Mobile,1.0,1,1.6114359150967734,0,2023,12,27,2
24.0,Female,USA,Tennessee,Premium,5.33,Smart TV,5.0,0,1.8453002361560848,0,2025,4,3,3
25.0,Female,USA,Wisconsin,Basic,24.29,Desktop,0.0,0,3.2304090606818736,1,2024,4,23,1
49.0,Male,USA,Missouri,Standard,10.08,Mobile,2.0,0,2.405141681319138,0,2025,1,22,2
34.0,Male,Canada,Newfoundland and Labrador,Premium,14.22,Smart TV,0.0,0,2.7226103524335397,1,2024,9,4,2
30.0,Male,Canada,Prince Edward Island,Premium,42.07,Tablet,0.0,0,3.7628266990660193,1,2023,11,8,2
49.0,Male,USA,Virginia,Basic,20.136172344689378,Laptop,2.0,0,3.0509859018293035,0,2024,5,24,4
10.0,Male,Canada,Manitoba,Premium,11.05,Mobile,1.0,0,2.489064659936664,0,2024,12,27,4
42.0,Female,USA,North Carolina,Standard,22.854736059479553,Smart TV,4.0,0,3.1719827745379456,0,2023,9,30,5
48.0,Other,Canada,Newfoundland and Labrador,Premium,31.3,Gaming Console,2.0,0,3.475067230228611,0,2023,11,25,5
30.0,Other,USA,Illinois,Standard,6.58,Laptop,4.0,0,2.0255131996542803,0,2023,10,15,6
20.0,Female,Canada,Newfoundland and Labrador,Premium,18.4,Gaming Console,7.0,0,2.9652730660692823,0,2022,12,6,1
47.0,Male,USA,New York,Basic,5.88,Desktop,3.0,0,1.9286186519452522,0,2025,5,7,2
25.0,Female,USA,North Carolina,Standard,38.63,Gaming Console,6.0,0,3.679586407202344,0,2023,12,8,4
38.0,Female,USA,Massachusetts,Basic,2.52,Laptop,2.0,1,1.2584609896100056,0,2023,11,2,3
51.0,Other,Canada,Saskatchewan,Basic,9.07,Gaming Console,2.0,0,2.309560706730471,0,2023,12,29,4
53.0,Male,USA,Missouri,Standard,30.19,Smart TV,2.0,0,3.440097530619712,0,2023,2,28,1
27.0,Other,Canada,Manitoba,Standard,4.58,Laptop,2.0,0,1.7191887763932197,0,2022,12,8,3
27.0,Male,Canada,Ontario,Standard,17.45,Tablet,3.0,0,2.915064370486536,0,2022,12,16,4
33.0,Female,USA,California,Standard,20.53,Mobile,5.0,0,3.0694473113762717,0,2024,6,20,3
10.0,Female,Canada,Nova Scotia,Premium,26.45,Mobile,0.0,0,3.3123661679555396,1,2022,12,19,0
43.0,Male,Canada,Quebec,Basic,20.136172344689378,Desktop,3.0,0,3.0509859018293035,0,2025,5,14,2
50.0,Other,USA,Pennsylvania,Premium,24.46,Tablet,5.0,0,3.2371085931292605,0,2025,1,5,6
27.0,Other,Canada,Quebec,Basic,6.91,Desktop,1.0,0,2.0681277817795625,0,2023,3,23,3
51.0,Female,USA,Virginia,Standard,2.77,Mobile,5.0,0,1.3270750014599193,0,2023,7,20,3
43.0,Male,USA,New Jersey,Standard,16.69,Desktop,0.0,0,2.872999508171694,1,2022,8,24,2
36.0,Other,Canada,British Columbia,Basic,14.76,Gaming Console,2.0,0,2.757475084429733,0,2025,2,14,4
29.0,Female,USA,Virginia,Premium,5.15,Laptop,3.0,0,1.8164520818184267,0,2024,5,23,3
41.0,Female,Canada,Nova Scotia,Standard,12.61,Tablet,2.0,0,2.6108048166633746,0,2024,9,18,2
30.0,Male,USA,Illinois,Premium,26.85,Smart TV,4.0,0,3.326832966373293,0,2024,12,10,1
32.0,Male,USA,Missouri,Premium,4.49,Mobile,0.0,0,1.7029282555214393,1,2022,8,28,6
41.0,Male,USA,Ohio,Premium,0.39,Laptop,3.0,1,0.3293037471426004,0,2025,4,18,4
42.0,Female,Canada,Newfoundland and Labrador,Premium+,19.675352862849536,Tablet,0.0,0,3.0289423078910556,1,2025,4,24,3
35.0,Other,USA,Tennessee,Premium,20.55,Laptop,5.0,0,3.070375816549757,0,2022,10,6,3
35.0,Male,USA,Missouri,Basic,2.22,Laptop,2.0,0,1.169381359556317,0,2024,12,11,2
23.0,Male,USA,Washington,Premium,21.811017452655033,Gaming Console,2.0,0,3.1272436408541084,0,2024,8,2,4
39.0,Male,USA,Massachusetts,Premium+,7.44,Tablet,0.0,0,2.132982308607866,1,2025,1,21,1
32.0,Female,USA,Washington,Premium+,18.99,Tablet,0.0,0,2.995232148512309,1,2025,6,6,4
26.0,Male,Canada,Nova Scotia,Basic,5.89,Mobile,3.0,1,1.9300710850255671,0,2024,5,7,1
37.0,Other,Canada,Nova Scotia,Premium,12.48,Desktop,1.0,0,2.601207105484161,0,2025,5,22,3
41.0,Female,USA,Indiana,Premium,5.0,Smart TV,2.0,0,1.791759469228055,0,2025,1,2,3
33.0,Male,USA,Massachusetts,Basic,29.71,Smart TV,3.0,0,3.424588334452731,0,2023,1,12,3
18.0,Female,USA,Georgia,Basic,2.36,Desktop,2.0,0,1.2119409739751128,0,2023,10,4,2
22.0,Male,USA,Tennessee,Premium,41.55,Tablet,2.0,0,3.750679855019383,0,2022,9,13,1
38.0,Female,USA,Wisconsin,Standard,22.52,Desktop,0.0,0,3.1578511230304263,1,2023,11,21,1
20.0,Male,USA,Tennessee,Standard,11.2,Desktop,1.0,1,2.501435951739211,0,2025,5,9,4
29.0,Male,USA,Wisconsin,Basic,9.28,Mobile,4.0,0,2.330200260027019,0,2022,8,4,3
25.0,Female,USA,Massachusetts,Premium,9.29,Tablet,3.0,0,2.331172549845958,0,2024,4,7,6
24.0,Female,USA,California,Premium,42.16,Gaming Console,3.0,0,3.764914140389934,0,2023,10,31,1
32.0,Other,USA,Michigan,Premium+,26.44,Gaming Console,0.0,0,3.3120018028576843,1,2025,6,24,1
26.0,Female,USA,Massachusetts,Premium,16.42,Laptop,3.0,1,2.857618971424357,0,2023,10,1,6
21.0,Male,USA,Ohio,Premium,21.811017452655033,Tablet,3.0,0,3.1272436408541084,0,2023,8,9,2
51.0,Male,USA,Washington,Standard,22.854736059479553,Mobile,2.0,0,3.1719827745379456,0,2024,4,3,2
35.0,Male,USA,Missouri,Standard,20.16,Mobile,1.0,0,3.052112606990099,0,2025,3,3,0
41.0,Male,Canada,British Columbia,Basic,5.29,Mobile,1.0,0,1.8389610707123492,0,2023,6,19,0
22.0,Male,USA,Michigan,Premium+,16.57,Smart TV,2.0,1,2.866192902199006,0,2022,8,26,4
28.0,Other,USA,Indiana,Standard,11.66,Gaming Console,0.0,0,2.5384474167160302,1,2022,11,13,6
55.0,Female,USA,Virginia,Basic,20.136172344689378,Laptop,4.0,0,3.0509859018293035,0,2024,6,23,6
58.0,Female,Canada,British Columbia,Standard,22.854736059479553,Laptop,2.0,0,3.1719827745379456,0,2023,11,15,2
19.0,Male,Canada,British Columbia,Standard,9.16,Laptop,2.0,0,2.318458442150336,0,2024,5,10,4
55.0,Male,Canada,Quebec,Standard,36.51,Smart TV,0.0,0,3.624607564093796,1,2025,6,18,2
29.0,Female,USA,Tennessee,Standard,17.01,Desktop,4.0,0,2.8909271591878647,0,2024,10,30,2
46.0,Male,Canada,Newfoundland and Labrador,Premium,6.97,Desktop,3.0,0,2.075684492802124,0,2024,8,27,1
30.0,Female,USA,Michigan,Premium,15.86,Laptop,2.0,0,2.8249439525737094,0,2025,6,17,1
22.0,Female,USA,Wisconsin,Premium,13.54,Mobile,3.0,0,2.6769034721053733,0,2022,11,15,1
52.0,Male,Canada,Alberta,Basic,9.13,Tablet,1.0,0,2.315501318260592,0,2023,10,26,3
43.0,Male,USA,California,Premium,38.59,Gaming Console,2.0,0,3.678576561118039,0,2025,5,4,6
31.0,Female,Canada,Nova Scotia,Standard,21.98,Tablet,0.0,0,3.1346242724206097,1,2024,7,22,0
38.0,Female,USA,New York,Standard,14.65,Gaming Console,2.0,0,2.750470916986162,0,2024,7,27,5
36.0,Other,USA,Virginia,Premium,13.18,Tablet,4.0,0,2.6518325211039815,0,2023,9,16,5
42.0,Female,Canada,Saskatchewan,Standard,23.49,Mobile,5.0,0,3.1982648709640764,0,2025,3,30,6
21.0,Female,USA,Massachusetts,Premium+,15.55,Desktop,2.0,0,2.806386101823072,0,2025,5,14,2
44.0,Male,USA,Virginia,Premium+,2.11,Tablet,1.0,0,1.1346227261911428,0,2024,9,5,3
53.0,Female,USA,Tennessee,Premium,32.52,Gaming Console,4.0,1,3.5121422756138823,0,2025,3,4,1
50.0,Male,USA,Indiana,Premium,13.91,Desktop,0.0,0,2.702032128776647,1,2024,12,19,3
54.0,Male,USA,New Jersey,Basic,38.33,Laptop,4.0,1,3.671987586443718,0,2023,12,27,2
54.0,Male,USA,Illinois,Premium,598.69,Laptop,0.0,0,6.396412855031266,1,2023,1,12,3
28.0,Male,Canada,Saskatchewan,Premium,23.46,Smart TV,2.0,1,3.1970391302590264,0,2024,6,9,6
44.0,Female,Canada,New Brunswick,Basic,22.37,Mobile,5.0,0,3.1514531485507664,0,2024,3,24,6
40.0,Female,USA,North Carolina,Premium,14.74,Gaming Console,1.0,0,2.756205242989257,0,2024,10,5,5
30.0,Male,USA,Massachusetts,Premium,11.32,Laptop,0.0,0,2.511223958105374,1,2023,6,17,5
45.0,Male,Canada,New Brunswick,Premium,17.2,Tablet,3.0,0,2.9014215940827497,0,2023,12,29,4
50.0,Male,USA,Tennessee,Premium+,26.62,Mobile,3.0,0,3.318540147981146,0,2024,5,31,4
11.0,Female,Canada,Newfoundland and Labrador,Premium,4.7,Smart TV,2.0,0,1.7404661748405046,0,2025,3,27,3
31.0,Male,USA,Missouri,Standard,14.42,Tablet,1.0,0,2.7356653681351832,0,2024,1,23,1
31.0,Female,USA,Missouri,Standard,1.84,Gaming Console,3.0,0,1.0438040521731147,0,2024,12,2,0
24.0,Female,USA,Michigan,Basic,6.4,Desktop,7.0,0,2.0014800002101243,0,2024,6,29,5
35.0,Other,USA,Massachusetts,Premium,7.67,Desktop,4.0,0,2.1598687907924505,0,2022,10,21,4
28.0,Female,Canada,New Brunswick,Standard,16.79,Gaming Console,3.0,0,2.8786365016777435,0,2024,1,23,1
41.0,Other,Canada,Quebec,Premium,8.02,Mobile,4.0,0,2.199444334074532,0,2023,9,29,4
22.0,Male,USA,Washington,Standard,19.83,Mobile,0.0,1,3.0363942552728806,1,2023,11,10,4
19.0,Female,USA,Georgia,Premium,29.72,Tablet,1.0,0,3.4249139082794713,0,2025,3,4,1
12.0,Male,USA,Tennessee,Basic,20.136172344689378,Desktop,4.0,0,3.0509859018293035,0,2024,12,29,6
24.0,Male,USA,Tennessee,Standard,22.854736059479553,Smart TV,5.0,0,3.1719827745379456,0,2025,4,2,2
30.0,Female,Canada,Prince Edward Island,Premium+,14.85,Gaming Console,0.0,0,2.7631695003232895,1,2023,2,20,0
55.0,Male,Canada,Nova Scotia,Standard,3.95,Mobile,1.0,0,1.599387576580599,0,2024,11,16,5
30.0,Male,USA,Georgia,Standard,47.13,Mobile,4.0,0,3.873905683315018,0,2025,2,3,0
60.0,Male,USA,Virginia,Premium+,5.22,Mobile,6.0,0,1.827769906751088,0,2024,12,7,5
55.0,Other,USA,Indiana,Premium,8.49,Gaming Console,0.0,1,2.2502386126218363,1,2025,7,11,4
26.0,Female,USA,New Jersey,Premium,21.59,Tablet,2.0,0,3.1175073304799117,0,2022,8,3,2
37.0,Female,USA,Indiana,Standard,7.14,Laptop,0.0,1,2.096790180014449,1,2024,6,2,6
22.0,Female,Canada,Newfoundland and Labrador,Basic,14.22,Laptop,3.0,0,2.7226103524335397,0,2022,8,20,5
38.0,Male,USA,Florida,Basic,11.45,Mobile,6.0,0,2.5217206229107165,0,2024,10,4,4
43.0,Female,USA,Florida,Premium,2.7,Laptop,0.0,0,1.308332819650179,1,2025,5,25,6
31.0,Male,USA,California,Premium,94.09,Tablet,4.0,0,4.554823811551353,0,2022,8,2,1
38.0,Female,USA,Florida,Standard,9.13,Laptop,1.0,0,2.315501318260592,0,2023,7,4,1
35.0,Male,USA,Georgia,Premium,20.83,Gaming Console,1.0,1,3.0832851705618523,0,2024,2,22,3
28.0,Male,Canada,Saskatchewan,Premium,5.44,Tablet,2.0,0,1.8625285401162623,0,2024,3,19,1
29.0,Male,USA,Arizona,Premium,24.48,Laptop,6.0,0,3.2378938307039626,0,2025,3,2,6
50.0,Female,Canada,Newfoundland and Labrador,Premium,37.76,Mobile,3.0,0,3.6573887870225654,0,2024,8,9,4
38.0,Other,USA,Pennsylvania,Basic,16.69,Tablet,2.0,0,2.872999508171694,0,2023,7,26,2
29.0,Female,USA,New Jersey,Premium,29.59,Mobile,7.0,0,3.420673158162812,0,2025,5,10,5
21.0,Other,USA,Indiana,Standard,3.02,Desktop,0.0,0,1.3912819026309295,1,2024,6,1,5
46.0,Male,Canada,Newfoundland and Labrador,Standard,17.85,Laptop,4.0,1,2.93651291389402,0,2024,12,2,0
42.0,Male,USA,Virginia,Basic,6.84,Laptop,1.0,0,2.0592388343623163,0,2024,8,20,1
42.0,Female,Canada,Quebec,Premium,20.47,Desktop,4.0,0,3.0666566118906897,0,2023,2,12,6
26.0,Female,USA,Virginia,Standard,38.99,Smart TV,3.0,0,3.688629422858727,0,2024,2,21,2
32.0,Female,USA,Ohio,Standard,17.91,Smart TV,4.0,1,2.9396908826703663,0,2025,5,13,1
18.0,Female,USA,Indiana,Basic,15.08,Mobile,2.0,0,2.77757626375082,0,2022,9,21,2
50.0,Female,USA,Tennessee,Basic,10.87,Smart TV,2.0,0,2.4740142086215764,0,2025,3,4,1
25.0,Male,USA,Wisconsin,Standard,19.69,Laptop,7.0,0,3.029650491757452,0,2025,6,16,0
27.0,Male,USA,Indiana,Standard,46.0,Desktop,5.0,0,3.8501476017100584,0,2023,9,28,3
58.0,Female,USA,Tennessee,Standard,10.01,Tablet,1.0,1,2.3988039507345884,0,2023,6,13,1
24.0,Other,USA,Massachusetts,Premium,18.8,Gaming Console,1.0,0,2.9856819377004897,0,2024,10,19,5
18.0,Female,USA,Georgia,Basic,25.62,Smart TV,2.0,0,3.2816628129669656,0,2024,1,10,2
36.0,Male,USA,Maryland,Premium+,8.82,Smart TV,0.0,0,2.2844211223663744,1,2023,2,17,4
19.0,Male,USA,Michigan,Standard,24.24,Tablet,2.0,0,3.228430037673012,0,2024,7,18,3
47.0,Male,USA,Washington,Standard,9.59,Tablet,1.0,0,2.359910159613315,0,2023,4,29,5
30.0,Male,USA,Ohio,Basic,1.24,Mobile,4.0,0,0.8064758658669484,0,2023,1,26,3
52.0,Female,USA,California,Basic,32.06,Desktop,5.0,0,3.498324092392878,0,2024,3,24,6
39.0,Male,Canada,Ontario,Standard,44.55,Smart TV,4.0,0,3.8188106237059674,0,2023,4,18,1
30.0,Female,USA,New Jersey,Standard,8.95,Gaming Console,1.0,0,2.2975725511705014,0,2025,3,14,4
21.0,Male,USA,Tennessee,Premium+,14.98,Gaming Console,0.0,0,2.7713379403381286,1,2022,10,3,0
17.0,Female,Canada,Prince Edward Island,Premium,10.53,Desktop,2.0,0,2.4449523342809676,0,2023,1,21,5
36.0,Female,USA,Washington,Standard,24.8,Mobile,1.0,0,3.250374491927572,0,2023,12,4,0
46.0,Male,USA,Ohio,Premium+,27.51,Smart TV,4.0,0,3.3502549029245805,0,2023,12,14,3
15.0,Female,USA,Ohio,Premium+,8.26,Tablet,3.0,0,2.225704048658088,0,2025,7,13,6
30.0,Female,Canada,Prince Edward Island,Standard,12.84,Gaming Console,1.0,0,2.6275629501895237,0,2025,2,14,4
33.0,Male,Canada,Prince Edward Island,Premium,16.38,Smart TV,4.0,0,2.8553201198372458,0,2023,5,2,1
47.0,Female,USA,California,Premium,22.01,Desktop,2.0,0,3.1359289040472746,0,2023,6,10,5
35.0,Male,USA,Virginia,Standard,6.87,Laptop,0.0,0,2.063058062429312,1,2023,3,17,4
23.0,Male,Canada,Prince Edward Island,Premium,5.11,Desktop,2.0,1,1.809926773183504,0,2025,3,10,0
17.0,Other,Canada,Prince Edward Island,Standard,16.61,Desktop,3.0,0,2.8684669225081145,0,2023,9,1,4
10.0,Other,USA,Arizona,Basic,7.46,Mobile,2.0,1,2.135349173618132,0,2024,1,27,5
26.0,Female,USA,Missouri,Premium,8.55,Desktop,2.0,0,2.256541154492639,0,2023,8,24,3
28.0,Male,USA,Georgia,Basic,8.59,Gaming Console,4.0,0,2.2607208888953467,0,2023,12,4,0
47.0,Male,USA,Tennessee,Basic,3.43,Mobile,2.0,1,1.4883995840570443,0,2023,7,15,5
19.0,Female,USA,Washington,Premium,21.811017452655033,Gaming Console,8.0,1,3.1272436408541084,0,2022,11,21,0
31.0,Female,Canada,Quebec,Standard,38.4,Laptop,1.0,0,3.673765816303888,0,2022,11,25,4
18.0,Female,USA,Maryland,Basic,9.58,Desktop,3.0,0,2.3589654264301534,0,2025,6,21,5
35.0,Female,USA,North Carolina,Premium,21.811017452655033,Gaming Console,4.0,1,3.1272436408541084,0,2025,7,2,2
57.0,Female,Canada,Quebec,Premium,22.38,Tablet,2.0,0,3.1518809560439225,0,2023,6,26,0
52.0,Male,USA,Maryland,Premium,23.37,Laptop,2.0,1,3.193352867637115,0,2024,7,30,1
55.0,Female,USA,Michigan,Standard,1.79,Mobile,2.0,1,1.0260415958332743,0,2023,8,2,2
52.0,Female,Canada,Ontario,Premium+,18.12,Tablet,4.0,0,2.9507349076232554,0,2022,8,30,1
29.0,Female,USA,Michigan,Basic,9.73,Mobile,1.0,0,2.373043556642607,0,2024,3,18,0
47.0,Other,Canada,Prince Edward Island,Premium,6.51,Desktop,1.0,1,2.0162354657760435,0,2024,5,22,2
35.0,Female,USA,California,Premium,23.98,Desktop,0.0,1,3.2180755046974316,1,2024,9,28,5
51.0,Female,Canada,Prince Edward Island,Standard,6.69,Mobile,4.0,0,2.0399207835175526,0,2023,5,16,1
37.0,Female,Canada,Ontario,Premium,22.06,Laptop,0.0,1,3.138099514840913,1,2024,3,23,5
24.0,Female,USA,Tennessee,Basic,26.17,Mobile,3.0,0,3.3021134234382563,0,2024,3,22,4
21.0,Male,Canada,Alberta,Basic,5.44,Gaming Console,6.0,0,1.8625285401162623,0,2023,11,8,2
53.0,Female,USA,California,Premium,11.19,Mobile,2.0,0,2.5006159434931803,0,2022,8,17,2
32.0,Male,USA,Missouri,Standard,31.29,Desktop,4.0,0,3.4747575847701837,0,2025,5,12,0
25.0,Female,Canada,Quebec,Standard,68.94,Mobile,4.0,0,4.24763773163523,0,2024,6,4,1
31.0,Female,USA,New Jersey,Premium,21.29,Mobile,4.0,1,3.1041381473977774,0,2022,11,28,0
34.0,Male,USA,Arizona,Premium,25.11,Gaming Console,5.0,1,3.2623183827110376,0,2025,7,14,0
35.0,Male,Canada,Manitoba,Premium,18.04,Laptop,4.0,0,2.9465420293632194,0,2025,3,12,2
33.0,Female,Canada,Alberta,Standard,4.29,Desktop,1.0,0,1.665818245870208,0,2024,1,20,5
57.0,Other,USA,Georgia,Premium,20.38,Smart TV,3.0,0,3.062455905596899,0,2023,7,28,4
15.0,Female,Canada,Quebec,Premium,10.31,Gaming Console,5.0,0,2.425687290128029,0,2024,9,23,0
42.0,Male,USA,Florida,Premium,10.48,Tablet,7.0,0,2.4406063908914204,0,2024,8,25,6
25.0,Female,Canada,Alberta,Standard,9.73,Gaming Console,0.0,0,2.373043556642607,1,2025,3,17,0
24.0,Male,USA,Maryland,Premium,18.05,Desktop,4.0,0,2.94706710157271,0,2023,5,7,6
24.0,Other,Canada,Nova Scotia,Premium,21.811017452655033,Tablet,0.0,0,3.1272436408541084,1,2023,1,14,5
27.0,Male,Canada,Newfoundland and Labrador,Premium,21.811017452655033,Laptop,4.0,0,3.1272436408541084,0,2022,8,18,3
34.0,Male,USA,Georgia,Standard,2.79,Laptop,1.0,0,1.332366019094335,0,2025,1,14,1
28.0,Female,Canada,Quebec,Standard,1.23,Tablet,2.0,0,0.8020015854720274,0,2023,3,3,4
32.0,Female,USA,Indiana,Standard,3.6,Gaming Console,0.0,0,1.5260563034950492,1,2025,6,10,1
43.0,Male,Canada,Quebec,Premium,30.13,Laptop,2.0,0,3.4381719844535166,0,2024,9,11,2
35.0,Male,USA,North Carolina,Basic,28.45,Mobile,2.0,0,3.3826939100975957,0,2023,11,4,5
40.0,Male,Canada,Manitoba,Premium,14.41,Laptop,2.0,0,2.7350166493320245,0,2024,1,1,0
53.0,Female,USA,Illinois,Standard,7.04,Smart TV,4.0,0,2.0844290831908747,0,2025,5,31,5
19.0,Female,USA,Ohio,Standard,13.81,Mobile,2.0,0,2.6953026282797072,0,2023,9,1,4
34.0,Male,USA,Texas,Standard,27.93,Mobile,2.0,0,3.3648791189880436,0,2023,6,5,0
19.0,Male,USA,North Carolina,Basic,8.16,Laptop,4.0,0,2.214846178686039,0,2025,1,28,1
30.0,Female,Canada,Nova Scotia,Standard,18.47,Gaming Console,5.0,0,2.968874819384108,0,2025,5,29,3
45.0,Female,Canada,Saskatchewan,Basic,5.29,Desktop,2.0,0,1.8389610707123492,0,2023,7,13,3
23.0,Other,USA,Texas,Premium,14.29,Tablet,0.0,0,2.727199019940971,1,2023,5,10,2
14.0,Male,USA,Washington,Standard,13.83,Tablet,2.0,0,2.696652156149841,0,2025,6,15,6
41.0,Male,Canada,Quebec,Premium,21.811017452655033,Smart TV,0.0,0,3.1272436408541084,1,2025,7,9,2
25.0,Male,Canada,Alberta,Standard,8.96,Mobile,4.0,0,2.298577071596507,0,2023,10,20,4
13.0,Other,Canada,Newfoundland and Labrador,Standard,9.21,Mobile,8.0,0,2.3233676321765744,0,2024,4,11,3
48.0,Female,USA,Wisconsin,Premium+,9.18,Tablet,2.0,0,2.3204250111223765,0,2022,11,13,6
37.0,Female,USA,Texas,Premium,21.811017452655033,Tablet,4.0,0,3.1272436408541084,0,2024,9,5,3
27.0,Male,USA,Illinois,Premium,5.25,Smart TV,6.0,0,1.8325814637483102,0,2025,3,4,1
57.0,Female,USA,Georgia,Standard,5.98,Smart TV,2.0,0,1.9430489167742813,0,2025,5,18,6
42.0,Male,USA,Illinois,Standard,12.81,Gaming Console,3.0,0,2.6253929674212007,0,2023,11,14,1
16.0,Male,USA,Texas,Basic,7.16,Smart TV,1.0,1,2.0992441689760155,0,2022,9,21,2
16.0,Male,Canada,Ontario,Standard,2.14,Laptop,1.0,1,1.144222799920162,0,2023,5,16,1
26.0,Other,Canada,Ontario,Standard,27.66,Smart TV,3.0,0,3.3555024224000256,0,2024,3,12,1
28.0,Other,USA,Virginia,Standard,927.72,Smart TV,5.0,0,6.83380729402978,0,2024,2,12,0
25.0,Female,Canada,Manitoba,Basic,51.57,Smart TV,6.0,0,3.9621456148313565,0,2022,10,26,2
36.0,Male,USA,Missouri,Premium+,20.71,Smart TV,4.0,0,3.0777729838902004,0,2022,11,18,4
16.0,Male,Canada,Ontario,Premium+,19.675352862849536,Tablet,3.0,0,3.0289423078910556,0,2024,10,10,3
38.0,Female,USA,Florida,Standard,9.01,Mobile,2.0,0,2.303584593327129,0,2022,10,14,4
46.0,Other,USA,Washington,Premium,30.76,Mobile,2.0,1,3.458207636378935,0,2023,1,27,4
45.0,Other,USA,Tennessee,Premium,9.01,Smart TV,3.0,0,2.303584593327129,0,2022,10,13,3
27.0,Female,USA,Maryland,Standard,22.854736059479553,Gaming Console,2.0,1,3.1719827745379456,0,2024,9,25,2
23.0,Male,USA,North Carolina,Standard,13.49,Smart TV,0.0,0,2.673458756332591,1,2024,8,18,6
31.0,Female,USA,Arizona,Premium,17.96,Smart TV,2.0,0,2.942331496826876,0,2024,8,19,0
27.0,Male,USA,Tennessee,Standard,6.99,Tablet,1.0,0,2.0781907597781832,0,2024,4,14,6
45.0,Other,Canada,Prince Edward Island,Basic,18.38,Tablet,1.0,0,2.96424160646262,0,2023,4,15,5
51.0,Female,USA,Washington,Premium,7.2,Desktop,2.0,0,2.1041341542702074,0,2024,8,21,2
36.0,Male,USA,Tennessee,Standard,19.42,Smart TV,2.0,0,3.01651481273652,0,2023,3,27,0
25.0,Female,USA,Virginia,Standard,15.69,Tablet,5.0,1,2.8148097376737438,0,2025,4,22,1
48.0,Other,USA,Illinois,Basic,4.83,Desktop,5.0,0,1.763017000362401,0,2024,1,31,2
25.0,Male,USA,Maryland,Premium+,19.675352862849536,Gaming Console,3.0,0,3.0289423078910556,0,2024,4,23,1
41.0,Female,USA,Arizona,Basic,9.8,Laptop,1.0,0,2.379546134130174,0,2022,9,28,2
15.0,Male,Canada,Ontario,Premium,10.84,Desktop,5.0,0,2.4714836294558595,0,2023,4,6,3
59.0,Female,Canada,Nova Scotia,Premium,12.6,Gaming Console,0.0,0,2.6100697927420065,1,2023,9,3,6
40.0,Female,Canada,Saskatchewan,Premium,8.13,Tablet,4.0,0,2.211565694606877,0,2024,7,9,1
40.0,Other,USA,New York,Premium+,9.77,Smart TV,4.0,0,2.3767644911682972,0,2024,10,9,2
36.0,Female,USA,Virginia,Premium,8.13,Laptop,3.0,0,2.211565694606877,0,2024,1,25,3
20.0,Female,Canada,Newfoundland and Labrador,Basic,2.39,Gaming Console,1.0,0,1.220829921392359,0,2024,12,8,6
25.0,Other,USA,Indiana,Standard,22.854736059479553,Mobile,2.0,0,3.1719827745379456,0,2023,3,21,1
24.0,Other,Canada,Manitoba,Premium+,6.69,Mobile,1.0,0,2.0399207835175526,0,2024,1,16,1
52.0,Male,USA,Tennessee,Premium,9.08,Tablet,4.0,0,2.3105532626432224,0,2024,7,21,6
33.0,Male,Canada,New Brunswick,Standard,18.65,Desktop,3.0,0,2.9780773383152703,0,2023,5,6,5
22.0,Other,USA,Maryland,Standard,2.91,Gaming Console,0.0,0,1.3635373739972745,1,2025,4,20,6
34.0,Male,USA,Georgia,Premium,21.811017452655033,Gaming Console,4.0,0,3.1272436408541084,0,2022,12,24,5
40.0,Female,USA,Wisconsin,Basic,20.14,Smart TV,1.0,0,3.051166980442092,0,2023,7,28,4
56.0,Female,Canada,Saskatchewan,Basic,20.136172344689378,Laptop,4.0,1,3.0509859018293035,0,2024,5,13,0
20.0,Other,USA,Texas,Premium+,9.35,Laptop,5.0,0,2.336986519711378,0,2024,9,6,4
38.0,Male,Canada,Newfoundland and Labrador,Premium,8.85,Laptop,4.0,0,2.2874714551839976,0,2024,5,13,0
23.0,Female,USA,Illinois,Premium+,8.69,Gaming Console,3.0,0,2.2710944259026746,0,2024,6,2,6
37.0,Male,Canada,Prince Edward Island,Standard,14.9,Desktop,0.0,0,2.766319109226186,1,2024,11,4,0
48.0,Other,Canada,Manitoba,Basic,13.94,Smart TV,3.0,0,2.7040421797046714,0,2025,3,2,6
41.0,Female,Canada,Manitoba,Basic,14.48,Gaming Console,0.0,0,2.739548868161581,1,2024,4,14,6
35.0,Female,USA,Indiana,Standard,22.854736059479553,Smart TV,2.0,0,3.1719827745379456,0,2024,3,29,4
33.0,Male,Canada,Manitoba,Standard,7.33,Laptop,3.0,0,2.1198634561787513,0,2024,12,5,3
32.0,Female,USA,Missouri,Standard,7.11,Tablet,2.0,0,2.0930978681273213,0,2023,5,17,2
28.0,Male,USA,California,Standard,18.64,Laptop,3.0,0,2.97756830292632,0,2023,3,8,2
59.0,Female,USA,Virginia,Premium+,10.78,Smart TV,5.0,0,2.4664031782234406,0,2023,10,23,0
20.0,Male,Canada,Quebec,Basic,18.88,Laptop,2.0,0,2.989714201228428,0,2023,6,2,4
35.0,Female,USA,Maryland,Standard,4.24,Desktop,1.0,0,1.6563214983329508,0,2022,12,19,0
28.0,Female,Canada,Prince Edward Island,Basic,14.53,Mobile,0.0,0,2.7427736371605955,1,2024,10,9,2
34.0,Other,USA,Florida,Premium+,16.99,Smart TV,5.0,0,2.8898160479624417,0,2024,3,12,1
15.0,Other,Canada,Manitoba,Premium,16.11,Tablet,5.0,1,2.839663087904102,0,2024,9,21,5
11.0,Female,USA,Maryland,Premium,20.03,Laptop,4.0,0,3.0459499897146083,0,2023,4,17,0
33.0,Female,USA,Arizona,Standard,23.97,Laptop,2.0,0,3.217675104291682,0,2024,5,7,1
25.0,Other,USA,Georgia,Basic,23.05,Smart TV,0.0,0,3.1801349965517702,1,2023,1,28,5
27.0,Male,USA,Ohio,Premium+,18.2,Laptop,3.0,0,2.954910279033736,0,2024,8,29,3
16.0,Other,USA,New Jersey,Premium,4.78,Desktop,5.0,1,1.7544036826842861,0,2024,11,18,0
52.0,Female,USA,Ohio,Premium+,11.75,Mobile,0.0,0,2.545531271604435,1,2025,5,7,2
21.0,Male,USA,Missouri,Premium,14.83,Laptop,1.0,0,2.761906873892921,0,2024,7,9,1
42.0,Female,Canada,Prince Edward Island,Premium+,33.93,Smart TV,4.0,0,3.5533460588187404,0,2024,7,19,4
25.0,Male,USA,California,Basic,28.04,Desktop,2.0,0,3.3686741899565953,0,2024,3,14,3
30.0,Male,USA,Virginia,Basic,0.69,Gaming Console,2.0,0,0.5247285289349821,0,2023,6,6,1
45.0,Male,USA,Florida,Standard,6.98,Mobile,1.0,0,2.0769384114617173,0,2022,8,20,5
53.0,Other,Canada,Ontario,Premium,9.96,Laptop,3.0,0,2.3942522815198695,0,2024,4,23,1
10.0,Other,USA,Missouri,Standard,7.64,Desktop,4.0,1,2.1564025828159643,0,2024,3,15,4
50.0,Female,USA,Michigan,Standard,4.26,Smart TV,3.0,0,1.6601310267496185,0,2025,2,10,0
32.0,Male,Canada,Manitoba,Premium+,19.675352862849536,Desktop,4.0,0,3.0289423078910556,0,2025,3,25,1
36.0,Female,USA,Arizona,Premium,29.67,Laptop,2.0,0,3.4232849781261603,0,2023,11,20,0
21.0,Female,USA,Michigan,Basic,5.29,Tablet,5.0,0,1.8389610707123492,0,2023,8,19,5
39.0,Male,Canada,Manitoba,Premium,20.94,Desktop,1.0,0,3.088311454847084,0,2022,8,8,0
19.0,Male,Canada,Alberta,Standard,7.0,Smart TV,2.0,0,2.0794415416798357,0,2024,3,16,5
49.0,Female,USA,Massachusetts,Standard,47.48,Tablet,0.0,0,3.881151341761059,1,2022,12,31,5
51.0,Other,USA,Massachusetts,Basic,20.136172344689378,Tablet,1.0,0,3.0509859018293035,0,2023,12,2,5
28.0,Other,Canada,New Brunswick,Standard,34.04,Gaming Console,4.0,0,3.5564902660681907,0,2025,7,29,1
42.0,Other,USA,Tennessee,Basic,22.96,Smart TV,2.0,0,3.1763857732472487,0,2023,10,10,1
29.0,Other,USA,Georgia,Standard,13.17,Gaming Console,0.0,0,2.6511270537025893,1,2023,7,29,5
38.0,Female,USA,New Jersey,Premium,63.19,Laptop,0.0,0,4.161847435323687,1,2024,11,19,1
36.0,Male,Canada,Manitoba,Standard,40.54,Gaming Console,0.0,1,3.726656818447966,1,2022,9,5,0
40.0,Male,USA,Georgia,Standard,4.77,Laptop,3.0,0,1.7526720805200082,0,2025,1,15,2
60.0,Male,USA,Tennessee,Basic,5.58,Desktop,2.0,0,1.884034745337226,0,2023,2,19,6
37.0,Female,USA,Florida,Basic,21.27,Mobile,1.0,0,3.1032404812692764,0,2024,5,17,4
39.0,Male,USA,Maryland,Premium,19.97,Desktop,1.0,0,3.0430928449138284,0,2022,8,5,4
12.0,Male,USA,Indiana,Standard,24.32,Smart TV,6.0,0,3.2315945972759756,0,2024,6,8,5
34.0,Female,USA,Indiana,Premium,25.27,Smart TV,0.0,0,3.2684276036974484,1,2023,11,25,5
52.0,Other,USA,Florida,Premium,21.811017452655033,Mobile,0.0,1,3.1272436408541084,1,2023,4,2,6
40.0,Female,Canada,Prince Edward Island,Standard,3.75,Smart TV,3.0,0,1.55814461804655,0,2024,1,28,6
27.0,Other,USA,Indiana,Premium+,10.41,Smart TV,0.0,0,2.4344901638739844,1,2025,7,1,1
51.0,Female,Canada,Alberta,Standard,11.62,Smart TV,2.0,0,2.5352828571130672,0,2024,7,29,0
34.0,Male,USA,New York,Premium+,25.55,Laptop,1.0,0,3.279029747687948,0,2024,11,5,1
41.0,Male,Canada,Nova Scotia,Standard,1.65,Laptop,4.0,1,0.9745596399981308,0,2025,4,12,5
37.0,Male,USA,Ohio,Basic,64.82,Smart TV,3.0,0,4.186923743515194,0,2023,2,17,4
57.0,Male,USA,Ohio,Standard,36.21,Tablet,3.0,0,3.6165775423585313,0,2025,3,31,0
54.0,Female,Canada,Nova Scotia,Standard,22.854736059479553,Smart TV,7.0,0,3.1719827745379456,0,2024,6,20,3
50.0,Female,Canada,Ontario,Standard,12.71,Desktop,2.0,0,2.6181254935742233,0,2023,6,8,3
37.0,Male,USA,North Carolina,Standard,12.97,Smart TV,2.0,0,2.6369121732688705,0,2024,2,11,6
39.0,Female,USA,North Carolina,Standard,11.74,Tablet,1.0,0,2.5447466501440172,0,2024,7,31,2
56.0,Male,USA,North Carolina,Premium,8.21,Laptop,1.0,0,2.2202898502672155,0,2024,7,25,3
60.0,Male,USA,Massachusetts,Standard,36.46,Desktop,6.0,0,3.6232736970159425,0,2023,9,19,1
30.0,Other,Canada,Nova Scotia,Standard,6.03,Desktop,2.0,0,1.9501867058225735,0,2025,1,25,5
31.0,Male,Canada,Alberta,Premium+,24.2,Tablet,1.0,0,3.2268439945173775,0,2025,5,21,2
52.0,Female,Canada,Nova Scotia,Standard,7.34,Smart TV,2.0,0,2.1210632163706555,0,2024,4,17,2
24.0,Male,Canada,Quebec,Standard,33.9,Smart TV,7.0,0,3.5524868292083815,0,2023,12,12,1
28.0,Male,USA,Georgia,Standard,29.6,Mobile,2.0,0,3.4210000089583352,0,2024,7,16,1
13.0,Female,USA,Massachusetts,Basic,9.99,Smart TV,4.0,0,2.39698576841553,0,2024,2,14,2
48.0,Other,USA,North Carolina,Basic,15.47,Tablet,1.0,0,2.8015405441895487,0,2023,12,8,4
28.0,Male,USA,Illinois,Standard,23.36,Mobile,0.0,0,3.192942442841696,1,2022,10,6,3
46.0,Male,Canada,British Columbia,Premium,7.25,Gaming Console,2.0,1,2.1102132003465894,0,2025,3,7,4
51.0,Female,USA,Ohio,Standard,6.75,Tablet,3.0,0,2.0476928433652555,0,2022,9,9,4
32.0,Female,USA,Washington,Premium,1.49,Gaming Console,2.0,0,0.9122827104766162,0,2024,12,3,1
32.0,Male,USA,Florida,Premium+,17.09,Gaming Console,0.0,0,2.895359299407204,1,2024,1,27,5
14.0,Male,Canada,Nova Scotia,Basic,17.8,Mobile,2.0,0,2.9338568698359038,0,2023,7,3,0
15.0,Male,USA,Tennessee,Basic,20.87,Desktop,3.0,0,3.0851158346886765,0,2024,11,6,2
35.0,Female,USA,Washington,Premium,32.22,Mobile,2.0,0,3.503152104185149,0,2023,12,30,5
35.0,Other,USA,Michigan,Premium,0.74,Smart TV,0.0,0,0.5538851132264376,1,2024,4,23,1
39.0,Other,Canada,British Columbia,Standard,19.22,Tablet,3.0,0,3.006672213592325,0,2022,11,3,3
33.0,Female,USA,Texas,Standard,15.7,Laptop,4.0,0,2.8154087194227095,0,2025,6,2,0
26.0,Male,USA,Virginia,Premium,21.811017452655033,Desktop,2.0,1,3.1272436408541084,0,2024,10,24,3
35.0,Male,Canada,Manitoba,Standard,4.86,Laptop,3.0,0,1.7681496035889213,0,2023,12,11,0
26.0,Female,USA,Pennsylvania,Standard,9.92,Desktop,1.0,0,2.390595970316759,0,2022,9,15,3
28.0,Female,Canada,Prince Edward Island,Standard,9.71,Tablet,4.0,0,2.3711778844596574,0,2024,8,31,5
23.0,Male,USA,Washington,Standard,22.854736059479553,Smart TV,1.0,1,3.1719827745379456,0,2023,7,20,3
35.0,Male,Canada,Saskatchewan,Premium,21.73,Smart TV,3.0,1,3.123685637864452,0,2023,12,27,2
35.0,Female,USA,Massachusetts,Premium+,20.62,Mobile,1.0,0,3.073618812211062,0,2024,3,25,0
27.0,Other,USA,Virginia,Premium,5.36,Laptop,5.0,0,1.8500283773520307,0,2022,8,27,5
49.0,Female,USA,Virginia,Premium,10.88,Tablet,2.0,0,2.474856313934499,0,2025,6,4,2
47.0,Male,USA,New York,Premium,6.62,Smart TV,2.0,0,2.030776369698555,0,2023,8,20,6
33.0,Other,Canada,Alberta,Premium+,19.675352862849536,Mobile,2.0,0,3.0289423078910556,0,2025,5,19,0
42.0,Female,USA,Ohio,Premium+,7.89,Desktop,4.0,0,2.1849270495258133,0,2024,4,26,4
35.0,Female,USA,Georgia,Premium,11.73,Laptop,1.0,1,2.543961412569315,0,2025,1,7,1
37.0,Female,USA,Washington,Premium,13.65,Mobile,0.0,0,2.6844403354630764,1,2023,4,14,4
29.0,Male,USA,Pennsylvania,Basic,12.97,Mobile,5.0,1,2.6369121732688705,0,2023,2,17,4
35.0,Male,USA,Virginia,Premium,11.32,Smart TV,3.0,1,2.511223958105374,0,2022,8,6,5
26.0,Female,USA,Massachusetts,Standard,12.41,Tablet,3.0,0,2.596000697293587,0,2025,5,26,0
55.0,Female,USA,New Jersey,Premium,7.4,Gaming Console,2.0,0,2.128231705849268,0,2024,11,12,1
39.0,Male,Canada,Manitoba,Basic,17.38,Mobile,2.0,1,2.911263116927541,0,2024,3,4,0
25.0,Female,Canada,Prince Edward Island,Basic,11.61,Desktop,4.0,0,2.534490149976828,0,2023,12,5,1
20.0,Female,USA,North Carolina,Premium,6.07,Gaming Console,3.0,1,1.9558604799084813,0,2024,12,24,1
45.0,Male,USA,Virginia,Standard,22.854736059479553,Tablet,2.0,0,3.1719827745379456,0,2023,10,1,6
34.0,Male,USA,North Carolina,Basic,24.06,Gaming Console,2.0,0,3.221272949467922,0,2023,6,14,2
27.0,Male,USA,Illinois,Basic,37.44,Mobile,1.0,0,3.6490985841020915,0,2025,4,27,6
26.0,Female,Canada,New Brunswick,Premium,14.25,Mobile,3.0,0,2.7245795030534206,0,2025,4,27,6
33.0,Other,Canada,Prince Edward Island,Premium+,27.73,Mobile,0.0,0,3.3579418729911983,1,2024,3,22,4
52.0,Female,USA,North Carolina,Premium+,1.87,Laptop,1.0,0,1.0543120297715298,0,2024,11,14,3
46.0,Female,USA,Florida,Standard,7.39,Tablet,2.0,0,2.127040520479115,0,2022,11,21,0
30.0,Female,Canada,Alberta,Standard,22.854736059479553,Gaming Console,0.0,1,3.1719827745379456,1,2025,7,9,2
18.0,Male,Canada,Ontario,Basic,17.45,Tablet,2.0,0,2.915064370486536,0,2025,7,12,5
38.0,Male,Canada,Saskatchewan,Standard,14.08,Laptop,4.0,0,2.71336936257981,0,2023,3,18,5
57.0,Male,USA,Georgia,Standard,29.8,Tablet,1.0,0,3.427514689979529,0,2024,5,11,5
44.0,Female,USA,Arizona,Standard,484.58,Desktop,0.0,0,6.185344052735665,1,2025,6,9,0
33.0,Male,Canada,Alberta,Basic,9.33,Laptop,0.0,0,2.3350522831315472,1,2023,4,23,6
20.0,Other,Canada,British Columbia,Premium,10.45,Smart TV,2.0,0,2.4379897300002487,0,2022,11,26,5
42.0,Female,USA,Georgia,Standard,20.7,Tablet,2.0,0,3.077312260546414,0,2024,4,25,3
30.0,Female,USA,Wisconsin,Standard,46.69,Tablet,4.0,0,3.864721732310133,0,2022,11,14,0
41.0,Male,USA,Michigan,Premium,30.4,Desktop,2.0,0,3.4468078929142076,0,2025,5,10,5
44.0,Female,USA,Indiana,Standard,24.22,Gaming Console,3.0,1,3.2276373305367736,0,2025,2,21,4
53.0,Female,USA,Massachusetts,Premium,14.43,Gaming Console,2.0,0,2.7363136663750693,0,2022,11,29,1
14.0,Male,USA,Washington,Basic,9.53,Smart TV,3.0,0,2.354228326145884,0,2025,7,5,5
39.0,Female,USA,Missouri,Premium,0.66,Desktop,2.0,0,0.5068176023684519,0,2023,5,19,4
38.0,Female,USA,Missouri,Basic,21.12,Gaming Console,6.0,1,3.096482176654134,0,2024,4,12,4
34.0,Other,USA,Virginia,Premium+,30.01,Desktop,4.0,0,3.4343097331123578,0,2025,6,16,0
44.0,Male,USA,Washington,Premium,25.42,Mobile,2.0,0,3.2741212990941793,0,2023,6,8,3
41.0,Male,USA,Massachusetts,Basic,44.65,Tablet,2.0,0,3.8210036070409776,0,2022,12,24,5
43.0,Male,USA,Indiana,Standard,9.16,Smart TV,0.0,0,2.318458442150336,1,2022,12,9,4
54.0,Male,Canada,Saskatchewan,Premium+,15.27,Smart TV,0.0,0,2.7893229212309465,1,2024,7,4,3
37.0,Male,USA,Illinois,Premium,7.15,Desktop,3.0,0,2.0980179272527715,0,2024,1,2,1
42.0,Female,Canada,Saskatchewan,Premium,1.92,Mobile,2.0,1,1.0715836162801904,0,2022,10,7,4
34.0,Female,Canada,Ontario,Basic,9.76,Desktop,6.0,1,2.3758355547336385,0,2024,8,1,3
52.0,Female,USA,Illinois,Premium,7.62,Tablet,2.0,0,2.154085084675602,0,2024,9,16,0
41.0,Female,USA,Ohio,Standard,3.72,Mobile,2.0,0,1.551808799597464,0,2025,6,20,4
35.0,Male,Canada,Prince Edward Island,Premium+,44.24,Gaming Console,2.0,0,3.81198165124792,0,2024,10,15,1
35.0,Other,USA,Virginia,Basic,20.136172344689378,Mobile,5.0,0,3.0509859018293035,0,2025,3,4,1
31.0,Male,Canada,Manitoba,Standard,13.1,Desktop,0.0,1,2.6461747973841225,1,2024,11,8,4
26.0,Male,USA,California,Standard,10.47,Smart TV,2.0,0,2.4397349311412793,0,2022,10,14,4
30.0,Female,Canada,Ontario,Basic,47.98,Smart TV,0.0,0,3.891412051524022,1,2022,11,12,5
25.0,Female,Canada,British Columbia,Standard,4.56,Smart TV,2.0,0,1.715598108262491,0,2024,1,3,2
25.0,Male,Canada,Newfoundland and Labrador,Standard,4.58,Smart TV,2.0,0,1.7191887763932197,0,2024,7,24,2
20.0,Other,Canada,Manitoba,Premium,16.03,Desktop,5.0,1,2.834976494674597,0,2023,8,19,5
32.0,Female,USA,Michigan,Standard,9.62,Laptop,6.0,0,2.362739015813793,0,2024,5,25,5
37.0,Male,USA,Tennessee,Standard,39.22,Tablet,3.0,1,3.6943643843445058,0,2024,2,2,4
37.0,Male,USA,Washington,Premium,19.13,Mobile,5.0,0,3.0022112396517002,0,2022,11,10,3
16.0,Other,USA,Ohio,Standard,17.9,Gaming Console,2.0,0,2.9391619220655967,0,2023,12,14,3
33.0,Male,USA,New York,Basic,15.57,Mobile,2.0,0,2.8075938314384716,0,2024,11,6,2
25.0,Male,Canada,Saskatchewan,Standard,9.13,Tablet,4.0,0,2.315501318260592,0,2022,9,15,3
31.0,Female,Canada,Saskatchewan,Standard,34.36,Smart TV,2.0,0,3.5655812377694427,0,2023,3,21,1
36.0,Male,USA,Texas,Standard,11.86,Desktop,2.0,0,2.554121718809473,0,2025,7,19,5
38.0,Other,USA,Texas,Standard,6.79,Laptop,4.0,0,2.052840859882657,0,2023,10,22,6
41.0,Male,USA,Virginia,Premium+,5.04,Desktop,0.0,0,1.7984040119467235,1,2023,11,3,4
53.0,Male,USA,Missouri,Standard,14.19,Laptop,0.0,1,2.7206373166076814,1,2023,3,16,3
22.0,Male,USA,Arizona,Premium,40.0,Gaming Console,1.0,0,3.713572066704308,0,2022,10,10,0
44.0,Male,USA,North Carolina,Standard,1.8,Desktop,2.0,0,1.0296194171811581,0,2024,12,6,4
53.0,Male,USA,Pennsylvania,Standard,33.76,Desktop,0.0,0,3.548467300397191,1,2022,11,22,1
44.0,Male,Canada,New Brunswick,Premium+,33.47,Tablet,4.0,0,3.540089380528774,0,2025,3,23,6
40.0,Other,USA,California,Standard,11.49,Gaming Console,3.0,0,2.5249283241374862,0,2024,7,25,3
36.0,Male,USA,Georgia,Basic,10.77,Tablet,1.0,0,2.4655539212721855,0,2023,10,21,5
34.0,Other,USA,Tennessee,Premium,7.29,Tablet,6.0,0,2.1150499691472033,0,2023,6,5,0
25.0,Female,Canada,New Brunswick,Standard,22.854736059479553,Gaming Console,2.0,0,3.1719827745379456,0,2023,3,25,5
30.0,Female,Canada,Saskatchewan,Standard,6.09,Desktop,3.0,0,1.958685340544036,0,2024,12,14,5
23.0,Male,Canada,Manitoba,Premium,7.81,Smart TV,2.0,0,2.175887439948088,0,2023,1,15,6
23.0,Female,USA,Pennsylvania,Standard,14.0,Gaming Console,1.0,0,2.70805020110221,0,2024,10,30,2
26.0,Male,Canada,New Brunswick,Premium,28.44,Smart TV,0.0,0,3.3823542938606757,1,2024,5,31,4
44.0,Male,USA,Maryland,Premium,4.42,Smart TV,0.0,1,1.6900958154515549,1,2022,8,15,0
30.0,Other,Canada,British Columbia,Standard,36.84,Desktop,3.0,0,3.6333667441836774,0,2022,9,3,5
27.0,Male,USA,Wisconsin,Premium,282.42,Gaming Console,2.0,0,5.646929896396724,0,2023,3,28,1
34.0,Female,Canada,Quebec,Standard,22.854736059479553,Desktop,2.0,0,3.1719827745379456,0,2025,4,23,2
38.0,Male,USA,Wisconsin,Standard,16.56,Gaming Console,1.0,0,2.8656235882069705,0,2025,5,24,5
25.0,Male,USA,Missouri,Standard,17.54,Laptop,5.0,0,2.919930560137709,0,2023,4,6,3
48.0,Female,USA,Florida,Basic,4.91,Mobile,6.0,0,1.776645831418007,0,2025,2,20,3
49.0,Male,USA,Arizona,Basic,9.28,Smart TV,0.0,0,2.330200260027019,1,2023,3,1,2
22.0,Other,USA,Pennsylvania,Premium,15.22,Laptop,3.0,0,2.7862450486872667,0,2023,5,1,0
60.0,Other,USA,Wisconsin,Premium,5.62,Tablet,3.0,1,1.890095369948917,0,2024,3,15,4
18.0,Female,Canada,Saskatchewan,Standard,13.84,Mobile,1.0,0,2.6973262377392344,0,2024,8,21,2
36.0,Male,USA,New York,Standard,7.8,Mobile,2.0,0,2.174751721484161,0,2024,10,1,1
56.0,Female,USA,Pennsylvania,Basic,6.87,Mobile,3.0,0,2.063058062429312,0,2025,7,24,3
18.0,Female,USA,Washington,Premium,24.7,Tablet,3.0,0,3.246490991901174,0,2024,3,12,1
37.0,Male,USA,Maryland,Standard,13.02,Mobile,1.0,0,2.640484881606444,0,2024,5,21,1
36.0,Male,USA,Indiana,Premium,6.28,Laptop,1.0,1,1.9851308622085946,0,2023,6,15,3
30.0,Male,USA,Washington,Premium,21.811017452655033,Tablet,1.0,0,3.1272436408541084,0,2025,5,9,4
38.0,Male,USA,Michigan,Premium,21.811017452655033,Desktop,0.0,1,3.1272436408541084,1,2022,9,24,5
53.0,Female,USA,California,Premium,21.811017452655033,Tablet,1.0,0,3.1272436408541084,0,2022,8,14,6
20.0,Male,USA,Maryland,Premium+,19.675352862849536,Desktop,4.0,0,3.0289423078910556,0,2024,11,8,4
41.0,Male,USA,Maryland,Standard,11.79,Mobile,6.0,1,2.548663615590751,0,2024,9,27,4
32.0,Female,Canada,Ontario,Basic,6.43,Laptop,2.0,1,2.005525858729668,0,2022,9,28,2
32.0,Male,USA,Pennsylvania,Premium,10.81,Mobile,4.0,0,2.468946630209271,0,2025,4,16,2
41.0,Male,Canada,Saskatchewan,Premium,34.02,Tablet,0.0,0,3.555919326857706,1,2024,1,28,6
29.0,Other,USA,Illinois,Premium,18.6,Laptop,0.0,0,2.975529566236472,1,2022,10,3,0
38.0,Male,USA,Wisconsin,Standard,16.04,Tablet,3.0,0,2.8355635214011694,0,2023,11,21,1
39.0,Male,Canada,Manitoba,Basic,25.83,Gaming Console,2.0,0,3.2895206644375325,0,2023,10,10,1
21.0,Female,USA,Missouri,Standard,12.21,Desktop,2.0,1,2.580974118534234,0,2023,1,28,5
25.0,Female,USA,Ohio,Premium+,8.98,Gaming Console,3.0,1,2.300583090323373,0,2023,7,21,4
41.0,Male,Canada,Nova Scotia,Standard,8.36,Gaming Console,1.0,1,2.2364452904895007,0,2024,7,16,1
35.0,Male,USA,Texas,Standard,13.75,Tablet,5.0,0,2.691243082785829,0,2023,11,23,3
46.0,Female,Canada,British Columbia,Premium,16.25,Laptop,2.0,0,2.847812143477369,0,2024,1,24,2
20.0,Female,USA,North Carolina,Premium,21.811017452655033,Mobile,4.0,0,3.1272436408541084,0,2022,9,28,2
29.0,Male,USA,Ohio,Basic,0.8,Smart TV,3.0,0,0.5877866649021191,0,2024,6,27,3
54.0,Other,USA,North Carolina,Premium,5.04,Mobile,3.0,0,1.7984040119467235,0,2024,10,30,2
41.0,Other,USA,Georgia,Premium,2.72,Laptop,3.0,0,1.3137236682850553,0,2023,6,23,4
42.0,Male,USA,Washington,Premium+,37.95,Laptop,3.0,0,3.6622787723167574,0,2023,4,8,5
53.0,Male,USA,Indiana,Standard,29.11,Gaming Console,2.0,1,3.4048573424936426,0,2023,10,11,2
40.0,Female,USA,Missouri,Premium,9.02,Laptop,3.0,0,2.3045830956567186,0,2023,10,1,6
48.0,Male,USA,Arizona,Basic,9.2,Mobile,0.0,0,2.322387720290225,1,2024,8,23,4
11.0,Female,Canada,Ontario,Premium,8.73,Tablet,1.0,0,2.2752138961979136,0,2023,9,27,2
28.0,Female,USA,Michigan,Standard,9.94,Smart TV,3.0,0,2.392425796993835,0,2023,8,22,1
22.0,Other,USA,California,Premium+,6.83,Gaming Console,3.0,0,2.057962510002712,0,2023,3,10,4
32.0,Female,USA,Tennessee,Standard,11.64,Laptop,4.0,0,2.5368663887187113,0,2023,1,17,1
33.0,Female,USA,Georgia,Basic,12.04,Laptop,3.0,0,2.5680215564985067,0,2024,5,2,3
28.0,Other,USA,New Jersey,Premium,6.61,Desktop,6.0,0,2.0294631718735947,0,2023,6,25,6
31.0,Female,USA,Indiana,Standard,7.93,Tablet,1.0,0,2.189416394888408,0,2025,7,25,4
41.0,Female,Canada,Prince Edward Island,Basic,9.37,Smart TV,3.0,0,2.3389170222414357,0,2024,10,1,1
22.0,Male,Canada,Ontario,Premium,23.18,Smart TV,2.0,0,3.1855258451866466,0,2024,7,22,0
50.0,Male,Canada,Quebec,Premium,10.85,Desktop,2.0,1,2.47232786758114,0,2025,5,21,2
31.0,Male,Canada,Ontario,Premium,11.14,Gaming Console,3.0,0,2.4965057856313524,0,2025,1,21,1
30.0,Male,USA,Ohio,Standard,22.854736059479553,Laptop,1.0,0,3.1719827745379456,0,2025,7,20,6
23.0,Other,Canada,Quebec,Premium,8.72,Laptop,1.0,0,2.2741856184723477,0,2025,5,23,4
19.0,Other,Canada,Saskatchewan,Premium+,20.71,Tablet,4.0,1,3.0777729838902004,0,2022,8,9,1
37.0,Male,USA,Missouri,Standard,22.854736059479553,Mobile,1.0,0,3.1719827745379456,0,2024,7,26,4
50.0,Female,USA,Illinois,Premium,14.78,Tablet,1.0,0,2.7587433154177283,0,2024,12,26,3
32.0,Other,USA,Tennessee,Standard,9.64,Mobile,3.0,0,2.3646204839134985,0,2022,12,19,0
41.0,Male,USA,North Carolina,Standard,15.65,Tablet,2.0,0,2.8124102164264526,0,2024,7,15,0
31.0,Male,Canada,Nova Scotia,Premium,14.46,Smart TV,2.0,1,2.738256043159276,0,2024,3,13,2
28.0,Female,USA,New Jersey,Premium+,11.88,Mobile,1.0,0,2.5556757206762075,0,2025,1,10,4
28.0,Other,USA,Maryland,Premium,45.37,Gaming Console,0.0,0,3.8366526984033693,1,2024,7,28,6
18.0,Other,Canada,New Brunswick,Standard,18.93,Desktop,3.0,1,2.9922261342247034,0,2025,2,23,6
34.0,Female,Canada,Prince Edward Island,Standard,32.96,Mobile,3.0,0,3.5251833614431467,0,2024,10,6,6
33.0,Other,USA,Texas,Premium,8.97,Mobile,0.0,0,2.299580583973747,1,2023,6,13,1
20.0,Female,USA,North Carolina,Standard,34.19,Gaming Console,1.0,0,3.5607619513334936,0,2024,9,14,5
53.0,Male,Canada,Newfoundland and Labrador,Standard,7.38,Desktop,4.0,0,2.1258479144939915,0,2023,8,27,6
40.0,Female,USA,Virginia,Basic,32.75,Tablet,1.0,0,3.518980417318539,0,2022,10,10,0
30.0,Male,Canada,New Brunswick,Premium,14.13,Mobile,3.0,0,2.7166795278002644,0,2023,5,5,4
38.0,Female,Canada,Newfoundland and Labrador,Premium+,1.79,Smart TV,0.0,0,1.0260415958332743,1,2022,10,10,0
19.0,Female,USA,New York,Basic,20.136172344689378,Tablet,4.0,1,3.0509859018293035,0,2025,6,24,1
31.0,Female,Canada,British Columbia,Basic,2.96,Smart TV,1.0,0,1.3762440252663892,0,2022,11,16,2
32.0,Female,USA,Illinois,Standard,6.89,Laptop,3.0,0,2.065596134857783,0,2023,9,14,3
52.0,Male,USA,Texas,Premium,16.03,Desktop,1.0,0,2.834976494674597,0,2023,6,13,1
37.0,Female,USA,Texas,Basic,18.27,Tablet,1.0,1,2.958549482426275,0,2025,4,6,6
31.0,Male,Canada,Alberta,Standard,26.54,Mobile,5.0,0,3.315639493300509,0,2023,9,20,2
27.0,Other,USA,New Jersey,Premium,17.91,Laptop,4.0,0,2.9396908826703663,0,2024,12,22,6
55.0,Other,USA,North Carolina,Standard,33.25,Desktop,3.0,0,3.5336865647082343,0,2023,2,7,1
46.0,Male,Canada,Nova Scotia,Basic,37.72,Smart TV,5.0,0,3.656356262408376,0,2025,5,10,5
31.0,Female,USA,California,Standard,22.854736059479553,Desktop,4.0,0,3.1719827745379456,0,2025,5,10,5
33.0,Male,Canada,Ontario,Basic,5.78,Laptop,3.0,0,1.9139771019523042,0,2023,4,29,5
47.0,Male,USA,Georgia,Premium,37.57,Gaming Console,0.0,0,3.6524747722201365,1,2022,11,21,0
40.0,Male,USA,New York,Premium,20.98,Gaming Console,0.0,0,3.090132948975475,1,2025,6,17,1
29.0,Male,USA,Texas,Standard,4.89,Desktop,1.0,0,1.7732559976634952,0,2023,10,10,1
41.0,Male,Canada,Ontario,Premium,30.8,Mobile,0.0,0,3.459466289786131,1,2023,3,3,4
12.0,Male,Canada,British Columbia,Standard,16.96,Mobile,5.0,0,2.8881470628740535,0,2022,11,7,0
27.0,Female,USA,Indiana,Basic,19.3,Desktop,1.0,1,3.0106208860477417,0,2024,11,24,6
33.0,Female,Canada,Manitoba,Premium,27.71,Gaming Console,7.0,0,3.3572454941329726,0,2023,1,7,5
25.0,Other,USA,Arizona,Premium,20.42,Mobile,4.0,0,3.064325065019603,0,2024,11,25,0
27.0,Male,USA,Washington,Premium+,16.31,Tablet,1.0,0,2.851284369188118,0,2022,12,13,1
31.0,Male,USA,North Carolina,Premium,5.48,Laptop,1.0,0,1.8687205103641833,0,2024,5,2,3
31.0,Male,USA,New York,Standard,18.84,Laptop,4.0,0,2.987700101856727,0,2023,9,6,2
27.0,Male,USA,Florida,Premium,6.57,Smart TV,1.0,0,2.0241930674493576,0,2025,3,16,6
25.0,Female,Canada,Ontario,Premium,6.37,Mobile,2.0,1,1.9974177062012453,0,2024,12,12,3
52.0,Male,Canada,Quebec,Standard,12.07,Mobile,2.0,0,2.570319527636131,0,2023,12,31,6
24.0,Other,Canada,Quebec,Standard,8.55,Desktop,6.0,0,2.256541154492639,0,2023,7,26,2
54.0,Male,Canada,Alberta,Standard,2.65,Laptop,2.0,0,1.2947271675944,0,2023,3,2,3
22.0,Female,USA,Ohio,Standard,11.29,Desktop,3.0,0,2.5087859235779435,0,2024,12,25,2
21.0,Male,Canada,Manitoba,Standard,17.09,Tablet,2.0,0,2.895359299407204,0,2024,8,2,4
39.0,Other,USA,Michigan,Premium,20.39,Tablet,2.0,0,3.062923523094314,0,2024,9,4,2
45.0,Male,USA,Washington,Basic,16.87,Gaming Console,0.0,0,2.8831233291713367,1,2022,8,18,3
26.0,Male,USA,Illinois,Premium+,16.58,Mobile,0.0,0,2.866761892257031,1,2023,11,3,4
49.0,Female,USA,Indiana,Premium,25.52,Mobile,6.0,0,3.277899165317662,0,2024,11,27,2
36.0,Female,USA,Virginia,Premium,5.86,Smart TV,0.0,0,1.925707441737794,1,2023,5,29,0
31.0,Female,Canada,Manitoba,Premium,21.811017452655033,Desktop,1.0,0,3.1272436408541084,0,2023,7,21,4
21.0,Female,Canada,Prince Edward Island,Standard,22.854736059479553,Smart TV,2.0,1,3.1719827745379456,0,2025,1,26,6
29.0,Male,Canada,Manitoba,Standard,10.77,Mobile,3.0,1,2.4655539212721855,0,2023,10,10,1
30.0,Other,Canada,British Columbia,Premium,15.48,Tablet,3.0,0,2.8021475244813256,0,2022,11,26,5
19.0,Male,Canada,New Brunswick,Premium,49.82,Mobile,2.0,0,3.928289977892018,0,2023,11,16,3
37.0,Female,USA,Tennessee,Premium,30.4,Smart TV,1.0,0,3.4468078929142076,0,2023,12,1,4
15.0,Other,USA,Illinois,Standard,4.72,Mobile,2.0,1,1.7439688053917064,0,2024,7,24,2
38.0,Female,Canada,Prince Edward Island,Premium,21.811017452655033,Desktop,3.0,1,3.1272436408541084,0,2023,10,4,2
36.0,Female,Canada,Manitoba,Standard,22.854736059479553,Tablet,1.0,0,3.1719827745379456,0,2025,1,15,2
28.0,Other,Canada,Quebec,Standard,23.65,Gaming Console,0.0,0,3.204776900488699,1,2025,1,27,0
35.0,Male,USA,Michigan,Premium,10.33,Tablet,2.0,0,2.427454075039915,0,2024,12,29,6
52.0,Female,USA,Wisconsin,Standard,28.55,Gaming Console,4.0,0,3.386083743852107,0,2024,1,19,4
37.0,Male,USA,Indiana,Premium,11.43,Desktop,5.0,0,2.5201129055226197,0,2023,7,4,1
16.0,Female,Canada,Newfoundland and Labrador,Standard,10.17,Mobile,4.0,1,2.413231613081109,0,2024,9,19,3
31.0,Female,USA,North Carolina,Basic,20.136172344689378,Gaming Console,4.0,0,3.0509859018293035,0,2025,3,11,1
25.0,Male,USA,Illinois,Standard,26.01,Mobile,2.0,1,3.2962071678045244,0,2023,9,15,4
41.0,Other,USA,Arizona,Premium,39.81,Mobile,0.0,1,3.7089271494177143,1,2024,8,30,4
46.0,Other,USA,Florida,Standard,3.61,Gaming Console,6.0,0,1.528227857008557,0,2025,7,20,6
29.0,Other,USA,Washington,Basic,11.53,Desktop,3.0,0,2.528125768907977,0,2022,8,27,5
46.0,Male,USA,New York,Premium,28.33,Smart TV,2.0,0,3.3786108829893595,0,2024,4,9,1
23.0,Male,USA,Texas,Basic,28.44,Gaming Console,4.0,0,3.3823542938606757,0,2022,11,28,0
49.0,Female,USA,Pennsylvania,Premium,0.11,Smart TV,5.0,0,0.10436001532424277,0,2023,6,6,1
21.0,Female,USA,Missouri,Premium,10.25,Mobile,0.0,1,2.4203681286504293,1,2023,7,8,5
38.0,Male,Canada,Alberta,Standard,22.854736059479553,Mobile,2.0,0,3.1719827745379456,0,2022,9,10,5
12.0,Female,USA,Michigan,Premium+,41.4,Tablet,1.0,0,3.7471483622379123,0,2025,6,29,6
44.0,Female,USA,New York,Standard,22.854736059479553,Mobile,2.0,1,3.1719827745379456,0,2023,6,7,2
54.0,Male,USA,Arizona,Premium+,19.675352862849536,Tablet,2.0,0,3.0289423078910556,0,2022,8,6,5
59.0,Female,USA,Arizona,Premium,26.68,Tablet,3.0,0,3.3207101307494686,0,2023,1,29,6
32.0,Male,Canada,British Columbia,Basic,13.43,Tablet,2.0,0,2.6693093727857793,0,2024,11,18,0
36.0,Male,USA,North Carolina,Premium,2.14,Laptop,2.0,1,1.144222799920162,0,2022,8,3,2
51.0,Female,USA,New York,Premium+,12.53,Mobile,4.0,0,2.604909442182697,0,2024,10,19,5
34.0,Other,USA,Georgia,Premium,31.55,Tablet,2.0,0,3.482777368654578,0,2024,11,22,4
29.0,Male,USA,Washington,Standard,5.09,Mobile,3.0,0,1.8066480817218056,0,2023,3,5,6
43.0,Female,USA,California,Basic,23.06,Tablet,2.0,0,3.180550710546533,0,2022,12,27,1
34.0,Female,USA,Maryland,Basic,20.136172344689378,Smart TV,3.0,0,3.0509859018293035,0,2022,11,28,0
26.0,Female,Canada,Newfoundland and Labrador,Premium,45.29,Mobile,1.0,0,3.8349259550431793,0,2024,8,30,4
36.0,Female,USA,Wisconsin,Premium+,11.4,Gaming Console,3.0,1,2.517696472610991,0,2024,3,22,4
26.0,Other,USA,Maryland,Premium,5.12,Mobile,5.0,1,1.8115620965242347,0,2025,3,22,5
41.0,Male,USA,Ohio,Basic,2.85,Smart TV,0.0,0,1.3480731482996928,1,2024,9,14,5
29.0,Female,Canada,Saskatchewan,Premium,7.12,Desktop,4.0,0,2.0943301541735866,0,2024,12,3,1
29.0,Other,Canada,Nova Scotia,Premium,26.86,Gaming Console,6.0,0,3.3271919683516598,0,2024,5,25,5
28.0,Female,USA,Ohio,Premium+,4.81,Tablet,2.0,1,1.7595805708638197,0,2023,11,13,0
38.0,Female,USA,Tennessee,Standard,7.16,Laptop,3.0,1,2.0992441689760155,0,2023,12,19,1
19.0,Male,USA,Indiana,Standard,18.22,Gaming Console,2.0,0,2.9559514035421466,0,2023,2,23,3
38.0,Male,USA,Virginia,Basic,6.13,Desktop,6.0,0,1.9643112344262046,0,2023,6,22,3
30.0,Female,USA,North Carolina,Premium,7.3,Desktop,1.0,0,2.1162555148025524,0,2024,4,19,4
10.0,Female,USA,Washington,Standard,12.3,Tablet,4.0,0,2.5877640352277083,0,2022,8,6,5
50.0,Female,USA,Maryland,Standard,9.25,Gaming Console,2.0,0,2.327277705584417,0,2023,8,9,2
35.0,Female,Canada,New Brunswick,Basic,4.56,Laptop,1.0,1,1.715598108262491,0,2024,5,25,5
28.0,Female,USA,Arizona,Premium+,11.62,Desktop,5.0,0,2.5352828571130672,0,2023,1,1,6
41.0,Other,USA,Arizona,Premium+,0.75,Smart TV,3.0,0,0.5596157879354227,0,2022,9,25,6
49.0,Other,USA,North Carolina,Premium,4.49,Mobile,5.0,0,1.7029282555214393,0,2023,4,22,5
47.0,Other,USA,Florida,Premium+,25.0,Gaming Console,2.0,0,3.258096538021482,0,2025,3,8,5
29.0,Male,USA,Maryland,Basic,5.86,Smart TV,2.0,1,1.925707441737794,0,2024,4,14,6
48.0,Male,USA,Florida,Premium,17.55,Smart TV,3.0,0,2.920469789053444,0,2022,11,30,2
35.0,Other,USA,North Carolina,Premium,25.93,Gaming Console,2.0,0,3.2932409068235073,0,2025,1,21,1
15.0,Female,USA,New York,Premium,7.05,Laptop,2.0,0,2.0856720914304723,0,2025,1,13,0
42.0,Female,USA,Florida,Premium,29.45,Gaming Console,1.0,0,3.416085994155906,0,2024,1,3,2
28.0,Male,USA,Arizona,Premium,15.81,Laptop,6.0,0,2.8219739474205245,0,2024,12,14,5
51.0,Other,Canada,New Brunswick,Basic,20.136172344689378,Gaming Console,6.0,0,3.0509859018293035,0,2023,11,28,1
30.0,Male,USA,Tennessee,Premium,17.18,Tablet,0.0,0,2.900322088749333,1,2023,9,10,6
58.0,Female,USA,Tennessee,Premium,24.09,Smart TV,0.0,0,3.222469360378331,1,2024,5,27,0
32.0,Female,Canada,New Brunswick,Standard,23.68,Laptop,1.0,0,3.205993199037187,0,2025,5,1,3
57.0,Male,USA,Maryland,Standard,24.77,Desktop,5.0,0,3.2492110246642736,0,2025,1,4,5
32.0,Male,USA,Tennessee,Standard,10.28,Desktop,4.0,1,2.423031246069913,0,2023,10,11,2
25.0,Female,USA,Wisconsin,Standard,12.55,Tablet,2.0,0,2.60638654732571,0,2025,2,19,2
14.0,Male,Canada,British Columbia,Standard,15.33,Desktop,0.0,1,2.7930039069823738,1,2024,10,26,5
32.0,Male,Canada,Alberta,Standard,4.61,Gaming Console,0.0,0,1.724550719534605,1,2023,6,24,5
29.0,Male,USA,Ohio,Premium+,43.11,Gaming Console,5.0,0,3.786686514116848,0,2024,8,21,2
54.0,Other,USA,Wisconsin,Standard,22.854736059479553,Desktop,3.0,0,3.1719827745379456,0,2023,12,25,0
34.0,Female,Canada,Ontario,Basic,6.63,Smart TV,5.0,0,2.0320878452963655,0,2023,11,20,0
24.0,Male,USA,Maryland,Standard,20.41,Tablet,2.0,0,3.0638581026015914,0,2024,8,25,6
38.0,Male,USA,Missouri,Premium+,14.67,Laptop,4.0,0,2.7517480563679295,0,2023,3,17,4
18.0,Female,USA,Tennessee,Standard,11.42,Gaming Console,5.0,0,2.519308076505333,0,2023,2,10,4
36.0,Female,USA,Washington,Premium,15.57,Laptop,4.0,0,2.8075938314384716,0,2022,12,3,5
47.0,Male,Canada,Ontario,Premium+,19.675352862849536,Tablet,3.0,0,3.0289423078910556,0,2024,12,3,1
18.0,Male,USA,North Carolina,Standard,14.41,Desktop,1.0,0,2.7350166493320245,0,2022,10,30,6
42.0,Male,Canada,Manitoba,Standard,22.854736059479553,Desktop,0.0,0,3.1719827745379456,1,2025,7,19,5
36.0,Male,USA,Ohio,Premium,35.28,Tablet,2.0,0,3.591266625246936,0,2023,3,9,3
56.0,Other,USA,Ohio,Premium,15.49,Smart TV,2.0,0,2.8027541365715076,0,2024,5,24,4
41.0,Other,USA,North Carolina,Standard,9.62,Smart TV,3.0,0,2.362739015813793,0,2025,1,15,2
43.0,Female,USA,Virginia,Basic,4.26,Gaming Console,2.0,0,1.6601310267496185,0,2023,3,28,1
37.0,Male,USA,New York,Premium,17.81,Desktop,1.0,0,2.934388643312939,0,2022,12,28,2
13.0,Male,USA,Massachusetts,Premium+,7.31,Laptop,4.0,0,2.1174596088673567,0,2025,5,21,2
44.0,Female,USA,Massachusetts,Basic,10.29,Gaming Console,1.0,0,2.4239173781615704,0,2022,11,13,6
36.0,Male,USA,Arizona,Premium+,5.14,Smart TV,6.0,0,1.814824742159051,0,2023,2,2,3
51.0,Other,Canada,Alberta,Basic,1.94,Smart TV,2.0,0,1.0784095813505903,0,2024,7,22,0
30.0,Female,USA,Illinois,Premium,2.87,Tablet,1.0,0,1.3532545070416904,0,2025,1,28,1
53.0,Female,USA,Pennsylvania,Premium,8.97,Smart TV,2.0,0,2.299580583973747,0,2024,6,7,4
43.0,Female,USA,Texas,Premium,9.43,Gaming Console,8.0,0,2.344686269012681,0,2023,4,15,5
24.0,Female,USA,California,Basic,14.95,Tablet,0.0,0,2.7694588292308535,1,2022,8,4,3
47.0,Female,USA,Arizona,Premium+,4.94,Desktop,0.0,0,1.7817091333745536,1,2024,10,11,4
31.0,Female,USA,Arizona,Standard,11.89,Tablet,4.0,0,2.556451816951096,0,2024,4,26,4
34.0,Female,USA,California,Standard,14.08,Smart TV,2.0,0,2.71336936257981,0,2023,7,27,3
34.0,Male,USA,Michigan,Premium,30.54,Smart TV,5.0,1,3.451256581534892,0,2024,2,18,6
40.0,Male,Canada,Nova Scotia,Basic,20.136172344689378,Smart TV,3.0,0,3.0509859018293035,0,2022,10,29,5
55.0,Female,Canada,Saskatchewan,Premium,12.61,Tablet,2.0,0,2.6108048166633746,0,2024,8,23,4
47.0,Male,Canada,Quebec,Basic,11.42,Mobile,4.0,0,2.519308076505333,0,2024,11,11,0
19.0,Male,USA,Maryland,Standard,0.87,Laptop,2.0,0,0.6259384308664953,0,2024,2,16,4
28.0,Male,USA,New York,Premium,20.99,Gaming Console,2.0,0,3.09058780456667,0,2024,3,26,1
20.0,Female,USA,Virginia,Premium,7.4,Mobile,4.0,0,2.128231705849268,0,2023,7,26,2
34.0,Female,USA,Pennsylvania,Basic,8.83,Gaming Console,2.0,0,2.285438934159075,0,2023,12,20,2
36.0,Female,USA,Wisconsin,Standard,6.35,Tablet,4.0,1,1.9947003132247452,0,2024,8,20,1
24.0,Female,USA,Massachusetts,Premium,5.88,Smart TV,1.0,1,1.9286186519452522,0,2023,6,6,1
47.0,Other,USA,Indiana,Basic,23.28,Smart TV,0.0,0,3.1896529661912973,1,2022,10,6,3
22.0,Female,Canada,Newfoundland and Labrador,Standard,23.47,Gaming Console,2.0,0,3.19744787745458,0,2024,7,19,4
55.0,Male,USA,Maryland,Premium,11.73,Laptop,2.0,0,2.543961412569315,0,2022,10,17,0
40.0,Male,USA,Tennessee,Premium,487.28,Gaming Console,2.0,1,6.190889011801599,0,2024,9,16,0
49.0,Other,Canada,Newfoundland and Labrador,Standard,9.27,Laptop,1.0,0,2.329227023940467,0,2024,4,22,0
51.0,Female,USA,New York,Basic,20.136172344689378,Laptop,5.0,0,3.0509859018293035,0,2025,3,18,1
49.0,Male,USA,Arizona,Standard,14.65,Gaming Console,2.0,0,2.750470916986162,0,2023,2,24,4
30.0,Female,Canada,Prince Edward Island,Premium,5.75,Desktop,2.0,0,1.9095425048844386,0,2023,6,29,3
41.0,Other,Canada,Nova Scotia,Premium,8.66,Gaming Console,3.0,0,2.2679936482244267,0,2023,9,1,4
41.0,Female,USA,Arizona,Premium,8.58,Mobile,6.0,0,2.259677591982769,0,2025,3,8,5
19.0,Male,USA,Arizona,Basic,20.42,Gaming Console,2.0,0,3.064325065019603,0,2024,1,1,0
56.0,Male,Canada,Ontario,Premium+,19.675352862849536,Tablet,2.0,1,3.0289423078910556,0,2025,1,4,5
45.0,Other,USA,Arizona,Premium,27.7,Gaming Console,2.0,1,3.3568971227655755,0,2024,10,31,3
48.0,Other,Canada,Prince Edward Island,Standard,7.61,Smart TV,0.0,0,2.152924318439639,1,2022,8,27,5
54.0,Male,USA,North Carolina,Premium,4.46,Mobile,2.0,1,1.6974487897568136,0,2024,3,10,6
39.0,Male,USA,Florida,Standard,22.854736059479553,Smart TV,4.0,0,3.1719827745379456,0,2024,6,24,0
39.0,Female,USA,Missouri,Basic,20.136172344689378,Mobile,3.0,1,3.0509859018293035,0,2022,9,22,3
11.0,Other,USA,North Carolina,Basic,9.71,Mobile,2.0,0,2.3711778844596574,0,2024,8,12,0
44.0,Male,USA,Michigan,Premium,19.46,Smart TV,1.0,0,3.0184717605234805,0,2025,3,30,6
33.0,Female,USA,Michigan,Premium,22.23,Gaming Console,3.0,1,3.145444546782318,0,2023,7,28,4
33.0,Male,USA,New York,Standard,28.44,Gaming Console,2.0,0,3.3823542938606757,0,2024,7,11,3
41.0,Female,USA,California,Standard,22.87,Smart TV,4.0,1,3.1726224403507386,0,2023,3,24,4
12.0,Female,Canada,Alberta,Standard,5.28,Smart TV,2.0,0,1.8373699804801074,0,2024,1,24,2
34.0,Female,Canada,Nova Scotia,Standard,14.12,Smart TV,1.0,0,2.716018370751387,0,2024,11,12,1
32.0,Male,USA,Georgia,Standard,22.854736059479553,Gaming Console,0.0,0,3.1719827745379456,1,2024,6,1,5
38.0,Male,USA,Washington,Basic,6.84,Gaming Console,3.0,0,2.0592388343623163,0,2025,5,25,6
16.0,Female,Canada,Nova Scotia,Premium+,3.95,Gaming Console,1.0,1,1.599387576580599,0,2024,8,20,1
38.0,Other,USA,Wisconsin,Basic,12.38,Smart TV,3.0,0,2.5937610547000824,0,2024,12,2,0
48.0,Male,USA,Ohio,Premium,12.63,Smart TV,2.0,0,2.612273245708441,0,2022,10,7,4
40.0,Female,Canada,Newfoundland and Labrador,Premium,27.77,Laptop,3.0,0,3.3593331775634567,0,2023,7,2,6
35.0,Male,USA,Virginia,Premium,21.811017452655033,Smart TV,2.0,0,3.1272436408541084,0,2025,4,25,4
53.0,Female,USA,Maryland,Premium,22.81,Tablet,3.0,1,3.170105660498771,0,2023,8,15,1
43.0,Female,Canada,Newfoundland and Labrador,Basic,33.23,Desktop,5.0,0,3.533102452542094,0,2024,6,15,5
37.0,Female,Canada,Newfoundland and Labrador,Standard,7.17,Gaming Console,4.0,0,2.1004689088719113,0,2025,3,2,6
47.0,Female,USA,New Jersey,Basic,9.67,Tablet,7.0,0,2.367436065313662,0,2023,6,25,6
43.0,Male,Canada,Nova Scotia,Standard,16.13,Gaming Console,8.0,1,2.8408313123360287,0,2023,8,21,0
52.0,Female,USA,Washington,Standard,9.73,Desktop,3.0,0,2.373043556642607,0,2023,8,31,3
27.0,Male,USA,Ohio,Standard,6.31,Desktop,4.0,0,1.9892432737616872,0,2024,8,31,5
32.0,Male,USA,Georgia,Premium,16.3,Gaming Console,2.0,0,2.8507065015037334,0,2025,3,18,1
19.0,Female,USA,North Carolina,Basic,9.19,Laptop,1.0,0,2.321406847234633,0,2023,9,2,5
36.0,Female,USA,Missouri,Standard,22.854736059479553,Desktop,0.0,0,3.1719827745379456,1,2024,9,22,6
35.0,Female,USA,Maryland,Standard,17.68,Laptop,4.0,0,2.9274534328006965,0,2024,7,24,2
34.0,Female,Canada,Manitoba,Standard,30.41,Desktop,2.0,0,3.447126313550555,0,2025,4,18,4
18.0,Female,USA,Pennsylvania,Standard,12.72,Smart TV,4.0,0,2.6188546222977394,0,2025,3,22,5
22.0,Male,USA,Tennessee,Standard,20.62,Gaming Console,1.0,0,3.073618812211062,0,2022,10,22,5
30.0,Male,USA,Florida,Basic,18.87,Smart TV,2.0,1,2.9892110565637253,0,2024,2,23,4
17.0,Female,USA,Missouri,Standard,5.02,Tablet,3.0,0,1.7950872593207297,0,2025,1,6,0
30.0,Male,USA,Illinois,Premium,14.75,Desktop,0.0,0,2.7568403652716422,1,2022,11,3,3
23.0,Other,USA,California,Standard,12.36,Laptop,6.0,1,2.5922651681085,0,2025,3,3,0
23.0,Female,USA,Arizona,Standard,5.28,Tablet,0.0,0,1.8373699804801074,1,2025,4,26,5
41.0,Other,USA,Arizona,Basic,7.16,Mobile,1.0,0,2.0992441689760155,0,2024,11,28,3
53.0,Female,USA,Michigan,Standard,6.83,Gaming Console,1.0,0,2.057962510002712,0,2024,4,7,6
50.0,Female,USA,Massachusetts,Standard,8.5,Smart TV,2.0,0,2.2512917986064953,0,2022,11,29,1
37.0,Female,Canada,Newfoundland and Labrador,Premium+,26.32,Smart TV,0.0,0,3.307619034702589,1,2024,8,19,0
34.0,Female,USA,Tennessee,Premium,30.68,Gaming Console,2.0,0,3.455685566946225,0,2024,6,30,6
31.0,Female,USA,Tennessee,Premium,5.8,Mobile,0.0,0,1.916922612182061,1,2024,4,22,0
49.0,Female,Canada,Quebec,Basic,9.41,Gaming Console,1.0,0,2.3427668826268775,0,2024,4,13,5
29.0,Male,USA,Indiana,Premium,5.64,Smart TV,2.0,0,1.8931119634883424,0,2022,10,21,4
33.0,Male,USA,Maryland,Premium,25.65,Smart TV,1.0,1,3.2827891506118534,0,2024,11,16,5
32.0,Female,USA,New York,Standard,16.16,Tablet,2.0,0,2.8425810940598164,0,2024,5,5,6
31.0,Female,USA,Massachusetts,Premium,4.95,Tablet,0.0,1,1.7833912195575383,1,2025,1,14,1
18.0,Male,USA,California,Standard,22.854736059479553,Laptop,1.0,0,3.1719827745379456,0,2023,1,15,6
40.0,Female,USA,North Carolina,Basic,2.97,Gaming Console,0.0,0,1.3787660946990992,1,2023,9,21,3
42.0,Female,USA,Pennsylvania,Standard,14.31,Mobile,2.0,0,2.7285062096695922,0,2024,11,8,4
32.0,Male,USA,Wisconsin,Basic,13.37,Tablet,2.0,0,2.6651427000909336,0,2022,12,22,3
35.0,Male,USA,North Carolina,Premium+,11.53,Desktop,6.0,0,2.528125768907977,0,2023,7,22,5
33.0,Male,USA,Ohio,Premium,31.35,Desktop,1.0,0,3.4766140209469096,0,2023,4,30,6
35.0,Female,USA,Wisconsin,Premium,4.92,Gaming Console,2.0,0,1.7783364488959144,0,2025,5,5,0
50.0,Male,USA,Maryland,Premium+,9.38,Tablet,4.0,1,2.3398808777377424,0,2023,4,15,5
27.0,Male,Canada,Quebec,Premium+,8.26,Desktop,3.0,1,2.225704048658088,0,2024,10,10,3
55.0,Other,USA,California,Standard,13.54,Desktop,0.0,0,2.6769034721053733,1,2022,12,24,5
44.0,Female,USA,Illinois,Premium,18.35,Gaming Console,4.0,0,2.962692419475791,0,2023,6,18,6
54.0,Female,USA,Tennessee,Standard,22.854736059479553,Tablet,3.0,1,3.1719827745379456,0,2022,12,27,1
36.0,Other,Canada,Nova Scotia,Basic,8.94,Desktop,1.0,0,2.2965670206684825,0,2023,8,21,0
35.0,Female,USA,New Jersey,Standard,5.11,Gaming Console,0.0,0,1.809926773183504,1,2024,5,13,0
33.0,Male,Canada,Saskatchewan,Basic,4.46,Tablet,3.0,0,1.6974487897568136,0,2024,6,14,4
38.0,Other,USA,New York,Premium,28.2,Mobile,6.0,0,3.374168709274236,0,2024,11,15,4
29.0,Female,USA,North Carolina,Basic,19.22,Mobile,5.0,0,3.006672213592325,0,2024,1,7,6
30.0,Female,Canada,Prince Edward Island,Premium,30.11,Tablet,2.0,0,3.4375293109095457,0,2023,5,12,4
23.0,Female,USA,Tennessee,Premium,4.28,Gaming Console,2.0,0,1.6639260977181702,0,2024,4,23,1
41.0,Male,USA,Florida,Standard,10.76,Mobile,1.0,0,2.464703942470481,0,2022,10,15,5
45.0,Other,USA,Indiana,Basic,6.1,Gaming Console,6.0,0,1.9600947840472698,0,2024,6,10,0
35.0,Male,USA,Florida,Premium,19.69,Gaming Console,6.0,0,3.029650491757452,0,2024,12,16,0
37.0,Male,USA,Maryland,Standard,18.13,Mobile,1.0,0,2.9512577834521614,0,2022,9,26,0
24.0,Male,USA,Wisconsin,Premium,8.99,Gaming Console,2.0,0,2.301584592660462,0,2022,9,20,1
18.0,Female,USA,Georgia,Basic,51.19,Laptop,4.0,1,3.9548909056553216,0,2024,6,26,2
21.0,Other,Canada,Alberta,Premium,28.61,Smart TV,2.0,0,3.3881121421135,0,2025,5,29,3
37.0,Female,Canada,Alberta,Basic,16.41,Mobile,2.0,0,2.8570447537800976,0,2023,8,29,1
40.0,Male,Canada,Newfoundland and Labrador,Standard,4.55,Laptop,1.0,0,1.713797927758343,0,2025,4,5,5
49.0,Male,USA,Georgia,Premium,3.63,Desktop,3.0,1,1.5325568680981427,0,2024,5,15,2
31.0,Male,USA,Washington,Premium,16.81,Laptop,1.0,0,2.87976009730157,0,2024,10,13,6
55.0,Female,Canada,Alberta,Premium,10.1,Gaming Console,2.0,0,2.4069451083182885,0,2023,10,22,6
30.0,Female,USA,Indiana,Standard,24.2,Mobile,1.0,0,3.2268439945173775,0,2023,9,22,4
21.0,Female,Canada,Newfoundland and Labrador,Standard,4.62,Smart TV,3.0,0,1.7263316639055997,0,2023,3,21,1
36.0,Female,USA,Florida,Standard,19.83,Smart TV,6.0,0,3.0363942552728806,0,2023,10,27,4
29.0,Female,USA,Illinois,Basic,8.4,Laptop,4.0,0,2.2407096892759584,0,2023,7,1,5
41.0,Other,USA,Illinois,Premium,5.0,Mobile,1.0,0,1.791759469228055,0,2023,11,14,1
32.0,Female,Canada,Ontario,Premium,21.811017452655033,Desktop,2.0,0,3.1272436408541084,0,2023,9,12,1
32.0,Male,USA,Virginia,Premium,17.72,Laptop,4.0,0,2.929592471049446,0,2024,7,31,2
35.0,Male,USA,Tennessee,Premium,3.47,Laptop,0.0,0,1.4973884086254776,1,2024,2,29,3
38.0,Male,USA,New York,Basic,15.1,Gaming Console,0.0,0,2.7788192719904172,1,2023,7,12,2
16.0,Female,USA,California,Premium,23.72,Tablet,0.0,0,3.20761263258949,1,2022,10,2,6
55.0,Male,Canada,Alberta,Basic,11.17,Desktop,5.0,0,2.498973906999436,0,2024,2,21,2
33.0,Male,USA,Virginia,Basic,23.11,Gaming Console,5.0,0,3.1826266921930797,0,2024,3,1,4
33.0,Female,USA,Arizona,Standard,19.68,Laptop,4.0,0,3.0291670496402285,0,2023,1,7,5
29.0,Female,USA,Pennsylvania,Standard,556.19,Smart TV,2.0,1,6.32290629486736,0,2025,2,5,2
40.0,Male,USA,Michigan,Standard,39.04,Mobile,0.0,0,3.68987895444702,1,2023,5,18,3
33.0,Male,USA,California,Premium,23.8,Tablet,5.0,0,3.2108436531709366,0,2023,6,15,3
35.0,Other,USA,Washington,Standard,3.36,Tablet,2.0,0,1.4724720573609429,0,2024,6,29,5
36.0,Female,USA,Illinois,Standard,17.81,Smart TV,2.0,0,2.934388643312939,0,2024,3,1,4
38.0,Other,Canada,Manitoba,Standard,15.98,Laptop,4.0,0,2.8320361808832013,0,2022,11,5,5
49.0,Male,USA,Indiana,Premium,23.28,Desktop,2.0,0,3.1896529661912973,0,2023,12,23,5
35.0,Male,USA,Ohio,Premium,21.811017452655033,Gaming Console,4.0,0,3.1272436408541084,0,2022,8,6,5
25.0,Female,USA,Missouri,Standard,2.01,Desktop,1.0,0,1.1019400787607843,0,2025,1,30,3
35.0,Male,USA,Maryland,Basic,4.41,Smart TV,1.0,0,1.6882490928583902,0,2024,7,31,2
23.0,Female,USA,Florida,Standard,22.854736059479553,Desktop,0.0,0,3.1719827745379456,1,2023,7,8,5
44.0,Other,USA,Wisconsin,Basic,14.21,Laptop,3.0,0,2.7219531062712017,0,2024,9,1,6
18.0,Other,USA,Florida,Standard,22.16,Desktop,2.0,0,3.1424266527047946,0,2024,3,30,5
35.0,Female,USA,Virginia,Premium+,19.675352862849536,Laptop,0.0,1,3.0289423078910556,1,2024,1,7,6
56.0,Female,USA,Michigan,Standard,5.59,Gaming Console,0.0,0,1.8855533485144158,1,2023,10,15,6
38.0,Male,USA,Wisconsin,Standard,13.42,Smart TV,1.0,0,2.668616131856803,0,2023,9,2,5
33.0,Female,USA,Ohio,Standard,22.854736059479553,Tablet,5.0,0,3.1719827745379456,0,2023,10,31,1
46.0,Other,USA,Michigan,Standard,13.57,Mobile,0.0,0,2.6789646202071133,1,2025,1,30,3
38.0,Male,Canada,Ontario,Premium+,18.63,Smart TV,3.0,0,2.9770590082883697,0,2025,2,25,1
59.0,Female,USA,Tennessee,Standard,19.4,Smart TV,5.0,0,3.0155349008501706,0,2023,9,27,2
39.0,Female,USA,New Jersey,Standard,49.96,Desktop,4.0,1,3.931041011263908,0,2022,8,18,3
36.0,Other,USA,Illinois,Premium,13.74,Tablet,2.0,0,2.6905648867611904,0,2023,12,20,2
16.0,Male,Canada,New Brunswick,Premium,14.96,Smart TV,3.0,0,2.7700855920216627,0,2024,11,19,1
27.0,Male,USA,Washington,Premium,21.811017452655033,Gaming Console,3.0,0,3.1272436408541084,0,2025,2,8,5
32.0,Other,USA,Texas,Standard,58.65,Mobile,4.0,0,4.0884941485439255,0,2025,6,12,3
42.0,Female,USA,Massachusetts,Standard,11.9,Smart TV,3.0,0,2.5572273113676265,0,2024,9,28,5
20.0,Male,USA,Florida,Premium,21.31,Gaming Console,0.0,1,3.105035008444441,1,2022,11,24,3
20.0,Female,USA,Maryland,Standard,43.83,Smart TV,3.0,0,3.802877558167348,0,2024,2,13,1
31.0,Male,Canada,Nova Scotia,Standard,20.02,Smart TV,4.0,0,3.045474365448805,0,2023,1,12,3
26.0,Male,USA,Michigan,Basic,4.43,Smart TV,2.0,0,1.691939133945844,0,2024,6,3,0
38.0,Female,USA,New York,Basic,20.136172344689378,Mobile,3.0,1,3.0509859018293035,0,2024,6,9,6
34.0,Other,USA,Massachusetts,Premium+,1.35,Gaming Console,2.0,1,0.8544153281560676,0,2023,1,17,1
23.0,Female,USA,New Jersey,Premium,3.14,Gaming Console,2.0,0,1.420695787837223,0,2023,4,1,5
53.0,Other,Canada,Saskatchewan,Standard,5.86,Laptop,3.0,0,1.925707441737794,0,2025,5,31,5
38.0,Male,Canada,Newfoundland and Labrador,Standard,16.25,Desktop,3.0,0,2.847812143477369,0,2024,10,10,3
44.0,Female,USA,Washington,Premium,6.75,Mobile,7.0,1,2.0476928433652555,0,2024,2,8,3
33.0,Male,Canada,British Columbia,Standard,23.97,Tablet,0.0,0,3.217675104291682,1,2022,8,23,1
51.0,Other,USA,Illinois,Premium+,2.81,Desktop,2.0,0,1.3376291891386096,0,2023,9,9,5
32.0,Male,USA,Ohio,Premium+,11.06,Smart TV,3.0,0,2.4898941912990393,0,2022,8,22,0
34.0,Other,USA,North Carolina,Premium,18.97,Desktop,4.0,0,2.994231147427724,0,2025,4,27,6
22.0,Female,Canada,Newfoundland and Labrador,Standard,40.45,Desktop,4.0,0,3.724487881581304,0,2024,8,7,2
25.0,Female,USA,Texas,Basic,13.56,Laptop,5.0,0,2.67827804276854,0,2025,5,22,3
27.0,Female,Canada,Saskatchewan,Premium,17.89,Mobile,1.0,0,2.9386326815134183,0,2022,9,27,1
35.0,Other,USA,Tennessee,Premium,14.02,Mobile,0.0,0,2.7093826463359885,1,2023,8,10,3
29.0,Male,USA,Pennsylvania,Premium,667.08,Desktop,3.0,0,6.504407926844974,0,2023,9,20,2
51.0,Female,USA,Tennessee,Premium+,16.55,Smart TV,2.0,0,2.865053949911875,0,2023,7,14,4
40.0,Female,USA,Ohio,Standard,35.53,Mobile,2.0,0,3.5981338408071912,0,2024,4,30,1
40.0,Female,USA,Pennsylvania,Standard,520.96,Mobile,2.0,0,6.257590956594046,0,2023,1,19,3
16.0,Other,Canada,New Brunswick,Standard,22.854736059479553,Desktop,5.0,0,3.1719827745379456,0,2025,7,18,4
35.0,Male,USA,Virginia,Basic,8.28,Tablet,4.0,1,2.2278615467981093,0,2024,11,18,0
34.0,Female,USA,Michigan,Standard,26.38,Tablet,1.0,0,3.3098128198603027,0,2024,7,21,6
29.0,Female,Canada,Quebec,Standard,6.67,Mobile,0.0,0,2.0373166153791646,1,2024,9,13,4
31.0,Male,Canada,Manitoba,Basic,20.136172344689378,Laptop,3.0,1,3.0509859018293035,0,2023,5,17,2
25.0,Other,Canada,New Brunswick,Premium,13.49,Laptop,3.0,0,2.673458756332591,0,2022,10,2,6
23.0,Male,USA,Arizona,Premium,18.1,Gaming Console,4.0,0,2.9496883350525844,0,2024,5,7,1
33.0,Male,USA,Illinois,Premium,12.81,Desktop,1.0,1,2.6253929674212007,0,2025,3,8,5
28.0,Female,USA,Tennessee,Premium,20.07,Gaming Console,2.0,0,3.0478502278160975,0,2023,12,11,0
40.0,Male,USA,Wisconsin,Basic,18.68,Mobile,4.0,0,2.9796028916241073,0,2022,11,4,4
50.0,Female,USA,New Jersey,Basic,41.22,Smart TV,3.0,0,3.7428940424201746,0,2022,8,3,2
37.0,Other,USA,Arizona,Standard,9.8,Gaming Console,1.0,0,2.379546134130174,0,2022,11,2,2
36.0,Male,USA,Virginia,Premium,20.18,Laptop,1.0,0,3.0530573401732606,0,2024,7,13,5
36.0,Female,USA,Ohio,Standard,8.36,Laptop,2.0,0,2.2364452904895007,0,2025,7,4,4
30.0,Other,USA,North Carolina,Premium,21.811017452655033,Smart TV,3.0,0,3.1272436408541084,0,2024,4,12,4
50.0,Other,Canada,British Columbia,Standard,33.8,Smart TV,2.0,0,3.5496173867804286,0,2025,3,10,0
37.0,Male,USA,Texas,Basic,5.53,Gaming Console,4.0,0,1.8764069432883397,0,2023,8,19,5
33.0,Male,USA,Florida,Premium,21.66,Tablet,2.0,0,3.12060125559986,0,2023,3,21,1
46.0,Male,Canada,Manitoba,Premium,41.49,Desktop,4.0,0,3.7492687541267204,0,2025,7,4,4
42.0,Female,Canada,Saskatchewan,Premium,29.95,Gaming Console,1.0,0,3.432372999130605,0,2024,5,16,3
45.0,Female,Canada,British Columbia,Premium+,7.73,Laptop,3.0,0,2.166765369851511,0,2025,3,20,3
44.0,Male,USA,Illinois,Premium,27.87,Mobile,0.0,0,3.3628029936748436,1,2025,6,17,1
26.0,Male,USA,Massachusetts,Standard,8.52,Tablet,2.0,0,2.253394848803274,0,2023,11,9,3
52.0,Male,USA,Ohio,Premium,5.25,Smart TV,0.0,1,1.8325814637483102,1,2022,12,1,3
33.0,Male,USA,Missouri,Basic,2.88,Laptop,3.0,1,1.355835153635182,0,2025,3,10,0
31.0,Male,Canada,Quebec,Premium,14.69,Tablet,3.0,0,2.753023566744941,0,2023,4,23,6
55.0,Other,USA,Ohio,Premium,20.61,Mobile,3.0,0,3.0731561705187946,0,2023,8,17,3
41.0,Female,USA,Ohio,Premium,20.3,Smart TV,4.0,0,3.0587070727153796,0,2023,11,19,6
20.0,Male,USA,Michigan,Premium,18.44,Tablet,4.0,0,2.967332799032293,0,2022,9,19,0
39.0,Male,USA,Wisconsin,Standard,22.95,Mobile,3.0,0,3.175968323856924,0,2023,12,6,2
24.0,Female,USA,Maryland,Premium,15.16,Desktop,2.0,0,2.7825390530929495,0,2023,2,8,2
37.0,Female,USA,Massachusetts,Premium,23.4,Desktop,0.0,0,3.1945831322991562,1,2023,3,31,4
31.0,Male,Canada,Nova Scotia,Premium,4.9,Desktop,2.0,0,1.7749523509116738,0,2024,2,24,5
38.0,Male,USA,New Jersey,Premium,15.05,Tablet,2.0,1,2.775708849576025,0,2024,3,2,5
40.0,Male,Canada,Alberta,Premium,24.81,Tablet,0.0,0,3.2507620137305224,1,2025,6,24,1
25.0,Female,USA,Florida,Standard,2.32,Tablet,3.0,0,1.199964782928397,0,2025,6,17,1
50.0,Male,USA,Arizona,Standard,1.82,Desktop,2.0,0,1.0367368849500223,0,2024,8,31,5
30.0,Female,Canada,Quebec,Standard,18.33,Gaming Console,0.0,0,2.9616582932202395,1,2025,7,30,2
48.0,Female,Canada,Nova Scotia,Standard,30.13,Mobile,1.0,0,3.4381719844535166,0,2025,4,10,3
27.0,Female,Canada,Newfoundland and Labrador,Basic,12.86,Smart TV,0.0,0,2.6290069937617573,1,2024,8,26,0
21.0,Female,USA,Illinois,Premium+,17.96,Smart TV,2.0,0,2.942331496826876,0,2023,6,26,0
58.0,Female,USA,Virginia,Standard,8.99,Gaming Console,2.0,0,2.301584592660462,0,2023,6,27,1
28.0,Female,USA,Arizona,Basic,17.73,Gaming Console,1.0,0,2.930126516455997,0,2024,7,7,6
42.0,Male,USA,Virginia,Premium,21.8,Laptop,0.0,0,3.126760535960395,1,2022,11,7,0
10.0,Female,USA,Missouri,Premium+,26.17,Mobile,4.0,0,3.3021134234382563,0,2024,1,2,1
41.0,Male,USA,Ohio,Premium+,5.89,Mobile,6.0,0,1.9300710850255671,0,2024,6,10,0
36.0,Male,USA,Arizona,Basic,7.78,Tablet,6.0,0,2.1724764076470255,0,2023,1,21,5
37.0,Male,USA,Arizona,Premium,0.78,Laptop,2.0,0,0.5766133643039938,0,2024,1,20,5
54.0,Female,Canada,Prince Edward Island,Premium,21.811017452655033,Gaming Console,5.0,0,3.1272436408541084,0,2024,11,23,5
59.0,Other,USA,Pennsylvania,Premium,19.54,Mobile,2.0,0,3.0223742045004123,0,2025,4,29,1
27.0,Other,Canada,Newfoundland and Labrador,Premium+,0.81,Smart TV,6.0,1,0.5933268452777344,0,2025,2,8,5
53.0,Female,USA,Pennsylvania,Premium+,14.41,Smart TV,1.0,0,2.7350166493320245,0,2024,2,22,3
57.0,Female,USA,Missouri,Premium+,16.13,Laptop,5.0,0,2.8408313123360287,0,2023,10,14,5
37.0,Male,Canada,Quebec,Basic,8.34,Mobile,1.0,0,2.234306252240751,0,2023,9,11,0
42.0,Female,Canada,New Brunswick,Premium,9.11,Tablet,6.0,0,2.3135250330323798,0,2022,11,7,0
27.0,Male,Canada,Ontario,Premium,21.811017452655033,Desktop,4.0,0,3.1272436408541084,0,2024,1,31,2
41.0,Male,Canada,Nova Scotia,Premium,6.35,Smart TV,0.0,0,1.9947003132247452,1,2023,4,12,2
18.0,Female,USA,Washington,Standard,33.77,Desktop,0.0,0,3.5487549460197703,1,2024,7,16,1
20.0,Female,USA,Wisconsin,Premium,11.3,Mobile,0.0,0,2.509599262378372,1,2022,9,8,3
51.0,Male,USA,Michigan,Standard,22.854736059479553,Mobile,1.0,0,3.1719827745379456,0,2024,4,24,2
47.0,Male,USA,Tennessee,Standard,5.66,Gaming Console,5.0,0,1.8961194845522977,0,2023,3,14,1
37.0,Female,Canada,Manitoba,Premium,5.58,Desktop,6.0,0,1.884034745337226,0,2022,9,15,3
27.0,Female,USA,Washington,Premium+,17.41,Desktop,1.0,0,2.9128939952449864,0,2024,9,21,5
31.0,Male,USA,Georgia,Premium,15.87,Gaming Console,3.0,0,2.825536896557877,0,2023,5,11,3
40.0,Female,USA,Maryland,Standard,7.65,Tablet,4.0,0,2.157559320943788,0,2023,3,23,3
45.0,Other,Canada,New Brunswick,Basic,15.81,Desktop,1.0,0,2.8219739474205245,0,2023,8,10,3
30.0,Female,USA,New Jersey,Basic,56.14,Laptop,3.0,0,4.045504396802627,0,2024,6,5,2
41.0,Female,USA,New York,Premium,29.79,Smart TV,1.0,0,3.427189961936409,0,2024,11,9,5
31.0,Female,Canada,Ontario,Standard,5.94,Desktop,2.0,0,1.937301774518713,0,2025,5,5,0
44.0,Female,Canada,Saskatchewan,Premium,24.34,Gaming Console,6.0,0,3.232384174892993,0,2024,1,22,0
42.0,Female,USA,Arizona,Standard,24.65,Gaming Console,1.0,0,3.2445435716167785,0,2023,10,9,0
60.0,Male,USA,Washington,Premium+,17.47,Laptop,1.0,0,2.9161477942111484,0,2024,11,6,2
34.0,Female,USA,Wisconsin,Basic,2.94,Tablet,0.0,1,1.3711807233098425,1,2023,4,3,0
39.0,Male,USA,Texas,Premium,2.61,Smart TV,2.0,0,1.2837077723447896,0,2023,10,14,5
41.0,Female,USA,Michigan,Premium+,5.81,Tablet,0.0,0,1.918392120161421,1,2023,3,2,3
33.0,Male,USA,California,Premium,18.66,Gaming Console,2.0,0,2.9785861147190205,0,2024,10,24,3
41.0,Other,USA,Indiana,Premium,21.51,Gaming Console,1.0,0,3.113959654918641,0,2023,9,8,4
37.0,Female,USA,Wisconsin,Premium+,19.6,Mobile,1.0,0,3.0252910757955354,0,2024,2,29,3
55.0,Male,USA,Florida,Standard,6.03,Tablet,3.0,0,1.9501867058225735,0,2024,5,13,0
43.0,Female,USA,North Carolina,Premium+,22.67,Laptop,2.0,0,3.1642084235258925,0,2024,1,25,3
28.0,Female,USA,Michigan,Standard,10.83,Mobile,5.0,0,2.4706386779902956,0,2023,1,9,0
42.0,Male,USA,New Jersey,Premium+,10.05,Tablet,2.0,0,2.402430427963762,0,2025,6,4,2
33.0,Female,USA,Maryland,Premium,8.5,Tablet,0.0,0,2.2512917986064953,1,2024,9,29,6
30.0,Other,USA,Tennessee,Premium,48.57,Desktop,0.0,0,3.9033858120324827,1,2024,5,20,0
39.0,Male,USA,New York,Premium+,18.8,Desktop,2.0,0,2.9856819377004897,0,2023,11,29,2
42.0,Female,USA,California,Premium,1.2,Desktop,2.0,0,0.7884573603642702,0,2024,6,10,0
41.0,Male,USA,Maryland,Premium,7.19,Tablet,2.0,0,2.1029138978649784,0,2025,3,10,0
44.0,Male,USA,New Jersey,Standard,9.67,Smart TV,0.0,0,2.367436065313662,1,2024,7,22,0
33.0,Female,Canada,Prince Edward Island,Standard,0.57,Gaming Console,0.0,0,0.4510756193602166,1,2023,2,1,2
42.0,Male,USA,Indiana,Basic,20.136172344689378,Desktop,3.0,0,3.0509859018293035,0,2023,9,27,2
38.0,Female,Canada,Nova Scotia,Premium,29.79,Mobile,2.0,0,3.427189961936409,0,2024,3,7,3
49.0,Female,Canada,Saskatchewan,Premium,21.811017452655033,Gaming Console,2.0,0,3.1272436408541084,0,2022,8,20,5
44.0,Other,Canada,Alberta,Standard,16.94,Smart TV,1.0,0,2.88703285663065,0,2022,11,26,5
26.0,Female,USA,Virginia,Premium,21.18,Laptop,5.0,1,3.099190981922221,0,2022,9,23,4
30.0,Other,Canada,British Columbia,Premium+,7.98,Desktop,2.0,0,2.194999882314108,0,2023,4,1,5
32.0,Other,USA,Illinois,Standard,4.78,Desktop,7.0,0,1.7544036826842861,0,2022,11,7,0
43.0,Female,USA,Virginia,Basic,1.36,Smart TV,2.0,1,0.8586616190375187,0,2023,5,10,2
53.0,Male,USA,Maryland,Standard,3.28,Desktop,5.0,0,1.4539530095937052,0,2023,8,10,3
34.0,Female,USA,Tennessee,Standard,24.28,Gaming Console,3.0,1,3.2300135692786567,0,2025,4,22,1
16.0,Other,USA,Virginia,Premium,31.65,Mobile,3.0,1,3.48584485572244,0,2023,12,29,4
37.0,Male,Canada,British Columbia,Premium,17.02,Gaming Console,4.0,1,2.8914822521801917,0,2023,11,22,2
32.0,Female,USA,North Carolina,Standard,6.53,Desktop,5.0,0,2.018895041811802,0,2025,1,18,5
30.0,Male,USA,Illinois,Standard,21.62,Gaming Console,0.0,0,3.1188344706879745,1,2025,1,25,5
48.0,Male,USA,New York,Premium+,19.675352862849536,Smart TV,0.0,0,3.0289423078910556,1,2025,4,23,2
24.0,Female,USA,Illinois,Premium,14.6,Desktop,1.0,0,2.747270914255491,0,2022,8,9,1
29.0,Male,USA,New York,Standard,4.77,Desktop,4.0,0,1.7526720805200082,0,2024,2,3,5
29.0,Male,USA,Virginia,Basic,41.31,Smart TV,0.0,0,3.7450234647319762,1,2024,11,29,4
43.0,Male,USA,Illinois,Premium,11.36,Desktop,4.0,0,2.514465452029545,0,2024,7,2,1
25.0,Male,Canada,Nova Scotia,Standard,22.854736059479553,Laptop,1.0,0,3.1719827745379456,0,2024,2,12,0
44.0,Other,USA,North Carolina,Premium,25.64,Mobile,2.0,0,3.2824138456721883,0,2025,2,9,6
21.0,Other,Canada,Manitoba,Premium+,12.2,Laptop,6.0,0,2.580216829592325,0,2023,5,26,4
25.0,Male,Canada,Saskatchewan,Basic,9.84,Gaming Console,1.0,0,2.3832429960115,0,2025,6,11,2
25.0,Male,USA,Ohio,Premium,9.2,Desktop,1.0,0,2.322387720290225,0,2024,10,12,5
30.0,Female,USA,Michigan,Standard,25.9,Laptop,6.0,0,3.292126286607793,0,2025,6,21,5
31.0,Female,Canada,Alberta,Premium,8.08,Desktop,2.0,0,2.206074192613202,0,2024,11,14,3
48.0,Female,USA,Massachusetts,Basic,27.88,Smart TV,4.0,0,3.3631493140246254,0,2025,3,31,0
43.0,Other,USA,Indiana,Premium,24.01,Smart TV,4.0,0,3.219275744889528,0,2022,11,17,3
57.0,Female,Canada,Saskatchewan,Premium,10.55,Desktop,2.0,1,2.446685436967803,0,2025,4,24,3
26.0,Male,Canada,Newfoundland and Labrador,Premium+,25.74,Laptop,3.0,0,3.286160571673797,0,2024,1,16,1
46.0,Female,USA,Florida,Standard,10.31,Tablet,2.0,0,2.425687290128029,0,2024,6,9,6
35.0,Male,Canada,Manitoba,Standard,2.57,Mobile,0.0,0,1.2725655957915476,1,2025,2,6,3
51.0,Male,USA,Florida,Basic,20.136172344689378,Tablet,2.0,1,3.0509859018293035,0,2022,12,9,4
45.0,Female,USA,Wisconsin,Basic,36.24,Desktop,4.0,0,3.617383452408866,0,2022,11,23,2
31.0,Female,Canada,Saskatchewan,Premium,10.34,Tablet,3.0,0,2.428336298299606,0,2024,10,10,3
41.0,Male,USA,Indiana,Premium+,32.16,Tablet,2.0,0,3.501344330267094,0,2025,7,17,3
16.0,Other,Canada,Newfoundland and Labrador,Standard,9.47,Desktop,5.0,0,2.3485140248824456,0,2024,7,23,1
25.0,Female,USA,Illinois,Premium,11.26,Tablet,6.0,0,2.506341930508065,0,2025,2,22,5
38.0,Female,USA,Wisconsin,Premium,29.48,Laptop,0.0,0,3.4170707308184456,1,2023,8,1,1
29.0,Female,USA,North Carolina,Premium,24.56,Gaming Console,2.0,0,3.241028629509334,0,2023,4,30,6
33.0,Female,USA,Wisconsin,Standard,17.06,Mobile,4.0,1,2.8936995479888394,0,2023,7,12,2
41.0,Female,USA,Washington,Standard,13.63,Gaming Console,3.0,1,2.683074215032033,0,2024,8,29,3
53.0,Other,Canada,Alberta,Basic,52.55,Laptop,2.0,0,3.980615796893758,0,2024,5,11,5
31.0,Female,Canada,Saskatchewan,Premium,4.98,Smart TV,2.0,0,1.7884205679625405,0,2024,9,13,4
36.0,Female,Canada,Manitoba,Basic,3.55,Tablet,6.0,0,1.5151272329628591,0,2024,1,11,3
23.0,Other,USA,Virginia,Standard,4.68,Laptop,3.0,0,1.7369512327330598,0,2025,6,19,3
28.0,Female,USA,Illinois,Basic,7.16,Tablet,1.0,0,2.0992441689760155,0,2022,12,10,5
25.0,Male,USA,New Jersey,Basic,16.85,Desktop,3.0,1,2.8820035082256483,0,2024,2,20,1
30.0,Male,USA,New Jersey,Standard,9.82,Laptop,0.0,0,2.3813962734183356,1,2025,4,13,6
22.0,Male,USA,Maryland,Standard,26.01,Desktop,2.0,0,3.2962071678045244,0,2024,12,29,6
53.0,Female,USA,Massachusetts,Premium,44.39,Gaming Console,3.0,0,3.8152918164683745,0,2024,7,30,1
12.0,Female,USA,Michigan,Basic,18.14,Laptop,4.0,0,2.9517803860248084,0,2023,3,28,1
30.0,Male,USA,Georgia,Premium,5.4,Mobile,2.0,0,1.8562979903656263,0,2025,2,27,3
36.0,Male,Canada,Quebec,Premium,2.53,Desktop,0.0,0,1.2612978709452054,1,2025,1,21,1
29.0,Female,USA,Indiana,Standard,16.94,Smart TV,4.0,1,2.88703285663065,0,2024,1,12,4
46.0,Other,USA,Massachusetts,Basic,6.16,Gaming Console,2.0,0,1.9685099809725544,0,2023,11,23,3
44.0,Male,USA,Washington,Premium,6.41,Tablet,2.0,1,2.0028304393079956,0,2023,5,17,2
40.0,Other,USA,North Carolina,Standard,12.08,Desktop,5.0,0,2.5710843460290524,0,2023,5,31,2
35.0,Female,Canada,New Brunswick,Premium,3.0,Gaming Console,2.0,0,1.3862943611198906,0,2023,11,9,3
40.0,Male,Canada,Saskatchewan,Standard,11.14,Laptop,2.0,0,2.4965057856313524,0,2023,3,10,4
58.0,Female,USA,Florida,Basic,8.55,Gaming Console,1.0,0,2.256541154492639,0,2025,3,12,2
54.0,Male,Canada,Saskatchewan,Premium+,14.72,Desktop,2.0,0,2.7549337870010606,0,2022,9,24,5
28.0,Female,USA,Indiana,Premium,4.98,Desktop,4.0,1,1.7884205679625405,0,2024,3,2,5
31.0,Male,USA,Georgia,Basic,17.26,Tablet,1.0,0,2.9047128751668225,0,2023,2,21,1
31.0,Female,Canada,British Columbia,Basic,5.07,Laptop,3.0,0,1.803358605071407,0,2023,10,21,5
28.0,Male,USA,Maryland,Premium,6.9,Gaming Console,2.0,0,2.066862759472976,0,2025,1,11,5
26.0,Other,Canada,Nova Scotia,Basic,33.49,Laptop,5.0,0,3.5406694269487495,0,2025,2,15,5
28.0,Male,USA,New York,Basic,9.85,Laptop,0.0,1,2.3841650799864684,1,2023,4,25,1
45.0,Female,USA,Arizona,Premium,19.65,Tablet,4.0,1,3.027715319407042,0,2024,9,14,5
46.0,Male,USA,North Carolina,Standard,14.79,Mobile,2.0,0,2.7593768282675506,0,2023,12,26,1
38.0,Male,Canada,Ontario,Basic,3.93,Desktop,5.0,0,1.5953389880545987,0,2025,4,28,0
36.0,Male,USA,Pennsylvania,Standard,13.79,Smart TV,0.0,0,2.6939512767227085,1,2025,2,15,5
24.0,Female,USA,Texas,Standard,15.43,Desktop,0.0,0,2.799108932049177,1,2023,4,1,5
42.0,Male,USA,Massachusetts,Standard,8.53,Tablet,3.0,0,2.254444717666111,0,2022,9,18,6
48.0,Female,USA,Missouri,Premium+,8.7,Tablet,4.0,0,2.272125885509337,0,2025,4,19,5
51.0,Female,USA,Washington,Basic,6.71,Desktop,2.0,0,2.0425181875752383,0,2023,1,6,4
45.0,Other,Canada,Ontario,Basic,25.6,Smart TV,2.0,0,3.2809112157876537,0,2025,2,17,0
38.0,Male,USA,Illinois,Premium,12.95,Mobile,0.0,0,2.6354795082673745,1,2025,6,28,5
33.0,Female,USA,Texas,Standard,24.78,Tablet,4.0,1,3.2495989975110415,0,2024,10,31,3
29.0,Male,Canada,Saskatchewan,Premium+,11.54,Tablet,2.0,0,2.5289235352047745,0,2023,2,26,6
13.0,Female,USA,North Carolina,Standard,12.76,Desktop,3.0,1,2.6217658325051976,0,2024,9,11,2
22.0,Female,Canada,Nova Scotia,Premium,10.14,Mobile,1.0,0,2.410542234499138,0,2022,9,11,6
48.0,Other,USA,Florida,Premium,8.53,Laptop,4.0,0,2.254444717666111,0,2024,5,8,2
32.0,Male,USA,Arizona,Standard,9.34,Desktop,5.0,0,2.336019869080283,0,2025,5,18,6
18.0,Other,USA,Michigan,Basic,2.28,Tablet,2.0,0,1.1878434223960523,0,2022,12,1,3
36.0,Female,Canada,New Brunswick,Basic,4.15,Desktop,2.0,0,1.6389967146756448,0,2024,5,9,3
28.0,Female,USA,Virginia,Basic,2.56,Desktop,1.0,0,1.269760544863939,0,2024,12,9,0
15.0,Other,Canada,Quebec,Basic,6.05,Laptop,3.0,0,1.9530276168241774,0,2023,3,11,5
45.0,Female,Canada,Nova Scotia,Basic,15.65,Laptop,0.0,1,2.8124102164264526,1,2024,12,22,6
42.0,Other,USA,Missouri,Premium,8.9,Laptop,2.0,0,2.2925347571405443,0,2023,9,29,4
15.0,Female,USA,Virginia,Standard,27.24,Laptop,0.0,0,3.3407394126250414,1,2024,2,18,6
44.0,Male,Canada,Nova Scotia,Standard,0.99,Desktop,3.0,0,0.688134638736401,0,2023,2,22,2
42.0,Female,Canada,British Columbia,Premium,19.23,Laptop,0.0,0,3.007166651179654,1,2023,8,4,4
48.0,Other,Canada,Prince Edward Island,Standard,5.76,Laptop,2.0,1,1.9110228900548727,0,2023,12,17,6
47.0,Female,USA,Washington,Basic,20.136172344689378,Desktop,1.0,0,3.0509859018293035,0,2025,4,14,0
31.0,Other,Canada,Prince Edward Island,Standard,8.5,Tablet,1.0,0,2.2512917986064953,0,2023,10,22,6
40.0,Male,Canada,Ontario,Standard,16.28,Tablet,0.0,0,2.8495497633759097,1,2025,6,18,2
47.0,Male,USA,Georgia,Standard,22.854736059479553,Tablet,4.0,0,3.1719827745379456,0,2022,9,29,3
51.0,Other,USA,Illinois,Premium,1.5,Desktop,3.0,0,0.9162907318741551,0,2025,6,20,4
47.0,Female,USA,Massachusetts,Basic,20.89,Laptop,7.0,1,3.0860299115347716,0,2023,5,31,2
43.0,Female,USA,Massachusetts,Basic,32.5,Desktop,5.0,0,3.5115454388310208,0,2023,10,4,2
32.0,Female,USA,Tennessee,Standard,26.56,Laptop,1.0,0,3.3163654461454577,0,2023,5,6,5
40.0,Male,USA,Massachusetts,Premium,7.8,Tablet,3.0,0,2.174751721484161,0,2024,2,5,0
43.0,Other,Canada,Prince Edward Island,Standard,27.92,Gaming Console,2.0,0,3.3645333972905638,0,2025,4,20,6
17.0,Male,USA,Illinois,Premium,14.62,Smart TV,3.0,0,2.7485521444115397,0,2024,8,28,2
31.0,Other,USA,Ohio,Premium,21.811017452655033,Tablet,7.0,0,3.1272436408541084,0,2025,7,28,0
45.0,Male,Canada,Nova Scotia,Premium,31.96,Gaming Console,0.0,0,3.495294705041271,1,2023,7,11,1
31.0,Male,Canada,Quebec,Standard,15.78,Smart TV,4.0,0,2.8201877010390604,0,2025,4,25,4
27.0,Male,Canada,New Brunswick,Standard,22.854736059479553,Desktop,5.0,0,3.1719827745379456,0,2025,2,23,6
30.0,Female,USA,Arizona,Standard,16.78,Laptop,1.0,0,2.8780742300857587,0,2024,5,13,0
34.0,Other,USA,Illinois,Standard,13.63,Desktop,0.0,0,2.683074215032033,1,2024,11,30,5
31.0,Female,USA,Georgia,Premium+,13.44,Smart TV,2.0,0,2.67000213346468,0,2024,4,27,5
41.0,Female,USA,Florida,Premium,19.67,Laptop,2.0,0,3.028683373693677,0,2024,1,9,1
22.0,Other,USA,Pennsylvania,Basic,29.9,Gaming Console,5.0,0,3.4307561839036995,0,2024,3,23,5
30.0,Male,Canada,Nova Scotia,Standard,2.73,Laptop,4.0,0,1.3164082336557241,0,2023,3,4,5
28.0,Female,USA,Florida,Standard,16.77,Desktop,4.0,0,2.87751164216656,0,2022,11,27,6
57.0,Female,USA,Illinois,Basic,27.92,Smart TV,4.0,1,3.3645333972905638,0,2023,4,19,2
37.0,Male,USA,Indiana,Premium,16.48,Laptop,1.0,0,2.8610573702273894,0,2025,3,30,6
23.0,Male,USA,Texas,Premium,4.16,Tablet,0.0,0,1.6409365794934714,1,2023,4,26,2
44.0,Female,USA,Florida,Premium,13.23,Tablet,5.0,0,2.655352412101761,0,2024,10,12,5
42.0,Female,USA,Arizona,Premium,10.76,Smart TV,1.0,0,2.464703942470481,0,2024,8,13,1
14.0,Male,USA,Massachusetts,Standard,12.44,Laptop,0.0,0,2.5982353350950036,1,2024,7,5,4
36.0,Male,USA,Georgia,Basic,14.77,Mobile,2.0,0,2.758109400974947,0,2023,7,2,6
36.0,Male,USA,California,Standard,17.4,Tablet,1.0,0,2.91235066461494,0,2023,8,3,3
36.0,Female,USA,Missouri,Standard,20.81,Desktop,2.0,1,3.0823685802135374,0,2024,12,20,4
39.0,Male,USA,Texas,Basic,33.56,Smart TV,2.0,0,3.542696943935855,0,2024,5,27,0
37.0,Male,Canada,Newfoundland and Labrador,Premium,6.86,Desktop,1.0,1,2.061786606441115,0,2023,8,11,4
24.0,Other,USA,Tennessee,Premium+,6.26,Mobile,3.0,0,1.9823798288367047,0,2024,6,18,1
15.0,Other,USA,Florida,Premium,19.39,Mobile,4.0,0,3.015044584586364,0,2025,1,24,4
33.0,Male,Canada,Nova Scotia,Basic,2.72,Smart TV,3.0,0,1.3137236682850553,0,2025,7,7,0
30.0,Other,Canada,Ontario,Premium,6.66,Desktop,1.0,1,2.0360119837525,0,2023,6,7,2
56.0,Other,USA,Washington,Premium+,7.8,Desktop,3.0,0,2.174751721484161,0,2025,5,12,0
43.0,Female,Canada,Newfoundland and Labrador,Standard,22.854736059479553,Tablet,0.0,0,3.1719827745379456,1,2022,11,13,6
44.0,Other,USA,Michigan,Standard,17.87,Gaming Console,2.0,0,2.9375733593804587,0,2022,10,5,2
28.0,Female,USA,Missouri,Standard,8.39,Laptop,2.0,0,2.2396452932201716,0,2024,8,30,4
23.0,Other,Canada,Saskatchewan,Standard,11.8,Gaming Console,2.0,1,2.5494451709255714,0,2024,12,23,0
49.0,Male,USA,Maryland,Standard,38.83,Gaming Console,4.0,0,3.684620397193553,0,2025,5,16,4
34.0,Male,Canada,Alberta,Standard,18.36,Tablet,2.0,0,2.963209081848431,0,2025,4,11,4
32.0,Male,USA,North Carolina,Premium,18.19,Desktop,7.0,0,2.9543893100196086,0,2023,9,22,4
28.0,Male,USA,Massachusetts,Basic,14.7,Smart TV,0.0,0,2.7536607123542622,1,2022,11,22,1
55.0,Female,USA,Tennessee,Premium+,18.84,Smart TV,3.0,0,2.987700101856727,0,2025,2,19,2
18.0,Other,USA,Texas,Premium,8.92,Tablet,3.0,0,2.2945529212967815,0,2025,6,27,4
39.0,Male,Canada,Alberta,Standard,29.72,Desktop,3.0,0,3.4249139082794713,0,2022,9,1,3
41.0,Male,USA,Florida,Basic,13.04,Smart TV,3.0,0,2.641910398597665,0,2024,1,23,1
23.0,Female,USA,Arizona,Basic,7.66,Desktop,3.0,0,2.1587147225743437,0,2023,10,3,1
30.0,Male,USA,Tennessee,Premium,21.811017452655033,Gaming Console,3.0,0,3.1272436408541084,0,2022,12,12,0
42.0,Female,Canada,New Brunswick,Standard,22.854736059479553,Desktop,2.0,0,3.1719827745379456,0,2024,10,31,3
25.0,Female,USA,Tennessee,Standard,12.65,Desktop,2.0,0,2.613739521630969,0,2025,5,13,1
43.0,Other,USA,Virginia,Standard,24.01,Desktop,3.0,0,3.219275744889528,0,2024,11,19,1
20.0,Male,USA,North Carolina,Standard,2.06,Laptop,1.0,0,1.1184149159642893,0,2024,3,6,2
36.0,Other,USA,Tennessee,Basic,16.33,Smart TV,2.0,0,2.8524391037275145,0,2024,9,6,4
46.0,Other,USA,Texas,Basic,10.38,Mobile,2.0,1,2.431857428698185,0,2023,9,1,4
24.0,Female,USA,Tennessee,Standard,22.854736059479553,Tablet,4.0,0,3.1719827745379456,0,2024,2,28,2
30.0,Other,USA,Missouri,Basic,24.81,Smart TV,3.0,0,3.2507620137305224,0,2023,2,15,2
36.0,Female,USA,North Carolina,Basic,11.23,Desktop,3.0,1,2.503891949699081,0,2024,12,19,3
30.0,Male,USA,Florida,Premium,20.61,Smart TV,3.0,0,3.0731561705187946,0,2024,1,25,3
41.0,Male,USA,Wisconsin,Standard,15.34,Gaming Console,3.0,0,2.7936160894318567,0,2025,4,15,1
26.0,Female,Canada,Manitoba,Premium,2.77,Desktop,5.0,0,1.3270750014599193,0,2023,7,6,3
42.0,Male,Canada,Quebec,Premium,12.44,Tablet,3.0,0,2.5982353350950036,0,2022,11,26,5
45.0,Female,USA,Indiana,Premium,915.79,Laptop,0.0,0,6.820878438396625,1,2023,10,9,0
25.0,Female,Canada,British Columbia,Premium,32.8,Desktop,2.0,0,3.520460802488973,0,2025,6,26,3
33.0,Other,USA,Indiana,Premium,43.08,Smart TV,5.0,0,3.786006164844659,0,2024,1,12,4
22.0,Other,USA,Indiana,Basic,20.136172344689378,Mobile,1.0,0,3.0509859018293035,0,2024,11,29,4
44.0,Other,USA,Ohio,Standard,3.48,Mobile,4.0,0,1.4996230464268938,0,2023,8,10,3
13.0,Female,Canada,New Brunswick,Premium,7.37,Tablet,0.0,0,2.124653884501384,1,2025,1,17,4
21.0,Female,USA,Missouri,Premium+,7.66,Mobile,1.0,0,2.1587147225743437,0,2024,12,27,4
46.0,Male,Canada,New Brunswick,Premium,15.76,Smart TV,1.0,1,2.818995095053937,0,2025,4,5,5
45.0,Female,USA,Illinois,Standard,5.6,Laptop,8.0,0,1.8870696490323797,0,2025,1,30,3
51.0,Male,USA,Tennessee,Basic,20.136172344689378,Tablet,0.0,0,3.0509859018293035,1,2024,6,20,3
40.0,Female,USA,Indiana,Premium,31.77,Gaming Console,1.0,1,3.489513462710723,0,2022,8,17,2
15.0,Male,USA,Illinois,Premium+,17.65,Tablet,3.0,0,2.9258461460898246,0,2024,10,14,0
31.0,Male,Canada,Ontario,Premium,11.43,Laptop,4.0,0,2.5201129055226197,0,2025,5,7,2
52.0,Male,USA,Arizona,Premium+,19.675352862849536,Tablet,4.0,0,3.0289423078910556,0,2025,2,18,1
29.0,Other,USA,Indiana,Premium,1.99,Tablet,2.0,0,1.095273387402595,0,2023,1,4,2
51.0,Female,Canada,Ontario,Standard,34.13,Tablet,2.0,0,3.559055466277736,0,2023,1,2,0
31.0,Male,USA,North Carolina,Basic,19.99,Mobile,2.0,1,3.0440461338325417,0,2022,11,28,0
35.0,Male,USA,Missouri,Basic,5.38,Gaming Console,1.0,0,1.8531680973566984,0,2022,11,24,3
39.0,Female,Canada,Newfoundland and Labrador,Standard,8.69,Laptop,2.0,0,2.2710944259026746,0,2023,7,27,3
35.0,Female,Canada,Quebec,Standard,5.78,Tablet,5.0,0,1.9139771019523042,0,2025,6,2,0
42.0,Female,USA,New York,Premium+,28.17,Desktop,4.0,1,3.37314078387963,0,2023,10,7,5
14.0,Female,USA,Massachusetts,Standard,8.0,Mobile,0.0,0,2.1972245773362196,1,2025,1,9,3
47.0,Other,USA,Arizona,Premium+,1.53,Gaming Console,3.0,0,0.9282193027394289,0,2023,6,13,1
35.0,Female,USA,New Jersey,Premium,31.51,Tablet,0.0,0,3.4815477343158143,1,2022,8,6,5
37.0,Other,Canada,Prince Edward Island,Premium,14.28,Desktop,3.0,0,2.7265447837383743,0,2024,6,22,5
20.0,Male,USA,Georgia,Premium,28.12,Smart TV,3.0,0,3.3714252233284854,0,2023,12,28,3
26.0,Female,Canada,Manitoba,Basic,20.136172344689378,Laptop,1.0,0,3.0509859018293035,0,2023,8,15,1
20.0,Male,USA,Massachusetts,Premium+,21.97,Laptop,2.0,1,3.134189016701007,0,2025,1,29,2
41.0,Female,USA,Maryland,Standard,16.12,Desktop,2.0,0,2.840247370713596,0,2023,11,6,0
18.0,Female,USA,Texas,Premium,11.57,Mobile,0.0,0,2.531313022602156,1,2023,10,5,3
36.0,Male,USA,Florida,Standard,24.9,Mobile,0.0,1,3.254242968705492,1,2023,10,12,3
37.0,Female,USA,Washington,Premium,21.811017452655033,Gaming Console,0.0,0,3.1272436408541084,1,2022,9,14,2
28.0,Male,Canada,British Columbia,Standard,7.78,Tablet,4.0,0,2.1724764076470255,0,2025,5,26,0
39.0,Female,USA,Wisconsin,Premium,26.27,Gaming Console,4.0,0,3.305787196857497,0,2024,4,16,1
41.0,Male,USA,Indiana,Basic,20.95,Desktop,0.0,0,3.08876713952118,1,2024,10,17,3
18.0,Female,USA,Michigan,Standard,20.28,Smart TV,2.0,0,3.0577676644734435,0,2024,7,4,3
27.0,Female,USA,Wisconsin,Basic,1.72,Gaming Console,4.0,1,1.000631880307906,0,2023,2,14,1
38.0,Female,Canada,Newfoundland and Labrador,Premium,21.811017452655033,Desktop,2.0,0,3.1272436408541084,0,2025,4,11,4
24.0,Male,USA,Washington,Premium,6.01,Desktop,2.0,0,1.9473377010464987,0,2025,6,9,0
41.0,Female,Canada,Ontario,Standard,9.95,Laptop,0.0,0,2.3933394562625097,1,2025,3,22,5
32.0,Male,USA,Texas,Premium,20.78,Tablet,4.0,0,3.0809921175048145,0,2025,1,2,3
43.0,Male,USA,Florida,Premium+,26.47,Gaming Console,3.0,0,3.3130945001071823,0,2023,2,3,4
27.0,Other,USA,Washington,Premium,21.811017452655033,Tablet,4.0,0,3.1272436408541084,0,2024,8,2,4
30.0,Female,USA,New Jersey,Standard,30.01,Smart TV,1.0,1,3.4343097331123578,0,2025,6,25,2
42.0,Male,USA,Georgia,Premium,9.84,Tablet,6.0,0,2.3832429960115,0,2022,12,13,1
40.0,Other,Canada,Alberta,Standard,8.55,Gaming Console,3.0,0,2.256541154492639,0,2024,9,6,4
41.0,Female,USA,Wisconsin,Standard,5.09,Laptop,0.0,0,1.8066480817218056,1,2025,2,11,1
34.0,Female,Canada,Alberta,Standard,37.01,Gaming Console,2.0,1,3.6378492830011573,0,2022,8,29,0
15.0,Male,Canada,Nova Scotia,Premium+,19.675352862849536,Tablet,0.0,0,3.0289423078910556,1,2024,10,17,3
34.0,Female,USA,Washington,Basic,29.34,Tablet,3.0,0,3.4124669739203863,0,2024,7,4,3
31.0,Male,USA,New York,Basic,17.12,Tablet,4.0,0,2.8970163006148333,0,2024,3,2,5
45.0,Female,USA,California,Premium+,13.51,Smart TV,3.0,0,2.6748380668960965,0,2024,7,14,6
22.0,Female,USA,Pennsylvania,Basic,1.31,Laptop,3.0,0,0.8372475245337022,0,2025,5,17,5
34.0,Male,Canada,Ontario,Standard,26.35,Gaming Console,4.0,0,3.3087165288679903,0,2025,4,9,2
56.0,Male,USA,Indiana,Standard,34.26,Laptop,1.0,0,3.562749176969724,0,2022,9,24,5
38.0,Female,USA,Tennessee,Premium+,10.22,Desktop,4.0,1,2.4176979000945504,0,2024,6,27,3
31.0,Female,Canada,Nova Scotia,Standard,12.62,Mobile,2.0,0,2.611539300721366,0,2022,12,21,2
54.0,Female,USA,Tennessee,Standard,22.854736059479553,Desktop,8.0,0,3.1719827745379456,0,2025,3,28,4
42.0,Male,USA,Tennessee,Premium,18.18,Tablet,8.0,1,2.953868069455292,0,2024,6,29,5
31.0,Female,USA,New York,Basic,3.61,Desktop,3.0,0,1.528227857008557,0,2023,7,17,0
36.0,Female,USA,California,Premium,10.17,Gaming Console,3.0,0,2.413231613081109,0,2025,2,26,2
26.0,Female,USA,Maryland,Standard,8.18,Mobile,1.0,1,2.217027204632399,0,2025,3,25,1
50.0,Female,USA,Missouri,Standard,44.2,Smart TV,1.0,0,3.8110970868381857,0,2024,12,24,1
42.0,Female,USA,Florida,Premium,14.77,Laptop,7.0,0,2.758109400974947,0,2024,7,5,4
21.0,Female,USA,Florida,Premium,21.811017452655033,Smart TV,2.0,0,3.1272436408541084,0,2025,4,16,2
35.0,Female,Canada,Nova Scotia,Basic,20.136172344689378,Desktop,2.0,0,3.0509859018293035,0,2023,12,24,6
30.0,Other,USA,Arizona,Premium,24.21,Desktop,1.0,0,3.2272407411998283,0,2025,7,30,2
35.0,Other,Canada,Manitoba,Premium,0.92,Desktop,2.0,0,0.6523251860396903,0,2025,5,7,2
32.0,Male,USA,Maryland,Premium,8.98,Laptop,0.0,1,2.300583090323373,1,2024,2,21,2
28.0,Male,Canada,Newfoundland and Labrador,Standard,16.64,Laptop,7.0,0,2.8701690505786455,0,2022,10,30,6
33.0,Female,USA,Washington,Basic,6.33,Tablet,3.0,0,1.9919755158985601,0,2023,5,18,3
33.0,Male,USA,Wisconsin,Basic,34.95,Smart TV,1.0,0,3.5821290841670557,0,2023,5,11,3
24.0,Male,USA,California,Basic,10.3,Laptop,3.0,0,2.424802725718295,0,2023,10,3,1
50.0,Male,Canada,Manitoba,Premium,82.24,Laptop,0.0,0,4.421728001525434,1,2023,8,10,3
36.0,Other,Canada,Newfoundland and Labrador,Standard,22.854736059479553,Tablet,2.0,0,3.1719827745379456,0,2025,4,22,1
53.0,Other,Canada,Nova Scotia,Premium,0.6,Desktop,6.0,0,0.4700036292457356,0,2024,2,29,3
19.0,Female,USA,Texas,Premium,15.24,Gaming Console,2.0,0,2.787477334733532,0,2022,10,24,0
13.0,Male,USA,North Carolina,Basic,15.51,Tablet,3.0,0,2.8039662579320366,0,2024,6,12,2
26.0,Female,Canada,Nova Scotia,Premium,4.13,Smart TV,1.0,0,1.6351056591826783,0,2024,4,7,6
35.0,Male,USA,North Carolina,Basic,7.2,Smart TV,3.0,0,2.1041341542702074,0,2024,9,13,4
51.0,Male,USA,Florida,Basic,41.61,Mobile,1.0,0,3.7520889675118205,0,2023,3,14,1
30.0,Female,USA,Arizona,Premium,21.811017452655033,Desktop,2.0,0,3.1272436408541084,0,2022,11,22,1
35.0,Male,USA,Tennessee,Premium,11.54,Tablet,3.0,0,2.5289235352047745,0,2024,7,30,1
42.0,Male,USA,Illinois,Standard,10.24,Gaming Console,2.0,0,2.419478844465545,0,2025,5,27,1
33.0,Female,USA,Massachusetts,Premium+,23.09,Mobile,0.0,0,3.18179681662678,1,2024,7,17,2
29.0,Male,Canada,Manitoba,Premium,4.53,Mobile,1.0,1,1.7101878155342434,0,2023,9,28,3
21.0,Female,Canada,Newfoundland and Labrador,Premium,18.16,Laptop,3.0,1,2.9528247725427144,0,2024,7,26,4
28.0,Male,USA,Washington,Premium+,12.17,Laptop,0.0,0,2.5779415157551897,1,2024,10,21,0
44.0,Female,USA,Wisconsin,Premium,26.67,Smart TV,0.0,0,3.3203487937988347,1,2023,9,26,1
33.0,Male,USA,Tennessee,Premium,17.67,Tablet,2.0,0,2.9269179575536315,0,2022,12,16,4
34.0,Male,Canada,Alberta,Standard,25.43,Gaming Console,6.0,0,3.2744997286161976,0,2024,1,13,5
42.0,Male,USA,Tennessee,Premium,3.16,Tablet,4.0,1,1.425515074273172,0,2023,9,28,3
53.0,Male,Canada,Nova Scotia,Basic,1.44,Laptop,0.0,0,0.8919980393051105,1,2024,2,24,5
31.0,Other,USA,Florida,Basic,20.136172344689378,Desktop,6.0,0,3.0509859018293035,0,2025,5,18,6
30.0,Female,USA,Pennsylvania,Standard,18.33,Gaming Console,2.0,0,2.9616582932202395,0,2024,2,29,3
45.0,Male,Canada,Newfoundland and Labrador,Premium+,4.99,Desktop,2.0,0,1.7900914121273581,0,2024,7,4,3
32.0,Male,USA,Pennsylvania,Standard,30.11,Desktop,2.0,0,3.4375293109095457,0,2023,3,12,6
24.0,Female,USA,California,Standard,10.61,Desktop,5.0,0,2.4518667957098,0,2024,4,3,2
24.0,Female,USA,Michigan,Premium,15.8,Desktop,1.0,0,2.8213788864092133,0,2022,11,12,5
19.0,Female,USA,North Carolina,Basic,25.36,Smart TV,4.0,0,3.2718477096343066,0,2023,2,10,4
17.0,Other,Canada,Saskatchewan,Standard,9.67,Tablet,1.0,0,2.367436065313662,0,2025,1,30,3
49.0,Male,USA,New York,Basic,13.72,Gaming Console,2.0,0,2.6892071133007303,0,2022,9,22,3
18.0,Female,USA,North Carolina,Premium+,17.49,Smart TV,1.0,1,2.9172300453990334,0,2023,1,24,1
41.0,Male,USA,Massachusetts,Premium,15.57,Laptop,4.0,0,2.8075938314384716,0,2025,2,26,2
34.0,Female,USA,Tennessee,Basic,20.136172344689378,Smart TV,1.0,0,3.0509859018293035,0,2024,9,4,2
50.0,Female,USA,Michigan,Standard,8.53,Laptop,2.0,1,2.254444717666111,0,2024,6,30,6
32.0,Female,USA,Washington,Basic,16.44,Laptop,0.0,0,2.8587664184808337,1,2025,6,1,6
30.0,Male,USA,New York,Standard,7.14,Laptop,0.0,1,2.096790180014449,1,2025,7,18,4
30.0,Female,USA,Missouri,Standard,9.42,Tablet,2.0,0,2.343727036325221,0,2023,5,11,3
13.0,Male,USA,Massachusetts,Standard,31.87,Smart TV,6.0,0,3.492560387676128,0,2025,6,26,3
40.0,Female,USA,Missouri,Standard,11.09,Desktop,2.0,1,2.492378664626701,0,2025,4,10,3
38.0,Other,USA,Florida,Premium,11.08,Tablet,1.0,0,2.4915511925066687,0,2023,4,20,3
35.0,Female,USA,Washington,Premium,13.17,Mobile,3.0,0,2.6511270537025893,0,2025,1,22,2
33.0,Male,Canada,Alberta,Standard,20.0,Mobile,2.0,1,3.044522437723423,0,2022,10,5,2
45.0,Male,Canada,Prince Edward Island,Basic,38.84,Tablet,1.0,0,3.6848714327163976,0,2022,12,1,3
33.0,Female,Canada,Prince Edward Island,Standard,32.16,Gaming Console,2.0,0,3.501344330267094,0,2024,9,1,6
22.0,Female,USA,Ohio,Basic,7.36,Tablet,1.0,1,2.1234584270966104,0,2024,9,15,6
41.0,Female,USA,Tennessee,Basic,7.37,Desktop,5.0,1,2.124653884501384,0,2025,7,25,4
40.0,Female,USA,Ohio,Basic,8.07,Gaming Console,1.0,0,2.2049722641270453,0,2022,9,27,1
46.0,Male,USA,California,Standard,12.82,Mobile,3.0,0,2.626116818339524,0,2025,3,5,2
43.0,Male,Canada,Manitoba,Premium,21.8,Tablet,2.0,0,3.126760535960395,0,2024,11,26,1
28.0,Male,USA,Washington,Standard,24.11,Mobile,2.0,0,3.2232661731694936,0,2023,10,28,5
34.0,Female,USA,Indiana,Basic,20.136172344689378,Laptop,1.0,0,3.0509859018293035,0,2025,3,9,6
52.0,Male,Canada,Nova Scotia,Basic,20.83,Laptop,2.0,0,3.0832851705618523,0,2022,11,3,3
60.0,Female,Canada,Manitoba,Standard,8.8,Desktop,2.0,0,2.2823823856765264,0,2023,8,31,3
39.0,Male,USA,Tennessee,Standard,11.31,Tablet,3.0,0,2.510411940196362,0,2023,11,25,5
48.0,Other,USA,California,Premium,18.56,Laptop,2.0,0,2.9734866646066713,0,2023,4,26,2
27.0,Female,Canada,New Brunswick,Standard,9.19,Tablet,1.0,0,2.321406847234633,0,2024,12,7,5
30.0,Male,USA,Wisconsin,Standard,2.04,Laptop,1.0,0,1.1118575154181303,0,2023,10,27,4
59.0,Male,USA,Virginia,Premium,23.75,Gaming Console,0.0,0,3.2088254890146994,1,2022,10,24,0
39.0,Male,USA,Indiana,Premium,17.0,Laptop,5.0,0,2.8903717578961645,0,2025,2,16,6
51.0,Female,Canada,New Brunswick,Premium,16.91,Smart TV,0.0,0,2.8853592160726205,1,2023,4,15,5
39.0,Male,USA,Indiana,Premium,10.55,Mobile,2.0,0,2.446685436967803,0,2023,1,20,4
36.0,Male,USA,Pennsylvania,Standard,0.89,Gaming Console,0.0,0,0.636576829071551,1,2023,9,6,2
39.0,Other,USA,Arizona,Premium,5.84,Mobile,2.0,0,1.922787731634459,0,2023,1,18,2
52.0,Male,Canada,Prince Edward Island,Basic,6.64,Desktop,3.0,0,2.033397603178429,0,2025,1,8,2
20.0,Other,USA,Michigan,Basic,16.59,Gaming Console,6.0,0,2.8673305587494666,0,2024,6,5,2
48.0,Male,USA,North Carolina,Premium,23.46,Desktop,5.0,0,3.1970391302590264,0,2023,10,8,6
51.0,Other,USA,Florida,Standard,22.854736059479553,Mobile,2.0,0,3.1719827745379456,0,2022,8,7,6
26.0,Other,USA,Virginia,Basic,16.4,Gaming Console,1.0,0,2.856470206220483,0,2023,3,27,0
50.0,Other,USA,Massachusetts,Premium,36.49,Laptop,4.0,0,3.6240742307478206,0,2024,5,31,4
53.0,Male,Canada,Saskatchewan,Standard,13.76,Mobile,2.0,0,2.6919208191723265,0,2025,2,25,1
38.0,Male,USA,Ohio,Standard,8.53,Tablet,1.0,1,2.254444717666111,0,2022,11,13,6
19.0,Male,USA,Ohio,Premium,21.53,Smart TV,7.0,0,3.114847754444153,0,2024,6,16,6
45.0,Female,USA,New York,Premium+,22.28,Mobile,3.0,0,3.147594622863237,0,2023,4,12,2
31.0,Female,USA,Illinois,Basic,18.35,Mobile,5.0,0,2.962692419475791,0,2024,8,31,5
40.0,Male,USA,New York,Basic,21.23,Mobile,2.0,0,3.101442727976105,0,2022,11,19,5
23.0,Male,USA,Washington,Basic,20.136172344689378,Gaming Console,2.0,1,3.0509859018293035,0,2024,1,24,2
58.0,Male,USA,North Carolina,Premium,26.99,Mobile,4.0,1,3.331847303527362,0,2023,1,12,3
57.0,Female,USA,Illinois,Premium+,31.28,Gaming Console,0.0,0,3.474447843401748,1,2024,10,31,3
34.0,Male,Canada,Prince Edward Island,Basic,20.136172344689378,Tablet,1.0,0,3.0509859018293035,0,2025,7,23,2
13.0,Female,USA,Virginia,Premium,30.16,Laptop,4.0,0,3.4391352210025476,0,2023,8,25,4
37.0,Other,USA,New Jersey,Standard,18.04,Laptop,2.0,0,2.9465420293632194,0,2023,9,19,1
31.0,Female,Canada,Alberta,Premium,8.79,Gaming Console,1.0,0,2.281361456542419,0,2024,4,23,1
19.0,Other,USA,California,Premium,26.34,Mobile,4.0,0,3.3083508312958037,0,2024,1,17,2
43.0,Female,Canada,Newfoundland and Labrador,Basic,16.08,Laptop,3.0,0,2.837908188360424,0,2025,6,2,0
11.0,Female,USA,Tennessee,Standard,8.97,Desktop,0.0,0,2.299580583973747,1,2025,2,26,2
21.0,Male,Canada,Newfoundland and Labrador,Premium+,18.57,Tablet,0.0,0,2.9739977814079848,1,2022,9,9,4
35.0,Female,USA,Pennsylvania,Premium,3.88,Desktop,0.0,0,1.5851452198650557,1,2023,3,28,1
52.0,Other,USA,Washington,Standard,13.15,Laptop,2.0,0,2.649714624089247,0,2023,10,10,1
34.0,Female,Canada,Alberta,Premium,7.64,Tablet,4.0,0,2.1564025828159643,0,2022,11,27,6
55.0,Other,USA,Tennessee,Standard,15.55,Tablet,2.0,0,2.806386101823072,0,2024,11,5,1
40.0,Male,Canada,Quebec,Premium,8.65,Tablet,3.0,0,2.2669579153508947,0,2025,7,26,5
48.0,Female,USA,Wisconsin,Basic,8.45,Tablet,3.0,0,2.2460147415056513,0,2024,4,15,0
33.0,Male,USA,Indiana,Premium,12.22,Tablet,1.0,1,2.5817308344235403,0,2023,10,10,1
32.0,Female,USA,Wisconsin,Standard,21.4,Desktop,5.0,0,3.109060958860994,0,2023,11,2,3
46.0,Male,USA,Ohio,Premium+,19.675352862849536,Smart TV,5.0,0,3.0289423078910556,0,2023,6,16,4
28.0,Male,USA,Wisconsin,Basic,19.35,Gaming Console,0.0,0,3.013080911888604,1,2023,9,28,3
19.0,Male,USA,Pennsylvania,Standard,38.37,Desktop,2.0,0,3.673004104955646,0,2025,2,24,0
45.0,Female,Canada,Manitoba,Premium,797.59,Tablet,3.0,1,6.682847672637373,0,2023,9,14,3
21.0,Male,USA,Georgia,Premium+,13.94,Mobile,0.0,0,2.7040421797046714,1,2024,3,7,3
19.0,Female,Canada,Alberta,Basic,13.56,Tablet,3.0,1,2.67827804276854,0,2025,3,9,6
37.0,Female,USA,Indiana,Premium,21.811017452655033,Desktop,0.0,0,3.1272436408541084,1,2024,7,8,0
29.0,Other,Canada,Newfoundland and Labrador,Standard,2.64,Smart TV,2.0,0,1.2919836816486494,0,2023,12,14,3
21.0,Male,USA,New York,Basic,11.43,Tablet,3.0,0,2.5201129055226197,0,2024,9,19,3
43.0,Male,Canada,Saskatchewan,Premium,10.02,Mobile,2.0,0,2.3997118037247684,0,2023,9,9,5
52.0,Other,USA,Missouri,Premium,7.79,Laptop,0.0,1,2.1736147116970854,1,2023,3,25,5
26.0,Female,Canada,Nova Scotia,Standard,12.79,Smart TV,6.0,0,2.6239436918052106,0,2023,2,7,1
55.0,Male,Canada,British Columbia,Standard,22.854736059479553,Laptop,0.0,0,3.1719827745379456,1,2024,11,18,0
30.0,Female,USA,Pennsylvania,Premium,13.38,Desktop,4.0,1,2.6658383522929006,0,2024,8,2,4
52.0,Female,USA,Massachusetts,Standard,22.854736059479553,Laptop,1.0,0,3.1719827745379456,0,2025,1,12,6
45.0,Female,USA,Pennsylvania,Premium,10.54,Desktop,3.0,1,2.4458192610799534,0,2023,4,13,3
47.0,Male,Canada,Quebec,Premium,34.64,Mobile,4.0,0,3.573468602602609,0,2023,6,26,0
21.0,Female,USA,Ohio,Standard,22.854736059479553,Gaming Console,2.0,0,3.1719827745379456,0,2025,2,10,0
44.0,Female,USA,Georgia,Premium,18.7,Gaming Console,0.0,0,2.9806186357439426,1,2023,11,8,2
32.0,Male,Canada,Alberta,Basic,9.0,Smart TV,2.0,0,2.302585092994046,0,2024,5,30,3
24.0,Female,Canada,Nova Scotia,Standard,16.41,Desktop,5.0,0,2.8570447537800976,0,2025,4,1,1
47.0,Male,Canada,Alberta,Premium,9.48,Tablet,5.0,0,2.349468678892896,0,2025,3,12,2
38.0,Male,USA,Pennsylvania,Standard,33.03,Mobile,5.0,1,3.5272424885128144,0,2024,11,17,6
32.0,Female,USA,Virginia,Premium,3.37,Gaming Console,1.0,0,1.4747630091074988,0,2023,6,18,6
33.0,Male,USA,Wisconsin,Standard,9.95,Tablet,2.0,0,2.3933394562625097,0,2025,1,11,5
24.0,Other,USA,Michigan,Standard,16.9,Smart TV,1.0,0,2.884800712846709,0,2024,10,1,1
55.0,Female,USA,North Carolina,Standard,4.77,Gaming Console,2.0,0,1.7526720805200082,0,2024,1,14,6
31.0,Female,USA,California,Premium,28.0,Gaming Console,2.0,0,3.367295829986474,0,2024,10,5,5
27.0,Other,Canada,Manitoba,Standard,22.854736059479553,Tablet,2.0,1,3.1719827745379456,0,2024,4,8,0
32.0,Male,USA,Florida,Standard,16.62,Gaming Console,4.0,0,2.8690346205080335,0,2025,5,23,4
47.0,Female,USA,Missouri,Premium+,19.675352862849536,Laptop,4.0,0,3.0289423078910556,0,2025,5,6,1
48.0,Other,Canada,Newfoundland and Labrador,Basic,21.09,Laptop,3.0,0,3.095125017432026,0,2022,8,11,3
55.0,Male,USA,Virginia,Standard,1.98,Gaming Console,4.0,0,1.091923300517313,0,2022,8,19,4
22.0,Male,USA,New York,Premium,15.45,Mobile,4.0,0,2.800325477211381,0,2025,4,17,3
52.0,Female,Canada,Alberta,Premium,5.4,Smart TV,3.0,0,1.8562979903656263,0,2023,8,8,1
35.0,Other,Canada,Newfoundland and Labrador,Premium,24.39,Smart TV,0.0,0,3.234355395716587,1,2023,4,11,1
25.0,Female,USA,New York,Standard,39.63,Desktop,4.0,1,3.7045067099996354,0,2024,5,31,4
42.0,Male,Canada,Quebec,Basic,17.67,Tablet,1.0,0,2.9269179575536315,0,2024,4,18,3
47.0,Male,USA,Virginia,Premium+,32.73,Gaming Console,1.0,0,3.5183876490735586,0,2023,4,30,6
30.0,Female,USA,Ohio,Premium,30.97,Desktop,3.0,0,3.4647979630717503,0,2023,6,2,4
29.0,Other,Canada,Alberta,Standard,19.45,Gaming Console,1.0,0,3.017982882488811,0,2023,8,26,5
21.0,Other,USA,Washington,Basic,23.91,Desktop,6.0,0,3.215269329274089,0,2023,1,29,6
33.0,Female,Canada,Ontario,Basic,3.76,Laptop,0.0,0,1.5602476682433286,1,2024,6,9,6
46.0,Male,USA,New Jersey,Standard,8.88,Mobile,2.0,0,2.2905125117597764,0,2023,7,16,6
39.0,Female,USA,Michigan,Premium,23.14,Tablet,1.0,1,3.1838702156693857,0,2024,1,9,1
49.0,Other,Canada,Saskatchewan,Standard,8.36,Desktop,1.0,0,2.2364452904895007,0,2023,11,9,3
29.0,Male,USA,Massachusetts,Standard,8.0,Mobile,7.0,1,2.1972245773362196,0,2024,3,3,6
26.0,Male,USA,Illinois,Premium,5.45,Desktop,3.0,1,1.864080130807681,0,2024,4,28,6
32.0,Other,USA,Ohio,Standard,3.11,Tablet,3.0,1,1.413423028508143,0,2023,11,27,0
60.0,Male,USA,Washington,Standard,408.1,Desktop,3.0,0,6.013959624935353,0,2023,7,31,0
37.0,Female,USA,Florida,Standard,4.18,Smart TV,0.0,0,1.6448050562713916,1,2024,1,15,0
21.0,Female,Canada,Ontario,Premium,22.36,Gaming Console,1.0,0,3.151025157960026,0,2024,5,11,5
25.0,Male,USA,Tennessee,Premium,3.93,Tablet,6.0,0,1.5953389880545987,0,2022,10,21,4
16.0,Other,USA,North Carolina,Basic,4.1,Desktop,2.0,0,1.62924053973028,0,2023,9,5,1
48.0,Female,Canada,Prince Edward Island,Premium,9.81,Smart TV,1.0,0,2.3804716316511167,0,2024,5,13,0
17.0,Female,USA,Illinois,Premium,29.95,Tablet,5.0,1,3.432372999130605,0,2024,11,10,6
41.0,Female,Canada,Manitoba,Premium,22.04,Laptop,1.0,0,3.1372318358276905,0,2024,11,18,0
40.0,Male,Canada,Nova Scotia,Standard,31.94,Laptop,8.0,1,3.494687724749494,0,2025,2,2,6
17.0,Male,Canada,Prince Edward Island,Standard,22.854736059479553,Gaming Console,4.0,1,3.1719827745379456,0,2025,1,13,0
22.0,Female,Canada,Newfoundland and Labrador,Standard,11.45,Smart TV,3.0,0,2.5217206229107165,0,2023,12,31,6
36.0,Female,Canada,Prince Edward Island,Standard,27.83,Laptop,5.0,0,3.3614165116503107,0,2023,4,30,6
37.0,Male,USA,Texas,Premium,19.15,Smart TV,0.0,0,3.0032042883926917,1,2023,10,24,1
37.0,Female,USA,New Jersey,Standard,13.32,Mobile,1.0,0,2.6616571615324998,0,2024,1,14,6
33.0,Female,USA,Texas,Premium,10.26,Laptop,2.0,0,2.421256622711544,0,2023,8,30,2
20.0,Male,Canada,New Brunswick,Premium+,24.39,Gaming Console,1.0,0,3.234355395716587,0,2023,6,15,3
49.0,Male,USA,Pennsylvania,Premium,4.91,Laptop,2.0,0,1.776645831418007,0,2023,8,6,6
44.0,Male,USA,Tennessee,Standard,5.14,Desktop,0.0,0,1.814824742159051,1,2023,2,19,6
45.0,Female,Canada,British Columbia,Standard,28.7,Tablet,4.0,0,3.391147045808654,0,2022,8,9,1
35.0,Male,USA,Florida,Premium,40.28,Gaming Console,3.0,0,3.720378121173307,0,2025,5,27,1
17.0,Female,Canada,Alberta,Premium,6.03,Tablet,4.0,0,1.9501867058225735,0,2024,1,20,5
39.0,Female,USA,Illinois,Premium,16.44,Smart TV,0.0,0,2.8587664184808337,1,2023,10,26,3
28.0,Female,USA,North Carolina,Standard,32.48,Gaming Console,3.0,0,3.5109482456212744,0,2024,10,11,4
36.0,Male,Canada,New Brunswick,Premium,3.07,Mobile,0.0,1,1.4036429994545037,1,2024,8,8,3
32.0,Male,Canada,Manitoba,Standard,8.76,Laptop,4.0,0,2.278292400425001,0,2022,9,30,4
40.0,Male,USA,Georgia,Premium,23.76,Desktop,0.0,0,3.2092294478163956,1,2022,11,3,3
48.0,Female,Canada,New Brunswick,Standard,29.23,Laptop,2.0,0,3.408834808791367,0,2024,9,12,3
35.0,Female,USA,Pennsylvania,Standard,9.32,Tablet,4.0,0,2.334083760053417,0,2024,7,30,1
43.0,Female,Canada,British Columbia,Standard,5.62,Desktop,1.0,0,1.890095369948917,0,2025,7,26,5
36.0,Female,Canada,Alberta,Premium+,19.675352862849536,Desktop,3.0,0,3.0289423078910556,0,2023,10,16,0
20.0,Male,USA,Massachusetts,Standard,11.5,Desktop,0.0,0,2.5257286443082556,1,2022,9,2,4
45.0,Female,USA,New Jersey,Basic,38.92,Smart TV,3.0,1,3.686877451443263,0,2023,8,28,0
49.0,Female,USA,North Carolina,Standard,18.56,Smart TV,3.0,0,2.9734866646066713,0,2023,1,7,5
16.0,Female,USA,Wisconsin,Premium,21.811017452655033,Tablet,2.0,0,3.1272436408541084,0,2022,11,17,3
34.0,Female,USA,New Jersey,Premium+,12.89,Tablet,1.0,0,2.6311691567662523,0,2025,6,4,2
53.0,Male,USA,Washington,Standard,32.8,Desktop,4.0,0,3.520460802488973,0,2024,10,24,3
35.0,Male,Canada,Newfoundland and Labrador,Standard,21.98,Gaming Console,1.0,0,3.1346242724206097,0,2025,7,15,1
40.0,Other,USA,Ohio,Basic,14.78,Desktop,1.0,0,2.7587433154177283,0,2022,9,8,3
31.0,Female,USA,California,Premium,10.02,Laptop,1.0,0,2.3997118037247684,0,2024,1,3,2
43.0,Other,USA,Maryland,Standard,4.82,Desktop,2.0,0,1.7613002617433464,0,2022,9,6,1
48.0,Male,USA,Virginia,Standard,15.09,Mobile,4.0,0,2.7781979610042917,0,2025,5,24,5
44.0,Male,USA,Wisconsin,Standard,9.94,Gaming Console,2.0,0,2.392425796993835,0,2022,12,15,3
32.0,Female,Canada,Manitoba,Standard,17.89,Tablet,6.0,0,2.9386326815134183,0,2023,2,15,2
40.0,Male,USA,Tennessee,Standard,29.35,Gaming Console,2.0,0,3.4127965175055075,0,2023,8,12,5
46.0,Female,Canada,Manitoba,Premium,5.32,Tablet,2.0,0,1.843719208158766,0,2023,3,21,1
33.0,Female,Canada,British Columbia,Basic,20.136172344689378,Mobile,4.0,0,3.0509859018293035,0,2024,7,20,5
37.0,Male,USA,Tennessee,Standard,15.72,Laptop,3.0,0,2.8166056076565553,0,2023,4,9,6
39.0,Female,Canada,Saskatchewan,Standard,8.48,Smart TV,1.0,0,2.2491843162669305,0,2024,4,8,0
46.0,Male,USA,North Carolina,Basic,30.95,Tablet,0.0,0,3.4641721808235437,1,2022,11,14,0
25.0,Other,USA,New York,Premium+,14.96,Smart TV,1.0,0,2.7700855920216627,0,2024,7,14,6
56.0,Male,USA,Washington,Premium+,0.15,Mobile,3.0,0,0.1397619423751587,0,2024,1,23,1
34.0,Female,USA,Michigan,Standard,26.25,Desktop,1.0,0,3.305053521109253,0,2023,11,1,2
24.0,Male,USA,Washington,Premium,9.96,Gaming Console,0.0,1,2.3942522815198695,1,2024,1,21,6
30.0,Male,Canada,Manitoba,Standard,1.87,Mobile,2.0,0,1.0543120297715298,0,2025,3,22,5
42.0,Other,Canada,New Brunswick,Premium,21.811017452655033,Tablet,2.0,0,3.1272436408541084,0,2025,5,19,0
23.0,Female,Canada,Manitoba,Premium,9.04,Gaming Console,3.0,0,2.306577114263583,0,2025,4,21,0
25.0,Male,Canada,Nova Scotia,Premium,10.26,Laptop,4.0,1,2.421256622711544,0,2025,6,9,0
50.0,Other,USA,Texas,Basic,21.36,Tablet,1.0,0,3.1072736482868986,0,2024,4,11,3
27.0,Female,Canada,Quebec,Premium,21.811017452655033,Smart TV,1.0,1,3.1272436408541084,0,2023,5,8,0
18.0,Other,USA,Tennessee,Basic,4.85,Mobile,6.0,0,1.766441661243765,0,2022,12,27,1
39.0,Male,USA,Virginia,Premium+,1.22,Mobile,2.0,0,0.7975071958841881,0,2023,8,23,2
34.0,Female,USA,Massachusetts,Basic,7.07,Smart TV,5.0,0,2.0881534822818573,0,2024,1,1,0
44.0,Male,USA,Maryland,Premium,35.21,Mobile,1.0,0,3.58933532377755,0,2023,2,21,1
50.0,Male,USA,Maryland,Basic,16.73,Smart TV,1.0,0,2.8752581200861167,0,2025,5,1,3
44.0,Male,USA,Maryland,Premium+,7.74,Laptop,0.0,0,2.167910189667444,1,2024,4,6,5
57.0,Male,USA,California,Premium,21.811017452655033,Mobile,4.0,0,3.1272436408541084,0,2022,12,2,4
37.0,Male,USA,Texas,Basic,27.42,Desktop,6.0,1,3.3470931226689546,0,2024,8,29,3
34.0,Other,USA,North Carolina,Standard,3.79,Desktop,2.0,1,1.5665304114228238,0,2023,7,17,0
40.0,Other,Canada,Manitoba,Basic,20.136172344689378,Tablet,0.0,0,3.0509859018293035,1,2022,9,8,3
42.0,Other,USA,California,Premium,35.54,Laptop,1.0,1,3.5984075509498608,0,2023,12,17,6
42.0,Female,USA,Massachusetts,Standard,35.68,Gaming Console,5.0,0,3.602231647388264,0,2023,4,24,0
56.0,Female,USA,Maryland,Premium,25.64,Desktop,4.0,0,3.2824138456721883,0,2024,3,2,5
25.0,Male,Canada,British Columbia,Standard,5.7,Tablet,0.0,0,1.9021075263969205,1,2025,1,6,0
39.0,Male,Canada,Ontario,Standard,23.65,Desktop,5.0,0,3.204776900488699,0,2023,11,18,5
35.0,Female,USA,Georgia,Standard,22.854736059479553,Smart TV,4.0,0,3.1719827745379456,0,2022,8,25,3
37.0,Female,USA,New Jersey,Basic,5.75,Smart TV,6.0,0,1.9095425048844386,0,2022,8,25,3
40.0,Female,USA,Illinois,Basic,1.17,Smart TV,8.0,0,0.7747271675523681,0,2023,5,17,2
33.0,Male,Canada,Ontario,Premium,5.96,Mobile,3.0,0,1.9401794743463283,0,2023,1,17,1
24.0,Male,USA,California,Standard,26.69,Gaming Console,3.0,0,3.3210713371828704,0,2022,9,29,3
35.0,Male,USA,Wisconsin,Premium,6.63,Gaming Console,7.0,1,2.0320878452963655,0,2023,8,23,2
39.0,Other,USA,Michigan,Premium+,32.79,Laptop,2.0,1,3.5201649007261984,0,2025,3,2,6
30.0,Female,USA,Georgia,Basic,20.136172344689378,Laptop,0.0,0,3.0509859018293035,1,2024,5,17,4
34.0,Male,Canada,Quebec,Standard,14.97,Laptop,0.0,1,2.770711962226921,1,2022,12,27,1
45.0,Female,USA,Indiana,Standard,33.24,Tablet,4.0,0,3.5333945512735414,0,2022,10,27,3
31.0,Female,USA,Pennsylvania,Premium,2.15,Smart TV,2.0,0,1.1474024528375417,0,2024,10,3,3
25.0,Other,Canada,Newfoundland and Labrador,Premium,21.811017452655033,Smart TV,3.0,0,3.1272436408541084,0,2023,3,23,3
32.0,Female,USA,Michigan,Standard,7.62,Gaming Console,4.0,0,2.154085084675602,0,2025,5,5,0
21.0,Male,USA,Illinois,Standard,344.49,Desktop,5.0,1,5.844963699228794,0,2025,7,6,6
22.0,Female,USA,Maryland,Premium,25.77,Gaming Console,0.0,0,3.2872818575322613,1,2024,9,15,6
31.0,Female,USA,Michigan,Premium,5.42,Laptop,1.0,1,1.8594181177018698,0,2025,2,15,5
23.0,Female,Canada,Nova Scotia,Premium,16.52,Mobile,0.0,1,2.8633430855082453,1,2024,7,28,6
35.0,Female,USA,Pennsylvania,Premium,24.55,Gaming Console,4.0,1,3.2406373166497136,0,2025,6,5,3
44.0,Female,USA,Arizona,Standard,13.14,Laptop,4.0,0,2.6490076604684267,0,2025,4,16,2
34.0,Female,USA,Michigan,Standard,22.854736059479553,Smart TV,4.0,0,3.1719827745379456,0,2025,7,6,6
26.0,Female,USA,Massachusetts,Standard,11.77,Mobile,1.0,1,2.547098670044448,0,2023,7,10,0
46.0,Other,USA,Virginia,Standard,22.854736059479553,Mobile,7.0,0,3.1719827745379456,0,2023,2,14,1
36.0,Female,Canada,Saskatchewan,Premium,6.14,Desktop,2.0,0,1.965712776351493,0,2024,12,24,1
14.0,Female,USA,Virginia,Premium+,8.12,Smart TV,3.0,1,2.21046980408624,0,2024,3,10,6
17.0,Male,Canada,Newfoundland and Labrador,Standard,26.59,Gaming Console,3.0,0,3.3174533882291946,0,2022,11,9,2
35.0,Female,USA,Florida,Basic,7.02,Smart TV,1.0,0,2.081938421878423,0,2024,9,26,3
43.0,Male,Canada,British Columbia,Standard,9.64,Desktop,1.0,1,2.3646204839134985,0,2024,9,12,3
35.0,Female,USA,Missouri,Premium,12.5,Tablet,2.0,0,2.6026896854443837,0,2024,6,10,0
33.0,Other,Canada,Ontario,Standard,26.94,Smart TV,6.0,0,3.330059353828816,0,2025,4,26,5
37.0,Other,USA,Virginia,Premium+,8.9,Mobile,7.0,0,2.2925347571405443,0,2025,6,13,4
13.0,Female,Canada,British Columbia,Basic,11.1,Tablet,2.0,0,2.4932054526026954,0,2023,9,9,5
26.0,Female,USA,Indiana,Standard,16.77,Gaming Console,5.0,1,2.87751164216656,0,2022,8,28,6
48.0,Male,USA,Tennessee,Premium+,12.65,Laptop,4.0,1,2.613739521630969,0,2024,10,30,2
15.0,Male,Canada,Newfoundland and Labrador,Premium,9.46,Gaming Console,3.0,0,2.347558458636777,0,2025,4,7,0
21.0,Male,USA,Ohio,Standard,11.07,Tablet,0.0,0,2.4907230351094403,1,2023,9,9,5
25.0,Male,Canada,Newfoundland and Labrador,Basic,10.34,Laptop,2.0,0,2.428336298299606,0,2023,3,7,1
24.0,Female,Canada,Prince Edward Island,Premium+,10.37,Tablet,2.0,1,2.4309783077624445,0,2022,8,19,4
31.0,Male,USA,Illinois,Premium,10.13,Laptop,3.0,1,2.4096441652874536,0,2023,12,23,5
26.0,Female,USA,Illinois,Premium,6.81,Gaming Console,2.0,0,2.0554049638515948,0,2024,3,2,5
52.0,Male,Canada,New Brunswick,Premium,4.84,Tablet,3.0,0,1.7647307968401356,0,2024,10,6,6
41.0,Other,Canada,Ontario,Premium+,19.675352862849536,Desktop,4.0,0,3.0289423078910556,0,2022,8,11,3
12.0,Female,USA,New York,Basic,3.14,Desktop,4.0,0,1.420695787837223,0,2023,2,28,1
49.0,Male,Canada,Ontario,Premium,0.67,Gaming Console,2.0,0,0.5128236264286639,0,2022,10,2,6
47.0,Female,USA,Michigan,Premium,2.23,Laptop,0.0,0,1.172482137234565,1,2022,11,27,6
38.0,Female,USA,Massachusetts,Standard,27.46,Tablet,4.0,0,3.3484995926617063,0,2023,4,6,3
29.0,Male,USA,Arizona,Standard,25.73,Mobile,3.0,0,3.2857865301508276,0,2023,11,29,2
29.0,Female,USA,Massachusetts,Premium,8.94,Smart TV,0.0,0,2.2965670206684825,1,2023,5,17,2
29.0,Female,USA,Missouri,Premium,29.47,Smart TV,1.0,0,3.416742592997618,0,2025,7,21,0
40.0,Male,USA,Georgia,Premium,18.64,Gaming Console,1.0,0,2.97756830292632,0,2022,12,31,5
48.0,Male,USA,Massachusetts,Standard,29.94,Gaming Console,3.0,0,3.43204984514492,0,2023,10,5,3
20.0,Male,USA,Indiana,Standard,6.61,Tablet,3.0,0,2.0294631718735947,0,2025,4,26,5
46.0,Female,USA,Washington,Standard,11.02,Mobile,0.0,0,2.4865719291070616,1,2023,9,15,4
47.0,Male,USA,Ohio,Premium,10.09,Gaming Console,2.0,0,2.4060438013622756,0,2024,7,2,1
35.0,Male,USA,Tennessee,Basic,14.7,Smart TV,1.0,0,2.7536607123542622,0,2022,10,7,4
34.0,Male,USA,Michigan,Standard,19.57,Desktop,3.0,0,3.0238337036648657,0,2023,8,13,6
30.0,Male,USA,North Carolina,Premium,2.96,Mobile,3.0,0,1.3762440252663892,0,2022,8,24,2
22.0,Other,USA,New York,Standard,12.28,Tablet,2.0,0,2.5862591440482876,0,2024,7,26,4
20.0,Other,USA,Pennsylvania,Basic,20.136172344689378,Smart TV,0.0,1,3.0509859018293035,1,2022,10,13,3
51.0,Male,USA,New Jersey,Premium,18.22,Mobile,4.0,0,2.9559514035421466,0,2023,3,14,1
31.0,Male,USA,New York,Premium,542.33,Smart TV,2.0,0,6.297716870144554,0,2025,2,26,2
49.0,Other,USA,North Carolina,Standard,6.52,Tablet,2.0,0,2.017566137961748,0,2023,5,16,1
31.0,Other,Canada,Quebec,Standard,17.33,Tablet,3.0,0,2.9085390618516134,0,2024,8,3,5
57.0,Other,USA,Washington,Standard,7.1,Smart TV,3.0,0,2.0918640616783932,0,2024,2,15,3
35.0,Other,Canada,Alberta,Basic,21.91,Tablet,3.0,0,3.1315734964654043,0,2023,7,13,3
45.0,Male,Canada,Quebec,Premium,6.38,Smart TV,3.0,0,1.998773638612381,0,2024,4,22,0
38.0,Male,Canada,New Brunswick,Premium,9.49,Laptop,3.0,0,2.3504224224082058,0,2024,12,10,1
37.0,Female,USA,California,Premium+,21.78,Desktop,1.0,0,3.125882958019036,0,2023,3,1,2
44.0,Female,USA,California,Basic,20.64,Smart TV,2.0,0,3.074543453978281,0,2023,2,14,1
23.0,Male,USA,Missouri,Premium,7.16,Desktop,0.0,1,2.0992441689760155,1,2023,7,8,5
14.0,Other,Canada,New Brunswick,Standard,13.64,Mobile,2.0,1,2.6837575085331657,0,2024,11,19,1
34.0,Male,Canada,Nova Scotia,Basic,20.136172344689378,Gaming Console,3.0,1,3.0509859018293035,0,2024,12,15,6
28.0,Male,Canada,Quebec,Premium,9.06,Mobile,3.0,0,2.3085671646715933,0,2025,1,1,2
39.0,Other,Canada,British Columbia,Standard,4.55,Laptop,2.0,0,1.713797927758343,0,2023,12,12,1
40.0,Other,USA,Pennsylvania,Basic,10.38,Laptop,7.0,0,2.431857428698185,0,2024,2,22,3
50.0,Male,USA,Tennessee,Basic,14.38,Mobile,3.0,0,2.733067964077498,0,2023,1,12,3
23.0,Female,Canada,Quebec,Premium+,34.49,Laptop,5.0,0,3.569250966658405,0,2024,8,8,3
32.0,Female,Canada,Nova Scotia,Basic,4.65,Mobile,2.0,0,1.7316555451583497,0,2022,10,12,2
47.0,Female,USA,New York,Premium,14.76,Gaming Console,2.0,0,2.757475084429733,0,2023,6,1,3
34.0,Male,USA,Missouri,Premium+,5.71,Smart TV,4.0,0,1.9035989509835904,0,2024,7,26,4
20.0,Male,USA,New York,Premium+,33.7,Laptop,3.0,0,3.5467396869528134,0,2022,8,30,1
50.0,Male,USA,New Jersey,Standard,12.41,Smart TV,1.0,0,2.596000697293587,0,2025,4,22,1
46.0,Male,USA,Texas,Basic,14.57,Tablet,4.0,0,2.745345985845907,0,2025,4,6,6
43.0,Male,USA,Georgia,Standard,22.854736059479553,Mobile,2.0,0,3.1719827745379456,0,2025,4,1,1
53.0,Male,Canada,New Brunswick,Standard,22.854736059479553,Tablet,0.0,0,3.1719827745379456,1,2023,3,22,2
59.0,Female,USA,North Carolina,Premium,4.61,Desktop,0.0,0,1.724550719534605,1,2024,10,22,1
44.0,Female,USA,Florida,Premium,47.91,Gaming Console,0.0,0,3.8899818745512658,1,2024,8,7,2
25.0,Female,USA,Maryland,Basic,20.41,Tablet,1.0,0,3.0638581026015914,0,2024,5,31,4
53.0,Male,USA,Missouri,Standard,28.0,Gaming Console,2.0,0,3.367295829986474,0,2024,12,16,0
36.0,Female,USA,Arizona,Premium,2.18,Tablet,3.0,0,1.1568811967920856,0,2024,12,5,3
47.0,Male,Canada,Manitoba,Premium,29.56,Desktop,1.0,0,3.4196919642983197,0,2022,8,27,5
31.0,Male,USA,Maryland,Premium,28.78,Gaming Console,6.0,0,3.393837027255863,0,2025,5,25,6
23.0,Female,Canada,Prince Edward Island,Premium,21.811017452655033,Gaming Console,1.0,0,3.1272436408541084,0,2024,1,6,5
18.0,Male,Canada,Prince Edward Island,Standard,3.08,Gaming Console,4.0,0,1.4060969884160703,0,2024,12,23,0
29.0,Male,USA,Tennessee,Standard,24.36,Gaming Console,2.0,0,3.233173129569025,0,2023,1,22,6
43.0,Other,USA,Maryland,Standard,4.37,Smart TV,7.0,0,1.6808279085207734,0,2022,12,13,1
44.0,Female,USA,New York,Standard,17.24,Gaming Console,4.0,1,2.9036169846461855,0,2023,2,2,3
37.0,Other,Canada,Alberta,Premium,39.66,Tablet,3.0,0,3.7052448082002005,0,2024,2,9,4
30.0,Male,USA,Massachusetts,Standard,9.56,Mobile,0.0,1,2.3570732782781154,1,2024,11,29,4
42.0,Male,USA,Georgia,Basic,20.136172344689378,Gaming Console,2.0,0,3.0509859018293035,0,2023,2,11,5
47.0,Other,USA,New Jersey,Basic,17.23,Tablet,3.0,0,2.9030685886905716,0,2024,6,10,0
38.0,Other,USA,Georgia,Standard,28.36,Gaming Console,3.0,0,3.3796332037463146,0,2024,1,25,3
29.0,Male,USA,Illinois,Premium+,12.19,Laptop,2.0,0,2.579458966729223,0,2025,3,19,2
29.0,Other,Canada,Manitoba,Premium+,4.75,Tablet,2.0,0,1.749199854809259,0,2025,1,12,6
46.0,Male,USA,Indiana,Standard,8.03,Mobile,5.0,0,2.200552367428894,0,2022,8,31,2
33.0,Male,Canada,New Brunswick,Standard,10.94,Desktop,3.0,0,2.479894107964456,0,2023,3,16,3
31.0,Other,USA,Maryland,Standard,22.854736059479553,Mobile,1.0,0,3.1719827745379456,0,2023,8,6,6
56.0,Other,USA,Ohio,Premium,3.7,Laptop,0.0,0,1.547562508716013,1,2022,11,21,0
22.0,Female,USA,Pennsylvania,Standard,3.18,Gaming Console,3.0,0,1.430311246536665,0,2024,2,12,0
38.0,Female,Canada,Alberta,Premium,2.13,Tablet,3.0,0,1.1410330045520618,0,2023,10,20,4
36.0,Other,Canada,Nova Scotia,Standard,56.96,Laptop,1.0,1,4.059753117452481,0,2023,10,15,6
24.0,Male,Canada,Saskatchewan,Standard,22.854736059479553,Smart TV,1.0,0,3.1719827745379456,0,2022,10,29,5
45.0,Male,USA,Tennessee,Premium,10.72,Smart TV,4.0,1,2.4612967841488667,0,2023,8,6,6
30.0,Female,USA,New Jersey,Premium,6.69,Desktop,4.0,0,2.0399207835175526,0,2025,4,26,5
39.0,Female,USA,Texas,Premium+,13.93,Laptop,4.0,0,2.703372611551099,0,2023,5,18,3
44.0,Male,USA,Arizona,Basic,14.31,Mobile,2.0,0,2.7285062096695922,0,2023,7,22,5
35.0,Male,USA,Ohio,Standard,22.854736059479553,Smart TV,0.0,1,3.1719827745379456,1,2023,5,20,5
41.0,Male,USA,Georgia,Premium,18.04,Smart TV,1.0,0,2.9465420293632194,0,2024,6,9,6
31.0,Female,USA,Pennsylvania,Premium+,16.58,Smart TV,2.0,1,2.866761892257031,0,2023,9,18,0
55.0,Other,USA,Maryland,Standard,16.79,Smart TV,5.0,0,2.8786365016777435,0,2023,8,27,6
45.0,Other,USA,Arizona,Basic,18.51,Mobile,3.0,0,2.97092715463502,0,2025,6,30,0
13.0,Male,Canada,Nova Scotia,Premium+,10.09,Mobile,6.0,0,2.4060438013622756,0,2023,4,29,5
45.0,Female,Canada,Ontario,Standard,5.47,Tablet,0.0,0,1.8671761085128091,1,2025,5,10,5
38.0,Female,USA,Maryland,Premium,11.27,Gaming Console,2.0,0,2.50715725872282,0,2024,5,1,2
42.0,Other,Canada,British Columbia,Premium,21.811017452655033,Desktop,5.0,0,3.1272436408541084,0,2023,3,1,2
45.0,Female,USA,Tennessee,Premium+,17.86,Desktop,4.0,0,2.937043277205311,0,2023,12,2,5
29.0,Female,USA,Indiana,Standard,15.4,Tablet,5.0,0,2.797281334830153,0,2024,2,13,1
33.0,Male,Canada,British Columbia,Standard,2.16,Gaming Console,0.0,0,1.1505720275988207,1,2024,2,8,3
30.0,Other,USA,Arizona,Premium,21.811017452655033,Mobile,1.0,0,3.1272436408541084,0,2024,4,2,1
46.0,Male,USA,Georgia,Standard,22.854736059479553,Smart TV,3.0,1,3.1719827745379456,0,2023,2,26,6
40.0,Other,USA,Illinois,Standard,11.01,Smart TV,4.0,0,2.485739636091892,0,2024,4,29,0
25.0,Female,USA,Missouri,Premium,21.811017452655033,Gaming Console,1.0,0,3.1272436408541084,0,2023,9,6,2
31.0,Male,USA,Washington,Premium+,11.91,Gaming Console,2.0,0,2.558002204858551,0,2022,8,16,1
31.0,Female,USA,California,Basic,6.39,Mobile,3.0,0,2.0001277349601105,0,2024,3,12,1
24.0,Other,USA,Florida,Basic,17.87,Mobile,2.0,0,2.9375733593804587,0,2024,7,10,2
43.0,Male,Canada,New Brunswick,Basic,20.136172344689378,Smart TV,3.0,1,3.0509859018293035,0,2025,3,1,5
24.0,Male,USA,Michigan,Basic,16.46,Mobile,2.0,0,2.859912550411456,0,2024,9,11,2
39.0,Female,Canada,Saskatchewan,Basic,13.06,Gaming Console,1.0,1,2.643333886382519,0,2023,3,24,4
16.0,Female,USA,Indiana,Premium,17.28,Smart TV,0.0,0,2.905807566026004,1,2024,7,4,3
15.0,Female,Canada,Prince Edward Island,Premium,9.56,Laptop,7.0,0,2.3570732782781154,0,2024,1,5,4
29.0,Male,USA,Pennsylvania,Premium+,4.21,Desktop,1.0,1,1.6505798557652755,0,2024,3,11,0
36.0,Female,USA,Massachusetts,Basic,20.136172344689378,Tablet,0.0,0,3.0509859018293035,1,2024,1,28,6
37.0,Male,Canada,Nova Scotia,Standard,28.44,Smart TV,3.0,0,3.3823542938606757,0,2024,5,8,2
35.0,Male,USA,Indiana,Premium,49.34,Laptop,2.0,0,3.91879998970717,0,2024,2,27,1
49.0,Other,USA,Missouri,Premium,5.99,Smart TV,3.0,1,1.944480556245719,0,2024,8,12,0
26.0,Male,Canada,Nova Scotia,Premium+,4.4,Desktop,3.0,0,1.6863989535702288,0,2025,7,2,2
36.0,Female,USA,Maryland,Premium,26.6,Desktop,3.0,0,3.3178157727231046,0,2025,1,25,5
18.0,Other,Canada,Prince Edward Island,Basic,1.24,Tablet,4.0,0,0.8064758658669484,0,2024,2,12,0
38.0,Male,USA,Missouri,Standard,33.62,Smart TV,3.0,0,3.544431549748063,0,2022,8,25,3
24.0,Male,USA,Illinois,Standard,24.21,Laptop,0.0,0,3.2272407411998283,1,2023,6,14,2
45.0,Female,USA,North Carolina,Standard,11.2,Desktop,2.0,0,2.501435951739211,0,2023,7,30,6
51.0,Other,Canada,Alberta,Premium+,3.49,Smart TV,1.0,0,1.501852701754163,0,2023,11,29,2
29.0,Male,Canada,Alberta,Basic,17.37,Laptop,3.0,0,2.9107188992270343,0,2023,8,3,3
45.0,Male,Canada,Saskatchewan,Premium,15.04,Desktop,5.0,0,2.7750856024383683,0,2025,2,8,5
28.0,Male,USA,North Carolina,Premium,8.82,Desktop,0.0,0,2.2844211223663744,1,2024,8,23,4
33.0,Female,USA,North Carolina,Basic,18.63,Gaming Console,0.0,0,2.9770590082883697,1,2023,4,9,6
59.0,Female,USA,Washington,Premium+,19.675352862849536,Smart TV,3.0,0,3.0289423078910556,0,2025,2,5,2
46.0,Other,USA,North Carolina,Premium+,9.66,Tablet,2.0,1,2.3664984187376983,0,2023,2,16,3
31.0,Other,USA,Washington,Premium,41.14,Laptop,0.0,1,3.740997408376043,1,2023,6,30,4
32.0,Female,Canada,New Brunswick,Premium,24.1,Gaming Console,6.0,0,3.2228678461377385,0,2025,6,25,2
37.0,Male,USA,New York,Standard,13.07,Desktop,2.0,0,2.644044871126298,0,2025,5,3,5
52.0,Male,USA,California,Standard,28.48,Mobile,1.0,0,3.383712067321136,0,2022,11,8,1
52.0,Male,USA,Illinois,Basic,6.75,Desktop,4.0,0,2.0476928433652555,0,2025,7,6,6
49.0,Male,USA,Wisconsin,Standard,20.35,Desktop,0.0,0,3.0610517396746335,1,2022,8,23,1
39.0,Other,USA,Illinois,Premium,11.84,Gaming Console,4.0,0,2.552565298261815,0,2025,1,14,1
27.0,Female,Canada,Manitoba,Basic,2.6,Desktop,0.0,0,1.2809338454620642,1,2023,8,9,2
41.0,Female,Canada,Saskatchewan,Standard,825.27,Smart TV,2.0,0,6.716921596621807,0,2024,8,5,0
42.0,Other,USA,North Carolina,Premium,9.02,Smart TV,4.0,0,2.3045830956567186,0,2023,3,29,2
34.0,Male,USA,North Carolina,Premium,30.47,Smart TV,4.0,0,3.4490347110763153,0,2024,5,3,4
20.0,Female,USA,Washington,Basic,12.11,Smart TV,5.0,0,2.5733752977756086,0,2023,4,21,4
48.0,Other,USA,Florida,Premium,9.83,Mobile,1.0,0,2.382320061012899,0,2025,4,1,1
28.0,Male,USA,North Carolina,Basic,18.43,Gaming Console,1.0,0,2.9668182633893485,0,2022,10,28,4
34.0,Female,USA,New Jersey,Premium,8.51,Tablet,2.0,0,2.252343876557299,0,2023,8,27,6
30.0,Male,USA,Tennessee,Standard,3.8,Laptop,2.0,0,1.5686159179138452,0,2024,6,28,4
28.0,Male,USA,Illinois,Premium,22.42,Smart TV,4.0,0,3.1535903581695712,0,2025,4,6,6
42.0,Female,Canada,Nova Scotia,Premium,25.35,Mobile,2.0,0,3.2714682749873716,0,2023,9,7,3
32.0,Female,USA,Wisconsin,Premium+,26.74,Desktop,3.0,0,3.3228754148866853,0,2025,2,6,3
45.0,Other,Canada,Prince Edward Island,Premium+,19.675352862849536,Gaming Console,4.0,1,3.0289423078910556,0,2023,3,22,2
42.0,Female,USA,Illinois,Premium,18.23,Smart TV,0.0,0,2.9564715596006885,1,2025,5,19,0
42.0,Male,Canada,Manitoba,Standard,1.34,Gaming Console,5.0,0,0.8501509293696101,0,2023,3,2,3
31.0,Other,USA,Florida,Premium,13.38,Gaming Console,1.0,0,2.6658383522929006,0,2024,12,14,5
44.0,Male,USA,Indiana,Standard,21.67,Tablet,2.0,1,3.1210424645194377,0,2023,10,11,2
30.0,Male,Canada,Alberta,Standard,23.53,Laptop,1.0,0,3.199896858270398,0,2025,4,14,0
19.0,Female,USA,Wisconsin,Premium,24.42,Laptop,1.0,0,3.2355362657613083,0,2023,7,15,5
36.0,Male,USA,Maryland,Standard,33.9,Smart TV,5.0,0,3.5524868292083815,0,2024,1,18,3
16.0,Male,USA,Florida,Premium,34.46,Smart TV,1.0,0,3.5684053006460617,0,2023,11,21,1
52.0,Female,USA,California,Premium,26.76,Smart TV,5.0,0,3.3235961356386037,0,2025,1,11,5
16.0,Male,USA,Texas,Premium,17.21,Smart TV,3.0,1,2.9019708937395166,0,2024,9,11,2
51.0,Male,USA,Missouri,Standard,19.67,Gaming Console,2.0,0,3.028683373693677,0,2024,2,25,6
43.0,Female,USA,Illinois,Standard,35.47,Mobile,7.0,0,3.596490004820589,0,2023,4,3,0
39.0,Female,Canada,Manitoba,Premium+,6.81,Gaming Console,0.0,0,2.0554049638515948,1,2023,5,15,0
38.0,Female,Canada,Newfoundland and Labrador,Standard,41.16,Laptop,1.0,0,3.741471904233107,0,2023,4,30,6
53.0,Other,USA,Virginia,Premium,36.68,Tablet,0.0,0,3.629129449708162,1,2024,1,15,0
25.0,Male,USA,Virginia,Premium+,21.88,Gaming Console,1.0,0,3.130263166511597,0,2024,6,30,6
27.0,Male,USA,Arizona,Standard,22.854736059479553,Smart TV,4.0,0,3.1719827745379456,0,2024,9,7,5
32.0,Male,USA,Pennsylvania,Premium,9.88,Laptop,2.0,0,2.3869262414277967,0,2023,3,3,4
29.0,Male,USA,Massachusetts,Premium,5.8,Gaming Console,4.0,0,1.916922612182061,0,2025,5,15,3
26.0,Female,USA,North Carolina,Basic,20.2,Desktop,0.0,0,3.054001181677967,1,2023,8,1,1
41.0,Male,USA,North Carolina,Standard,5.57,Tablet,8.0,0,1.8825138324965192,0,2025,4,13,6
21.0,Male,Canada,Quebec,Premium,21.811017452655033,Laptop,0.0,0,3.1272436408541084,1,2023,12,3,6
41.0,Male,Canada,British Columbia,Premium,21.72,Mobile,3.0,0,3.1232455938529506,0,2024,4,6,5
57.0,Other,USA,New Jersey,Premium,7.17,Gaming Console,2.0,0,2.1004689088719113,0,2023,12,14,3
34.0,Male,USA,Ohio,Premium,14.2,Smart TV,1.0,0,2.7212954278522306,0,2023,9,6,2
23.0,Female,Canada,Prince Edward Island,Standard,8.12,Tablet,3.0,0,2.21046980408624,0,2023,2,23,3
49.0,Female,Canada,Manitoba,Basic,22.11,Mobile,5.0,0,3.1402654242862895,0,2024,5,6,0
36.0,Female,USA,Georgia,Standard,17.85,Gaming Console,4.0,0,2.93651291389402,0,2023,8,26,5
50.0,Male,USA,Arizona,Premium,10.99,Laptop,3.0,0,2.4840729690394228,0,2023,11,10,4
18.0,Other,Canada,Ontario,Premium,1.73,Smart TV,1.0,0,1.0043016091968684,0,2025,7,3,3
48.0,Female,Canada,Ontario,Basic,8.83,Tablet,0.0,0,2.285438934159075,1,2024,3,7,3
42.0,Male,USA,Ohio,Premium,21.811017452655033,Mobile,3.0,0,3.1272436408541084,0,2024,9,24,1
28.0,Female,USA,Tennessee,Standard,16.51,Tablet,5.0,1,2.8627721462977607,0,2025,3,18,1
22.0,Female,USA,Ohio,Standard,18.38,Desktop,1.0,0,2.96424160646262,0,2025,5,29,3
28.0,Female,USA,Texas,Standard,11.9,Tablet,5.0,0,2.5572273113676265,0,2023,8,13,6
37.0,Male,USA,Indiana,Premium+,8.83,Tablet,3.0,1,2.285438934159075,0,2024,8,26,0
20.0,Other,Canada,Nova Scotia,Premium,8.62,Laptop,2.0,1,2.263844264677615,0,2024,3,10,6
43.0,Female,USA,Michigan,Premium,11.75,Smart TV,1.0,0,2.545531271604435,0,2024,9,27,4
27.0,Other,Canada,Alberta,Standard,18.26,Desktop,0.0,0,2.9580304063699794,1,2023,11,25,5
30.0,Female,USA,Massachusetts,Basic,4.12,Laptop,2.0,0,1.6331544390514163,0,2024,12,31,1
47.0,Other,USA,North Carolina,Standard,22.854736059479553,Desktop,2.0,0,3.1719827745379456,0,2024,7,28,6
31.0,Male,USA,Pennsylvania,Standard,8.89,Gaming Console,2.0,0,2.2915241456346207,0,2024,4,12,4
45.0,Male,USA,Virginia,Premium,13.56,Gaming Console,2.0,0,2.67827804276854,0,2023,2,5,6
32.0,Male,Canada,British Columbia,Premium,4.69,Laptop,2.0,0,1.7387102481382397,0,2025,5,3,5
19.0,Female,USA,North Carolina,Standard,22.26,Laptop,0.0,0,3.1467351470905185,1,2024,6,26,2
32.0,Male,USA,Indiana,Standard,18.4,Desktop,1.0,0,2.9652730660692823,0,2023,5,23,1
43.0,Other,Canada,Alberta,Standard,13.7,Laptop,4.0,1,2.6878474937846906,0,2025,1,18,5
32.0,Male,USA,Tennessee,Basic,8.48,Mobile,6.0,0,2.2491843162669305,0,2023,5,20,5
36.0,Male,Canada,New Brunswick,Standard,5.28,Tablet,6.0,1,1.8373699804801074,0,2024,5,9,3
13.0,Female,USA,Michigan,Premium,12.9,Smart TV,0.0,0,2.631888840136646,1,2024,9,19,3
18.0,Female,USA,Illinois,Basic,35.59,Smart TV,2.0,0,3.5997749790311153,0,2022,11,22,1
24.0,Female,USA,Maryland,Premium,46.69,Smart TV,2.0,1,3.864721732310133,0,2023,3,11,5
36.0,Female,USA,Ohio,Premium+,8.06,Laptop,0.0,1,2.203869120054888,1,2023,8,9,2
52.0,Other,USA,Arizona,Standard,23.72,Laptop,2.0,0,3.20761263258949,0,2025,5,17,5
22.0,Male,Canada,Saskatchewan,Standard,43.04,Desktop,4.0,0,3.785098311854479,0,2024,3,20,2
14.0,Male,Canada,Ontario,Premium+,1.12,Laptop,5.0,0,0.7514160886839212,0,2025,7,30,2
43.0,Male,USA,North Carolina,Standard,33.85,Tablet,5.0,1,3.551053137206533,0,2022,8,5,4
26.0,Male,USA,New Jersey,Basic,8.39,Gaming Console,4.0,1,2.2396452932201716,0,2022,10,16,6
39.0,Male,USA,Massachusetts,Premium,13.08,Desktop,1.0,0,2.644755350729896,0,2022,10,11,1
42.0,Male,USA,Georgia,Standard,1.04,Mobile,0.0,1,0.712949807856125,1,2024,5,22,2
35.0,Female,USA,Illinois,Premium,11.85,Mobile,0.0,0,2.553343811341229,1,2024,5,9,3
44.0,Male,USA,Maryland,Standard,23.7,Smart TV,3.0,0,3.2068032436339315,0,2023,3,5,6
11.0,Male,Canada,Nova Scotia,Premium,4.82,Laptop,0.0,0,1.7613002617433464,1,2023,4,24,0
16.0,Female,USA,New Jersey,Premium,12.28,Smart TV,4.0,0,2.5862591440482876,0,2022,8,17,2
27.0,Male,Canada,Saskatchewan,Standard,18.2,Laptop,1.0,0,2.954910279033736,0,2024,3,24,6
52.0,Other,Canada,New Brunswick,Premium+,1.63,Gaming Console,7.0,0,0.9669838461896731,0,2024,12,10,1
25.0,Other,USA,Illinois,Premium,9.14,Laptop,3.0,0,2.316487998163037,0,2023,11,16,3
33.0,Female,Canada,Nova Scotia,Premium+,22.03,Tablet,4.0,1,3.136797713832594,0,2023,2,26,6
12.0,Male,Canada,British Columbia,Basic,4.66,Mobile,0.0,0,1.7334238922150915,1,2022,11,24,3
18.0,Female,Canada,New Brunswick,Standard,16.82,Smart TV,4.0,0,2.8803214220426634,0,2022,8,19,4
43.0,Female,USA,Florida,Premium+,19.675352862849536,Tablet,2.0,1,3.0289423078910556,0,2023,9,5,1
44.0,Male,USA,Arizona,Basic,12.87,Mobile,0.0,0,2.6297282343267403,1,2023,8,1,1
44.0,Female,USA,Pennsylvania,Standard,2.24,Mobile,6.0,0,1.1755733298042381,0,2023,2,8,2
40.0,Female,Canada,Nova Scotia,Premium,7.14,Tablet,6.0,0,2.096790180014449,0,2023,2,22,2
16.0,Male,USA,Arizona,Basic,24.61,Tablet,3.0,0,3.242982900211434,0,2024,10,13,6
20.0,Female,Canada,Manitoba,Premium+,28.16,Smart TV,4.0,0,3.3727979071404572,0,2024,3,7,3
21.0,Female,USA,New York,Standard,22.854736059479553,Desktop,2.0,0,3.1719827745379456,0,2025,1,15,2
41.0,Male,Canada,Prince Edward Island,Basic,10.46,Mobile,2.0,0,2.4388627112865935,0,2025,6,19,3
31.0,Female,Canada,Manitoba,Basic,27.48,Smart TV,3.0,0,3.349202086543775,0,2022,8,19,4
53.0,Male,USA,Florida,Standard,20.95,Laptop,0.0,0,3.08876713952118,1,2022,8,3,2
36.0,Male,Canada,New Brunswick,Premium,7.01,Gaming Console,2.0,0,2.080690761080268,0,2022,9,19,0
22.0,Male,USA,Arizona,Premium,14.5,Desktop,4.0,0,2.740840023925201,0,2022,9,18,6
32.0,Female,USA,Virginia,Standard,54.91,Laptop,3.0,0,4.0237432550385535,0,2023,4,18,1
47.0,Male,USA,Pennsylvania,Standard,33.5,Desktop,2.0,1,3.5409593240373143,0,2024,7,5,4
21.0,Male,Canada,Saskatchewan,Premium+,0.51,Smart TV,0.0,0,0.412109650826833,1,2022,8,3,2
30.0,Female,Canada,British Columbia,Basic,20.136172344689378,Laptop,3.0,0,3.0509859018293035,0,2025,2,15,5
22.0,Other,USA,Maryland,Basic,20.136172344689378,Gaming Console,3.0,0,3.0509859018293035,0,2025,3,23,6
15.0,Female,USA,Michigan,Basic,16.92,Desktop,7.0,0,2.8859174075467844,0,2024,8,27,1
22.0,Other,USA,New York,Basic,4.28,Gaming Console,2.0,0,1.6639260977181702,0,2024,9,30,0
23.0,Male,USA,North Carolina,Standard,7.94,Laptop,3.0,0,2.190535589185423,0,2023,2,11,5
40.0,Male,USA,Georgia,Premium,11.34,Tablet,5.0,0,2.5128460184772416,0,2024,6,12,2
49.0,Male,USA,Tennessee,Premium,5.84,Smart TV,2.0,0,1.922787731634459,0,2022,8,16,1
40.0,Male,USA,Indiana,Standard,14.12,Mobile,0.0,0,2.716018370751387,1,2024,11,7,3
30.0,Female,USA,Michigan,Premium+,19.675352862849536,Gaming Console,2.0,1,3.0289423078910556,0,2023,9,1,4
55.0,Other,USA,Indiana,Basic,12.93,Mobile,3.0,0,2.6340447877917144,0,2024,10,28,0
28.0,Male,USA,California,Premium+,28.8,Gaming Console,2.0,0,3.3945083935113587,0,2025,3,7,4
25.0,Male,USA,Missouri,Standard,4.24,Tablet,1.0,0,1.6563214983329508,0,2022,10,9,6
44.0,Female,USA,Tennessee,Premium,15.55,Desktop,3.0,0,2.806386101823072,0,2023,7,1,5
23.0,Female,Canada,Nova Scotia,Standard,3.46,Mobile,2.0,0,1.4951487660319727,0,2025,7,30,2
48.0,Male,Canada,Nova Scotia,Standard,23.2,Gaming Console,2.0,0,3.186352633162641,0,2023,5,14,6
33.0,Female,USA,Georgia,Premium,5.01,Laptop,1.0,0,1.7934247485471162,0,2025,4,19,5
38.0,Female,USA,Illinois,Premium,42.87,Desktop,0.0,0,3.7812307151781224,1,2024,11,14,3
29.0,Male,USA,Indiana,Premium,17.69,Laptop,0.0,0,2.9279886214674717,1,2024,11,25,0
36.0,Female,USA,Georgia,Premium,15.79,Smart TV,2.0,0,2.8207834710894493,0,2023,4,5,2
47.0,Male,USA,Virginia,Premium,7.51,Mobile,2.0,0,2.1412419425852827,0,2023,3,2,3
31.0,Other,USA,Illinois,Basic,28.01,Smart TV,4.0,0,3.367640598133313,0,2024,9,5,3
37.0,Female,USA,North Carolina,Premium,23.2,Tablet,6.0,1,3.186352633162641,0,2024,2,21,2
54.0,Male,USA,Missouri,Premium,34.27,Gaming Console,5.0,0,3.563032744247961,0,2024,11,30,5
44.0,Female,Canada,Prince Edward Island,Standard,22.854736059479553,Gaming Console,3.0,0,3.1719827745379456,0,2022,11,2,2
40.0,Female,USA,Indiana,Premium+,19.675352862849536,Gaming Console,3.0,0,3.0289423078910556,0,2025,4,16,2
55.0,Female,Canada,British Columbia,Premium,11.14,Smart TV,3.0,0,2.4965057856313524,0,2025,1,11,5
10.0,Male,USA,Georgia,Premium,20.19,Desktop,0.0,0,3.0535293722802077,1,2022,8,4,3
37.0,Other,USA,Pennsylvania,Premium,19.47,Desktop,1.0,0,3.018960399673198,0,2025,2,28,4
57.0,Male,Canada,British Columbia,Premium,15.51,Laptop,1.0,0,2.8039662579320366,0,2023,12,4,0
59.0,Male,USA,California,Standard,23.9,Mobile,1.0,0,3.214867803470662,0,2024,2,13,1
35.0,Female,Canada,Saskatchewan,Premium+,13.93,Desktop,3.0,0,2.703372611551099,0,2024,2,15,3
34.0,Male,USA,Texas,Premium,4.43,Mobile,2.0,0,1.691939133945844,0,2025,5,3,5
38.0,Male,Canada,Ontario,Standard,5.45,Gaming Console,8.0,0,1.864080130807681,0,2024,5,15,2
50.0,Male,USA,Illinois,Basic,20.42,Gaming Console,0.0,0,3.064325065019603,1,2022,8,29,0
51.0,Male,Canada,Nova Scotia,Premium,4.99,Smart TV,3.0,0,1.7900914121273581,0,2023,9,4,0
41.0,Male,USA,Illinois,Basic,34.3,Smart TV,2.0,0,3.563882963939251,0,2023,8,30,2
30.0,Other,USA,Wisconsin,Premium,29.56,Smart TV,1.0,0,3.4196919642983197,0,2023,7,21,4
45.0,Male,Canada,Ontario,Standard,22.854736059479553,Mobile,1.0,1,3.1719827745379456,0,2023,1,7,5
27.0,Male,USA,North Carolina,Premium,29.84,Laptop,0.0,0,3.4288125486951286,1,2023,1,17,1
22.0,Female,USA,Tennessee,Premium,2.62,Smart TV,3.0,0,1.2864740258376797,0,2022,8,17,2
38.0,Male,Canada,Manitoba,Premium,34.67,Tablet,2.0,0,3.5743099993708003,0,2024,8,18,6
38.0,Female,USA,Wisconsin,Standard,1.27,Laptop,1.0,0,0.8197798314933114,0,2022,10,26,2
41.0,Female,USA,Missouri,Standard,7.37,Mobile,1.0,0,2.124653884501384,0,2022,11,15,1
40.0,Male,Canada,Quebec,Basic,5.15,Mobile,6.0,0,1.8164520818184267,0,2024,2,18,6
43.0,Female,USA,Tennessee,Premium,8.19,Smart TV,0.0,0,2.2181159363675955,1,2025,4,20,6
15.0,Male,Canada,Alberta,Premium+,5.81,Desktop,3.0,1,1.918392120161421,0,2025,7,12,5
55.0,Female,Canada,Alberta,Premium,22.76,Smart TV,0.0,0,3.168003494494444,1,2023,2,14,1
35.0,Other,USA,Massachusetts,Premium,22.13,Gaming Console,1.0,0,3.141130476243348,0,2023,9,14,3
37.0,Male,USA,Missouri,Standard,23.25,Tablet,0.0,0,3.188416617383492,1,2023,1,4,2
37.0,Male,USA,Tennessee,Standard,34.93,Gaming Console,5.0,0,3.581572601125427,0,2023,1,8,6
37.0,Female,USA,Pennsylvania,Premium,10.46,Laptop,6.0,0,2.4388627112865935,0,2023,6,5,0
42.0,Other,USA,Florida,Premium,16.41,Mobile,3.0,0,2.8570447537800976,0,2025,6,24,1
33.0,Other,Canada,British Columbia,Basic,20.136172344689378,Mobile,1.0,0,3.0509859018293035,0,2024,9,2,0
24.0,Female,USA,New Jersey,Premium,7.39,Desktop,2.0,0,2.127040520479115,0,2023,2,26,6
24.0,Male,USA,New York,Premium,3.75,Desktop,4.0,0,1.55814461804655,0,2023,1,6,4
30.0,Female,USA,California,Standard,11.51,Desktop,0.0,0,2.5265283244788197,1,2025,4,8,1
36.0,Male,USA,Wisconsin,Premium,22.98,Tablet,4.0,0,3.177220149599368,0,2024,12,22,6
53.0,Other,Canada,British Columbia,Premium,22.42,Smart TV,2.0,0,3.1535903581695712,0,2022,10,14,4
48.0,Other,Canada,Manitoba,Premium+,10.65,Tablet,1.0,0,2.4553061800117097,0,2024,5,7,1
48.0,Female,USA,Washington,Standard,30.24,Smart TV,4.0,0,3.441699324971485,0,2025,6,28,5
40.0,Female,USA,Indiana,Premium,14.65,Laptop,1.0,0,2.750470916986162,0,2023,9,24,6
37.0,Female,USA,Indiana,Premium+,33.76,Laptop,2.0,0,3.548467300397191,0,2023,3,26,6
43.0,Male,USA,New Jersey,Standard,26.18,Laptop,2.0,0,3.3024814087229974,0,2024,9,22,6
45.0,Other,USA,Virginia,Standard,497.73,Desktop,0.0,0,6.21206486714941,1,2023,10,3,1
14.0,Other,USA,Tennessee,Standard,16.86,Mobile,0.0,1,2.882563575448353,1,2023,5,27,5
13.0,Female,USA,Florida,Basic,32.0,Desktop,2.0,0,3.4965075614664802,0,2022,10,5,2
24.0,Male,USA,Florida,Premium,6.85,Gaming Console,1.0,0,2.060513531794317,0,2023,8,24,3
29.0,Female,USA,Illinois,Premium,21.811017452655033,Laptop,8.0,0,3.1272436408541084,0,2024,4,8,0
23.0,Male,USA,Virginia,Basic,17.12,Gaming Console,8.0,0,2.8970163006148333,0,2025,6,14,5
26.0,Other,USA,Virginia,Standard,15.34,Desktop,2.0,0,2.7936160894318567,0,2022,9,19,0
29.0,Female,USA,Georgia,Standard,13.27,Smart TV,2.0,0,2.658159431488745,0,2022,11,24,3
43.0,Female,Canada,Ontario,Basic,28.45,Gaming Console,0.0,0,3.3826939100975957,1,2023,7,9,6
24.0,Female,USA,Illinois,Premium,11.04,Smart TV,1.0,0,2.488234439880675,0,2023,1,31,1
33.0,Male,Canada,Nova Scotia,Premium+,9.46,Mobile,0.0,0,2.347558458636777,1,2022,8,12,4
30.0,Female,USA,Virginia,Basic,6.55,Laptop,0.0,0,2.0215475632609334,1,2022,12,5,0
38.0,Other,Canada,Prince Edward Island,Standard,6.62,Laptop,0.0,1,2.030776369698555,1,2022,10,18,1
44.0,Male,Canada,Alberta,Premium,8.6,Smart TV,5.0,0,2.2617630984737906,0,2024,5,4,5
10.0,Other,USA,Arizona,Premium+,11.64,Mobile,2.0,0,2.5368663887187113,0,2025,2,20,3
17.0,Other,USA,Wisconsin,Premium,8.99,Desktop,2.0,0,2.301584592660462,0,2022,8,16,1
28.0,Male,USA,Ohio,Standard,4.08,Smart TV,0.0,0,1.6253112615903906,1,2024,12,30,0
39.0,Female,USA,Florida,Premium,2.16,Desktop,4.0,0,1.1505720275988207,0,2024,10,22,1
41.0,Female,Canada,Newfoundland and Labrador,Standard,22.854736059479553,Laptop,1.0,1,3.1719827745379456,0,2024,11,30,5
30.0,Female,Canada,Ontario,Premium,2.98,Gaming Console,3.0,1,1.3812818192963463,0,2024,11,28,3
24.0,Other,USA,New Jersey,Standard,2.39,Gaming Console,1.0,0,1.220829921392359,0,2024,10,25,4
45.0,Other,USA,Indiana,Premium,1.89,Mobile,4.0,0,1.0612565021243408,0,2025,5,13,1
39.0,Male,USA,Pennsylvania,Standard,29.01,Mobile,3.0,0,3.4015306594522756,0,2024,6,11,1
47.0,Male,Canada,British Columbia,Premium,3.78,Smart TV,0.0,0,1.5644405465033644,1,2023,12,8,4
40.0,Female,Canada,Newfoundland and Labrador,Premium+,21.94,Mobile,4.0,0,3.1328821117012247,0,2023,2,16,3
37.0,Female,USA,North Carolina,Basic,20.02,Desktop,3.0,0,3.045474365448805,0,2023,12,12,1
27.0,Male,USA,Missouri,Premium,10.65,Desktop,3.0,0,2.4553061800117097,0,2025,6,24,1
48.0,Other,USA,New Jersey,Premium,10.76,Desktop,2.0,1,2.464703942470481,0,2025,3,14,4
28.0,Male,USA,Wisconsin,Standard,20.69,Desktop,3.0,0,3.076851324838783,0,2023,2,8,2
59.0,Female,Canada,Ontario,Basic,20.136172344689378,Laptop,2.0,0,3.0509859018293035,0,2023,5,1,0
30.0,Male,Canada,Nova Scotia,Standard,984.45,Smart TV,3.0,0,6.893098389638504,0,2023,5,27,5
33.0,Other,USA,Indiana,Premium,4.98,Smart TV,2.0,0,1.7884205679625405,0,2024,12,30,0
33.0,Male,USA,Texas,Premium,6.33,Gaming Console,0.0,0,1.9919755158985601,1,2024,6,3,0
30.0,Male,USA,Wisconsin,Basic,12.75,Laptop,1.0,0,2.6210388241125804,0,2024,7,1,0
21.0,Male,Canada,Saskatchewan,Premium,21.811017452655033,Smart TV,0.0,0,3.1272436408541084,1,2022,9,24,5
38.0,Female,USA,Illinois,Basic,12.45,Mobile,0.0,0,2.598979106047848,1,2023,10,5,3
57.0,Male,Canada,Alberta,Standard,8.07,Desktop,1.0,0,2.2049722641270453,0,2025,5,21,2
28.0,Other,Canada,Saskatchewan,Premium,10.59,Mobile,5.0,0,2.4501426573516603,0,2024,6,29,5
27.0,Female,Canada,Ontario,Standard,2.19,Smart TV,4.0,0,1.1600209167967532,0,2022,10,25,1
26.0,Female,USA,Indiana,Basic,2.2,Gaming Console,6.0,0,1.1631508098056809,0,2024,9,20,4
27.0,Male,USA,Michigan,Premium+,1.85,Mobile,2.0,0,1.0473189942805592,0,2022,10,11,1
50.0,Male,Canada,Ontario,Premium,0.62,Laptop,3.0,0,0.4824261492442927,0,2024,6,4,1
32.0,Male,USA,Massachusetts,Standard,14.71,Tablet,0.0,0,2.75429745226753,1,2022,10,13,3
48.0,Male,USA,Michigan,Premium,4.69,Mobile,2.0,0,1.7387102481382397,0,2024,3,23,5
24.0,Female,USA,Florida,Standard,3.91,Laptop,0.0,0,1.5912739418064292,1,2024,8,10,5
45.0,Female,USA,Massachusetts,Standard,20.19,Smart TV,2.0,0,3.0535293722802077,0,2024,12,6,4
27.0,Other,USA,Tennessee,Premium,45.81,Desktop,4.0,0,3.846096855311979,0,2023,1,27,4
29.0,Female,Canada,British Columbia,Premium,21.811017452655033,Gaming Console,1.0,0,3.1272436408541084,0,2024,7,19,4
21.0,Male,USA,Florida,Premium,8.49,Desktop,5.0,0,2.2502386126218363,0,2022,10,21,4
22.0,Other,Canada,Saskatchewan,Premium,11.77,Mobile,2.0,1,2.547098670044448,0,2022,8,17,2
37.0,Female,Canada,Nova Scotia,Basic,15.33,Smart TV,1.0,0,2.7930039069823738,0,2022,8,8,0
34.0,Male,USA,Florida,Basic,6.7,Mobile,3.0,1,2.0412203288596382,0,2023,1,19,3
38.0,Male,USA,Arizona,Premium,55.16,Desktop,3.0,0,4.028204759717555,0,2023,11,23,3
57.0,Female,Canada,British Columbia,Standard,20.37,Tablet,1.0,0,3.0619880693310564,0,2025,6,21,5
34.0,Male,USA,North Carolina,Standard,7.32,Desktop,5.0,0,2.1186622548331173,0,2023,11,13,0
30.0,Male,USA,Michigan,Basic,17.1,Mobile,2.0,0,2.89591193827178,0,2023,7,20,3
35.0,Female,USA,Pennsylvania,Premium,9.68,Desktop,4.0,0,2.3683728335320486,0,2024,2,4,6
23.0,Other,USA,Pennsylvania,Standard,8.91,Tablet,4.0,0,2.2935443483418965,0,2023,3,31,4
41.0,Female,Canada,Saskatchewan,Standard,16.49,Gaming Console,5.0,0,2.8616292890305104,0,2024,11,18,0
35.0,Male,Canada,Saskatchewan,Basic,19.7,Gaming Console,6.0,0,3.0301337002713233,0,2023,7,13,3
41.0,Female,USA,Illinois,Premium,6.82,Desktop,1.0,0,2.05668455455722,0,2025,5,8,3
29.0,Other,Canada,Manitoba,Basic,0.41,Smart TV,1.0,0,0.3435897043900769,0,2025,4,14,0
35.0,Male,USA,California,Premium,21.811017452655033,Tablet,2.0,0,3.1272436408541084,0,2023,1,27,4
29.0,Male,Canada,Quebec,Basic,8.71,Mobile,1.0,0,2.2731562823032334,0,2024,5,27,0
28.0,Female,USA,California,Premium+,31.74,Gaming Console,4.0,1,3.4885975719429885,0,2023,3,21,1
37.0,Female,USA,Arizona,Standard,5.62,Desktop,0.0,0,1.890095369948917,1,2024,8,30,4
51.0,Female,USA,Washington,Premium,17.61,Smart TV,2.0,0,2.9236990706541595,0,2023,2,4,5
51.0,Male,Canada,New Brunswick,Premium,48.7,Smart TV,1.0,0,3.906004933102583,0,2025,3,24,0
36.0,Female,Canada,Newfoundland and Labrador,Basic,28.95,Desktop,4.0,0,3.3995293245614584,0,2024,6,22,5
35.0,Male,Canada,Nova Scotia,Premium,9.02,Desktop,2.0,0,2.3045830956567186,0,2024,10,17,3
53.0,Female,Canada,Prince Edward Island,Standard,23.65,Tablet,6.0,1,3.204776900488699,0,2025,7,2,2
37.0,Male,USA,Arizona,Standard,17.22,Mobile,4.0,0,2.9025198918318122,0,2023,4,20,3
40.0,Female,USA,New Jersey,Premium+,21.32,Tablet,1.0,0,3.1054831375131102,0,2024,2,23,4
33.0,Male,USA,Arizona,Basic,19.05,Mobile,6.0,0,2.998229153752578,0,2023,9,28,3
52.0,Female,USA,Illinois,Premium+,4.7,Desktop,0.0,1,1.7404661748405046,1,2023,10,2,0
27.0,Female,Canada,Alberta,Standard,7.88,Tablet,0.0,0,2.1838015570040787,1,2025,2,9,6
30.0,Female,USA,Texas,Premium,29.62,Laptop,1.0,0,3.4216533902295376,0,2025,5,15,3
39.0,Female,USA,Wisconsin,Standard,60.46,Tablet,0.0,0,4.1183865567023386,1,2024,10,18,4
42.0,Female,USA,New York,Premium,11.34,Mobile,3.0,0,2.5128460184772416,0,2023,4,10,0
29.0,Female,USA,New Jersey,Premium,15.18,Tablet,3.0,1,2.7837759116303458,0,2025,5,26,0
23.0,Male,USA,Texas,Premium+,6.65,Tablet,3.0,0,2.0347056478384444,0,2024,3,2,5
40.0,Female,USA,Florida,Standard,16.09,Mobile,2.0,0,2.8384934971274993,0,2023,6,10,5
25.0,Female,Canada,Quebec,Basic,14.3,Smart TV,3.0,1,2.72785282839839,0,2024,6,17,0
43.0,Male,USA,Michigan,Standard,22.854736059479553,Desktop,1.0,0,3.1719827745379456,0,2022,12,26,0
37.0,Female,USA,Wisconsin,Standard,6.34,Mobile,4.0,0,1.9933388426264242,0,2023,9,26,1
45.0,Female,USA,Missouri,Basic,5.91,Gaming Console,2.0,0,1.9329696377795786,0,2025,3,22,5
44.0,Male,USA,Massachusetts,Premium,21.811017452655033,Tablet,2.0,0,3.1272436408541084,0,2022,11,10,3
36.0,Other,USA,New York,Premium+,25.46,Laptop,0.0,0,3.2756341586868096,1,2024,10,26,5
41.0,Female,USA,Ohio,Premium+,9.52,Tablet,8.0,0,2.3532782073095637,0,2023,7,29,5
19.0,Female,USA,North Carolina,Premium+,1.82,Mobile,2.0,0,1.0367368849500223,0,2024,8,12,0
45.0,Female,USA,California,Premium,21.811017452655033,Smart TV,1.0,1,3.1272436408541084,0,2023,2,1,2
37.0,Male,USA,Texas,Standard,20.12,Laptop,1.0,0,3.050220458838061,0,2023,8,31,3
18.0,Male,USA,Maryland,Standard,28.2,Tablet,0.0,0,3.374168709274236,1,2025,4,28,0
27.0,Male,USA,Michigan,Premium,4.69,Laptop,1.0,0,1.7387102481382397,0,2025,1,7,1
22.0,Male,Canada,Newfoundland and Labrador,Standard,12.01,Tablet,1.0,0,2.565718292524414,0,2024,3,1,4
33.0,Other,USA,Pennsylvania,Standard,1.54,Laptop,3.0,0,0.9321640810304452,0,2024,6,24,0
42.0,Other,Canada,Manitoba,Standard,19.69,Desktop,3.0,0,3.029650491757452,0,2025,4,22,1
35.0,Female,USA,North Carolina,Standard,31.09,Desktop,4.0,0,3.4685444551217657,0,2024,12,29,6
46.0,Female,USA,Georgia,Premium,5.95,Smart TV,3.0,0,1.9387416595767009,0,2023,8,21,0
47.0,Other,Canada,New Brunswick,Premium,36.9,Gaming Console,2.0,1,3.634951112088381,0,2025,1,30,3
39.0,Female,USA,New Jersey,Standard,341.82,Mobile,3.0,0,5.837205528078911,0,2025,7,5,5
58.0,Male,USA,Michigan,Standard,14.0,Tablet,1.0,0,2.70805020110221,0,2022,10,1,5
17.0,Other,USA,Arizona,Basic,7.74,Gaming Console,2.0,0,2.167910189667444,0,2024,1,31,2
37.0,Other,USA,Virginia,Basic,60.41,Smart TV,1.0,0,4.1175726883413075,0,2023,6,6,1
41.0,Male,USA,Michigan,Standard,8.25,Laptop,5.0,0,2.224623551524334,0,2023,11,19,6
43.0,Male,Canada,Saskatchewan,Standard,22.854736059479553,Gaming Console,5.0,0,3.1719827745379456,0,2025,4,15,1
29.0,Male,USA,New York,Basic,30.71,Gaming Console,2.0,0,3.456632088550256,0,2023,11,4,5
16.0,Other,USA,Tennessee,Standard,14.19,Mobile,3.0,0,2.7206373166076814,0,2022,11,8,1
44.0,Male,USA,Michigan,Premium,0.53,Desktop,4.0,0,0.4252677354043441,0,2024,1,30,1
35.0,Male,USA,Washington,Premium,8.3,Tablet,3.0,0,2.2300144001592104,0,2025,6,5,3
57.0,Female,Canada,Alberta,Premium,3.21,Tablet,2.0,0,1.43746264769429,0,2024,10,13,6
56.0,Male,Canada,Newfoundland and Labrador,Basic,12.67,Laptop,3.0,0,2.6152036507358583,0,2024,11,22,4
36.0,Male,USA,Missouri,Standard,22.854736059479553,Desktop,5.0,0,3.1719827745379456,0,2024,6,20,3
26.0,Male,USA,Ohio,Basic,7.48,Gaming Console,4.0,0,2.1377104498038118,0,2025,7,14,0
31.0,Female,USA,Washington,Basic,18.59,Desktop,1.0,0,2.9750192319564492,0,2024,5,25,5
30.0,Male,USA,New York,Premium,6.51,Mobile,2.0,0,2.0162354657760435,0,2022,11,18,4
53.0,Male,USA,Washington,Premium,7.67,Laptop,3.0,0,2.1598687907924505,0,2023,8,29,1
22.0,Male,USA,New York,Premium+,19.675352862849536,Tablet,2.0,0,3.0289423078910556,0,2022,10,11,1
29.0,Male,Canada,Prince Edward Island,Standard,6.85,Tablet,5.0,0,2.060513531794317,0,2024,7,6,5
32.0,Female,Canada,Ontario,Basic,11.19,Mobile,0.0,0,2.5006159434931803,1,2023,8,9,2
38.0,Female,USA,Virginia,Premium,21.811017452655033,Desktop,0.0,0,3.1272436408541084,1,2023,4,28,4
46.0,Female,USA,Michigan,Premium,1.42,Desktop,2.0,0,0.883767540168595,0,2023,8,9,2
41.0,Male,USA,Virginia,Premium,8.76,Gaming Console,2.0,0,2.278292400425001,0,2024,10,27,6
25.0,Male,Canada,Newfoundland and Labrador,Premium,21.811017452655033,Desktop,1.0,0,3.1272436408541084,0,2023,1,22,6
27.0,Other,USA,Wisconsin,Premium,16.0,Laptop,0.0,0,2.833213344056216,1,2023,1,4,2
18.0,Female,USA,Wisconsin,Standard,4.63,Tablet,4.0,1,1.728109442151599,0,2023,3,8,2
34.0,Other,USA,New York,Premium,19.57,Smart TV,1.0,0,3.0238337036648657,0,2023,7,30,6
49.0,Male,USA,Wisconsin,Premium,9.58,Laptop,1.0,1,2.3589654264301534,0,2024,2,20,1
28.0,Male,USA,Texas,Standard,15.09,Tablet,3.0,0,2.7781979610042917,0,2024,10,30,2
42.0,Male,Canada,Saskatchewan,Premium,21.811017452655033,Smart TV,4.0,1,3.1272436408541084,0,2025,3,9,6
24.0,Female,USA,Virginia,Premium,18.42,Laptop,2.0,0,2.966303462863179,0,2025,3,17,0
44.0,Other,USA,Virginia,Premium,8.53,Laptop,3.0,1,2.254444717666111,0,2023,11,6,0
44.0,Female,Canada,Alberta,Basic,22.24,Tablet,0.0,0,3.1458749319837103,1,2024,4,16,1
44.0,Male,USA,New York,Premium,817.54,Gaming Console,3.0,1,6.70752226550103,0,2024,5,12,6
23.0,Female,Canada,Ontario,Standard,22.854736059479553,Mobile,0.0,0,3.1719827745379456,1,2024,10,17,3
35.0,Other,Canada,Saskatchewan,Premium,7.25,Mobile,1.0,0,2.1102132003465894,0,2022,12,21,2
29.0,Male,USA,New Jersey,Standard,15.34,Desktop,2.0,0,2.7936160894318567,0,2024,4,17,2
55.0,Female,USA,North Carolina,Standard,7.92,Tablet,0.0,0,2.188295946591918,1,2023,7,19,2
43.0,Male,Canada,Nova Scotia,Standard,10.6,Smart TV,3.0,0,2.451005098112319,0,2023,6,12,0
29.0,Male,Canada,Alberta,Premium,20.9,Tablet,2.0,0,3.086486636822455,0,2024,9,7,5
40.0,Female,USA,Maryland,Premium,11.15,Gaming Console,0.0,0,2.4973291697865574,1,2025,6,17,1
43.0,Male,USA,Washington,Basic,12.89,Desktop,0.0,1,2.6311691567662523,1,2024,8,26,0
28.0,Male,USA,Indiana,Premium,7.18,Desktop,5.0,1,2.1016921506146558,0,2023,11,9,3
40.0,Male,Canada,Alberta,Standard,5.98,Laptop,0.0,0,1.9430489167742813,1,2025,7,9,2
43.0,Male,USA,Ohio,Basic,16.9,Tablet,3.0,0,2.884800712846709,0,2023,3,28,1
18.0,Female,USA,Wisconsin,Standard,20.21,Tablet,1.0,0,3.0544727685765913,0,2023,10,11,2
39.0,Female,Canada,Saskatchewan,Premium,57.0,Desktop,1.0,0,4.060443010546419,0,2024,6,10,0
48.0,Male,Canada,Ontario,Standard,9.13,Desktop,0.0,0,2.315501318260592,1,2024,7,1,0
32.0,Female,Canada,New Brunswick,Standard,945.47,Desktop,1.0,0,6.85273927442598,0,2025,5,30,4
55.0,Female,Canada,New Brunswick,Premium,20.16,Desktop,2.0,0,3.052112606990099,0,2023,3,26,6
32.0,Female,USA,Tennessee,Basic,18.43,Tablet,2.0,0,2.9668182633893485,0,2022,9,29,3
36.0,Female,USA,Maryland,Premium,10.22,Desktop,4.0,0,2.4176979000945504,0,2024,11,1,4
30.0,Male,Canada,Ontario,Premium+,9.39,Laptop,2.0,0,2.340843805111136,0,2022,9,5,0
17.0,Other,Canada,Manitoba,Standard,9.32,Tablet,3.0,0,2.334083760053417,0,2024,12,7,5
26.0,Male,USA,Maryland,Standard,68.52,Laptop,2.0,0,4.241614480957137,0,2024,9,16,0
28.0,Female,USA,New York,Standard,14.56,Laptop,1.0,0,2.7447035187502458,0,2024,2,13,1
60.0,Other,Canada,Nova Scotia,Premium,27.76,Desktop,1.0,0,3.358985532852846,0,2022,8,3,2
55.0,Other,Canada,British Columbia,Standard,35.96,Mobile,2.0,0,3.6098362467734835,0,2023,11,5,6
24.0,Male,Canada,Newfoundland and Labrador,Basic,12.09,Gaming Console,4.0,0,2.5718485799218085,0,2023,1,31,1
22.0,Female,USA,Pennsylvania,Premium,8.47,Tablet,2.0,0,2.248128907197987,0,2023,5,14,6
60.0,Male,USA,Missouri,Premium,21.811017452655033,Smart TV,5.0,0,3.1272436408541084,0,2024,10,11,4
45.0,Female,USA,Virginia,Standard,6.17,Desktop,4.0,1,1.969905654611529,0,2023,11,25,5
41.0,Female,USA,Missouri,Standard,1.5,Desktop,2.0,0,0.9162907318741551,0,2024,6,3,0
34.0,Female,USA,Texas,Basic,8.27,Desktop,3.0,0,2.2267833795777636,0,2023,3,20,0
27.0,Female,USA,Texas,Standard,32.37,Smart TV,2.0,0,3.5076572927632825,0,2024,10,13,6
33.0,Male,Canada,Saskatchewan,Standard,4.63,Smart TV,4.0,0,1.728109442151599,0,2022,10,4,1
40.0,Female,USA,New York,Standard,10.02,Mobile,2.0,0,2.3997118037247684,0,2025,6,21,5
38.0,Male,Canada,Ontario,Basic,47.52,Laptop,2.0,0,3.8819760840758493,0,2024,8,29,3
49.0,Other,Canada,Saskatchewan,Standard,12.12,Tablet,2.0,1,2.574137783515943,0,2024,3,2,5
34.0,Female,USA,New York,Premium,3.64,Smart TV,2.0,1,1.534714366238164,0,2025,2,16,6
30.0,Male,Canada,Nova Scotia,Standard,35.84,Smart TV,0.0,0,3.6065842113871063,1,2024,2,28,2
27.0,Male,USA,Arizona,Premium,7.63,Tablet,4.0,1,2.1552445050953364,0,2023,12,15,4
45.0,Other,USA,Illinois,Standard,7.43,Tablet,4.0,0,2.131796772013764,0,2025,2,25,1
14.0,Male,Canada,New Brunswick,Premium,4.84,Gaming Console,2.0,0,1.7647307968401356,0,2025,5,17,5
40.0,Male,USA,Indiana,Standard,22.854736059479553,Laptop,2.0,1,3.1719827745379456,0,2025,3,6,3
26.0,Other,USA,Wisconsin,Standard,40.2,Smart TV,2.0,1,3.7184382563554808,0,2024,7,20,5
37.0,Male,USA,Georgia,Basic,7.24,Laptop,1.0,1,2.1090003439213802,0,2024,9,16,0
43.0,Female,USA,Illinois,Premium,21.811017452655033,Laptop,0.0,0,3.1272436408541084,1,2024,4,26,4
28.0,Female,USA,Indiana,Standard,5.2,Laptop,1.0,1,1.824549292051046,0,2024,2,3,5
31.0,Female,USA,North Carolina,Standard,11.99,Laptop,4.0,0,2.5641798306825083,0,2023,5,6,5
38.0,Male,USA,North Carolina,Standard,10.62,Desktop,4.0,0,2.4527277514237653,0,2024,6,18,1
32.0,Female,Canada,Saskatchewan,Standard,12.27,Tablet,6.0,1,2.5855058483441162,0,2023,12,20,2
38.0,Female,Canada,Newfoundland and Labrador,Standard,14.28,Smart TV,1.0,0,2.7265447837383743,0,2024,1,28,6
16.0,Other,USA,Arizona,Basic,9.75,Desktop,0.0,0,2.3749057545736716,1,2025,5,7,2
24.0,Male,Canada,British Columbia,Basic,21.57,Laptop,2.0,0,3.1166215908294443,0,2024,12,24,1
11.0,Female,USA,New York,Basic,25.81,Desktop,0.0,0,3.2887749522478678,1,2024,7,28,6
44.0,Other,USA,Maryland,Premium,9.62,Tablet,2.0,0,2.362739015813793,0,2023,9,27,2
54.0,Male,Canada,Alberta,Standard,22.854736059479553,Desktop,1.0,0,3.1719827745379456,0,2023,11,17,4
29.0,Female,USA,New Jersey,Premium,19.45,Gaming Console,3.0,0,3.017982882488811,0,2024,1,12,4
20.0,Female,USA,New Jersey,Premium,7.56,Laptop,1.0,0,2.1471001901536506,0,2024,9,3,1
41.0,Male,USA,Missouri,Premium,17.91,Laptop,1.0,0,2.9396908826703663,0,2024,2,16,4
46.0,Female,Canada,Saskatchewan,Standard,22.62,Mobile,3.0,0,3.1620938107692163,0,2024,1,23,1
36.0,Male,USA,New Jersey,Premium,21.94,Gaming Console,3.0,0,3.1328821117012247,0,2024,1,4,3
42.0,Other,Canada,Alberta,Standard,12.57,Tablet,4.0,0,2.6078614738467776,0,2022,11,21,0
35.0,Male,Canada,Manitoba,Premium,8.86,Desktop,2.0,0,2.288486168614544,0,2025,2,13,3
24.0,Male,USA,Indiana,Premium,2.64,Smart TV,7.0,0,1.2919836816486494,0,2023,5,30,1
25.0,Male,USA,Florida,Premium+,15.52,Mobile,1.0,0,2.804571768092832,0,2024,1,24,2
24.0,Female,Canada,New Brunswick,Premium,43.12,Smart TV,2.0,0,3.786913194385302,0,2023,7,31,0
17.0,Male,USA,Tennessee,Premium,33.91,Mobile,1.0,0,3.5527733211169448,0,2024,11,21,3
40.0,Female,USA,Florida,Premium,5.83,Laptop,3.0,0,1.9213246735826988,0,2024,9,5,3
45.0,Male,USA,Indiana,Premium+,19.675352862849536,Desktop,3.0,0,3.0289423078910556,0,2025,5,10,5
35.0,Male,USA,Ohio,Basic,18.69,Desktop,1.0,0,2.9801108926510342,0,2023,1,26,3
43.0,Male,USA,Georgia,Standard,5.73,Tablet,5.0,0,1.9065751436566365,0,2023,4,5,2
20.0,Male,Canada,Newfoundland and Labrador,Premium+,12.92,Gaming Console,3.0,0,2.6333266549062735,0,2024,6,9,6
53.0,Male,Canada,British Columbia,Premium,10.24,Smart TV,3.0,0,2.419478844465545,0,2023,3,4,5
39.0,Female,Canada,Newfoundland and Labrador,Premium,35.73,Mobile,1.0,0,3.6035938598315758,0,2024,5,16,3
35.0,Female,Canada,Nova Scotia,Premium,4.6,Mobile,6.0,0,1.7227665977411035,0,2023,3,12,6
46.0,Male,USA,Arizona,Standard,11.07,Smart TV,7.0,0,2.4907230351094403,0,2023,2,13,0
25.0,Female,USA,Wisconsin,Premium+,13.21,Tablet,7.0,0,2.6539459421090092,0,2023,12,2,5
26.0,Male,USA,Maryland,Premium,6.05,Mobile,4.0,0,1.9530276168241774,0,2023,7,29,5
16.0,Other,USA,Missouri,Standard,18.18,Smart TV,2.0,0,2.953868069455292,0,2025,5,26,0
28.0,Male,USA,Missouri,Premium,41.29,Mobile,5.0,1,3.7445506514843974,0,2024,5,19,6
18.0,Male,USA,New York,Standard,1.32,Desktop,0.0,0,0.8415671856782186,1,2022,12,23,4
44.0,Female,Canada,Manitoba,Premium,32.43,Tablet,5.0,0,3.509453700432007,0,2025,3,5,2
31.0,Male,USA,Tennessee,Premium,8.48,Gaming Console,0.0,1,2.2491843162669305,1,2024,7,28,6
44.0,Male,USA,Georgia,Premium,12.0,Desktop,2.0,1,2.5649493574615367,0,2022,11,19,5
53.0,Male,USA,New York,Premium+,11.47,Laptop,1.0,0,2.523325759691945,0,2024,7,17,2
32.0,Female,USA,North Carolina,Basic,20.136172344689378,Smart TV,1.0,0,3.0509859018293035,0,2025,4,24,3
50.0,Other,USA,Pennsylvania,Standard,30.42,Gaming Console,3.0,0,3.4474446328274753,0,2025,2,15,5
35.0,Female,USA,Illinois,Premium,17.02,Mobile,3.0,0,2.8914822521801917,0,2024,12,18,2
37.0,Female,USA,Georgia,Standard,8.9,Gaming Console,4.0,0,2.2925347571405443,0,2024,12,3,1
45.0,Female,USA,North Carolina,Premium+,21.68,Desktop,4.0,0,3.121483478859551,0,2023,8,11,4
31.0,Female,USA,Indiana,Premium+,18.52,Tablet,4.0,1,2.9714395809849465,0,2024,11,15,4
35.0,Female,USA,Tennessee,Basic,12.51,Laptop,1.0,0,2.6034301519721073,0,2023,3,6,0
60.0,Female,USA,Texas,Premium+,18.21,Tablet,2.0,0,2.955430976780465,0,2024,7,4,3
30.0,Female,Canada,New Brunswick,Premium,12.63,Gaming Console,3.0,0,2.612273245708441,0,2023,3,22,2
27.0,Female,USA,Virginia,Standard,5.96,Mobile,0.0,0,1.9401794743463283,1,2023,5,15,0
44.0,Female,Canada,British Columbia,Premium,10.74,Gaming Console,6.0,0,2.4630018143999504,0,2025,3,7,4
42.0,Female,USA,Michigan,Standard,23.57,Tablet,6.0,1,3.201526186533088,0,2025,5,29,3
26.0,Male,USA,Texas,Standard,4.54,Desktop,1.0,1,1.7119945007591924,0,2025,2,25,1
46.0,Male,USA,New York,Premium,18.03,Gaming Console,2.0,0,2.946016681308058,0,2022,9,3,5
33.0,Other,USA,Washington,Basic,20.29,Laptop,2.0,0,3.058237478905388,0,2024,6,12,2
13.0,Female,USA,Indiana,Standard,24.34,Mobile,0.0,0,3.232384174892993,1,2023,6,11,6
44.0,Other,USA,Maryland,Standard,9.81,Gaming Console,2.0,0,2.3804716316511167,0,2024,5,12,6
26.0,Male,Canada,Alberta,Premium,21.811017452655033,Desktop,0.0,0,3.1272436408541084,1,2024,11,15,4
47.0,Male,USA,Arizona,Premium,30.55,Gaming Console,2.0,0,3.4515735889872223,0,2023,7,7,4
14.0,Female,USA,Indiana,Standard,9.61,Desktop,3.0,0,2.3617969526258915,0,2025,8,1,4
21.0,Male,USA,Missouri,Standard,19.62,Tablet,2.0,0,3.026261478588814,0,2022,9,28,2
23.0,Female,Canada,New Brunswick,Standard,9.8,Mobile,3.0,0,2.379546134130174,0,2024,5,11,5
24.0,Other,USA,Missouri,Standard,19.57,Gaming Console,1.0,1,3.0238337036648657,0,2024,9,20,4
33.0,Other,USA,Washington,Basic,4.52,Gaming Console,2.0,0,1.7083778602890038,0,2024,2,29,3
44.0,Male,USA,Massachusetts,Basic,7.08,Tablet,2.0,1,2.089391872533004,0,2023,2,4,5
34.0,Other,USA,Illinois,Basic,20.09,Desktop,1.0,1,3.0487989944906833,0,2022,11,12,5
20.0,Male,USA,Washington,Premium,34.09,Smart TV,8.0,0,3.5579161895951237,0,2023,8,5,5
31.0,Other,USA,Ohio,Standard,22.854736059479553,Smart TV,5.0,0,3.1719827745379456,0,2025,3,13,3
40.0,Male,USA,Virginia,Premium,15.73,Desktop,0.0,0,2.8172035149987327,1,2024,10,18,4
25.0,Male,Canada,Newfoundland and Labrador,Basic,35.44,Gaming Console,4.0,0,3.5956670723917576,0,2025,5,17,5
53.0,Male,USA,California,Standard,20.87,Gaming Console,7.0,0,3.0851158346886765,0,2024,11,21,3
22.0,Male,USA,Tennessee,Basic,17.47,Desktop,0.0,1,2.9161477942111484,1,2024,11,7,3
36.0,Male,USA,Florida,Premium,4.58,Smart TV,3.0,0,1.7191887763932197,0,2025,3,6,3
50.0,Female,Canada,British Columbia,Basic,20.16,Gaming Console,3.0,0,3.052112606990099,0,2024,12,11,2
39.0,Female,USA,Florida,Standard,8.74,Smart TV,1.0,0,2.2762411176544437,0,2025,2,26,2
53.0,Female,USA,North Carolina,Standard,7.91,Laptop,0.0,0,2.187174241482718,1,2022,11,24,3
17.0,Other,Canada,Manitoba,Premium,12.7,Tablet,4.0,0,2.617395832834079,0,2023,2,23,3
48.0,Male,USA,Texas,Basic,3.99,Desktop,3.0,0,1.6074359097634274,0,2023,8,14,0
34.0,Male,Canada,Prince Edward Island,Standard,25.29,Desktop,0.0,0,3.26918863874179,1,2024,6,1,5
47.0,Female,Canada,Newfoundland and Labrador,Basic,14.54,Desktop,5.0,0,2.7434173449395014,0,2025,5,20,1
33.0,Male,Canada,Manitoba,Basic,17.68,Laptop,2.0,0,2.9274534328006965,0,2024,11,3,6
41.0,Female,USA,New York,Standard,6.43,Mobile,0.0,0,2.005525858729668,1,2025,3,5,2
39.0,Other,USA,Missouri,Standard,19.52,Gaming Console,2.0,0,3.021400020302569,0,2024,1,11,3
20.0,Male,USA,Indiana,Basic,44.26,Laptop,3.0,0,3.8124236402053913,0,2025,3,7,4
28.0,Male,USA,Virginia,Premium,12.09,Gaming Console,5.0,1,2.5718485799218085,0,2023,10,10,1
47.0,Male,Canada,Prince Edward Island,Basic,7.38,Desktop,3.0,0,2.1258479144939915,0,2023,1,5,3
29.0,Male,USA,North Carolina,Standard,18.71,Tablet,5.0,0,2.9811261211646287,0,2023,3,2,3
44.0,Female,USA,Georgia,Standard,5.27,Tablet,2.0,0,1.8357763546448294,0,2025,1,28,1
39.0,Female,USA,New Jersey,Premium+,43.24,Tablet,2.0,0,3.7896293572140793,0,2024,8,12,0
25.0,Male,USA,Missouri,Premium,1.17,Desktop,4.0,0,0.7747271675523681,0,2023,2,19,6
59.0,Male,USA,Indiana,Premium,24.18,Laptop,2.0,0,3.2260500286162013,0,2024,12,1,6
29.0,Male,USA,North Carolina,Premium+,12.89,Tablet,1.0,1,2.6311691567662523,0,2025,6,9,0
38.0,Male,USA,Illinois,Standard,8.43,Mobile,2.0,0,2.2438960966453663,0,2024,11,25,0
50.0,Other,USA,North Carolina,Standard,18.26,Gaming Console,2.0,0,2.9580304063699794,0,2023,11,23,3
26.0,Other,USA,Arizona,Standard,21.6,Desktop,3.0,0,3.1179499062782403,0,2023,9,30,5
49.0,Male,Canada,Quebec,Premium+,41.75,Gaming Console,0.0,1,3.755369195382769,1,2023,1,1,6
37.0,Female,USA,Arizona,Standard,30.32,Desktop,3.0,0,3.4442568711226023,0,2024,3,26,1
48.0,Male,USA,Michigan,Basic,21.77,Smart TV,1.0,0,3.125443880075648,0,2023,1,4,2
24.0,Female,USA,New York,Premium,15.66,Mobile,5.0,0,2.8130106367386967,0,2023,12,27,2
59.0,Female,USA,Indiana,Premium,13.13,Smart TV,1.0,0,2.6483001966964363,0,2022,10,30,6
19.0,Male,Canada,British Columbia,Standard,20.93,Gaming Console,0.0,0,3.0878555624297968,1,2023,8,10,3
38.0,Male,Canada,Newfoundland and Labrador,Standard,31.78,Mobile,1.0,0,3.4898185733156835,0,2024,11,18,0
37.0,Male,USA,Pennsylvania,Standard,22.854736059479553,Laptop,1.0,0,3.1719827745379456,0,2023,4,21,4
46.0,Female,USA,Massachusetts,Premium,21.26,Tablet,2.0,1,3.102791345847399,0,2023,1,12,3
47.0,Other,Canada,Ontario,Standard,6.84,Laptop,4.0,1,2.0592388343623163,0,2025,4,17,3
31.0,Other,USA,North Carolina,Basic,20.136172344689378,Tablet,3.0,0,3.0509859018293035,0,2023,3,21,1
46.0,Female,Canada,Quebec,Basic,20.54,Tablet,3.0,0,3.0699116717282426,0,2024,12,26,3
33.0,Female,USA,Arizona,Premium,10.56,Smart TV,3.0,0,2.4475508632442313,0,2023,7,3,0
33.0,Female,USA,Massachusetts,Basic,9.22,Tablet,1.0,0,2.3243465847755584,0,2024,10,8,1
32.0,Other,Canada,Nova Scotia,Premium,35.62,Gaming Console,8.0,0,3.6005945392463645,0,2022,8,7,6
32.0,Female,Canada,British Columbia,Standard,1.35,Desktop,4.0,0,0.8544153281560676,0,2023,6,17,5
23.0,Other,USA,Indiana,Premium,709.15,Laptop,4.0,0,6.565476215327137,0,2025,4,19,5
29.0,Male,USA,Ohio,Basic,20.24,Desktop,2.0,0,3.055886196373738,0,2023,11,10,4
44.0,Female,USA,Georgia,Standard,11.02,Laptop,4.0,0,2.4865719291070616,0,2023,1,30,0
18.0,Female,Canada,Nova Scotia,Standard,22.854736059479553,Mobile,0.0,0,3.1719827745379456,1,2023,2,26,6
27.0,Female,Canada,Ontario,Premium,40.27,Smart TV,2.0,0,3.7201358437644907,0,2022,12,9,4
35.0,Male,USA,Maryland,Standard,19.89,Laptop,4.0,0,3.0392705755684744,0,2023,1,27,4
39.0,Female,Canada,New Brunswick,Premium,21.811017452655033,Laptop,2.0,0,3.1272436408541084,0,2024,6,26,2
36.0,Other,USA,Wisconsin,Standard,8.85,Tablet,5.0,1,2.2874714551839976,0,2023,1,25,2
43.0,Other,Canada,New Brunswick,Premium,8.41,Gaming Console,7.0,0,2.2417729535972883,0,2024,2,6,1
46.0,Female,USA,Wisconsin,Premium,49.62,Smart TV,0.0,0,3.9243467551169777,1,2023,7,18,1
21.0,Male,USA,Maryland,Standard,20.84,Smart TV,1.0,0,3.083743150876704,0,2022,9,30,4
23.0,Male,USA,Florida,Standard,4.64,Gaming Console,2.0,0,1.7298840655099674,0,2025,2,10,0
42.0,Other,USA,Massachusetts,Basic,16.2,Laptop,3.0,0,2.8449093838194073,0,2022,12,30,4
18.0,Female,USA,Maryland,Premium+,7.74,Gaming Console,7.0,0,2.167910189667444,0,2023,11,23,3
39.0,Female,Canada,New Brunswick,Premium+,20.32,Laptop,3.0,0,3.0596455992976437,0,2023,5,21,6
29.0,Female,Canada,Alberta,Standard,17.2,Gaming Console,0.0,1,2.9014215940827497,1,2023,7,7,4
18.0,Male,Canada,Ontario,Premium,17.61,Smart TV,2.0,0,2.9236990706541595,0,2024,3,10,6
17.0,Male,Canada,Saskatchewan,Premium,16.26,Tablet,5.0,0,2.848391685655282,0,2024,9,2,0
20.0,Female,Canada,Quebec,Standard,18.3,Tablet,2.0,0,2.9601050959108397,0,2022,9,14,2
34.0,Female,USA,New York,Premium,10.2,Tablet,1.0,0,2.4159137783010487,0,2023,11,20,0
43.0,Male,USA,Texas,Basic,5.41,Smart TV,2.0,0,1.8578592709325787,0,2022,12,28,2
46.0,Female,USA,Tennessee,Premium+,19.63,Tablet,4.0,0,3.0267463270831603,0,2024,6,9,6
52.0,Female,Canada,Manitoba,Premium+,836.4,Desktop,0.0,0,6.7303018535850425,1,2023,6,19,0
21.0,Female,USA,Indiana,Standard,11.33,Tablet,3.0,0,2.512035317176253,0,2024,5,31,4
24.0,Other,USA,Arizona,Standard,13.65,Gaming Console,4.0,1,2.6844403354630764,0,2022,8,13,5
43.0,Male,USA,Pennsylvania,Premium,21.811017452655033,Gaming Console,4.0,0,3.1272436408541084,0,2022,12,10,5
37.0,Other,USA,Tennessee,Basic,20.136172344689378,Desktop,1.0,0,3.0509859018293035,0,2022,11,29,1
54.0,Male,USA,Ohio,Premium,7.8,Laptop,1.0,0,2.174751721484161,0,2025,6,17,1
27.0,Female,USA,Ohio,Basic,2.92,Mobile,0.0,1,1.366091653802371,1,2024,9,23,0
28.0,Male,USA,Ohio,Standard,22.854736059479553,Laptop,2.0,0,3.1719827745379456,0,2023,10,11,2
24.0,Female,USA,Georgia,Standard,9.5,Gaming Console,3.0,0,2.3513752571634776,0,2022,9,14,2
23.0,Male,Canada,Newfoundland and Labrador,Premium+,13.56,Tablet,0.0,0,2.67827804276854,1,2025,3,7,4
38.0,Male,USA,Massachusetts,Premium,16.06,Gaming Console,0.0,1,2.836736542063533,1,2025,2,28,4
35.0,Female,USA,Texas,Standard,13.6,Laptop,3.0,0,2.681021528714291,0,2023,9,5,1
30.0,Male,USA,Pennsylvania,Standard,5.45,Tablet,3.0,1,1.864080130807681,0,2024,9,27,4
36.0,Other,USA,North Carolina,Premium,14.0,Laptop,0.0,0,2.70805020110221,1,2023,3,28,1
45.0,Other,USA,New York,Basic,19.21,Tablet,4.0,1,3.00617753141553,0,2025,5,29,3
38.0,Male,USA,Virginia,Premium,17.99,Tablet,2.0,0,2.9439125248241944,0,2023,9,29,4
59.0,Male,USA,California,Standard,18.73,Laptop,5.0,0,2.982140320034524,0,2023,7,17,0
29.0,Female,Canada,Quebec,Premium,11.91,Smart TV,3.0,0,2.558002204858551,0,2022,11,23,2
15.0,Female,USA,Massachusetts,Basic,5.39,Mobile,1.0,0,1.8547342683894434,0,2024,5,3,4
49.0,Female,USA,New York,Basic,3.51,Mobile,2.0,0,1.506297153514587,0,2024,10,9,2
22.0,Male,USA,Tennessee,Basic,5.82,Mobile,1.0,1,1.9198594718553708,0,2025,5,15,3
36.0,Female,Canada,Manitoba,Basic,7.13,Desktop,2.0,0,2.0955609235597192,0,2024,1,21,6
33.0,Male,USA,Texas,Basic,2.45,Laptop,3.0,0,1.2383742310432684,0,2024,12,4,2
51.0,Male,Canada,Alberta,Standard,2.34,Laptop,1.0,0,1.205970806988609,0,2023,4,16,6
45.0,Female,Canada,Saskatchewan,Basic,12.93,Tablet,3.0,0,2.6340447877917144,0,2024,11,12,1
37.0,Female,USA,Indiana,Standard,4.82,Laptop,0.0,0,1.7613002617433464,1,2023,11,26,6
50.0,Male,Canada,Prince Edward Island,Premium,15.92,Mobile,2.0,0,2.8284963541780774,0,2022,11,30,2
36.0,Male,USA,Tennessee,Premium+,33.86,Gaming Console,0.0,0,3.551340040091875,1,2024,1,5,4
20.0,Male,USA,Florida,Premium+,8.75,Smart TV,2.0,0,2.277267285009756,0,2025,4,4,4
51.0,Female,USA,New Jersey,Premium,21.811017452655033,Tablet,4.0,0,3.1272436408541084,0,2024,7,5,4
31.0,Female,USA,New Jersey,Basic,13.61,Tablet,4.0,0,2.681706225762608,0,2024,3,9,5
34.0,Male,USA,Indiana,Premium,21.811017452655033,Laptop,0.0,0,3.1272436408541084,1,2025,5,22,3
31.0,Male,USA,Maryland,Basic,3.08,Mobile,4.0,0,1.4060969884160703,0,2024,2,18,6
31.0,Female,USA,California,Premium,18.28,Desktop,3.0,0,2.9590682891823996,0,2024,12,18,2
39.0,Female,USA,New York,Basic,8.39,Mobile,1.0,0,2.2396452932201716,0,2024,1,21,6
14.0,Female,USA,Tennessee,Standard,15.06,Gaming Console,6.0,0,2.7763317085186157,0,2024,5,29,2
33.0,Female,USA,North Carolina,Basic,9.81,Laptop,1.0,1,2.3804716316511167,0,2025,6,30,0
33.0,Female,USA,Indiana,Standard,11.19,Tablet,1.0,0,2.5006159434931803,0,2023,1,7,5
39.0,Male,USA,Pennsylvania,Standard,11.57,Desktop,0.0,0,2.531313022602156,1,2024,9,8,6
54.0,Male,USA,Maryland,Basic,28.04,Gaming Console,3.0,0,3.3686741899565953,0,2024,11,8,4
49.0,Other,USA,California,Standard,22.854736059479553,Tablet,5.0,0,3.1719827745379456,0,2023,10,30,0
34.0,Female,Canada,British Columbia,Premium,12.33,Tablet,4.0,0,2.5900171341906173,0,2022,12,19,0
31.0,Other,USA,Arizona,Basic,12.56,Desktop,0.0,0,2.6071242825122494,1,2023,5,30,1
34.0,Male,USA,New Jersey,Premium,25.89,Laptop,2.0,0,3.2917544702807735,0,2023,7,22,5
16.0,Other,USA,Georgia,Premium,11.5,Laptop,1.0,0,2.5257286443082556,0,2023,5,6,5
18.0,Female,USA,Florida,Premium,5.75,Laptop,1.0,0,1.9095425048844386,0,2025,3,11,1
33.0,Female,Canada,Ontario,Basic,26.63,Tablet,2.0,0,3.318902138935325,0,2024,4,23,1
24.0,Male,USA,Arizona,Basic,20.53,Smart TV,6.0,0,3.0694473113762717,0,2024,1,16,1
48.0,Other,USA,North Carolina,Standard,28.14,Gaming Console,5.0,0,3.3721118007670587,0,2023,2,20,0
26.0,Other,Canada,Nova Scotia,Premium+,27.4,Smart TV,3.0,0,3.3463891451671604,0,2025,5,3,5
26.0,Female,Canada,New Brunswick,Standard,14.33,Smart TV,3.0,0,2.7298116928837226,0,2024,1,30,1
50.0,Female,USA,Arizona,Basic,13.25,Tablet,3.0,0,2.6567569067146595,0,2024,3,31,6
48.0,Female,USA,Tennessee,Standard,14.09,Gaming Console,3.0,0,2.7140322727797574,0,2023,6,28,2
27.0,Male,USA,Virginia,Standard,13.23,Tablet,2.0,0,2.655352412101761,0,2023,5,24,2
34.0,Male,USA,Arizona,Standard,17.86,Mobile,5.0,0,2.937043277205311,0,2025,2,3,0
35.0,Female,USA,Michigan,Basic,13.73,Laptop,0.0,1,2.689886230474539,1,2023,1,25,2
54.0,Other,Canada,Manitoba,Standard,10.03,Desktop,6.0,0,2.400618833265411,0,2023,4,17,0
46.0,Female,Canada,British Columbia,Standard,2.58,Desktop,1.0,0,1.275362800412609,0,2024,11,22,4
24.0,Female,USA,Texas,Standard,6.91,Desktop,6.0,0,2.0681277817795625,0,2022,11,7,0
15.0,Male,USA,Wisconsin,Premium+,11.07,Gaming Console,2.0,0,2.4907230351094403,0,2024,9,20,4
48.0,Male,Canada,Prince Edward Island,Premium,10.79,Gaming Console,2.0,0,2.4672517145492794,0,2023,12,6,2
34.0,Female,USA,Illinois,Premium,5.44,Tablet,6.0,0,1.8625285401162623,0,2024,5,10,4
37.0,Other,Canada,Saskatchewan,Basic,25.57,Smart TV,3.0,0,3.279782759771722,0,2024,4,30,1
52.0,Male,USA,Michigan,Standard,16.72,Tablet,7.0,0,2.8746939451769347,0,2025,6,10,1
12.0,Female,USA,New Jersey,Premium,20.38,Laptop,1.0,0,3.062455905596899,0,2024,12,24,1
60.0,Male,USA,Massachusetts,Standard,18.24,Desktop,6.0,0,2.9569914452375605,0,2022,11,17,3
44.0,Other,Canada,Newfoundland and Labrador,Standard,4.15,Gaming Console,2.0,1,1.6389967146756448,0,2025,1,26,6
42.0,Female,USA,California,Standard,12.55,Mobile,5.0,0,2.60638654732571,0,2025,3,30,6
12.0,Male,USA,Michigan,Premium,15.28,Desktop,4.0,1,2.7899373605743945,0,2025,3,6,3
33.0,Male,Canada,Manitoba,Premium,53.29,Gaming Console,2.0,0,3.9943400479173596,0,2024,1,18,3
28.0,Female,USA,Indiana,Basic,12.52,Desktop,3.0,0,2.604170070614818,0,2024,11,19,1
16.0,Female,Canada,Prince Edward Island,Premium,28.1,Mobile,5.0,0,3.370738174177447,0,2025,1,24,4
28.0,Female,USA,Pennsylvania,Premium,27.05,Tablet,5.0,0,3.3339886319687055,0,2022,10,18,1
20.0,Male,USA,Indiana,Basic,60.04,Desktop,3.0,0,4.111529386976201,0,2024,7,23,1
56.0,Female,Canada,Manitoba,Standard,15.21,Gaming Console,0.0,0,2.785628335747585,1,2025,7,27,6
20.0,Female,USA,Wisconsin,Premium,10.56,Tablet,1.0,0,2.4475508632442313,0,2024,2,10,5
30.0,Other,USA,Massachusetts,Premium+,13.31,Laptop,3.0,0,2.6609585935683597,0,2024,8,15,3
24.0,Other,USA,Wisconsin,Standard,19.18,Gaming Console,1.0,0,3.004692014925463,0,2023,1,12,3
42.0,Male,Canada,Ontario,Premium,9.7,Gaming Console,2.0,0,2.3702437414678603,0,2025,3,17,0
27.0,Male,Canada,Ontario,Standard,3.45,Laptop,1.0,0,1.4929040961781488,0,2023,4,15,5
33.0,Male,Canada,British Columbia,Premium+,26.22,Gaming Console,0.0,0,3.30395199722332,1,2024,3,11,0
39.0,Other,USA,Michigan,Standard,16.88,Laptop,2.0,0,2.883682769745368,0,2025,1,16,3
36.0,Female,Canada,Saskatchewan,Basic,15.1,Gaming Console,2.0,0,2.7788192719904172,0,2023,5,7,6
51.0,Female,USA,Pennsylvania,Standard,14.39,Smart TV,5.0,0,2.733717947850788,0,2022,9,20,1
15.0,Male,Canada,New Brunswick,Standard,14.21,Gaming Console,4.0,0,2.7219531062712017,0,2024,7,27,5
44.0,Female,Canada,Alberta,Premium,7.45,Laptop,1.0,0,2.134166441369082,0,2022,9,5,0
23.0,Male,USA,Indiana,Premium,23.2,Desktop,4.0,0,3.186352633162641,0,2022,8,4,3
35.0,Female,USA,Massachusetts,Premium+,41.1,Mobile,5.0,0,3.7400477406883357,0,2023,4,13,3
12.0,Male,USA,Massachusetts,Basic,16.48,Desktop,0.0,1,2.8610573702273894,1,2023,12,22,4
45.0,Other,USA,North Carolina,Premium,41.23,Smart TV,7.0,1,3.743130868945852,0,2022,12,6,1
47.0,Male,USA,Wisconsin,Premium,8.56,Mobile,7.0,0,2.25758772706331,0,2025,3,15,5
22.0,Other,USA,Indiana,Basic,13.17,Desktop,1.0,0,2.6511270537025893,0,2025,5,19,0
34.0,Female,USA,Illinois,Standard,13.31,Desktop,2.0,0,2.6609585935683597,0,2024,6,13,3
32.0,Male,USA,California,Standard,22.854736059479553,Desktop,5.0,0,3.1719827745379456,0,2024,11,21,3
20.0,Female,Canada,New Brunswick,Premium,19.45,Laptop,0.0,0,3.017982882488811,1,2022,12,11,6
25.0,Female,USA,Virginia,Standard,8.62,Gaming Console,1.0,1,2.263844264677615,0,2023,2,10,4
33.0,Other,USA,Michigan,Premium+,19.63,Mobile,5.0,0,3.0267463270831603,0,2023,4,23,6
37.0,Male,Canada,Saskatchewan,Basic,15.18,Smart TV,6.0,0,2.7837759116303458,0,2024,7,18,3
32.0,Female,USA,Pennsylvania,Premium,13.23,Gaming Console,2.0,0,2.655352412101761,0,2024,8,27,1
27.0,Male,Canada,Newfoundland and Labrador,Basic,20.136172344689378,Tablet,4.0,0,3.0509859018293035,0,2024,5,6,0
22.0,Male,USA,California,Premium,14.58,Laptop,1.0,0,2.7459880404426023,0,2024,7,12,4
49.0,Male,Canada,New Brunswick,Basic,11.92,Smart TV,1.0,0,2.558776498354456,0,2023,2,27,0
48.0,Female,Canada,Nova Scotia,Standard,16.73,Desktop,3.0,1,2.8752581200861167,0,2025,6,4,2
41.0,Male,USA,Michigan,Standard,20.78,Laptop,4.0,0,3.0809921175048145,0,2022,10,4,1
43.0,Other,USA,Florida,Standard,8.92,Smart TV,2.0,1,2.2945529212967815,0,2024,1,26,4
45.0,Male,USA,Washington,Basic,4.1,Gaming Console,4.0,0,1.62924053973028,0,2024,3,15,4
55.0,Other,USA,Wisconsin,Premium,7.39,Tablet,4.0,0,2.127040520479115,0,2024,1,1,0
25.0,Female,USA,Virginia,Standard,60.87,Gaming Console,6.0,0,4.125035409542898,0,2023,3,10,4
41.0,Male,USA,California,Standard,19.89,Laptop,3.0,0,3.0392705755684744,0,2024,1,31,2
49.0,Female,USA,Massachusetts,Premium,13.76,Gaming Console,4.0,0,2.6919208191723265,0,2024,7,31,2
29.0,Male,USA,North Carolina,Standard,31.2,Tablet,1.0,0,3.4719664525503626,0,2025,7,6,6
49.0,Male,USA,Massachusetts,Standard,12.31,Gaming Console,4.0,0,2.58851563240702,0,2024,7,26,4
34.0,Male,USA,Massachusetts,Premium,3.33,Laptop,2.0,1,1.4655675420143985,0,2024,11,7,3
26.0,Male,USA,Texas,Basic,5.95,Desktop,0.0,1,1.9387416595767009,1,2025,7,26,5
34.0,Female,USA,Ohio,Premium,15.86,Laptop,6.0,0,2.8249439525737094,0,2025,7,26,5
35.0,Female,Canada,Nova Scotia,Basic,12.16,Desktop,0.0,0,2.5771819258971713,1,2023,6,8,3
36.0,Female,Canada,British Columbia,Standard,22.854736059479553,Smart TV,2.0,0,3.1719827745379456,0,2023,10,3,1
47.0,Male,Canada,Newfoundland and Labrador,Standard,8.55,Tablet,4.0,0,2.256541154492639,0,2022,9,13,1
48.0,Female,USA,California,Premium,5.63,Gaming Console,2.0,0,1.891604804197771,0,2024,7,15,0
16.0,Female,Canada,Quebec,Standard,52.07,Gaming Console,0.0,1,3.9716117968398037,1,2025,5,2,4
46.0,Male,USA,Florida,Standard,11.28,Laptop,6.0,0,2.5079719227189963,0,2024,4,7,6
45.0,Other,Canada,Ontario,Standard,6.71,Gaming Console,1.0,0,2.0425181875752383,0,2023,1,17,1
36.0,Female,Canada,Nova Scotia,Basic,14.28,Tablet,2.0,0,2.7265447837383743,0,2023,3,23,3
27.0,Male,USA,North Carolina,Premium,3.19,Smart TV,1.0,0,1.4327007339340463,0,2023,5,19,4
33.0,Male,USA,California,Standard,22.85,Smart TV,3.0,0,3.1717842173343502,0,2023,2,7,1
53.0,Female,Canada,Alberta,Basic,35.79,Desktop,0.0,0,3.605226069116683,1,2025,6,11,2
23.0,Male,USA,Florida,Premium,13.22,Desktop,1.0,0,2.6546494243750947,0,2023,5,16,1
32.0,Male,USA,Michigan,Standard,22.854736059479553,Gaming Console,0.0,1,3.1719827745379456,1,2023,1,3,1
32.0,Other,Canada,Manitoba,Premium,42.1,Smart TV,0.0,0,3.763522997109702,1,2023,2,10,4
53.0,Female,Canada,Ontario,Premium,6.74,Desktop,2.0,0,2.046401687601636,0,2023,3,25,5
12.0,Male,USA,Missouri,Premium,3.09,Laptop,0.0,0,1.4085449700547104,1,2022,10,31,0
45.0,Male,USA,New Jersey,Premium,5.74,Laptop,4.0,0,1.9080599249242156,0,2024,3,22,4
47.0,Female,USA,Maryland,Standard,16.26,Smart TV,4.0,1,2.848391685655282,0,2025,4,15,1
17.0,Other,Canada,Nova Scotia,Premium,11.78,Tablet,0.0,0,2.5478814489493886,1,2024,10,20,6
45.0,Male,USA,Michigan,Standard,15.7,Mobile,4.0,0,2.8154087194227095,0,2024,5,2,3
13.0,Female,USA,Illinois,Premium,26.2,Tablet,2.0,0,3.3032169733019514,0,2023,7,26,2
39.0,Other,USA,New York,Premium+,23.84,Gaming Console,5.0,0,3.212455257065278,0,2024,1,25,3
52.0,Male,USA,Florida,Premium,35.89,Tablet,2.0,0,3.607940511608584,0,2024,6,3,0
41.0,Male,USA,Virginia,Premium+,22.48,Mobile,4.0,0,3.1561489949598958,0,2024,6,14,4
51.0,Female,Canada,Nova Scotia,Premium,15.64,Mobile,2.0,0,2.8118094353930627,0,2024,10,11,4
26.0,Male,USA,Georgia,Premium,28.89,Gaming Console,5.0,0,3.3975239762958465,0,2025,2,25,1
38.0,Female,Canada,Saskatchewan,Premium,16.47,Laptop,3.0,0,2.8604851241459652,0,2024,1,25,3
43.0,Male,USA,Georgia,Standard,8.42,Tablet,6.0,0,2.2428350885882717,0,2023,10,18,2
41.0,Female,USA,North Carolina,Basic,18.2,Tablet,2.0,0,2.954910279033736,0,2024,8,1,3
24.0,Male,Canada,Alberta,Standard,18.64,Mobile,1.0,0,2.97756830292632,0,2025,3,2,6
11.0,Male,Canada,Prince Edward Island,Premium,10.09,Gaming Console,1.0,0,2.4060438013622756,0,2024,2,28,2
42.0,Other,Canada,Prince Edward Island,Premium,14.08,Desktop,2.0,0,2.71336936257981,0,2023,4,2,6
33.0,Female,USA,Virginia,Standard,12.64,Laptop,2.0,0,2.613006652415316,0,2025,4,12,5
28.0,Female,USA,New Jersey,Standard,10.79,Tablet,1.0,0,2.4672517145492794,0,2025,4,19,5
26.0,Female,USA,Missouri,Standard,5.75,Smart TV,0.0,0,1.9095425048844386,1,2023,2,11,5
31.0,Male,USA,Wisconsin,Premium,21.811017452655033,Smart TV,0.0,0,3.1272436408541084,1,2024,11,2,5
38.0,Female,Canada,Alberta,Premium,21.811017452655033,Gaming Console,3.0,0,3.1272436408541084,0,2022,8,18,3
31.0,Female,USA,Pennsylvania,Basic,13.68,Mobile,1.0,0,2.6864860231863696,0,2025,7,14,0
19.0,Male,Canada,Alberta,Premium,5.67,Smart TV,1.0,0,1.8976198599275322,0,2023,12,5,1
20.0,Female,Canada,Prince Edward Island,Premium+,5.63,Mobile,1.0,1,1.891604804197771,0,2024,7,4,3
27.0,Female,USA,Missouri,Premium+,8.12,Mobile,1.0,0,2.21046980408624,0,2024,7,3,2
33.0,Female,USA,New Jersey,Standard,11.54,Tablet,1.0,0,2.5289235352047745,0,2024,12,27,4
28.0,Male,USA,Georgia,Standard,25.68,Gaming Console,2.0,1,3.283914221047423,0,2023,4,10,0
29.0,Female,Canada,Ontario,Premium,8.35,Smart TV,1.0,0,2.2353763433005955,0,2024,8,1,3
22.0,Female,USA,Michigan,Premium,21.811017452655033,Gaming Console,0.0,0,3.1272436408541084,1,2023,12,16,5
40.0,Male,USA,Virginia,Standard,5.95,Laptop,2.0,0,1.9387416595767009,0,2024,9,12,3
48.0,Other,Canada,Ontario,Basic,2.21,Smart TV,3.0,0,1.1662709371419244,0,2023,4,11,1
31.0,Female,Canada,Nova Scotia,Basic,18.67,Desktop,4.0,0,2.979094632400968,0,2025,6,14,5
24.0,Female,Canada,Nova Scotia,Standard,21.46,Tablet,3.0,1,3.111735949310297,0,2024,2,5,0
31.0,Male,USA,Michigan,Basic,38.01,Tablet,1.0,0,3.663818023518565,0,2024,2,27,1
34.0,Male,USA,Pennsylvania,Premium,9.14,Laptop,0.0,0,2.316487998163037,1,2023,5,8,0
37.0,Other,USA,California,Standard,20.34,Tablet,2.0,0,3.060583245873607,0,2022,8,10,2
37.0,Other,USA,North Carolina,Basic,20.136172344689378,Laptop,2.0,1,3.0509859018293035,0,2024,4,17,2
48.0,Male,USA,North Carolina,Premium+,31.91,Mobile,6.0,1,3.4937765629552486,0,2023,5,8,0
35.0,Female,USA,Arizona,Standard,19.22,Mobile,2.0,0,3.006672213592325,0,2025,7,10,3
44.0,Male,Canada,Manitoba,Basic,16.11,Laptop,1.0,0,2.839663087904102,0,2022,12,17,5
52.0,Male,USA,Virginia,Standard,11.48,Laptop,2.0,0,2.5241273629412815,0,2023,12,10,6
48.0,Other,Canada,Manitoba,Standard,8.0,Laptop,5.0,0,2.1972245773362196,0,2023,7,25,1
35.0,Male,Canada,Prince Edward Island,Basic,13.56,Laptop,1.0,0,2.67827804276854,0,2025,4,20,6
15.0,Female,USA,Texas,Premium,10.89,Laptop,4.0,0,2.4756977107026903,0,2023,2,9,3
51.0,Male,USA,Texas,Premium,5.51,Gaming Console,1.0,0,1.873339456220478,0,2022,10,15,5
39.0,Female,USA,Illinois,Standard,3.11,Mobile,6.0,0,1.413423028508143,0,2025,5,3,5
36.0,Female,USA,North Carolina,Basic,21.35,Desktop,0.0,0,3.106826321059578,1,2025,4,21,0
30.0,Female,USA,New York,Standard,25.8,Gaming Console,1.0,0,3.288401887516811,0,2024,10,24,3
34.0,Other,USA,Illinois,Standard,10.93,Mobile,0.0,0,2.4790562361098245,1,2023,6,26,0
35.0,Female,USA,Florida,Premium,10.34,Gaming Console,1.0,0,2.428336298299606,0,2023,6,17,5
52.0,Female,Canada,Nova Scotia,Premium,7.68,Desktop,0.0,0,2.1610215286722587,1,2022,10,30,6
19.0,Male,USA,Texas,Premium,29.24,Tablet,2.0,0,3.4091655513113324,0,2025,7,14,0
45.0,Female,USA,Wisconsin,Premium,19.9,Desktop,3.0,0,3.039749158970765,0,2024,12,18,2
12.0,Other,USA,Georgia,Premium,13.26,Mobile,6.0,0,2.65745841498615,0,2023,9,8,4
43.0,Male,USA,North Carolina,Premium,33.3,Tablet,4.0,0,3.535145354171894,0,2024,4,4,3
40.0,Other,Canada,British Columbia,Premium+,34.68,Gaming Console,2.0,0,3.5745903077118086,0,2023,9,15,4
48.0,Female,USA,Texas,Premium,3.54,Mobile,1.0,0,1.5129270120532565,0,2022,9,1,3
18.0,Male,Canada,New Brunswick,Premium,10.33,Laptop,2.0,0,2.427454075039915,0,2023,2,1,2
51.0,Female,USA,Virginia,Premium+,3.87,Tablet,2.0,0,1.5830939370944985,0,2024,7,30,1
31.0,Female,USA,Tennessee,Standard,24.95,Laptop,0.0,0,3.2561716096118976,1,2023,3,24,4
47.0,Female,USA,Illinois,Premium+,28.46,Gaming Console,2.0,0,3.3830334110344844,0,2023,9,16,5
34.0,Female,USA,Florida,Basic,9.44,Tablet,1.0,0,2.3456445824544927,0,2023,5,8,0
46.0,Female,USA,Texas,Premium,17.96,Gaming Console,2.0,0,2.942331496826876,0,2025,3,5,2
55.0,Female,Canada,British Columbia,Premium+,11.56,Smart TV,1.0,0,2.5305171610400525,0,2025,3,12,2
36.0,Male,USA,Illinois,Standard,24.92,Tablet,5.0,1,3.255014871484074,0,2025,3,9,6
37.0,Other,USA,Texas,Premium+,10.95,Gaming Console,1.0,0,2.4807312783775197,0,2025,4,21,0
48.0,Female,Canada,Manitoba,Standard,14.49,Tablet,0.0,0,2.740194654428777,1,2023,8,14,0
36.0,Female,Canada,Alberta,Standard,5.6,Gaming Console,3.0,0,1.8870696490323797,0,2025,7,2,2
34.0,Male,USA,Indiana,Premium,6.5,Mobile,2.0,0,2.0149030205422647,0,2024,1,21,6
52.0,Female,USA,Illinois,Premium,16.18,Gaming Console,4.0,0,2.8437459165561094,0,2023,2,12,6
17.0,Male,Canada,Prince Edward Island,Premium+,17.6,Desktop,4.0,0,2.9231615807191558,0,2023,1,24,1
27.0,Female,USA,New Jersey,Basic,20.51,Smart TV,0.0,0,3.068517943279639,1,2025,1,14,1
15.0,Female,USA,Texas,Premium,4.73,Smart TV,4.0,1,1.7457155307266483,0,2025,1,24,4
46.0,Male,USA,Illinois,Standard,36.12,Mobile,1.0,0,3.6141559079179997,0,2022,10,5,2
40.0,Female,USA,New Jersey,Premium,9.37,Gaming Console,4.0,1,2.3389170222414357,0,2024,4,11,3
46.0,Other,USA,Missouri,Premium,30.05,Gaming Console,3.0,0,3.435598808379488,0,2023,6,14,2
40.0,Male,USA,Georgia,Standard,1.71,Mobile,0.0,0,0.9969486348916096,1,2023,2,6,0
36.0,Female,USA,Florida,Standard,16.54,Gaming Console,4.0,0,2.864483986944037,0,2024,1,21,6
51.0,Female,USA,Washington,Basic,5.51,Laptop,4.0,1,1.873339456220478,0,2023,5,21,6
38.0,Female,USA,Washington,Premium,13.33,Desktop,1.0,0,2.6623552418400807,0,2025,7,19,5
42.0,Male,USA,Virginia,Basic,33.54,Mobile,2.0,0,3.5421180727185324,0,2024,9,2,0
24.0,Male,USA,Wisconsin,Standard,833.07,Laptop,4.0,1,6.726317331690299,0,2024,1,3,2
47.0,Male,USA,Arizona,Basic,9.01,Mobile,1.0,0,2.303584593327129,0,2023,11,24,4
55.0,Male,USA,North Carolina,Basic,10.04,Mobile,3.0,0,2.401525040848949,0,2024,6,11,1
45.0,Male,USA,New Jersey,Premium+,19.675352862849536,Mobile,3.0,0,3.0289423078910556,0,2024,3,20,2
42.0,Male,USA,Wisconsin,Basic,14.93,Tablet,0.0,0,2.768204123921957,1,2024,12,19,3
17.0,Female,Canada,Manitoba,Basic,18.18,Tablet,3.0,0,2.953868069455292,0,2024,3,29,4
32.0,Male,USA,Arizona,Premium+,2.78,Desktop,3.0,0,1.3297240096314962,0,2024,11,27,2
21.0,Female,Canada,Quebec,Standard,12.94,Tablet,0.0,1,2.6347624053323777,1,2023,12,28,3
31.0,Female,Canada,Saskatchewan,Premium+,33.75,Mobile,7.0,0,3.548179572010801,0,2023,10,25,2
28.0,Female,Canada,Nova Scotia,Standard,7.34,Laptop,2.0,0,2.1210632163706555,0,2023,7,28,4
18.0,Female,USA,Michigan,Basic,16.46,Gaming Console,4.0,0,2.859912550411456,0,2024,8,12,0
10.0,Other,USA,Ohio,Premium,31.29,Tablet,3.0,1,3.4747575847701837,0,2024,3,16,5
42.0,Female,USA,New Jersey,Premium,18.41,Smart TV,0.0,0,2.9657883971809187,1,2025,3,9,6
33.0,Female,Canada,Newfoundland and Labrador,Standard,18.69,Laptop,3.0,0,2.9801108926510342,0,2025,1,10,4
36.0,Female,USA,Missouri,Premium,21.811017452655033,Laptop,1.0,0,3.1272436408541084,0,2023,11,25,5
41.0,Female,USA,Georgia,Premium+,8.92,Mobile,3.0,0,2.2945529212967815,0,2023,6,4,6
36.0,Female,USA,Indiana,Basic,18.22,Desktop,0.0,0,2.9559514035421466,1,2022,9,13,1
35.0,Female,Canada,Manitoba,Standard,25.2,Desktop,2.0,0,3.265759410767051,0,2023,3,2,3
24.0,Female,USA,North Carolina,Standard,25.99,Mobile,3.0,0,3.2954664270299134,0,2023,8,4,4
39.0,Female,Canada,Nova Scotia,Premium,23.85,Smart TV,0.0,0,3.2128577525426376,1,2024,1,2,1
28.0,Female,USA,Wisconsin,Premium,38.02,Mobile,3.0,0,3.6640743351949654,0,2024,12,8,6
53.0,Other,USA,Washington,Premium,9.6,Smart TV,4.0,0,2.3608540011180215,0,2023,7,18,1
26.0,Other,USA,Texas,Standard,24.0,Desktop,4.0,0,3.2188758248682006,0,2024,2,17,5
35.0,Female,USA,Massachusetts,Standard,16.92,Desktop,2.0,0,2.8859174075467844,0,2025,7,6,6
45.0,Male,USA,New York,Basic,11.05,Laptop,0.0,1,2.489064659936664,1,2023,12,6,2
28.0,Female,USA,Pennsylvania,Standard,28.03,Desktop,1.0,1,3.3683297780365384,0,2023,1,2,0
42.0,Female,Canada,British Columbia,Standard,22.854736059479553,Laptop,0.0,0,3.1719827745379456,1,2024,7,15,0
32.0,Female,Canada,Prince Edward Island,Premium,21.811017452655033,Mobile,0.0,0,3.1272436408541084,1,2024,8,14,2
56.0,Male,Canada,British Columbia,Premium,10.35,Mobile,1.0,0,2.4292177439274116,0,2023,1,20,4
38.0,Female,USA,Virginia,Standard,254.95,Tablet,4.0,1,5.544982112903592,0,2022,9,9,4
36.0,Male,Canada,Prince Edward Island,Premium,28.57,Tablet,3.0,0,3.3867603338643857,0,2025,5,15,3
35.0,Female,USA,Illinois,Basic,8.7,Laptop,3.0,0,2.272125885509337,0,2023,1,21,5
26.0,Other,USA,Ohio,Standard,20.35,Laptop,3.0,0,3.0610517396746335,0,2025,6,7,5
19.0,Male,USA,North Carolina,Standard,47.81,Laptop,2.0,0,3.887935209899056,0,2023,3,8,2
30.0,Female,USA,New York,Premium+,1.77,Smart TV,2.0,0,1.0188473201992472,0,2024,10,12,5
33.0,Male,Canada,Prince Edward Island,Premium,32.76,Mobile,0.0,0,3.5192766697277564,1,2025,3,22,5
48.0,Male,USA,New York,Standard,9.25,Desktop,3.0,0,2.327277705584417,0,2023,12,21,3
51.0,Other,USA,Georgia,Standard,4.86,Gaming Console,1.0,0,1.7681496035889213,0,2025,2,14,4
24.0,Female,USA,Florida,Premium+,19.07,Laptop,3.0,0,2.9992261628082466,0,2024,9,14,5
50.0,Other,USA,New York,Basic,54.01,Tablet,2.0,0,4.007514986887367,0,2025,4,6,6
28.0,Female,USA,Illinois,Premium+,16.19,Laptop,0.0,0,2.844327819394758,1,2023,11,5,6
34.0,Other,Canada,Nova Scotia,Basic,22.24,Mobile,3.0,0,3.1458749319837103,0,2025,6,2,0
29.0,Female,USA,New York,Premium,12.45,Smart TV,3.0,0,2.598979106047848,0,2025,2,18,1
54.0,Female,USA,Ohio,Premium,4.94,Mobile,1.0,0,1.7817091333745536,0,2024,4,27,5
29.0,Male,Canada,British Columbia,Basic,6.23,Smart TV,3.0,0,1.9782390361706734,0,2025,1,14,1
21.0,Male,Canada,Quebec,Standard,24.47,Desktop,3.0,0,3.2375012889913655,0,2024,8,11,6
27.0,Female,USA,Texas,Standard,26.97,Gaming Console,2.0,1,3.3311325072138684,0,2022,9,28,2
32.0,Other,USA,Tennessee,Premium+,36.83,Mobile,3.0,0,3.6331024386449378,0,2024,4,9,1
58.0,Male,USA,Georgia,Standard,25.15,Tablet,0.0,0,3.263849190510932,1,2025,2,22,5
45.0,Male,Canada,Nova Scotia,Standard,6.12,Mobile,1.0,1,1.9629077254238845,0,2024,6,16,6
42.0,Female,USA,Michigan,Standard,19.13,Tablet,6.0,0,3.0022112396517002,0,2024,8,2,4
41.0,Female,USA,Washington,Premium,2.58,Smart TV,4.0,0,1.275362800412609,0,2024,3,4,0
27.0,Other,USA,Missouri,Standard,9.3,Smart TV,3.0,0,2.33214389523559,0,2025,6,8,6
30.0,Male,USA,Missouri,Basic,33.51,Gaming Console,1.0,0,3.541249137109912,0,2024,12,12,3
51.0,Male,USA,New York,Basic,18.59,Gaming Console,2.0,0,2.9750192319564492,0,2023,11,16,3
23.0,Female,USA,Missouri,Premium,3.45,Smart TV,1.0,0,1.4929040961781488,0,2025,6,10,1
53.0,Other,USA,Michigan,Premium,6.27,Desktop,0.0,0,1.9837562915454279,1,2025,4,29,1
56.0,Female,Canada,Newfoundland and Labrador,Premium,16.83,Tablet,5.0,1,2.8808824318750488,0,2024,9,26,3
32.0,Male,Canada,Prince Edward Island,Basic,5.24,Gaming Console,1.0,0,1.8309801823813363,0,2025,1,29,2
44.0,Male,Canada,Nova Scotia,Basic,20.136172344689378,Gaming Console,3.0,0,3.0509859018293035,0,2025,1,28,1
41.0,Other,USA,Washington,Premium,40.33,Mobile,2.0,1,3.721588628523641,0,2025,5,12,0
42.0,Male,Canada,Nova Scotia,Premium,20.98,Desktop,2.0,0,3.090132948975475,0,2024,6,12,2
34.0,Female,USA,Michigan,Premium,20.79,Smart TV,2.0,0,3.0814511489565284,0,2024,5,21,1
37.0,Male,USA,Massachusetts,Premium,5.89,Mobile,6.0,0,1.9300710850255671,0,2024,11,17,6
27.0,Female,Canada,British Columbia,Premium,4.32,Laptop,0.0,1,1.6714733033535532,1,2024,4,21,6
50.0,Other,USA,Michigan,Premium,20.67,Laptop,7.0,0,3.075928815548268,0,2024,8,25,6
52.0,Other,USA,Massachusetts,Premium,4.45,Laptop,1.0,0,1.6956156086751528,0,2024,5,22,2
34.0,Female,Canada,Ontario,Premium,21.811017452655033,Smart TV,2.0,0,3.1272436408541084,0,2023,2,16,3
22.0,Female,USA,Maryland,Premium,13.39,Mobile,0.0,0,2.6665335208992764,1,2023,7,1,5
48.0,Male,USA,Ohio,Premium,4.46,Smart TV,0.0,0,1.6974487897568136,1,2023,1,5,3
42.0,Other,USA,Washington,Premium,12.01,Tablet,0.0,0,2.565718292524414,1,2025,1,9,3
38.0,Male,USA,Tennessee,Premium,12.44,Gaming Console,4.0,0,2.5982353350950036,0,2023,2,24,4
45.0,Female,USA,North Carolina,Standard,286.35,Smart TV,5.0,0,5.660700984953751,0,2023,3,14,1
17.0,Male,USA,Florida,Basic,12.72,Mobile,0.0,0,2.6188546222977394,1,2024,12,4,2
33.0,Male,USA,Missouri,Basic,20.136172344689378,Desktop,4.0,0,3.0509859018293035,0,2023,8,10,3
15.0,Male,USA,Pennsylvania,Premium,3.78,Smart TV,1.0,0,1.5644405465033644,0,2023,5,23,1
35.0,Male,USA,Illinois,Premium,4.81,Desktop,2.0,0,1.7595805708638197,0,2023,1,26,3
30.0,Female,USA,North Carolina,Premium,17.74,Gaming Console,0.0,0,2.930660276810276,1,2023,5,31,2
29.0,Other,Canada,Prince Edward Island,Basic,21.84,Tablet,1.0,0,3.1285133847878095,0,2023,4,11,1
21.0,Female,USA,Maryland,Basic,8.95,Desktop,1.0,0,2.2975725511705014,0,2023,1,12,3
33.0,Male,USA,Virginia,Basic,47.71,Smart TV,1.0,0,3.8858843478184513,0,2022,9,10,5
30.0,Male,USA,Tennessee,Premium,22.83,Gaming Console,3.0,0,3.170945291110651,0,2025,5,30,4
32.0,Female,Canada,Saskatchewan,Basic,24.91,Mobile,2.0,1,3.2546289945740186,0,2023,8,25,4
36.0,Female,USA,Texas,Standard,15.49,Tablet,0.0,0,2.8027541365715076,1,2025,6,12,3
58.0,Male,USA,Georgia,Premium,19.03,Laptop,2.0,0,2.997231149677727,0,2022,10,22,5
39.0,Male,USA,Ohio,Premium+,14.93,Desktop,5.0,0,2.768204123921957,0,2024,5,10,4
25.0,Male,USA,Maryland,Premium,4.83,Mobile,3.0,0,1.763017000362401,0,2023,6,9,4
27.0,Other,USA,New York,Premium,2.96,Laptop,1.0,0,1.3762440252663892,0,2024,1,18,3
32.0,Male,USA,New York,Basic,6.52,Gaming Console,1.0,0,2.017566137961748,0,2024,11,17,6
16.0,Female,USA,Massachusetts,Basic,4.77,Smart TV,5.0,1,1.7526720805200082,0,2022,9,9,4
18.0,Male,USA,Maryland,Premium+,19.675352862849536,Laptop,4.0,0,3.0289423078910556,0,2022,10,3,0
51.0,Other,Canada,Alberta,Standard,17.12,Gaming Console,1.0,0,2.8970163006148333,0,2025,6,16,0
55.0,Other,USA,Maryland,Premium,26.71,Desktop,6.0,1,3.321793358874887,0,2023,10,3,1
43.0,Other,USA,New York,Standard,3.81,Gaming Console,5.0,0,1.57069708411767,0,2023,7,22,5
47.0,Male,USA,Maryland,Standard,12.68,Desktop,6.0,0,2.615934912194404,0,2024,4,5,4
20.0,Other,USA,Wisconsin,Premium+,20.75,Mobile,2.0,0,3.079613757534693,0,2024,9,6,4
49.0,Female,USA,Tennessee,Premium,20.7,Tablet,2.0,0,3.077312260546414,0,2023,8,14,0
49.0,Female,USA,Florida,Standard,22.854736059479553,Gaming Console,4.0,0,3.1719827745379456,0,2023,5,31,2
41.0,Male,USA,Wisconsin,Standard,22.854736059479553,Gaming Console,3.0,0,3.1719827745379456,0,2022,8,24,2
45.0,Female,USA,Indiana,Premium,21.811017452655033,Desktop,1.0,1,3.1272436408541084,0,2023,11,1,2
34.0,Other,USA,Virginia,Standard,9.4,Tablet,3.0,0,2.341805806147327,0,2024,3,18,0
24.0,Male,USA,Wisconsin,Standard,4.05,Laptop,5.0,0,1.6193882432872684,0,2024,2,11,6
24.0,Female,Canada,Saskatchewan,Premium,3.21,Mobile,5.0,1,1.43746264769429,0,2022,11,28,0
41.0,Male,USA,Maryland,Basic,26.87,Desktop,0.0,0,3.327550841493857,1,2025,2,26,2
26.0,Female,Canada,Quebec,Standard,28.54,Desktop,4.0,0,3.3857452771032337,0,2025,1,24,4
33.0,Male,Canada,Newfoundland and Labrador,Standard,8.9,Desktop,2.0,0,2.2925347571405443,0,2025,6,1,6
44.0,Male,USA,Missouri,Standard,18.97,Desktop,0.0,1,2.994231147427724,1,2023,8,14,0
40.0,Male,USA,Michigan,Premium,20.04,Smart TV,2.0,0,3.046425387869509,0,2024,12,29,6
25.0,Male,USA,Tennessee,Premium,42.91,Smart TV,3.0,0,3.782142084573626,0,2024,2,2,4
47.0,Other,USA,Pennsylvania,Premium,13.91,Mobile,0.0,0,2.702032128776647,1,2023,3,12,6
27.0,Male,USA,Florida,Standard,4.41,Mobile,2.0,0,1.6882490928583902,0,2023,7,3,0
35.0,Male,Canada,Prince Edward Island,Basic,4.44,Desktop,1.0,0,1.6937790608678513,0,2023,6,18,6
22.0,Female,Canada,New Brunswick,Premium,22.75,Desktop,2.0,1,3.1675825304806504,0,2022,11,1,1
41.0,Male,USA,Illinois,Premium,9.77,Laptop,0.0,0,2.3767644911682972,1,2023,9,27,2
21.0,Other,USA,Illinois,Premium+,33.84,Laptop,0.0,0,3.5507661519843023,1,2025,6,17,1
41.0,Other,USA,Massachusetts,Standard,8.46,Laptop,4.0,0,2.247072383063787,0,2023,11,20,0
37.0,Male,USA,Tennessee,Standard,31.2,Mobile,2.0,0,3.4719664525503626,0,2023,9,27,2
37.0,Other,USA,Michigan,Basic,2.25,Gaming Console,2.0,0,1.1786549963416462,0,2024,11,12,1
19.0,Male,USA,Georgia,Premium,10.62,Gaming Console,3.0,0,2.4527277514237653,0,2024,2,22,3
44.0,Male,USA,Massachusetts,Premium,78.9,Smart TV,1.0,0,4.380775852772229,0,2022,12,9,4
22.0,Male,USA,Florida,Standard,12.67,Gaming Console,0.0,1,2.6152036507358583,1,2025,5,21,2
34.0,Male,USA,Massachusetts,Standard,12.3,Tablet,8.0,1,2.5877640352277083,0,2024,4,6,5
24.0,Female,Canada,Nova Scotia,Standard,6.23,Tablet,2.0,1,1.9782390361706734,0,2025,6,23,0
59.0,Male,Canada,Ontario,Basic,15.98,Tablet,2.0,0,2.8320361808832013,0,2025,4,19,5
38.0,Female,Canada,British Columbia,Standard,22.854736059479553,Desktop,2.0,0,3.1719827745379456,0,2025,3,24,0
18.0,Female,USA,Indiana,Premium,21.811017452655033,Desktop,6.0,0,3.1272436408541084,0,2024,4,10,2
35.0,Other,USA,California,Basic,7.93,Desktop,1.0,0,2.189416394888408,0,2024,8,31,5
40.0,Other,USA,New York,Premium,10.36,Desktop,3.0,0,2.4300984132930052,0,2022,9,13,1
11.0,Female,USA,Massachusetts,Standard,10.69,Desktop,3.0,1,2.458733775483977,0,2025,7,29,1
56.0,Male,USA,California,Premium+,8.2,Desktop,4.0,0,2.2192034840549946,0,2025,6,1,6
30.0,Female,Canada,Ontario,Basic,17.87,Desktop,3.0,0,2.9375733593804587,0,2025,5,11,6
37.0,Female,USA,Pennsylvania,Premium+,30.38,Laptop,3.0,0,3.4461707473048864,0,2023,2,26,6
49.0,Male,Canada,Manitoba,Premium,25.84,Tablet,1.0,0,3.289893312103481,0,2022,9,28,2
44.0,Male,USA,New York,Standard,34.31,Gaming Console,2.0,0,3.564166209940295,0,2022,9,22,3
23.0,Female,USA,Tennessee,Basic,6.29,Mobile,2.0,0,1.986503546020567,0,2023,6,10,5
38.0,Male,USA,Tennessee,Premium,11.8,Tablet,1.0,0,2.5494451709255714,0,2023,6,3,5
59.0,Female,USA,Michigan,Standard,18.31,Tablet,2.0,0,2.960623096440423,0,2023,12,21,3
26.0,Female,USA,Florida,Basic,16.75,Tablet,0.0,0,2.8763855159214247,1,2024,12,18,2
22.0,Female,Canada,Saskatchewan,Basic,0.81,Desktop,4.0,1,0.5933268452777344,0,2025,1,9,3
31.0,Female,USA,Illinois,Basic,10.74,Smart TV,2.0,0,2.4630018143999504,0,2023,11,3,4
23.0,Other,Canada,Nova Scotia,Standard,21.56,Tablet,2.0,0,3.1161784266298582,0,2022,12,1,3
29.0,Male,Canada,Ontario,Premium,5.5,Desktop,5.0,0,1.8718021769015913,0,2025,6,1,6
26.0,Male,USA,Florida,Standard,13.16,Laptop,4.0,1,2.6504210882655737,0,2024,1,11,3
23.0,Female,Canada,Nova Scotia,Basic,19.35,Desktop,4.0,0,3.013080911888604,0,2022,10,5,2
28.0,Male,USA,Texas,Premium,9.97,Laptop,2.0,0,2.395164274287139,0,2022,8,4,3
16.0,Female,USA,New Jersey,Basic,20.136172344689378,Gaming Console,3.0,1,3.0509859018293035,0,2022,12,1,3
19.0,Female,USA,New York,Basic,5.4,Mobile,2.0,0,1.8562979903656263,0,2023,1,14,5
36.0,Male,USA,California,Basic,33.23,Mobile,2.0,0,3.533102452542094,0,2025,3,17,0
34.0,Other,USA,Florida,Premium,28.47,Laptop,1.0,1,3.3833727967496032,0,2022,9,16,4
44.0,Female,USA,Michigan,Basic,9.68,Desktop,3.0,0,2.3683728335320486,0,2023,9,22,4
43.0,Female,USA,Maryland,Premium,24.63,Mobile,4.0,0,3.24376354037598,0,2023,11,4,5
41.0,Other,USA,Missouri,Standard,5.96,Gaming Console,5.0,0,1.9401794743463283,0,2023,6,22,3
36.0,Female,USA,Missouri,Premium,25.08,Tablet,4.0,0,3.261168737058452,0,2024,3,10,6
41.0,Female,Canada,Nova Scotia,Standard,9.49,Desktop,4.0,0,2.3504224224082058,0,2024,9,9,0
43.0,Female,USA,Arizona,Premium,2.69,Smart TV,2.0,0,1.3056264580524357,0,2023,1,25,2
41.0,Male,USA,Florida,Premium,37.24,Smart TV,2.0,0,3.643882088183201,0,2023,9,27,2
31.0,Male,USA,Indiana,Premium,8.57,Smart TV,4.0,0,2.258633205464863,0,2023,3,25,5
46.0,Female,Canada,Saskatchewan,Basic,3.76,Gaming Console,2.0,1,1.5602476682433286,0,2023,6,3,5
36.0,Other,USA,Illinois,Premium,0.39,Mobile,2.0,0,0.3293037471426004,0,2025,1,16,3
43.0,Female,Canada,Manitoba,Premium,21.811017452655033,Tablet,3.0,0,3.1272436408541084,0,2023,6,24,5
34.0,Female,USA,Illinois,Basic,10.16,Laptop,1.0,0,2.412335956953165,0,2024,8,20,1
20.0,Male,USA,North Carolina,Basic,30.3,Mobile,5.0,0,3.4436180975461075,0,2025,5,13,1
36.0,Female,USA,Indiana,Standard,11.63,Smart TV,4.0,0,2.5360749363624,0,2024,12,7,5
27.0,Male,USA,Florida,Premium+,1.92,Tablet,3.0,0,1.0715836162801904,0,2022,8,10,2
47.0,Female,USA,Virginia,Standard,16.22,Laptop,1.0,0,2.8460714989995846,0,2023,5,19,4
44.0,Male,USA,Virginia,Standard,16.27,Laptop,3.0,0,2.848970892158587,0,2024,6,2,6
56.0,Other,USA,Tennessee,Premium+,4.23,Laptop,1.0,0,1.6544112780768316,0,2025,5,20,1
51.0,Other,USA,Indiana,Standard,19.98,Gaming Console,3.0,0,3.043569602968151,0,2023,11,27,0
22.0,Female,USA,New York,Premium,6.27,Mobile,4.0,0,1.9837562915454279,0,2024,6,28,4
39.0,Female,USA,Georgia,Premium,21.98,Desktop,1.0,0,3.1346242724206097,0,2023,9,29,4
31.0,Other,USA,Ohio,Basic,2.38,Smart TV,3.0,0,1.2178757094949273,0,2024,2,8,3
30.0,Other,USA,Massachusetts,Basic,14.66,Tablet,4.0,0,2.751109690562657,0,2025,2,8,5
20.0,Female,USA,New York,Premium,18.39,Mobile,3.0,1,2.9647574692545606,0,2024,12,27,4
24.0,Male,USA,Arizona,Premium,21.44,Gaming Console,1.0,0,3.110845080654496,0,2024,12,16,0
25.0,Female,USA,Massachusetts,Basic,20.8,Smart TV,5.0,0,3.0819099697950434,0,2023,8,23,2
26.0,Other,USA,Texas,Basic,20.61,Desktop,1.0,0,3.0731561705187946,0,2025,1,3,4
27.0,Female,USA,Michigan,Standard,8.29,Laptop,2.0,1,2.2289385528257473,0,2023,2,13,0
17.0,Female,Canada,Prince Edward Island,Basic,21.26,Desktop,5.0,0,3.102791345847399,0,2025,3,15,5
46.0,Female,Canada,Quebec,Standard,13.28,Desktop,8.0,0,2.658859956911438,0,2023,7,24,0
32.0,Other,USA,Ohio,Basic,4.28,Laptop,3.0,0,1.6639260977181702,0,2024,5,14,1
21.0,Female,USA,Washington,Premium+,21.13,Laptop,0.0,0,3.0969341540629585,1,2024,1,10,2
56.0,Other,USA,Arizona,Basic,33.21,Laptop,5.0,0,3.5325179989895132,0,2022,9,5,0
30.0,Female,Canada,Nova Scotia,Premium,15.02,Tablet,4.0,0,2.7738379416402132,0,2023,7,14,4
24.0,Male,USA,Massachusetts,Premium,11.27,Tablet,3.0,0,2.50715725872282,0,2023,8,24,3
30.0,Female,USA,Wisconsin,Premium,7.4,Gaming Console,2.0,0,2.128231705849268,0,2023,4,21,4
44.0,Female,Canada,Prince Edward Island,Standard,22.854736059479553,Tablet,2.0,0,3.1719827745379456,0,2024,9,30,0
47.0,Other,USA,Indiana,Standard,9.21,Gaming Console,3.0,0,2.3233676321765744,0,2024,12,6,4
35.0,Female,USA,North Carolina,Standard,0.53,Gaming Console,0.0,0,0.4252677354043441,1,2023,5,4,3
27.0,Female,USA,California,Standard,4.38,Desktop,4.0,0,1.682688374173693,0,2023,2,10,4
29.0,Male,Canada,Newfoundland and Labrador,Premium+,34.31,Mobile,3.0,0,3.564166209940295,0,2024,2,25,6
22.0,Male,Canada,Prince Edward Island,Standard,1.67,Mobile,2.0,0,0.9820784724121582,0,2024,11,28,3
31.0,Male,USA,Missouri,Basic,8.09,Gaming Console,2.0,0,2.2071749081893874,0,2024,9,20,4
42.0,Other,USA,Wisconsin,Premium+,38.81,Mobile,0.0,0,3.684118137012226,1,2024,2,15,3
17.0,Male,USA,Arizona,Premium,21.03,Laptop,2.0,0,3.092405160814252,0,2023,4,29,5
25.0,Female,USA,Michigan,Premium,23.66,Mobile,4.0,0,3.2051824977361982,0,2022,9,1,3
36.0,Male,USA,Michigan,Standard,6.54,Laptop,2.0,0,2.020222182019865,0,2022,8,20,5
26.0,Male,USA,Ohio,Standard,20.32,Smart TV,3.0,0,3.0596455992976437,0,2025,6,23,0
48.0,Female,USA,California,Standard,2.64,Desktop,1.0,0,1.2919836816486494,0,2022,9,13,1
58.0,Other,USA,Georgia,Standard,4.91,Tablet,4.0,0,1.776645831418007,0,2022,12,18,6
32.0,Male,Canada,Saskatchewan,Premium,11.14,Mobile,1.0,0,2.4965057856313524,0,2024,9,22,6
40.0,Male,Canada,Manitoba,Premium,12.75,Gaming Console,1.0,1,2.6210388241125804,0,2025,3,24,0
15.0,Female,Canada,British Columbia,Basic,6.49,Laptop,2.0,0,2.0135687975291283,0,2023,1,2,0
27.0,Female,USA,Indiana,Premium,7.62,Tablet,3.0,0,2.154085084675602,0,2025,1,9,3
32.0,Female,Canada,British Columbia,Standard,8.5,Mobile,2.0,0,2.2512917986064953,0,2024,6,22,5
31.0,Male,USA,Indiana,Premium,3.27,Mobile,1.0,0,1.451613827240533,0,2023,2,13,0
38.0,Female,Canada,Newfoundland and Labrador,Standard,35.91,Desktop,6.0,0,3.608482517041907,0,2025,1,3,4
35.0,Other,USA,Virginia,Premium,7.02,Mobile,4.0,0,2.081938421878423,0,2025,4,9,2
25.0,Female,USA,Georgia,Basic,26.09,Smart TV,3.0,0,3.2991646560970036,0,2023,11,6,0
31.0,Female,USA,New Jersey,Premium,10.89,Tablet,3.0,0,2.4756977107026903,0,2023,10,23,0
24.0,Female,USA,Indiana,Basic,6.12,Smart TV,3.0,1,1.9629077254238845,0,2023,9,27,2
24.0,Female,Canada,Newfoundland and Labrador,Standard,13.85,Laptop,0.0,0,2.6979998652487085,1,2023,11,28,1
50.0,Other,USA,Ohio,Premium+,6.28,Desktop,0.0,1,1.9851308622085946,1,2023,12,28,3
43.0,Female,Canada,Prince Edward Island,Standard,7.47,Mobile,3.0,0,2.136530508663963,0,2023,3,3,4
24.0,Female,Canada,Nova Scotia,Premium,2.08,Smart TV,5.0,1,1.1249295969854831,0,2024,11,15,4
11.0,Other,Canada,Manitoba,Premium,13.87,Gaming Console,1.0,0,2.6993457604720636,0,2023,12,29,4
37.0,Male,USA,Missouri,Standard,13.73,Smart TV,2.0,0,2.689886230474539,0,2022,9,21,2
45.0,Male,Canada,Quebec,Standard,4.37,Laptop,5.0,0,1.6808279085207734,0,2024,2,29,3
37.0,Male,Canada,Alberta,Standard,28.16,Tablet,1.0,0,3.3727979071404572,0,2025,6,24,1
27.0,Male,USA,North Carolina,Basic,7.27,Laptop,3.0,0,2.1126345090356,0,2023,11,29,2
17.0,Female,Canada,Newfoundland and Labrador,Premium,5.86,Mobile,4.0,0,1.925707441737794,0,2023,12,10,6
47.0,Female,USA,New Jersey,Basic,5.3,Desktop,1.0,0,1.840549633397487,0,2023,10,12,3
41.0,Male,Canada,Prince Edward Island,Standard,13.5,Desktop,1.0,0,2.6741486494265287,0,2024,5,10,4
37.0,Female,USA,Florida,Premium,21.811017452655033,Mobile,0.0,0,3.1272436408541084,1,2024,7,1,0
34.0,Female,USA,Arizona,Basic,15.16,Mobile,2.0,0,2.7825390530929495,0,2022,11,28,0
43.0,Male,USA,Pennsylvania,Premium,37.38,Smart TV,2.0,0,3.647536490579554,0,2025,3,17,0
20.0,Male,Canada,Nova Scotia,Premium,2.68,Laptop,0.0,0,1.3029127521808397,1,2024,11,3,6
46.0,Other,USA,Georgia,Premium,8.88,Smart TV,2.0,1,2.2905125117597764,0,2025,3,6,3
50.0,Other,USA,Tennessee,Standard,7.97,Desktop,2.0,1,2.1938856760707046,0,2023,4,15,5
21.0,Male,Canada,Prince Edward Island,Premium,5.07,Gaming Console,0.0,0,1.803358605071407,1,2023,1,13,4
35.0,Male,USA,New York,Premium+,14.73,Laptop,1.0,0,2.7555697170701863,0,2023,6,2,4
35.0,Male,USA,Arizona,Basic,24.62,Smart TV,5.0,0,3.2433732964685884,0,2024,8,17,5
41.0,Female,USA,Wisconsin,Premium,16.64,Gaming Console,6.0,0,2.8701690505786455,0,2025,7,7,0
44.0,Male,Canada,New Brunswick,Premium,2.74,Laptop,2.0,0,1.3190856114264407,0,2025,2,16,6
13.0,Female,USA,New York,Basic,8.82,Tablet,2.0,0,2.2844211223663744,0,2025,2,8,5
39.0,Female,USA,North Carolina,Premium,21.811017452655033,Mobile,6.0,0,3.1272436408541084,0,2025,1,9,3
24.0,Female,USA,Wisconsin,Premium+,28.35,Smart TV,4.0,0,3.3792925462741055,0,2024,6,7,4
26.0,Female,USA,Georgia,Premium+,2.71,Desktop,4.0,0,1.3110318766193438,0,2023,8,21,0
38.0,Male,Canada,Alberta,Premium+,8.14,Gaming Console,2.0,0,2.2126603854660587,0,2024,4,22,0
22.0,Male,Canada,Prince Edward Island,Standard,8.83,Desktop,3.0,0,2.285438934159075,0,2023,7,18,1
45.0,Male,USA,Pennsylvania,Standard,7.69,Laptop,0.0,0,2.162172939277301,1,2024,9,14,5
17.0,Other,Canada,British Columbia,Premium,12.41,Gaming Console,1.0,1,2.596000697293587,0,2023,7,11,1
54.0,Other,USA,Michigan,Standard,22.854736059479553,Mobile,2.0,0,3.1719827745379456,0,2025,4,24,3
40.0,Other,USA,Illinois,Premium,5.01,Desktop,5.0,0,1.7934247485471162,0,2024,5,2,3
42.0,Male,Canada,New Brunswick,Standard,18.38,Tablet,6.0,0,2.96424160646262,0,2025,5,28,2
50.0,Female,Canada,British Columbia,Premium+,6.99,Mobile,4.0,0,2.0781907597781832,0,2024,6,15,5
33.0,Other,USA,Michigan,Basic,7.58,Smart TV,3.0,1,2.149433913499871,0,2024,3,6,2
36.0,Male,Canada,Saskatchewan,Standard,12.61,Mobile,5.0,0,2.6108048166633746,0,2025,1,17,4
38.0,Male,Canada,Nova Scotia,Premium,25.78,Laptop,3.0,0,3.2876553402630266,0,2025,1,2,3
50.0,Male,USA,Florida,Basic,15.68,Mobile,4.0,0,2.8142103969306005,0,2023,10,30,0
43.0,Male,USA,Massachusetts,Premium,12.99,Smart TV,0.0,0,2.63834278867739,1,2023,11,14,1
32.0,Male,Canada,Ontario,Standard,5.76,Desktop,2.0,0,1.9110228900548727,0,2024,12,24,1
24.0,Female,Canada,Nova Scotia,Premium,29.86,Tablet,6.0,0,3.4294608469350147,0,2025,7,10,3
25.0,Male,Canada,Quebec,Standard,9.13,Laptop,2.0,0,2.315501318260592,0,2025,1,14,1
32.0,Female,USA,Arizona,Standard,9.88,Smart TV,2.0,0,2.3869262414277967,0,2022,8,30,1
27.0,Male,USA,Illinois,Standard,1.76,Gaming Console,3.0,0,1.0152306797290584,0,2022,8,12,4
43.0,Male,USA,Pennsylvania,Basic,19.7,Mobile,0.0,0,3.0301337002713233,1,2022,10,10,0
38.0,Female,Canada,Nova Scotia,Basic,5.99,Laptop,1.0,0,1.944480556245719,0,2023,3,10,4
34.0,Female,USA,Wisconsin,Standard,9.91,Tablet,2.0,0,2.3896797998449792,0,2025,7,28,0
35.0,Female,USA,Missouri,Premium,21.811017452655033,Tablet,0.0,0,3.1272436408541084,1,2024,8,4,6
27.0,Male,USA,Washington,Basic,420.91,Mobile,4.0,1,6.044792021148521,0,2025,1,27,0
28.0,Male,USA,Georgia,Standard,6.67,Smart TV,1.0,0,2.0373166153791646,0,2023,4,24,0
20.0,Male,USA,Massachusetts,Premium+,32.9,Tablet,4.0,0,3.5234150143864045,0,2022,12,10,5
47.0,Female,Canada,Prince Edward Island,Premium,11.11,Tablet,1.0,0,2.494031557565001,0,2024,1,18,3
34.0,Other,Canada,Nova Scotia,Premium,10.77,Mobile,5.0,0,2.4655539212721855,0,2025,4,4,4
50.0,Male,USA,Georgia,Premium,20.64,Desktop,0.0,0,3.074543453978281,1,2023,6,2,4
44.0,Female,USA,Maryland,Premium,21.811017452655033,Mobile,2.0,0,3.1272436408541084,0,2024,8,21,2
38.0,Male,USA,Maryland,Standard,27.85,Smart TV,0.0,0,3.3621099929541085,1,2023,8,12,5
44.0,Male,USA,Wisconsin,Basic,13.77,Gaming Console,2.0,0,2.6925980965432883,0,2024,7,24,2
23.0,Male,USA,Virginia,Standard,27.64,Desktop,0.0,0,3.3548043420924447,1,2023,9,29,4
38.0,Male,USA,Florida,Standard,13.33,Tablet,0.0,0,2.6623552418400807,1,2023,4,13,3
28.0,Male,USA,New Jersey,Standard,4.3,Smart TV,3.0,1,1.667706820558076,0,2024,6,21,4
17.0,Female,USA,Florida,Basic,8.88,Gaming Console,3.0,0,2.2905125117597764,0,2025,4,25,4
28.0,Other,USA,Georgia,Premium,18.02,Gaming Console,2.0,1,2.9454910571172443,0,2023,5,4,3
37.0,Male,Canada,New Brunswick,Standard,2.44,Desktop,4.0,1,1.235471471385307,0,2024,4,29,0
42.0,Male,USA,Tennessee,Premium,15.4,Gaming Console,2.0,0,2.797281334830153,0,2024,12,28,5
39.0,Female,USA,Michigan,Basic,22.52,Tablet,6.0,0,3.1578511230304263,0,2023,7,26,2
19.0,Other,USA,Maryland,Premium,7.74,Laptop,1.0,0,2.167910189667444,0,2024,2,13,1
56.0,Male,Canada,Alberta,Standard,1.32,Gaming Console,2.0,0,0.8415671856782186,0,2022,12,21,2
41.0,Female,Canada,British Columbia,Standard,5.78,Gaming Console,2.0,0,1.9139771019523042,0,2024,8,5,0
48.0,Female,Canada,Saskatchewan,Standard,28.27,Laptop,4.0,1,3.3765631007037946,0,2024,2,21,2
32.0,Male,USA,Pennsylvania,Standard,8.95,Desktop,2.0,0,2.2975725511705014,0,2023,6,7,2
35.0,Male,USA,Michigan,Standard,72.11,Desktop,3.0,0,4.291965156305224,0,2025,5,10,5
31.0,Female,USA,Illinois,Standard,16.56,Smart TV,4.0,0,2.8656235882069705,0,2024,8,8,3
21.0,Male,USA,Indiana,Premium,3.64,Laptop,3.0,0,1.534714366238164,0,2024,11,20,2
46.0,Male,USA,Illinois,Standard,3.88,Smart TV,0.0,0,1.5851452198650557,1,2024,9,19,3
33.0,Female,USA,Indiana,Basic,10.29,Smart TV,1.0,0,2.4239173781615704,0,2025,7,30,2
50.0,Female,USA,Arizona,Premium,3.65,Gaming Console,1.0,1,1.536867219599265,0,2024,8,25,6
40.0,Female,USA,Michigan,Standard,11.17,Tablet,0.0,0,2.498973906999436,1,2024,2,21,2
45.0,Other,Canada,Nova Scotia,Premium,8.13,Tablet,2.0,0,2.211565694606877,0,2024,12,13,4
28.0,Male,Canada,Saskatchewan,Basic,1.48,Desktop,5.0,0,0.9082585601768908,0,2023,11,8,2
25.0,Male,Canada,Alberta,Standard,10.11,Gaming Console,0.0,0,2.4078456036515385,1,2025,7,24,3
19.0,Male,USA,Arizona,Standard,26.86,Laptop,1.0,0,3.3271919683516598,0,2024,8,24,5
37.0,Other,USA,Ohio,Basic,4.09,Laptop,0.0,1,1.6272778305624314,1,2024,3,9,5
45.0,Female,USA,New Jersey,Basic,25.23,Laptop,4.0,0,3.2669037938787824,0,2025,1,8,2
50.0,Male,USA,Washington,Premium,8.16,Smart TV,1.0,0,2.214846178686039,0,2024,11,1,4
29.0,Female,USA,Tennessee,Premium+,8.76,Desktop,0.0,0,2.278292400425001,1,2023,1,31,1
41.0,Other,Canada,Saskatchewan,Premium,7.02,Smart TV,6.0,1,2.081938421878423,0,2023,6,15,3
28.0,Male,USA,New Jersey,Standard,6.56,Laptop,1.0,0,2.0228711901914416,0,2023,4,17,0
32.0,Male,USA,Tennessee,Basic,23.81,Desktop,0.0,0,3.21124679770371,1,2023,10,11,2
59.0,Female,Canada,Ontario,Premium,36.16,Tablet,3.0,0,3.6152329139456376,0,2023,8,2,2
31.0,Male,USA,Pennsylvania,Standard,14.26,Mobile,3.0,0,2.725235025856311,0,2024,1,16,1
17.0,Male,USA,Ohio,Standard,1.9,Gaming Console,2.0,0,1.0647107369924282,0,2022,10,23,6
28.0,Other,USA,Washington,Standard,18.17,Mobile,2.0,0,2.9533465570575532,0,2022,9,15,3
29.0,Female,USA,Arizona,Basic,9.97,Smart TV,3.0,0,2.395164274287139,0,2022,9,27,1
33.0,Female,USA,Texas,Premium,21.33,Desktop,2.0,0,3.1059310658520665,0,2023,1,28,5
31.0,Female,Canada,Quebec,Standard,5.53,Gaming Console,0.0,0,1.8764069432883397,1,2024,5,16,3
16.0,Male,USA,Ohio,Basic,18.6,Tablet,3.0,0,2.975529566236472,0,2023,7,13,3
36.0,Male,Canada,Quebec,Standard,45.44,Mobile,1.0,0,3.8381611568296905,0,2023,1,11,2
53.0,Female,USA,North Carolina,Premium,21.811017452655033,Gaming Console,0.0,0,3.1272436408541084,1,2025,5,22,3
34.0,Other,USA,Tennessee,Premium,21.03,Laptop,1.0,0,3.092405160814252,0,2023,2,13,0
33.0,Male,USA,Pennsylvania,Premium,8.28,Tablet,1.0,0,2.2278615467981093,0,2022,8,27,5
36.0,Female,USA,Michigan,Basic,14.92,Mobile,3.0,0,2.767576180416237,0,2024,4,13,5
18.0,Male,Canada,Prince Edward Island,Premium,10.95,Desktop,2.0,0,2.4807312783775197,0,2023,5,9,1
41.0,Female,USA,Maryland,Premium,6.17,Mobile,4.0,0,1.969905654611529,0,2023,12,27,2
26.0,Female,USA,California,Standard,28.5,Desktop,3.0,0,3.3843902633457743,0,2025,4,7,0
38.0,Female,USA,New York,Premium+,23.31,Gaming Console,5.0,0,3.1908877883280318,0,2022,8,24,2
21.0,Female,USA,Washington,Premium,22.67,Gaming Console,2.0,0,3.1642084235258925,0,2025,4,3,3
41.0,Male,Canada,Nova Scotia,Standard,37.93,Mobile,4.0,0,3.6617651616223643,0,2024,11,14,3
33.0,Female,Canada,New Brunswick,Standard,20.81,Gaming Console,0.0,0,3.0823685802135374,1,2025,6,7,5
28.0,Male,USA,Massachusetts,Basic,14.71,Mobile,0.0,0,2.75429745226753,1,2023,3,14,1
31.0,Female,USA,New Jersey,Premium,0.95,Desktop,1.0,1,0.6678293725756554,0,2024,4,30,1
45.0,Male,USA,Texas,Standard,14.46,Laptop,3.0,0,2.738256043159276,0,2023,7,28,4
48.0,Other,USA,Pennsylvania,Standard,22.03,Desktop,5.0,0,3.136797713832594,0,2023,2,4,5
40.0,Female,USA,Washington,Premium+,6.79,Laptop,4.0,0,2.052840859882657,0,2024,1,14,6
35.0,Female,USA,Illinois,Standard,9.6,Tablet,3.0,0,2.3608540011180215,0,2023,11,9,3
42.0,Male,USA,Georgia,Premium,27.99,Smart TV,5.0,1,3.3669509429335642,0,2023,7,29,5
26.0,Other,USA,Virginia,Basic,18.2,Gaming Console,3.0,0,2.954910279033736,0,2025,7,8,1
18.0,Female,USA,Michigan,Standard,17.55,Gaming Console,1.0,0,2.920469789053444,0,2025,2,3,0
43.0,Other,Canada,Alberta,Standard,22.854736059479553,Tablet,5.0,0,3.1719827745379456,0,2024,2,13,1
25.0,Female,USA,Indiana,Premium,4.2,Mobile,0.0,0,1.6486586255873816,1,2022,10,7,4
33.0,Female,USA,Georgia,Standard,17.36,Mobile,5.0,0,2.9101743851923443,0,2022,12,26,0
41.0,Female,USA,Massachusetts,Standard,22.854736059479553,Mobile,3.0,0,3.1719827745379456,0,2025,5,4,6
56.0,Female,USA,Massachusetts,Premium,5.88,Laptop,2.0,0,1.9286186519452522,0,2025,2,28,4
39.0,Female,USA,Michigan,Premium,4.43,Desktop,2.0,0,1.691939133945844,0,2024,8,14,2
26.0,Other,USA,Florida,Premium,18.56,Smart TV,0.0,0,2.9734866646066713,1,2024,1,26,4
57.0,Female,USA,Virginia,Premium+,27.3,Laptop,1.0,0,3.342861804649192,0,2024,1,5,4
27.0,Male,USA,Ohio,Premium,23.34,Mobile,0.0,0,3.1921210875593813,1,2024,5,1,2
26.0,Female,Canada,Manitoba,Premium,21.811017452655033,Gaming Console,2.0,0,3.1272436408541084,0,2025,7,10,3
43.0,Female,Canada,Quebec,Standard,15.36,Gaming Console,2.0,0,2.794839331174601,0,2025,3,9,6
37.0,Female,USA,Arizona,Standard,12.6,Gaming Console,1.0,0,2.6100697927420065,0,2024,11,12,1
43.0,Other,USA,Indiana,Standard,7.92,Desktop,3.0,0,2.188295946591918,0,2023,10,3,1
14.0,Male,USA,Indiana,Premium,21.57,Mobile,3.0,0,3.1166215908294443,0,2023,7,24,0
29.0,Female,Canada,Prince Edward Island,Standard,22.854736059479553,Smart TV,2.0,0,3.1719827745379456,0,2025,4,23,2
31.0,Female,USA,Illinois,Basic,20.136172344689378,Laptop,2.0,0,3.0509859018293035,0,2023,2,1,2
48.0,Male,Canada,Ontario,Premium,5.7,Laptop,2.0,0,1.9021075263969205,0,2025,2,27,3
14.0,Male,Canada,New Brunswick,Basic,20.136172344689378,Laptop,3.0,0,3.0509859018293035,0,2022,12,29,3
38.0,Male,USA,Ohio,Premium,44.57,Mobile,2.0,0,3.8192496052757914,0,2023,1,12,3
38.0,Female,Canada,Quebec,Premium,15.32,Desktop,3.0,0,2.792391349535961,0,2024,11,23,5
46.0,Other,USA,Tennessee,Basic,20.136172344689378,Desktop,3.0,0,3.0509859018293035,0,2024,3,8,4
45.0,Female,USA,Florida,Basic,29.26,Tablet,2.0,0,3.40982670836021,0,2024,6,13,3
36.0,Male,USA,Ohio,Premium,17.82,Smart TV,2.0,0,2.9349201341572337,0,2022,12,4,6
29.0,Female,USA,Tennessee,Basic,7.65,Mobile,2.0,1,2.157559320943788,0,2025,2,18,1
30.0,Male,USA,Pennsylvania,Basic,37.02,Mobile,0.0,0,3.6381123370602833,1,2024,12,28,5
29.0,Female,USA,Indiana,Basic,18.73,Desktop,2.0,0,2.982140320034524,0,2022,8,17,2
47.0,Male,USA,North Carolina,Basic,8.88,Mobile,5.0,0,2.2905125117597764,0,2025,2,15,5
39.0,Male,USA,Missouri,Basic,1.2,Gaming Console,3.0,1,0.7884573603642702,0,2025,1,26,6
34.0,Female,USA,Maryland,Standard,12.87,Laptop,3.0,0,2.6297282343267403,0,2024,4,9,1
39.0,Female,USA,Massachusetts,Premium,13.01,Smart TV,2.0,0,2.6397713603489157,0,2024,4,10,2
37.0,Female,Canada,Prince Edward Island,Standard,7.59,Desktop,2.0,0,2.150598735996164,0,2023,3,10,4
59.0,Male,USA,Maryland,Premium,15.03,Laptop,6.0,0,2.7744619666214616,0,2024,1,12,4
39.0,Male,USA,Wisconsin,Premium,1.47,Tablet,2.0,0,0.9042181506398859,0,2024,10,28,0
20.0,Male,USA,Tennessee,Basic,6.06,Laptop,4.0,0,1.9544450515051506,0,2025,2,8,5
48.0,Male,USA,Tennessee,Standard,9.75,Gaming Console,5.0,0,2.3749057545736716,0,2023,2,7,1
18.0,Male,USA,Missouri,Premium,18.17,Smart TV,2.0,0,2.9533465570575532,0,2024,1,16,1
43.0,Female,USA,Massachusetts,Standard,35.93,Laptop,2.0,0,3.6090242288644716,0,2023,11,18,5
59.0,Male,USA,Washington,Premium+,21.87,Mobile,2.0,0,3.12982600803469,0,2024,3,26,1
29.0,Female,USA,Florida,Premium,3.19,Mobile,2.0,0,1.4327007339340463,0,2022,9,15,3
28.0,Female,Canada,Prince Edward Island,Premium+,20.94,Desktop,2.0,0,3.088311454847084,0,2025,6,13,4
38.0,Female,Canada,Alberta,Premium,21.811017452655033,Gaming Console,1.0,0,3.1272436408541084,0,2023,2,28,1
39.0,Male,USA,Maryland,Standard,20.12,Smart TV,0.0,0,3.050220458838061,1,2022,10,9,6
26.0,Other,USA,Maryland,Premium+,19.71,Laptop,2.0,0,3.030616675407493,0,2023,11,18,5
20.0,Male,Canada,Quebec,Standard,5.15,Tablet,5.0,0,1.8164520818184267,0,2025,3,12,2
38.0,Other,USA,Ohio,Standard,10.97,Smart TV,1.0,1,2.482403519569882,0,2024,12,23,0
26.0,Female,USA,Virginia,Basic,1.62,Mobile,4.0,0,0.9631743177730056,0,2025,6,3,1
44.0,Female,Canada,Newfoundland and Labrador,Basic,19.63,Desktop,0.0,0,3.0267463270831603,1,2022,9,19,0
44.0,Male,USA,New Jersey,Standard,21.05,Desktop,1.0,0,3.093312601892855,0,2024,5,31,4
24.0,Male,USA,Georgia,Premium+,10.05,Mobile,2.0,0,2.402430427963762,0,2023,11,20,0
44.0,Other,USA,Maryland,Standard,24.9,Desktop,1.0,0,3.254242968705492,0,2024,12,19,3
35.0,Female,Canada,Prince Edward Island,Premium,10.54,Desktop,3.0,0,2.4458192610799534,0,2025,4,25,4
50.0,Female,USA,New York,Standard,41.02,Desktop,2.0,0,3.7381456954168546,0,2024,4,18,3
40.0,Male,Canada,Quebec,Premium,11.08,Tablet,3.0,0,2.4915511925066687,0,2025,6,9,0
47.0,Male,USA,Florida,Premium,19.54,Mobile,4.0,0,3.0223742045004123,0,2025,2,9,6
21.0,Male,USA,Texas,Premium,3.31,Tablet,0.0,0,1.4609379041156565,1,2023,7,8,5
23.0,Male,Canada,Quebec,Premium+,7.35,Mobile,2.0,0,2.122261538862764,0,2024,1,31,2
27.0,Female,USA,Florida,Premium,21.811017452655033,Gaming Console,2.0,0,3.1272436408541084,0,2025,1,15,2
39.0,Male,USA,Virginia,Standard,10.95,Smart TV,1.0,1,2.4807312783775197,0,2024,9,28,5
38.0,Other,USA,Ohio,Standard,31.91,Laptop,2.0,0,3.4937765629552486,0,2022,10,27,3
40.0,Other,Canada,New Brunswick,Premium,14.05,Smart TV,1.0,0,2.711377991194885,0,2023,9,21,3
43.0,Female,Canada,Alberta,Standard,5.66,Gaming Console,1.0,0,1.8961194845522977,0,2024,3,11,0
48.0,Female,USA,New Jersey,Premium,13.54,Mobile,3.0,0,2.6769034721053733,0,2024,3,8,4
34.0,Male,USA,Virginia,Premium,13.48,Smart TV,2.0,0,2.6727683869575705,0,2024,7,29,0
43.0,Female,USA,New Jersey,Standard,40.99,Smart TV,3.0,0,3.737431494696102,0,2023,12,2,5
44.0,Other,Canada,Newfoundland and Labrador,Basic,2.51,Mobile,4.0,0,1.2556160374777743,0,2022,9,27,1
21.0,Male,USA,New Jersey,Premium+,49.46,Tablet,2.0,0,3.921180943212912,0,2023,8,14,0
27.0,Other,USA,North Carolina,Standard,8.58,Gaming Console,5.0,0,2.259677591982769,0,2025,4,7,0
35.0,Female,USA,Texas,Standard,13.07,Desktop,2.0,0,2.644044871126298,0,2024,3,23,5
44.0,Female,USA,Arizona,Standard,12.39,Tablet,6.0,0,2.5945081597030812,0,2025,5,19,0
29.0,Female,USA,Indiana,Basic,9.14,Gaming Console,2.0,0,2.316487998163037,0,2023,10,25,2
37.0,Female,USA,New Jersey,Standard,11.77,Gaming Console,3.0,0,2.547098670044448,0,2023,5,31,2
31.0,Female,Canada,New Brunswick,Basic,20.136172344689378,Mobile,3.0,0,3.0509859018293035,0,2025,2,7,4
27.0,Male,USA,New York,Premium,11.82,Desktop,2.0,0,2.551006451492524,0,2022,9,23,4
40.0,Male,USA,Ohio,Standard,28.51,Gaming Console,1.0,1,3.3847291889548483,0,2023,1,2,0
27.0,Male,USA,New York,Premium,5.02,Gaming Console,2.0,0,1.7950872593207297,0,2024,9,30,0
32.0,Male,USA,Texas,Premium+,27.67,Gaming Console,2.0,0,3.3558512798952784,0,2024,1,14,6
19.0,Male,Canada,Saskatchewan,Premium,21.811017452655033,Laptop,1.0,1,3.1272436408541084,0,2025,7,11,4
36.0,Male,USA,Arizona,Premium,16.01,Laptop,3.0,0,2.8338014064077703,0,2024,12,5,3
44.0,Female,USA,Missouri,Standard,19.07,Gaming Console,7.0,0,2.9992261628082466,0,2024,6,27,3
16.0,Female,USA,Texas,Premium,23.35,Gaming Console,2.0,0,3.192531849528599,0,2024,5,9,3
27.0,Male,Canada,Ontario,Premium+,17.38,Desktop,4.0,0,2.911263116927541,0,2022,9,15,3
40.0,Female,USA,Florida,Standard,7.75,Gaming Console,2.0,0,2.169053700369523,0,2023,3,29,2
33.0,Male,Canada,Saskatchewan,Premium,27.39,Gaming Console,2.0,1,3.34603697048488,0,2022,12,20,1
15.0,Female,USA,Michigan,Standard,7.55,Tablet,2.0,0,2.145931282948669,0,2024,4,1,0
28.0,Female,USA,Florida,Standard,15.51,Desktop,2.0,0,2.8039662579320366,0,2022,10,29,5
44.0,Male,USA,Missouri,Premium+,11.15,Gaming Console,3.0,0,2.4973291697865574,0,2024,5,28,1
27.0,Male,USA,Tennessee,Standard,13.26,Gaming Console,3.0,0,2.65745841498615,0,2023,3,22,2
47.0,Other,Canada,Newfoundland and Labrador,Premium,21.811017452655033,Desktop,0.0,0,3.1272436408541084,1,2023,10,16,0
47.0,Female,Canada,Ontario,Premium,11.6,Tablet,5.0,0,2.533696813957432,0,2023,10,16,0
20.0,Female,USA,Texas,Standard,27.45,Laptop,5.0,0,3.34814816057234,0,2023,3,19,6
30.0,Male,Canada,Manitoba,Premium,5.54,Laptop,2.0,1,1.8779371654691073,0,2024,2,28,2
45.0,Female,USA,Washington,Premium,15.24,Smart TV,0.0,0,2.787477334733532,1,2023,7,3,0
19.0,Female,USA,Wisconsin,Standard,1.2,Laptop,0.0,0,0.7884573603642702,1,2023,6,16,4
35.0,Male,USA,Michigan,Basic,36.84,Laptop,0.0,0,3.6333667441836774,1,2023,9,17,6
28.0,Female,USA,Wisconsin,Basic,2.87,Laptop,4.0,0,1.3532545070416904,0,2022,11,23,2
32.0,Female,Canada,Alberta,Basic,10.1,Gaming Console,2.0,0,2.4069451083182885,0,2023,11,14,1
48.0,Male,USA,Arizona,Basic,8.1,Mobile,5.0,0,2.2082744135228043,0,2023,1,3,1
33.0,Male,USA,Pennsylvania,Premium,9.29,Laptop,0.0,0,2.331172549845958,1,2023,4,10,0
14.0,Male,USA,New Jersey,Premium,21.811017452655033,Desktop,1.0,0,3.1272436408541084,0,2024,9,16,0
46.0,Other,USA,Illinois,Standard,22.854736059479553,Desktop,0.0,1,3.1719827745379456,1,2024,9,29,6
33.0,Female,Canada,British Columbia,Standard,12.5,Gaming Console,3.0,0,2.6026896854443837,0,2025,1,1,2
50.0,Male,Canada,Quebec,Standard,15.37,Mobile,2.0,0,2.7954503913830435,0,2023,1,8,6
43.0,Female,Canada,Quebec,Basic,1.46,Laptop,1.0,1,0.9001613499442714,0,2025,5,7,2
35.0,Female,Canada,Quebec,Premium+,17.19,Tablet,4.0,0,2.900871992530031,0,2024,6,13,3
37.0,Male,USA,New Jersey,Standard,12.25,Laptop,5.0,0,2.583997552432231,0,2023,7,23,6
46.0,Female,Canada,Manitoba,Premium,6.47,Desktop,0.0,0,2.010894999144726,1,2025,2,12,2
38.0,Male,USA,Washington,Basic,15.49,Tablet,0.0,0,2.8027541365715076,1,2025,2,1,5
15.0,Female,USA,Tennessee,Premium,14.76,Smart TV,6.0,0,2.757475084429733,0,2024,11,16,5
30.0,Other,USA,Tennessee,Basic,3.9,Laptop,0.0,0,1.589235205116581,1,2023,11,4,5
48.0,Male,Canada,Saskatchewan,Basic,16.27,Smart TV,7.0,0,2.848970892158587,0,2024,11,22,4
32.0,Female,USA,Texas,Premium+,26.92,Laptop,4.0,0,3.329343277894172,0,2025,6,24,1
29.0,Other,USA,Tennessee,Standard,17.96,Laptop,2.0,0,2.942331496826876,0,2023,3,18,5
25.0,Male,USA,Texas,Premium,20.4,Tablet,1.0,0,3.0633909220278057,0,2024,7,14,6
38.0,Other,Canada,Newfoundland and Labrador,Standard,16.29,Desktop,2.0,0,2.850128299695199,0,2023,12,14,3
26.0,Male,USA,New Jersey,Premium+,19.675352862849536,Mobile,4.0,0,3.0289423078910556,0,2024,9,11,2
31.0,Female,USA,Massachusetts,Premium,19.07,Smart TV,0.0,0,2.9992261628082466,1,2023,1,3,1
34.0,Male,USA,Wisconsin,Standard,21.33,Smart TV,7.0,0,3.1059310658520665,0,2023,10,29,6
57.0,Male,USA,Massachusetts,Premium+,38.72,Smart TV,2.0,0,3.681854839176972,0,2023,4,27,3
22.0,Female,USA,Arizona,Standard,4.42,Mobile,2.0,0,1.6900958154515549,0,2023,6,29,3
33.0,Male,USA,Illinois,Basic,22.12,Smart TV,1.0,1,3.1406980438041767,0,2022,10,13,3
29.0,Other,Canada,Alberta,Premium,22.18,Laptop,4.0,0,3.1432898379116057,0,2025,7,4,4
42.0,Male,USA,Wisconsin,Premium,12.64,Desktop,4.0,0,2.613006652415316,0,2024,1,11,3
41.0,Male,USA,Missouri,Standard,10.46,Laptop,3.0,0,2.4388627112865935,0,2022,10,10,0
32.0,Female,Canada,New Brunswick,Standard,7.24,Laptop,0.0,1,2.1090003439213802,1,2022,12,15,3
26.0,Male,USA,Wisconsin,Standard,25.06,Mobile,0.0,0,3.260401571696699,1,2022,10,23,6
42.0,Male,Canada,Manitoba,Premium+,20.3,Desktop,4.0,0,3.0587070727153796,0,2023,1,19,3
25.0,Female,USA,Georgia,Premium+,9.02,Desktop,4.0,0,2.3045830956567186,0,2022,9,27,1
56.0,Male,Canada,Quebec,Premium,15.13,Tablet,1.0,0,2.7806808921371178,0,2024,5,22,2
21.0,Female,USA,Ohio,Basic,10.41,Smart TV,2.0,0,2.4344901638739844,0,2022,12,22,3
34.0,Female,USA,Illinois,Basic,18.65,Mobile,4.0,0,2.9780773383152703,0,2025,7,22,1
57.0,Female,Canada,Saskatchewan,Standard,28.52,Desktop,2.0,1,3.385067999732272,0,2024,8,21,2
39.0,Other,Canada,Quebec,Premium,16.3,Smart TV,2.0,0,2.8507065015037334,0,2023,7,3,0
25.0,Male,USA,California,Standard,34.33,Smart TV,5.0,0,3.5647324613710536,0,2022,12,13,1
24.0,Male,Canada,Alberta,Standard,9.99,Smart TV,4.0,0,2.39698576841553,0,2025,1,10,4
36.0,Other,USA,Michigan,Premium,15.54,Desktop,0.0,0,2.805781689595545,1,2025,6,27,4
45.0,Female,USA,Wisconsin,Premium,2.36,Tablet,3.0,0,1.2119409739751128,0,2024,6,21,4
52.0,Female,Canada,Prince Edward Island,Standard,6.28,Gaming Console,2.0,0,1.9851308622085946,0,2025,2,14,4
53.0,Male,Canada,Prince Edward Island,Standard,1.49,Laptop,1.0,0,0.9122827104766162,0,2023,10,2,0
44.0,Female,USA,Texas,Premium,3.53,Laptop,1.0,0,1.5107219394949425,0,2023,10,24,1
36.0,Female,USA,Florida,Basic,25.37,Laptop,1.0,0,3.2722270003651954,0,2025,5,26,0
19.0,Male,USA,Wisconsin,Premium+,4.24,Gaming Console,8.0,1,1.6563214983329508,0,2023,4,24,0
47.0,Female,Canada,Ontario,Premium,5.28,Smart TV,1.0,0,1.8373699804801074,0,2023,1,9,0
36.0,Female,Canada,Ontario,Premium,47.86,Smart TV,6.0,0,3.8889590658295945,0,2023,10,17,1
46.0,Male,Canada,Newfoundland and Labrador,Standard,18.02,Desktop,4.0,0,2.9454910571172443,0,2023,12,26,1
22.0,Male,USA,Arizona,Premium,2.66,Desktop,3.0,0,1.297463147413275,0,2024,8,4,6
37.0,Other,USA,Pennsylvania,Premium,6.58,Desktop,2.0,0,2.0255131996542803,0,2023,11,9,3
34.0,Male,USA,Arizona,Standard,14.24,Tablet,1.0,0,2.7239235502585,0,2025,3,18,1
21.0,Female,Canada,Alberta,Premium,29.87,Tablet,2.0,0,3.429784838514068,0,2022,11,16,2
23.0,Male,USA,Illinois,Basic,5.72,Mobile,4.0,0,1.9050881545350582,0,2024,9,20,4
28.0,Male,Canada,Quebec,Standard,22.854736059479553,Smart TV,4.0,0,3.1719827745379456,0,2025,5,8,3
38.0,Male,USA,Ohio,Standard,12.69,Tablet,6.0,1,2.6166656393003573,0,2024,11,23,5
43.0,Male,USA,Arizona,Premium+,12.91,Laptop,1.0,0,2.6326080059353516,0,2023,11,26,6
18.0,Female,USA,Massachusetts,Premium,43.02,Laptop,3.0,0,3.7846440760983158,0,2024,3,17,6
26.0,Male,USA,California,Standard,5.45,Mobile,4.0,0,1.864080130807681,0,2024,5,6,0
19.0,Male,USA,North Carolina,Premium,20.06,Mobile,1.0,0,3.0473755067058295,0,2024,10,23,2
36.0,Male,Canada,Newfoundland and Labrador,Basic,7.36,Gaming Console,0.0,0,2.1234584270966104,1,2025,2,6,3
46.0,Other,USA,Michigan,Premium,12.15,Tablet,5.0,0,2.5764217586237734,0,2024,9,15,6
55.0,Female,Canada,Saskatchewan,Basic,20.136172344689378,Desktop,0.0,0,3.0509859018293035,1,2024,1,5,4
35.0,Female,Canada,Alberta,Basic,12.72,Desktop,1.0,0,2.6188546222977394,0,2022,11,22,1
23.0,Female,USA,Texas,Standard,6.46,Desktop,0.0,0,2.0095554142156695,1,2023,3,1,2
39.0,Female,USA,Maryland,Standard,22.854736059479553,Gaming Console,0.0,1,3.1719827745379456,1,2023,12,12,1
27.0,Male,USA,Virginia,Premium,21.02,Smart TV,1.0,0,3.091951131294534,0,2025,3,12,2
42.0,Male,USA,Georgia,Standard,7.68,Tablet,1.0,0,2.1610215286722587,0,2022,11,16,2
43.0,Female,USA,Maryland,Standard,37.22,Laptop,1.0,0,3.643358938812127,0,2024,9,1,6
27.0,Male,USA,Michigan,Premium,23.22,Smart TV,3.0,0,3.1871787381249463,0,2023,3,30,3
49.0,Male,USA,Massachusetts,Basic,10.17,Desktop,1.0,0,2.413231613081109,0,2023,6,8,3
27.0,Male,USA,Washington,Premium,9.59,Mobile,1.0,0,2.359910159613315,0,2022,9,12,0
25.0,Male,Canada,Saskatchewan,Premium+,28.74,Desktop,4.0,0,3.392492941032009,0,2024,1,19,4
46.0,Male,USA,Washington,Premium,8.81,Gaming Console,4.0,0,2.2834022735772717,0,2024,10,18,4
31.0,Male,Canada,Ontario,Standard,3.0,Laptop,1.0,0,1.3862943611198906,0,2025,4,21,0
51.0,Other,USA,New Jersey,Standard,3.8,Mobile,5.0,0,1.5686159179138452,0,2022,8,17,2
11.0,Female,Canada,British Columbia,Standard,6.79,Desktop,3.0,0,2.052840859882657,0,2024,6,17,0
25.0,Female,Canada,Ontario,Premium,5.1,Desktop,2.0,0,1.8082887711792655,0,2023,5,25,3
49.0,Female,USA,Washington,Basic,13.05,Desktop,2.0,0,2.642622395779755,0,2022,12,2,4
40.0,Female,USA,Missouri,Standard,22.854736059479553,Desktop,1.0,0,3.1719827745379456,0,2023,2,24,4
49.0,Female,USA,Massachusetts,Basic,20.136172344689378,Mobile,4.0,0,3.0509859018293035,0,2022,10,7,4
37.0,Male,Canada,Alberta,Standard,9.82,Laptop,4.0,0,2.3813962734183356,0,2023,10,20,4
35.0,Female,USA,Texas,Basic,9.78,Desktop,5.0,0,2.377692565480851,0,2025,4,15,1
11.0,Female,USA,Arizona,Standard,10.14,Tablet,4.0,1,2.410542234499138,0,2024,3,2,5
35.0,Male,USA,Virginia,Standard,10.02,Smart TV,2.0,0,2.3997118037247684,0,2024,7,17,2
37.0,Female,USA,Pennsylvania,Premium+,23.22,Desktop,4.0,0,3.1871787381249463,0,2024,4,18,3
36.0,Female,USA,Georgia,Standard,15.3,Smart TV,3.0,0,2.791165107812717,0,2023,3,31,4
52.0,Male,USA,Texas,Standard,7.99,Mobile,4.0,1,2.196112848483529,0,2025,6,21,5
43.0,Female,USA,Arizona,Standard,11.07,Gaming Console,0.0,0,2.4907230351094403,1,2025,5,2,4
32.0,Male,USA,Ohio,Standard,2.84,Gaming Console,2.0,0,1.3454723665996355,0,2024,1,2,1
49.0,Female,USA,Virginia,Premium+,8.45,Smart TV,1.0,0,2.2460147415056513,0,2024,7,3,2
18.0,Other,Canada,Prince Edward Island,Premium,21.811017452655033,Desktop,4.0,0,3.1272436408541084,0,2025,4,6,6
55.0,Female,Canada,Quebec,Standard,34.05,Tablet,3.0,1,3.5567756134805992,0,2023,11,9,3
50.0,Male,Canada,Alberta,Premium,2.66,Smart TV,2.0,0,1.297463147413275,0,2023,12,30,5
25.0,Male,USA,Illinois,Premium,10.2,Mobile,3.0,0,2.4159137783010487,0,2024,5,22,2
35.0,Female,USA,Tennessee,Standard,39.04,Tablet,4.0,0,3.68987895444702,0,2024,4,8,0
58.0,Male,Canada,Alberta,Premium+,18.5,Desktop,3.0,0,2.970414465569701,0,2024,4,30,1
25.0,Female,USA,North Carolina,Basic,16.68,Mobile,2.0,0,2.8724340572094973,0,2025,6,19,3
27.0,Female,Canada,British Columbia,Standard,20.39,Gaming Console,2.0,0,3.062923523094314,0,2024,6,3,0
26.0,Male,USA,Pennsylvania,Standard,13.22,Desktop,3.0,0,2.6546494243750947,0,2025,5,15,3
51.0,Female,USA,Indiana,Standard,22.854736059479553,Laptop,1.0,1,3.1719827745379456,0,2023,10,24,1
34.0,Female,USA,New York,Basic,48.72,Laptop,5.0,0,3.9064072666425105,0,2025,7,20,6
38.0,Other,Canada,Newfoundland and Labrador,Basic,18.83,Smart TV,2.0,1,2.9871959425317045,0,2023,10,23,0
39.0,Female,USA,North Carolina,Premium,16.11,Gaming Console,3.0,0,2.839663087904102,0,2023,8,29,1
23.0,Female,USA,North Carolina,Premium,3.31,Tablet,3.0,0,1.4609379041156565,0,2023,4,13,3
37.0,Other,USA,New York,Standard,2.33,Tablet,2.0,0,1.2029723039923526,0,2025,2,16,6
34.0,Female,Canada,Quebec,Premium+,5.23,Desktop,4.0,0,1.8293763327993617,0,2025,6,30,0
27.0,Male,Canada,Manitoba,Standard,23.15,Smart TV,1.0,0,3.184284380098582,0,2025,4,15,1
24.0,Male,USA,Ohio,Standard,34.03,Desktop,0.0,0,3.5562048372093953,1,2024,10,24,3
24.0,Male,Canada,Nova Scotia,Premium,26.27,Smart TV,3.0,0,3.305787196857497,0,2023,2,9,3
19.0,Female,USA,Illinois,Premium,11.49,Laptop,0.0,0,2.5249283241374862,1,2022,8,5,4
35.0,Female,USA,Virginia,Premium,29.17,Mobile,2.0,0,3.40684805317097,0,2024,11,12,1
20.0,Female,USA,Florida,Standard,9.9,Tablet,2.0,0,2.388762789235098,0,2022,9,14,2
37.0,Male,USA,Arizona,Premium+,19.675352862849536,Gaming Console,3.0,0,3.0289423078910556,0,2023,2,10,4
33.0,Female,USA,Virginia,Basic,1.67,Gaming Console,1.0,0,0.9820784724121582,0,2025,3,12,2
43.0,Male,Canada,Alberta,Premium+,15.98,Gaming Console,1.0,0,2.8320361808832013,0,2023,3,4,5
28.0,Male,USA,New Jersey,Basic,20.136172344689378,Smart TV,0.0,0,3.0509859018293035,1,2025,4,6,6
37.0,Male,USA,Illinois,Premium,11.32,Laptop,0.0,0,2.511223958105374,1,2024,4,27,5
17.0,Female,USA,Indiana,Premium,13.35,Mobile,2.0,0,2.66374994220563,0,2022,10,31,0
28.0,Other,Canada,Manitoba,Basic,18.43,Tablet,2.0,1,2.9668182633893485,0,2023,9,25,0
43.0,Male,USA,Massachusetts,Premium,13.19,Tablet,4.0,1,2.6525374911719513,0,2025,8,1,4
52.0,Male,USA,California,Premium,14.53,Tablet,6.0,0,2.7427736371605955,0,2024,3,9,5
31.0,Female,Canada,New Brunswick,Premium,6.29,Smart TV,1.0,1,1.986503546020567,0,2023,11,29,2
46.0,Female,USA,Ohio,Standard,54.61,Smart TV,0.0,0,4.018363041199472,1,2024,5,30,3
20.0,Other,USA,Arizona,Basic,31.9,Gaming Console,6.0,0,3.493472657771326,0,2024,6,9,6
44.0,Female,USA,Tennessee,Basic,9.03,Mobile,1.0,0,2.305580601973844,0,2024,12,4,2
41.0,Female,USA,Maryland,Standard,22.55,Smart TV,2.0,0,3.159125820462427,0,2023,2,9,3
35.0,Male,Canada,Saskatchewan,Premium,36.77,Laptop,4.0,0,3.6315151367243654,0,2022,12,3,5
39.0,Female,Canada,Prince Edward Island,Premium,3.73,Laptop,7.0,0,1.5539252025038417,0,2024,4,7,6
29.0,Female,USA,Ohio,Standard,6.0,Smart TV,6.0,0,1.9459101490553132,0,2023,7,10,0
32.0,Male,USA,Florida,Premium+,19.41,Mobile,3.0,0,3.0160249768217535,0,2024,7,17,2
40.0,Female,USA,Indiana,Premium,25.02,Laptop,3.0,0,3.2588654730843594,0,2023,2,15,2
41.0,Male,USA,Illinois,Basic,37.42,Smart TV,2.0,0,3.6485781573404106,0,2022,11,22,1
35.0,Male,USA,California,Standard,6.2,Laptop,4.0,0,1.9740810260220096,0,2023,7,29,5
59.0,Male,USA,Washington,Premium,9.74,Smart TV,2.0,0,2.3739750890807185,0,2023,10,11,2
20.0,Female,Canada,Saskatchewan,Basic,32.58,Mobile,1.0,0,3.5139306516493947,0,2023,2,3,4
57.0,Female,USA,Florida,Standard,10.9,Gaming Console,1.0,0,2.4765384001174837,0,2023,4,16,6
33.0,Female,USA,Indiana,Premium+,12.86,Laptop,7.0,0,2.6290069937617573,0,2022,11,8,1
33.0,Other,USA,Florida,Standard,15.32,Tablet,4.0,0,2.792391349535961,0,2024,8,31,5
60.0,Male,USA,California,Premium+,13.97,Tablet,4.0,0,2.706048198431537,0,2023,8,19,5
36.0,Female,USA,Michigan,Basic,16.84,Smart TV,5.0,0,2.8814431271518632,0,2025,3,24,0
26.0,Other,USA,Maryland,Premium+,12.86,Smart TV,1.0,0,2.6290069937617573,0,2025,5,25,6
51.0,Female,Canada,British Columbia,Premium,8.42,Tablet,0.0,0,2.2428350885882717,1,2024,5,13,0
23.0,Female,Canada,Saskatchewan,Premium,5.8,Mobile,2.0,0,1.916922612182061,0,2023,5,11,3
14.0,Male,USA,Wisconsin,Standard,36.61,Laptop,0.0,0,3.627269972482245,1,2025,7,21,0
38.0,Female,Canada,Newfoundland and Labrador,Premium,29.41,Desktop,3.0,0,3.4147715016892732,0,2024,3,28,3
19.0,Other,USA,Michigan,Basic,16.83,Smart TV,3.0,0,2.8808824318750488,0,2025,1,6,0
58.0,Female,USA,Pennsylvania,Standard,11.65,Mobile,3.0,0,2.5376572151735295,0,2023,7,7,4
33.0,Male,USA,New Jersey,Premium+,10.86,Desktop,1.0,0,2.4731713935695794,0,2024,7,20,5
21.0,Male,USA,Pennsylvania,Premium+,4.67,Desktop,2.0,0,1.7351891177396608,0,2024,8,1,3
38.0,Other,Canada,British Columbia,Premium,4.52,Laptop,4.0,1,1.7083778602890038,0,2025,5,30,4
24.0,Male,Canada,Newfoundland and Labrador,Premium,0.77,Smart TV,3.0,0,0.5709795465857378,0,2023,12,12,1
30.0,Female,USA,Tennessee,Standard,21.58,Tablet,4.0,0,3.1170645587215158,0,2022,12,27,1
27.0,Female,USA,Massachusetts,Premium+,26.93,Smart TV,5.0,0,3.3297013799570854,0,2024,6,9,6
52.0,Female,USA,Texas,Basic,8.79,Laptop,5.0,0,2.281361456542419,0,2022,9,26,0
51.0,Male,USA,Maryland,Standard,5.5,Tablet,0.0,1,1.8718021769015913,1,2022,9,23,4
40.0,Female,Canada,Alberta,Standard,24.35,Mobile,2.0,0,3.232778730037192,0,2023,9,15,4
47.0,Male,Canada,Quebec,Premium,36.0,Desktop,3.0,0,3.6109179126442243,0,2024,11,7,3
43.0,Other,Canada,British Columbia,Standard,12.54,Tablet,0.0,1,2.605648267484129,1,2022,8,29,0
38.0,Female,USA,Pennsylvania,Premium+,10.06,Mobile,1.0,1,2.403334996094189,0,2023,8,7,0
32.0,Other,USA,Indiana,Basic,13.17,Mobile,5.0,0,2.6511270537025893,0,2023,8,10,3
40.0,Female,Canada,Nova Scotia,Premium+,2.6,Laptop,3.0,0,1.2809338454620642,0,2024,8,6,1
26.0,Male,USA,Massachusetts,Premium+,8.89,Gaming Console,5.0,0,2.2915241456346207,0,2024,1,31,2
35.0,Female,USA,New Jersey,Premium,5.89,Laptop,2.0,0,1.9300710850255671,0,2025,3,12,2
42.0,Female,USA,Texas,Premium+,7.53,Tablet,2.0,0,2.143589361503588,0,2025,2,8,5
37.0,Other,USA,Missouri,Premium,35.07,Desktop,5.0,0,3.5854614949154477,0,2025,6,11,2
41.0,Other,Canada,New Brunswick,Standard,29.42,Desktop,3.0,0,3.4151002868311466,0,2025,2,19,2
27.0,Female,USA,Florida,Premium,15.62,Tablet,2.0,1,2.810606789427302,0,2024,8,20,1
37.0,Male,USA,Georgia,Standard,21.84,Mobile,4.0,0,3.1285133847878095,0,2023,5,27,5
25.0,Male,Canada,Ontario,Standard,37.08,Laptop,3.0,0,3.6396892099231644,0,2024,11,19,1
37.0,Female,USA,Pennsylvania,Basic,30.23,Gaming Console,2.0,0,3.441379171294987,0,2024,9,25,2
25.0,Female,USA,Maryland,Premium,15.0,Laptop,5.0,0,2.772588722239781,0,2023,8,5,5
32.0,Other,USA,Ohio,Standard,14.8,Tablet,3.0,0,2.760009940032921,0,2023,10,13,4
23.0,Female,USA,Missouri,Standard,0.4,Smart TV,3.0,0,0.33647223662121295,0,2023,12,16,5
43.0,Female,USA,Washington,Premium,5.03,Laptop,0.0,0,1.7967470107390942,1,2024,12,7,5
36.0,Male,Canada,Manitoba,Standard,21.49,Desktop,2.0,0,3.1130707659712242,0,2025,3,27,3
49.0,Female,USA,Florida,Premium+,19.675352862849536,Desktop,2.0,0,3.0289423078910556,0,2024,10,29,1
23.0,Other,USA,Arizona,Premium,7.16,Laptop,2.0,0,2.0992441689760155,0,2022,8,17,2
32.0,Other,Canada,Alberta,Premium,46.72,Desktop,1.0,1,3.8653505972297153,0,2023,6,23,4
55.0,Other,Canada,British Columbia,Basic,11.02,Smart TV,3.0,0,2.4865719291070616,0,2024,1,28,6
27.0,Female,USA,Washington,Basic,6.27,Tablet,4.0,0,1.9837562915454279,0,2023,8,26,5
52.0,Male,USA,Wisconsin,Standard,19.9,Tablet,2.0,0,3.039749158970765,0,2023,7,11,1
55.0,Male,USA,Massachusetts,Standard,23.8,Tablet,0.0,0,3.2108436531709366,1,2023,7,12,2
48.0,Female,USA,Maryland,Premium,22.61,Desktop,2.0,0,3.1616703510974213,0,2025,7,28,0
44.0,Female,USA,Wisconsin,Standard,22.854736059479553,Desktop,3.0,0,3.1719827745379456,0,2023,8,15,1
53.0,Male,USA,Illinois,Premium,20.39,Tablet,0.0,1,3.062923523094314,1,2023,11,9,3
34.0,Other,USA,North Carolina,Premium,27.3,Mobile,2.0,0,3.342861804649192,0,2023,11,18,5
34.0,Male,USA,Washington,Premium+,21.04,Desktop,2.0,0,3.092858984284714,0,2025,3,19,2
33.0,Male,USA,Georgia,Premium,7.7,Tablet,4.0,0,2.163323025660538,0,2023,1,7,5
55.0,Male,USA,Wisconsin,Standard,17.98,Laptop,4.0,1,2.9433857931817817,0,2024,2,17,5
33.0,Female,Canada,Prince Edward Island,Basic,7.98,Smart TV,0.0,0,2.194999882314108,1,2025,7,18,4
43.0,Male,USA,Arizona,Standard,22.854736059479553,Smart TV,0.0,0,3.1719827745379456,1,2023,3,14,1
48.0,Female,Canada,Alberta,Premium,21.811017452655033,Smart TV,2.0,0,3.1272436408541084,0,2023,11,27,0
21.0,Male,USA,New Jersey,Standard,829.95,Mobile,5.0,0,6.7225696245735325,0,2023,7,30,6
37.0,Female,USA,Ohio,Standard,3.64,Mobile,0.0,0,1.534714366238164,1,2024,5,27,0
35.0,Female,USA,Florida,Standard,4.02,Smart TV,1.0,0,1.6134299337036377,0,2023,3,22,2
42.0,Male,Canada,Saskatchewan,Basic,13.06,Gaming Console,0.0,0,2.643333886382519,1,2024,11,3,6
40.0,Male,USA,Ohio,Standard,22.854736059479553,Smart TV,3.0,0,3.1719827745379456,0,2022,11,1,1
33.0,Female,Canada,Saskatchewan,Standard,9.48,Tablet,3.0,0,2.349468678892896,0,2024,6,6,3
27.0,Male,Canada,Prince Edward Island,Standard,3.61,Laptop,3.0,0,1.528227857008557,0,2024,1,16,1
39.0,Male,Canada,Nova Scotia,Basic,2.36,Smart TV,2.0,0,1.2119409739751128,0,2022,10,17,0
29.0,Other,USA,Illinois,Basic,5.32,Mobile,5.0,0,1.843719208158766,0,2024,3,11,0
45.0,Other,USA,Tennessee,Premium,11.93,Gaming Console,5.0,0,2.559550192783766,0,2024,8,21,2
16.0,Male,USA,Virginia,Premium,31.19,Tablet,3.0,0,3.4716558453107167,0,2024,7,24,2
16.0,Female,USA,Maryland,Standard,18.26,Desktop,4.0,0,2.9580304063699794,0,2022,11,18,4
54.0,Male,USA,Florida,Premium+,12.23,Mobile,3.0,0,2.5824869781268642,0,2023,9,28,3
35.0,Female,Canada,Alberta,Basic,20.136172344689378,Laptop,2.0,0,3.0509859018293035,0,2023,6,1,3
36.0,Female,USA,Florida,Basic,9.27,Tablet,4.0,0,2.329227023940467,0,2023,11,16,3
31.0,Female,USA,Illinois,Premium,21.48,Smart TV,2.0,1,3.1126260250254902,0,2023,8,3,3
21.0,Female,USA,Georgia,Premium,7.59,Laptop,1.0,0,2.150598735996164,0,2023,5,15,0
27.0,Female,Canada,New Brunswick,Standard,22.854736059479553,Tablet,2.0,0,3.1719827745379456,0,2022,12,26,0
16.0,Male,USA,Virginia,Standard,13.34,Smart TV,5.0,0,2.663052835171474,0,2023,8,13,6
51.0,Female,Canada,British Columbia,Premium+,7.71,Laptop,1.0,0,2.1644717908644115,0,2023,5,4,3
20.0,Female,Canada,Prince Edward Island,Basic,8.24,Desktop,2.0,0,2.2235418856535927,0,2024,5,12,6
36.0,Female,USA,Arizona,Premium,9.61,Gaming Console,3.0,0,2.3617969526258915,0,2024,5,21,1
34.0,Female,USA,Indiana,Premium,10.31,Gaming Console,1.0,0,2.425687290128029,0,2025,6,10,1
48.0,Female,USA,Illinois,Premium,3.67,Mobile,2.0,0,1.541159071680806,0,2025,2,18,1
32.0,Female,USA,Tennessee,Standard,10.09,Mobile,4.0,0,2.4060438013622756,0,2024,1,1,0
28.0,Male,Canada,Alberta,Premium+,6.02,Smart TV,3.0,0,1.9487632180377197,0,2023,9,17,6
44.0,Female,USA,New Jersey,Standard,38.88,Gaming Console,2.0,1,3.6858749450936377,0,2025,4,11,4
40.0,Female,Canada,Manitoba,Basic,3.91,Desktop,0.0,0,1.5912739418064292,1,2022,9,28,2
28.0,Female,USA,Massachusetts,Standard,8.81,Tablet,3.0,1,2.2834022735772717,0,2022,8,26,4
45.0,Female,USA,New York,Premium+,3.77,Mobile,7.0,1,1.5623463049002497,0,2023,6,7,2
31.0,Female,USA,Arizona,Standard,17.8,Smart TV,1.0,0,2.9338568698359038,0,2022,12,8,3
18.0,Male,USA,Ohio,Premium,21.811017452655033,Tablet,5.0,0,3.1272436408541084,0,2022,9,9,4
21.0,Male,USA,North Carolina,Premium,10.62,Mobile,2.0,0,2.4527277514237653,0,2024,8,29,3
43.0,Other,Canada,Newfoundland and Labrador,Basic,5.69,Smart TV,8.0,0,1.900613874140137,0,2024,3,23,5
41.0,Female,USA,Texas,Premium,21.811017452655033,Mobile,3.0,0,3.1272436408541084,0,2024,2,9,4
16.0,Female,USA,Washington,Premium,11.73,Desktop,0.0,0,2.543961412569315,1,2025,1,7,1
28.0,Male,Canada,Ontario,Premium,24.2,Smart TV,3.0,0,3.2268439945173775,0,2023,9,12,1
31.0,Other,USA,New York,Standard,30.74,Desktop,2.0,0,3.457577715098263,0,2022,9,1,3
57.0,Female,Canada,Alberta,Premium,17.82,Smart TV,1.0,0,2.9349201341572337,0,2024,9,14,5
26.0,Female,Canada,Nova Scotia,Basic,21.62,Laptop,3.0,0,3.1188344706879745,0,2024,4,3,2
28.0,Other,USA,Arizona,Premium+,2.03,Gaming Console,0.0,0,1.1085626195212777,1,2022,10,24,0
25.0,Female,USA,Michigan,Premium,23.29,Mobile,3.0,0,3.190064743014081,0,2023,2,18,5
38.0,Other,Canada,British Columbia,Premium,13.79,Smart TV,1.0,0,2.6939512767227085,0,2024,11,12,1
24.0,Male,Canada,Ontario,Premium,3.26,Desktop,3.0,0,1.449269160281279,0,2022,10,8,5
31.0,Other,USA,Maryland,Premium,34.82,Tablet,2.0,1,3.578506396632566,0,2022,12,14,2
52.0,Male,USA,Virginia,Basic,21.4,Laptop,2.0,0,3.109060958860994,0,2024,2,12,0
46.0,Male,USA,North Carolina,Premium+,17.66,Desktop,3.0,0,2.926382195419198,0,2023,3,10,4
28.0,Female,USA,Illinois,Standard,22.854736059479553,Gaming Console,5.0,0,3.1719827745379456,0,2024,1,31,2
27.0,Female,USA,Arizona,Basic,24.52,Gaming Console,4.0,0,3.239462458476589,0,2024,4,11,3
21.0,Male,USA,Ohio,Standard,36.54,Laptop,5.0,0,3.6254070311583626,0,2023,12,24,6
46.0,Female,USA,Missouri,Premium,13.48,Desktop,1.0,0,2.6727683869575705,0,2023,11,19,6
50.0,Male,USA,Massachusetts,Standard,63.69,Gaming Console,2.0,0,4.169606630055894,0,2024,2,17,5
26.0,Male,Canada,Manitoba,Basic,8.39,Mobile,1.0,0,2.2396452932201716,0,2022,9,3,5
32.0,Male,USA,Michigan,Standard,1.7,Laptop,1.0,0,0.9932517730102833,0,2023,7,13,3
27.0,Female,USA,New York,Premium,983.1,Laptop,1.0,0,6.89172751790494,0,2023,2,26,6
24.0,Male,Canada,Alberta,Basic,1.76,Gaming Console,0.0,0,1.0152306797290584,1,2023,3,16,3
21.0,Female,USA,North Carolina,Standard,10.88,Laptop,1.0,0,2.474856313934499,0,2024,11,16,5
31.0,Male,Canada,Quebec,Basic,4.97,Desktop,1.0,0,1.7867469274045107,0,2022,8,20,5
43.0,Male,Canada,Quebec,Premium,4.79,Laptop,1.0,0,1.7561322915849038,0,2024,11,10,6
15.0,Female,Canada,Saskatchewan,Standard,7.64,Tablet,1.0,0,2.1564025828159643,0,2023,6,27,1
48.0,Female,USA,Maryland,Premium,21.811017452655033,Gaming Console,0.0,0,3.1272436408541084,1,2025,3,16,6
36.0,Other,Canada,Nova Scotia,Premium+,35.69,Tablet,4.0,0,3.6025042383671906,0,2025,4,17,3
29.0,Male,USA,Tennessee,Premium+,55.81,Smart TV,3.0,0,4.039712366569035,0,2022,12,26,0
39.0,Male,USA,Florida,Standard,3.77,Mobile,3.0,1,1.5623463049002497,0,2023,4,26,2
37.0,Other,Canada,Prince Edward Island,Premium,7.28,Desktop,4.0,0,2.1138429683971687,0,2024,8,26,0
49.0,Male,Canada,Quebec,Premium,22.48,Laptop,1.0,1,3.1561489949598958,0,2025,4,22,1
48.0,Other,USA,Texas,Premium,56.59,Mobile,0.0,0,4.053348941518581,1,2023,8,30,2
51.0,Female,USA,Pennsylvania,Standard,35.68,Smart TV,5.0,1,3.602231647388264,0,2022,8,10,2
36.0,Female,USA,Tennessee,Premium,37.61,Gaming Console,3.0,0,3.653511310276145,0,2025,1,4,5
11.0,Male,USA,Missouri,Standard,30.9,Gaming Console,1.0,0,3.462606009790799,0,2025,1,13,0
35.0,Male,Canada,Ontario,Standard,13.96,Desktop,1.0,0,2.7053799725463312,0,2025,6,5,3
46.0,Male,USA,Virginia,Premium,9.04,Mobile,0.0,0,2.306577114263583,1,2025,5,9,4
47.0,Male,USA,Georgia,Standard,7.22,Smart TV,3.0,0,2.1065702090680882,0,2023,7,17,0
39.0,Female,Canada,New Brunswick,Standard,13.77,Desktop,4.0,0,2.6925980965432883,0,2024,8,15,3
32.0,Other,USA,Florida,Premium,5.11,Tablet,1.0,0,1.809926773183504,0,2025,5,17,5
29.0,Male,USA,Tennessee,Standard,22.854736059479553,Tablet,5.0,0,3.1719827745379456,0,2025,2,23,6
24.0,Female,USA,Texas,Standard,14.83,Gaming Console,3.0,0,2.761906873892921,0,2024,9,9,0
30.0,Female,Canada,Nova Scotia,Standard,15.85,Smart TV,1.0,0,2.8243506567983707,0,2024,9,19,3
26.0,Male,Canada,Newfoundland and Labrador,Premium,11.11,Tablet,6.0,0,2.494031557565001,0,2024,11,20,2
18.0,Male,USA,Virginia,Premium,21.41,Tablet,3.0,0,3.1095072878128356,0,2022,10,4,1
30.0,Other,USA,New Jersey,Premium,12.77,Mobile,1.0,1,2.6224923127405635,0,2025,5,29,3
33.0,Male,USA,Washington,Premium+,13.72,Gaming Console,0.0,0,2.6892071133007303,1,2024,3,29,4
46.0,Male,USA,Virginia,Standard,22.854736059479553,Laptop,4.0,0,3.1719827745379456,0,2023,11,20,0
19.0,Male,USA,Maryland,Premium,3.1,Mobile,5.0,1,1.410986973710262,0,2024,6,24,0
43.0,Male,Canada,Alberta,Premium,26.73,Tablet,3.0,0,3.322514859627687,0,2023,11,21,1
47.0,Female,USA,North Carolina,Premium,21.811017452655033,Desktop,7.0,0,3.1272436408541084,0,2024,12,27,4
31.0,Male,USA,New Jersey,Premium,3.84,Gaming Console,2.0,0,1.5769147207285403,0,2024,12,19,3
20.0,Female,USA,Ohio,Premium,8.95,Mobile,1.0,0,2.2975725511705014,0,2023,3,9,3
37.0,Female,Canada,Ontario,Premium,37.71,Gaming Console,4.0,0,3.6560979645895566,0,2023,12,24,6
48.0,Male,USA,North Carolina,Basic,20.136172344689378,Mobile,3.0,0,3.0509859018293035,0,2024,3,2,5
39.0,Female,USA,Indiana,Standard,5.28,Gaming Console,8.0,0,1.8373699804801074,0,2024,6,13,3
36.0,Female,Canada,Manitoba,Standard,22.854736059479553,Desktop,2.0,1,3.1719827745379456,0,2023,10,23,0
19.0,Male,USA,Massachusetts,Premium,19.01,Tablet,1.0,0,2.996232148595642,0,2022,8,14,6
29.0,Other,USA,Michigan,Premium+,2.31,Tablet,2.0,0,1.1969481893889715,0,2024,12,13,4
33.0,Other,USA,Massachusetts,Basic,8.2,Gaming Console,3.0,0,2.2192034840549946,0,2022,8,7,6
40.0,Female,USA,Georgia,Standard,22.854736059479553,Tablet,1.0,0,3.1719827745379456,0,2023,5,18,3
43.0,Male,USA,Washington,Premium,13.16,Smart TV,4.0,0,2.6504210882655737,0,2023,4,9,6
23.0,Other,USA,Arizona,Basic,7.74,Tablet,0.0,0,2.167910189667444,1,2024,6,18,1
40.0,Male,Canada,Nova Scotia,Premium,6.6,Mobile,1.0,0,2.028148247292285,0,2024,11,21,3
43.0,Male,USA,Missouri,Basic,1.44,Mobile,1.0,1,0.8919980393051105,0,2024,3,3,6
25.0,Male,Canada,Manitoba,Premium,32.16,Mobile,3.0,1,3.501344330267094,0,2023,3,15,2
38.0,Female,USA,Washington,Basic,12.47,Desktop,2.0,0,2.6004649904222727,0,2024,4,2,1
43.0,Male,USA,Wisconsin,Standard,16.19,Tablet,2.0,0,2.844327819394758,0,2024,4,5,4
19.0,Male,Canada,Saskatchewan,Premium+,15.47,Desktop,2.0,0,2.8015405441895487,0,2023,3,15,2
46.0,Female,Canada,British Columbia,Standard,8.76,Mobile,0.0,0,2.278292400425001,1,2025,2,5,2
52.0,Male,Canada,New Brunswick,Basic,3.25,Tablet,4.0,0,1.4469189829363254,0,2025,5,19,0
37.0,Female,USA,Pennsylvania,Premium,16.47,Mobile,6.0,1,2.8604851241459652,0,2024,3,1,4
33.0,Male,Canada,British Columbia,Basic,20.136172344689378,Laptop,4.0,0,3.0509859018293035,0,2024,9,11,2
45.0,Other,Canada,New Brunswick,Standard,10.53,Laptop,2.0,0,2.4449523342809676,0,2024,8,9,4
40.0,Male,USA,Virginia,Standard,6.94,Desktop,3.0,0,2.0719132752590443,0,2022,8,12,4
27.0,Male,USA,New Jersey,Premium,1.69,Mobile,6.0,0,0.9895411936137477,0,2023,3,12,6
36.0,Female,USA,Illinois,Standard,6.95,Gaming Console,3.0,0,2.0731719286662407,0,2025,6,7,5
37.0,Female,USA,Tennessee,Standard,596.4,Mobile,5.0,0,6.392586905782009,0,2023,9,21,3
28.0,Male,USA,Maryland,Basic,25.79,Mobile,5.0,0,3.2880286835565173,0,2025,7,13,6
26.0,Male,USA,Pennsylvania,Standard,7.98,Smart TV,5.0,0,2.194999882314108,0,2025,4,18,4
38.0,Male,USA,Florida,Basic,7.93,Gaming Console,2.0,0,2.189416394888408,0,2025,2,8,5
39.0,Male,Canada,Saskatchewan,Standard,25.04,Smart TV,3.0,0,3.2596338173403683,0,2023,7,17,0
41.0,Male,Canada,British Columbia,Standard,0.14,Gaming Console,3.0,0,0.13102826240640408,0,2024,2,13,1
42.0,Female,USA,Indiana,Premium+,19.675352862849536,Laptop,4.0,0,3.0289423078910556,0,2024,7,28,6
34.0,Male,USA,Massachusetts,Standard,6.1,Laptop,0.0,0,1.9600947840472698,1,2022,11,8,1
41.0,Male,USA,Maryland,Premium+,19.675352862849536,Laptop,1.0,0,3.0289423078910556,0,2024,11,22,4
41.0,Male,USA,Wisconsin,Basic,20.136172344689378,Desktop,5.0,0,3.0509859018293035,0,2023,5,23,1
48.0,Other,USA,Missouri,Premium,31.63,Gaming Console,3.0,0,3.4852321106052293,0,2024,7,1,0
32.0,Male,USA,Tennessee,Premium+,17.46,Laptop,1.0,0,2.9156062290747062,0,2025,5,10,5
29.0,Male,USA,Michigan,Premium+,19.675352862849536,Laptop,1.0,0,3.0289423078910556,0,2023,1,6,4
34.0,Female,USA,North Carolina,Premium,4.83,Smart TV,1.0,0,1.763017000362401,0,2022,8,4,3
39.0,Male,USA,New York,Basic,21.11,Gaming Console,2.0,1,3.096029994869355,0,2023,10,13,4
29.0,Male,USA,Missouri,Premium+,4.8,Desktop,1.0,0,1.7578579175523736,0,2025,4,27,6
39.0,Male,USA,Texas,Premium,5.07,Laptop,0.0,0,1.803358605071407,1,2023,8,20,6
42.0,Female,USA,Illinois,Premium,4.32,Mobile,3.0,0,1.6714733033535532,0,2024,7,7,6
52.0,Male,Canada,Saskatchewan,Premium,21.811017452655033,Tablet,5.0,0,3.1272436408541084,0,2024,5,26,6
26.0,Other,Canada,Quebec,Basic,17.42,Smart TV,1.0,0,2.913437030827161,0,2025,1,19,6
40.0,Male,USA,Ohio,Premium,13.35,Tablet,2.0,0,2.66374994220563,0,2025,7,19,5
33.0,Male,USA,Virginia,Premium+,2.8,Tablet,0.0,0,1.33500106673234,1,2023,11,2,3
21.0,Other,USA,Florida,Basic,7.26,Gaming Console,4.0,0,2.1114245875328868,0,2024,7,25,3
36.0,Male,USA,Georgia,Standard,5.53,Smart TV,1.0,0,1.8764069432883397,0,2022,12,9,4
31.0,Male,USA,Illinois,Basic,12.82,Gaming Console,2.0,0,2.626116818339524,0,2023,2,8,2
39.0,Female,USA,Virginia,Premium+,28.68,Mobile,2.0,1,3.39047341829918,0,2023,7,19,2
39.0,Male,USA,California,Basic,20.136172344689378,Smart TV,4.0,0,3.0509859018293035,0,2024,12,21,5
47.0,Other,USA,Indiana,Premium,8.08,Gaming Console,0.0,1,2.206074192613202,1,2023,10,18,2
54.0,Female,USA,New York,Premium,1.49,Gaming Console,3.0,0,0.9122827104766162,0,2024,1,29,0
42.0,Female,USA,Massachusetts,Premium,5.66,Smart TV,3.0,0,1.8961194845522977,0,2025,7,30,2
26.0,Female,Canada,Newfoundland and Labrador,Premium+,13.23,Gaming Console,0.0,0,2.655352412101761,1,2023,1,25,2
20.0,Female,USA,Missouri,Premium,36.48,Tablet,3.0,0,3.6238074573702215,0,2023,10,12,3
53.0,Female,Canada,New Brunswick,Basic,21.82,Laptop,3.0,0,3.1276373444339294,0,2022,8,15,0
39.0,Female,USA,Tennessee,Standard,6.66,Tablet,5.0,0,2.0360119837525,0,2022,8,25,3
41.0,Female,Canada,Nova Scotia,Standard,9.15,Tablet,6.0,0,2.3174737054877963,0,2024,10,7,0
32.0,Female,USA,Massachusetts,Premium,5.08,Gaming Console,4.0,1,1.8050046959780757,0,2024,12,6,4
33.0,Other,USA,Maryland,Premium,13.9,Laptop,3.0,0,2.7013612129514133,0,2023,1,12,3
32.0,Female,USA,Missouri,Premium,48.04,Gaming Console,2.0,0,3.892636291627956,0,2022,9,23,4
12.0,Male,USA,North Carolina,Premium,10.41,Desktop,0.0,0,2.4344901638739844,1,2023,8,9,2
41.0,Male,USA,Massachusetts,Premium,0.42,Smart TV,2.0,0,0.3506568716131694,0,2024,9,16,0
38.0,Male,USA,Ohio,Premium+,8.33,Desktop,3.0,0,2.2332350148592526,0,2024,1,9,1
51.0,Other,USA,New Jersey,Standard,0.35,Gaming Console,2.0,0,0.3001045924503381,0,2024,8,26,0
35.0,Female,Canada,Saskatchewan,Premium,1.68,Smart TV,1.0,0,0.9858167945227653,0,2024,4,2,1
47.0,Female,USA,Washington,Standard,14.94,Gaming Console,3.0,0,2.768831673362069,0,2022,8,28,6
36.0,Female,USA,Indiana,Premium,19.87,Smart TV,0.0,0,3.038312721089109,1,2025,7,20,6
26.0,Male,USA,Georgia,Standard,18.82,Tablet,1.0,0,2.986691528901842,0,2025,3,22,5
38.0,Male,USA,Virginia,Premium,7.03,Tablet,1.0,0,2.0831845279586703,0,2023,1,14,5
37.0,Male,USA,Indiana,Standard,15.01,Gaming Console,3.0,0,2.773213527008623,0,2022,8,20,5
30.0,Male,USA,Illinois,Premium+,10.78,Tablet,1.0,0,2.4664031782234406,0,2023,9,3,6
31.0,Male,USA,Florida,Standard,18.05,Smart TV,2.0,0,2.94706710157271,0,2022,8,16,1
44.0,Other,Canada,Nova Scotia,Premium,25.18,Smart TV,1.0,0,3.264995760481754,0,2023,2,10,4
15.0,Male,USA,Missouri,Standard,59.06,Laptop,0.0,0,4.095344062555184,1,2023,6,16,4
47.0,Male,Canada,Quebec,Basic,16.71,Laptop,2.0,0,2.8741294517947424,0,2022,10,16,6
47.0,Male,USA,California,Standard,15.64,Gaming Console,5.0,0,2.8118094353930627,0,2025,1,9,3
32.0,Male,USA,Tennessee,Standard,17.85,Mobile,3.0,0,2.93651291389402,0,2023,8,5,5
35.0,Male,Canada,Alberta,Standard,25.26,Tablet,0.0,0,3.26804686887465,1,2022,10,5,2
40.0,Male,USA,California,Premium,20.35,Smart TV,0.0,0,3.0610517396746335,1,2024,12,23,0
29.0,Female,Canada,Alberta,Standard,22.0,Smart TV,2.0,0,3.1354942159291497,0,2024,3,7,3
51.0,Male,USA,Missouri,Standard,24.44,Smart TV,0.0,0,3.2363227384719213,1,2023,12,10,6
22.0,Male,USA,Florida,Premium,11.68,Mobile,4.0,1,2.5400259490090797,0,2022,9,18,6
36.0,Female,Canada,Saskatchewan,Standard,5.7,Desktop,4.0,0,1.9021075263969205,0,2024,4,12,4
42.0,Other,Canada,Ontario,Premium,43.88,Desktop,3.0,0,3.803992261214441,0,2024,6,28,4
50.0,Male,USA,Texas,Basic,36.69,Gaming Console,3.0,0,3.629394807279044,0,2024,7,31,2
41.0,Male,USA,Tennessee,Standard,28.0,Tablet,1.0,0,3.367295829986474,0,2022,11,23,2
34.0,Male,USA,Georgia,Premium,2.62,Laptop,1.0,1,1.2864740258376797,0,2024,3,13,2
29.0,Male,USA,Michigan,Basic,6.99,Laptop,1.0,0,2.0781907597781832,0,2024,7,18,3
41.0,Female,USA,Massachusetts,Standard,4.1,Mobile,3.0,0,1.62924053973028,0,2023,3,27,0
42.0,Female,USA,New Jersey,Premium,10.09,Desktop,0.0,0,2.4060438013622756,1,2023,2,9,3
21.0,Female,USA,New Jersey,Premium,2.68,Mobile,2.0,0,1.3029127521808397,0,2022,9,11,6
41.0,Male,USA,Tennessee,Premium,29.22,Smart TV,0.0,1,3.4085039568445934,1,2025,1,22,2
19.0,Other,USA,Arizona,Premium,21.811017452655033,Laptop,0.0,0,3.1272436408541084,1,2022,9,18,6
35.0,Female,USA,Pennsylvania,Standard,13.49,Gaming Console,4.0,0,2.673458756332591,0,2022,12,21,2
52.0,Female,USA,Ohio,Premium,28.55,Smart TV,1.0,0,3.386083743852107,0,2024,7,26,4
18.0,Female,Canada,Prince Edward Island,Premium+,18.49,Laptop,2.0,0,2.9699015135194693,0,2024,7,8,0
21.0,Female,USA,Florida,Standard,2.16,Laptop,2.0,0,1.1505720275988207,0,2025,7,7,0
34.0,Female,USA,Wisconsin,Premium,4.33,Tablet,3.0,1,1.673351238177753,0,2024,2,8,3
51.0,Female,USA,Tennessee,Standard,17.96,Mobile,1.0,0,2.942331496826876,0,2024,5,31,4
46.0,Female,USA,Texas,Basic,7.67,Gaming Console,0.0,1,2.1598687907924505,1,2025,4,7,0
37.0,Female,USA,North Carolina,Standard,36.07,Gaming Console,2.0,0,3.612808017162641,0,2023,9,14,3
52.0,Male,USA,Massachusetts,Standard,15.11,Gaming Console,4.0,0,2.779440197188883,0,2023,9,19,1
41.0,Other,USA,New York,Basic,7.65,Laptop,1.0,0,2.157559320943788,0,2024,2,13,1
15.0,Female,USA,Tennessee,Premium+,36.65,Gaming Console,3.0,0,3.6283329542459026,0,2023,2,4,5
26.0,Other,USA,Tennessee,Premium,14.5,Mobile,4.0,0,2.740840023925201,0,2024,5,14,1
32.0,Male,USA,Massachusetts,Premium,3.01,Laptop,2.0,0,1.3887912413184778,0,2023,11,11,5
27.0,Male,USA,Michigan,Premium,8.38,Gaming Console,1.0,0,2.238579763018133,0,2025,1,16,3
27.0,Female,USA,Florida,Premium,12.64,Smart TV,3.0,1,2.613006652415316,0,2023,4,20,3
23.0,Female,Canada,Prince Edward Island,Premium,18.51,Gaming Console,2.0,0,2.97092715463502,0,2024,5,25,5
52.0,Female,Canada,Manitoba,Standard,47.86,Smart TV,4.0,0,3.8889590658295945,0,2022,12,2,4
17.0,Male,USA,Maryland,Standard,22.854736059479553,Smart TV,1.0,1,3.1719827745379456,0,2022,8,24,2
46.0,Female,Canada,Nova Scotia,Standard,18.12,Gaming Console,0.0,0,2.9507349076232554,1,2022,10,9,6
26.0,Female,USA,Indiana,Standard,48.04,Desktop,0.0,0,3.892636291627956,1,2025,5,10,5
41.0,Female,USA,Indiana,Premium+,10.48,Laptop,5.0,0,2.4406063908914204,0,2024,10,6,6
35.0,Other,Canada,Nova Scotia,Premium,18.06,Desktop,1.0,0,2.947591898226056,0,2024,3,10,6
38.0,Female,USA,Illinois,Standard,22.854736059479553,Gaming Console,1.0,0,3.1719827745379456,0,2025,7,9,2
20.0,Male,USA,Massachusetts,Premium,21.811017452655033,Laptop,2.0,0,3.1272436408541084,0,2023,8,28,0
40.0,Female,USA,Texas,Premium,6.03,Mobile,3.0,1,1.9501867058225735,0,2023,2,25,5
35.0,Female,Canada,Alberta,Standard,4.13,Gaming Console,1.0,1,1.6351056591826783,0,2023,6,13,1
24.0,Male,Canada,Newfoundland and Labrador,Standard,8.24,Tablet,2.0,0,2.2235418856535927,0,2025,4,17,3
30.0,Male,USA,Missouri,Standard,10.05,Laptop,0.0,1,2.402430427963762,1,2024,4,23,1
49.0,Male,USA,Indiana,Premium+,18.35,Smart TV,1.0,0,2.962692419475791,0,2023,2,4,5
25.0,Female,Canada,Nova Scotia,Premium,13.79,Smart TV,0.0,0,2.6939512767227085,1,2022,8,28,6
43.0,Male,Canada,Newfoundland and Labrador,Standard,4.2,Laptop,4.0,0,1.6486586255873816,0,2024,12,23,0
50.0,Male,USA,California,Standard,9.21,Mobile,3.0,0,2.3233676321765744,0,2023,10,17,1
26.0,Female,USA,Illinois,Premium+,19.675352862849536,Desktop,7.0,0,3.0289423078910556,0,2023,6,3,5
29.0,Other,USA,Ohio,Basic,16.26,Smart TV,1.0,0,2.848391685655282,0,2025,4,5,5
57.0,Female,USA,Missouri,Premium+,10.45,Desktop,0.0,1,2.4379897300002487,1,2023,9,14,3
22.0,Female,Canada,Quebec,Premium,39.73,Smart TV,0.0,0,3.706964921660321,1,2025,3,29,5
36.0,Female,USA,Pennsylvania,Standard,18.33,Desktop,2.0,0,2.9616582932202395,0,2025,1,28,1
22.0,Female,Canada,Alberta,Standard,2.26,Gaming Console,5.0,0,1.1817271953786161,0,2023,6,16,4
36.0,Male,Canada,Saskatchewan,Basic,27.17,Mobile,3.0,0,3.338257581888281,0,2022,12,8,3
35.0,Male,Canada,Nova Scotia,Premium+,19.675352862849536,Laptop,2.0,1,3.0289423078910556,0,2023,10,16,0
31.0,Male,USA,Missouri,Premium,5.46,Tablet,2.0,0,1.8656293177945105,0,2023,12,14,3
29.0,Male,Canada,British Columbia,Standard,4.42,Smart TV,3.0,0,1.6900958154515549,0,2025,7,3,3
37.0,Female,USA,Wisconsin,Standard,34.31,Gaming Console,5.0,0,3.564166209940295,0,2023,1,22,6
29.0,Male,USA,Washington,Basic,3.67,Gaming Console,5.0,0,1.541159071680806,0,2024,1,22,0
28.0,Other,USA,Arizona,Basic,24.86,Mobile,1.0,0,3.2526973733437115,0,2023,2,23,3
21.0,Female,Canada,Nova Scotia,Premium,16.32,Gaming Console,1.0,0,2.851861903134289,0,2023,4,6,3
51.0,Male,USA,Indiana,Basic,23.4,Smart TV,4.0,0,3.1945831322991562,0,2023,3,4,5
39.0,Male,USA,New York,Premium+,16.18,Gaming Console,1.0,0,2.8437459165561094,0,2023,10,5,3
23.0,Female,Canada,Nova Scotia,Premium,10.87,Laptop,2.0,0,2.4740142086215764,0,2022,12,10,5
27.0,Other,USA,California,Standard,24.03,Mobile,0.0,0,3.2200751054436827,1,2025,6,16,0
27.0,Male,USA,Texas,Standard,9.12,Gaming Console,0.0,0,2.3145136638593193,1,2022,12,5,0
27.0,Female,USA,Arizona,Standard,29.1,Laptop,4.0,0,3.40452517175483,0,2025,7,18,4
42.0,Female,Canada,Nova Scotia,Premium+,2.36,Smart TV,2.0,0,1.2119409739751128,0,2023,7,28,4
37.0,Female,USA,Illinois,Standard,7.52,Laptop,5.0,0,2.1424163408412245,0,2025,6,28,5
32.0,Female,USA,New Jersey,Basic,5.21,Laptop,3.0,0,1.8261608959453874,0,2024,3,30,5
27.0,Male,USA,California,Standard,21.01,Smart TV,2.0,0,3.0914968955383704,0,2025,4,21,0
32.0,Female,Canada,Nova Scotia,Premium+,15.26,Smart TV,3.0,0,2.7887081041196646,0,2024,1,1,0
56.0,Other,Canada,Manitoba,Basic,4.96,Desktop,2.0,0,1.7850704810772584,0,2023,9,14,3
38.0,Female,USA,Washington,Premium,5.45,Laptop,3.0,0,1.864080130807681,0,2024,4,10,2
39.0,Female,Canada,Quebec,Premium+,4.3,Mobile,7.0,0,1.667706820558076,0,2023,3,23,3
32.0,Female,USA,New Jersey,Basic,17.22,Laptop,2.0,0,2.9025198918318122,0,2023,6,4,6
36.0,Male,Canada,Prince Edward Island,Premium,5.0,Tablet,2.0,0,1.791759469228055,0,2024,10,22,1
24.0,Female,USA,Missouri,Premium,21.811017452655033,Gaming Console,3.0,1,3.1272436408541084,0,2025,3,16,6
35.0,Female,USA,Missouri,Premium,14.42,Smart TV,2.0,0,2.7356653681351832,0,2023,10,6,4
39.0,Male,Canada,Nova Scotia,Standard,8.6,Mobile,2.0,0,2.2617630984737906,0,2024,8,28,2
41.0,Male,Canada,Ontario,Premium,26.02,Desktop,2.0,0,3.2965773325320527,0,2025,4,14,0
23.0,Other,USA,Pennsylvania,Basic,12.66,Mobile,5.0,0,2.614471854142644,0,2023,10,26,3
38.0,Male,USA,Tennessee,Premium,27.72,Gaming Console,3.0,0,3.3575937441800234,0,2023,2,13,0
32.0,Male,Canada,New Brunswick,Premium,21.811017452655033,Tablet,2.0,0,3.1272436408541084,0,2025,5,19,0
47.0,Female,USA,Virginia,Basic,15.76,Tablet,0.0,0,2.818995095053937,1,2023,1,12,3
42.0,Female,USA,Indiana,Standard,9.79,Desktop,2.0,0,2.378619779270043,0,2023,1,27,4
29.0,Male,USA,Georgia,Basic,4.89,Desktop,4.0,0,1.7732559976634952,0,2024,11,27,2
14.0,Male,Canada,Saskatchewan,Basic,20.75,Laptop,3.0,0,3.079613757534693,0,2023,5,21,6
39.0,Female,Canada,Quebec,Premium,7.25,Smart TV,4.0,0,2.1102132003465894,0,2022,12,9,4
37.0,Male,USA,Georgia,Premium,6.66,Smart TV,2.0,0,2.0360119837525,0,2024,6,6,3
41.0,Male,Canada,Saskatchewan,Basic,4.66,Mobile,4.0,1,1.7334238922150915,0,2023,5,1,0
53.0,Female,USA,Ohio,Standard,18.05,Smart TV,3.0,0,2.94706710157271,0,2024,5,4,5
27.0,Female,USA,New Jersey,Premium+,10.19,Mobile,2.0,1,2.4150205223238337,0,2023,12,25,0
38.0,Male,USA,Wisconsin,Basic,17.02,Tablet,2.0,0,2.8914822521801917,0,2022,9,25,6
31.0,Female,Canada,Newfoundland and Labrador,Basic,27.13,Smart TV,4.0,0,3.3368366225017656,0,2023,7,28,4
38.0,Female,USA,Georgia,Standard,4.42,Laptop,2.0,0,1.6900958154515549,0,2022,8,17,2
49.0,Male,Canada,New Brunswick,Premium,5.34,Mobile,4.0,0,1.8468787684491346,0,2023,5,28,6
30.0,Male,USA,Maryland,Basic,20.136172344689378,Desktop,1.0,0,3.0509859018293035,0,2025,5,25,6
32.0,Female,Canada,Quebec,Basic,9.55,Gaming Console,4.0,0,2.3561258599220753,0,2023,1,12,3
38.0,Other,Canada,New Brunswick,Basic,5.93,Gaming Console,1.0,0,1.9358598132018119,0,2024,4,23,1
26.0,Female,Canada,Alberta,Basic,7.89,Laptop,6.0,0,2.1849270495258133,0,2024,8,22,3
27.0,Male,USA,Pennsylvania,Premium+,17.68,Gaming Console,4.0,0,2.9274534328006965,0,2025,6,25,2
29.0,Other,USA,North Carolina,Standard,17.11,Mobile,2.0,0,2.896464271895322,0,2023,7,4,1
31.0,Female,USA,Tennessee,Premium+,3.1,Tablet,0.0,0,1.410986973710262,1,2022,10,21,4
38.0,Female,Canada,Quebec,Premium,51.01,Smart TV,2.0,0,3.9514360077849813,0,2025,4,18,4
24.0,Other,Canada,Prince Edward Island,Premium,25.52,Desktop,2.0,0,3.277899165317662,0,2025,7,1,1
39.0,Male,USA,Missouri,Premium,11.34,Laptop,0.0,1,2.5128460184772416,1,2025,5,13,1
32.0,Female,USA,Maryland,Premium+,9.74,Desktop,0.0,0,2.3739750890807185,1,2025,7,8,1
34.0,Male,Canada,Quebec,Basic,19.5,Gaming Console,1.0,0,3.0204248861443626,0,2025,7,11,4
31.0,Female,Canada,Manitoba,Standard,5.14,Desktop,3.0,0,1.814824742159051,0,2024,7,14,6
56.0,Female,USA,Arizona,Standard,16.29,Desktop,6.0,0,2.850128299695199,0,2024,2,15,3
43.0,Female,USA,Maryland,Premium,6.0,Laptop,2.0,0,1.9459101490553132,0,2025,3,14,4
53.0,Male,Canada,Alberta,Standard,13.48,Gaming Console,3.0,0,2.6727683869575705,0,2024,7,28,6
30.0,Other,USA,Missouri,Premium,21.811017452655033,Mobile,2.0,0,3.1272436408541084,0,2023,2,22,2
26.0,Female,Canada,Saskatchewan,Standard,0.34,Desktop,2.0,1,0.29266961396282,0,2022,9,28,2
33.0,Female,Canada,British Columbia,Premium,11.68,Laptop,4.0,1,2.5400259490090797,0,2024,8,23,4
30.0,Male,USA,Maryland,Standard,8.8,Mobile,3.0,0,2.2823823856765264,0,2023,4,12,2
29.0,Male,USA,Michigan,Standard,16.99,Tablet,0.0,1,2.8898160479624417,1,2023,6,10,5
35.0,Female,USA,North Carolina,Premium+,6.42,Mobile,1.0,0,2.004179057179289,0,2024,11,18,0
53.0,Male,USA,Massachusetts,Standard,14.54,Laptop,1.0,0,2.7434173449395014,0,2023,1,5,3
50.0,Male,Canada,Prince Edward Island,Standard,1.51,Tablet,5.0,0,0.9202827531436926,0,2023,12,12,1
13.0,Female,USA,Missouri,Premium,21.76,Mobile,2.0,0,3.1250046092581303,0,2025,3,8,5
26.0,Other,USA,Illinois,Basic,28.73,Gaming Console,2.0,0,3.3921566370100065,0,2024,1,9,1
42.0,Other,Canada,New Brunswick,Premium,23.87,Gaming Console,2.0,1,3.2136622578153133,0,2024,2,23,4
31.0,Male,Canada,New Brunswick,Premium,3.42,Desktop,1.0,1,1.4861396960896067,0,2022,9,17,5
45.0,Male,USA,Texas,Premium,25.26,Laptop,0.0,0,3.26804686887465,1,2022,9,6,1
37.0,Male,USA,Indiana,Premium,13.7,Desktop,3.0,0,2.6878474937846906,0,2024,12,4,2
36.0,Male,USA,Maryland,Premium,13.7,Laptop,2.0,1,2.6878474937846906,0,2023,9,18,0
51.0,Female,USA,Pennsylvania,Standard,4.9,Desktop,1.0,1,1.7749523509116738,0,2024,8,25,6
37.0,Other,Canada,Nova Scotia,Premium,21.811017452655033,Desktop,3.0,0,3.1272436408541084,0,2024,2,7,2
26.0,Other,USA,Texas,Premium,13.65,Smart TV,1.0,0,2.6844403354630764,0,2022,11,25,4
28.0,Male,Canada,Nova Scotia,Premium,5.06,Tablet,3.0,0,1.801709800081223,0,2025,7,19,5
42.0,Male,USA,Arizona,Basic,35.3,Mobile,1.0,0,3.591817741270805,0,2024,9,21,5
30.0,Female,Canada,Newfoundland and Labrador,Standard,22.854736059479553,Gaming Console,4.0,0,3.1719827745379456,0,2024,12,19,3
27.0,Other,USA,Maryland,Basic,18.85,Desktop,8.0,0,2.9882040071331994,0,2023,10,7,5
50.0,Male,USA,Pennsylvania,Standard,12.09,Mobile,3.0,0,2.5718485799218085,0,2025,2,21,4
29.0,Male,USA,Ohio,Standard,13.48,Laptop,2.0,0,2.6727683869575705,0,2025,6,18,2
29.0,Female,Canada,Prince Edward Island,Standard,21.99,Laptop,2.0,0,3.1350593387750902,0,2024,10,30,2
16.0,Female,USA,Tennessee,Premium,4.96,Desktop,0.0,0,1.7850704810772584,1,2025,7,22,1
17.0,Female,USA,Tennessee,Basic,13.4,Mobile,4.0,0,2.667228206581955,0,2023,2,14,1
54.0,Male,USA,Wisconsin,Standard,9.06,Gaming Console,2.0,1,2.3085671646715933,0,2024,8,14,2
58.0,Male,USA,Arizona,Basic,12.09,Mobile,4.0,1,2.5718485799218085,0,2024,9,24,1
34.0,Male,USA,Maryland,Standard,22.854736059479553,Gaming Console,1.0,0,3.1719827745379456,0,2025,4,22,1
30.0,Male,USA,California,Premium,21.811017452655033,Mobile,1.0,1,3.1272436408541084,0,2024,3,29,4
29.0,Female,USA,Ohio,Basic,6.76,Smart TV,1.0,0,2.048982334195127,0,2023,12,29,4
41.0,Female,Canada,Saskatchewan,Premium,5.5,Tablet,0.0,0,1.8718021769015913,1,2022,9,16,4
40.0,Other,USA,Washington,Standard,3.05,Smart TV,1.0,0,1.3987168811184478,0,2025,7,6,6
33.0,Female,USA,Maryland,Premium,2.55,Laptop,2.0,1,1.2669476034873244,0,2024,11,17,6
41.0,Male,USA,Missouri,Standard,9.11,Desktop,2.0,0,2.3135250330323798,0,2024,12,24,1
17.0,Female,Canada,Ontario,Premium+,19.675352862849536,Tablet,0.0,0,3.0289423078910556,1,2025,5,27,1
31.0,Female,Canada,Prince Edward Island,Basic,20.136172344689378,Smart TV,4.0,1,3.0509859018293035,0,2025,7,26,5
31.0,Other,USA,Missouri,Premium,18.68,Smart TV,1.0,1,2.9796028916241073,0,2024,11,12,1
48.0,Other,USA,Pennsylvania,Standard,26.61,Gaming Console,0.0,0,3.3181780259420632,1,2023,4,18,1
59.0,Female,USA,Wisconsin,Basic,51.84,Desktop,2.0,0,3.9672684796541247,0,2023,3,25,5
43.0,Other,USA,California,Standard,15.71,Desktop,1.0,0,2.8160073426073025,0,2023,10,19,3
55.0,Other,USA,Texas,Standard,23.98,Laptop,5.0,0,3.2180755046974316,0,2022,10,27,3
36.0,Male,Canada,Ontario,Premium,2.68,Mobile,3.0,0,1.3029127521808397,0,2024,5,1,2
34.0,Male,USA,Indiana,Premium,17.72,Mobile,5.0,0,2.929592471049446,0,2023,6,15,3
24.0,Other,USA,North Carolina,Premium+,6.51,Laptop,5.0,1,2.0162354657760435,0,2025,3,23,6
45.0,Male,USA,Ohio,Basic,6.73,Desktop,2.0,0,2.0451088625993306,0,2024,12,7,5
37.0,Male,USA,New Jersey,Premium,6.19,Desktop,2.0,0,1.9726911717329554,0,2023,3,10,4
15.0,Female,USA,Missouri,Premium,22.06,Mobile,2.0,0,3.138099514840913,0,2022,9,6,1
29.0,Female,USA,Virginia,Premium,34.78,Laptop,2.0,0,3.5773890780805733,0,2022,8,17,2
28.0,Female,USA,Wisconsin,Standard,23.23,Smart TV,2.0,0,3.1875915348284343,0,2024,8,12,0
36.0,Male,USA,Tennessee,Premium,14.43,Laptop,1.0,0,2.7363136663750693,0,2024,9,3,1
37.0,Male,USA,Maryland,Premium,10.99,Laptop,1.0,0,2.4840729690394228,0,2024,7,23,1
57.0,Female,USA,Wisconsin,Standard,14.18,Gaming Console,2.0,0,2.719978771967484,0,2023,3,10,4
24.0,Male,USA,Missouri,Standard,10.48,Mobile,5.0,0,2.4406063908914204,0,2023,6,8,3
19.0,Male,USA,Virginia,Premium,7.9,Desktop,6.0,0,2.186051276738094,0,2023,10,30,0
32.0,Female,USA,Michigan,Premium,11.14,Mobile,5.0,0,2.4965057856313524,0,2024,3,14,3
37.0,Male,USA,Missouri,Premium,22.72,Laptop,2.0,0,3.1663185741295248,0,2023,12,17,6
59.0,Male,Canada,Quebec,Basic,6.06,Desktop,7.0,0,1.9544450515051506,0,2023,1,7,5
42.0,Female,Canada,New Brunswick,Premium,2.99,Mobile,1.0,1,1.3837912309017721,0,2023,10,14,5
40.0,Female,USA,Florida,Premium,41.87,Mobile,5.0,0,3.7581722806098856,0,2023,12,9,5
36.0,Female,USA,Georgia,Premium,7.41,Desktop,2.0,1,2.1294214739848565,0,2023,7,20,3
32.0,Other,USA,Tennessee,Premium,21.811017452655033,Smart TV,1.0,0,3.1272436408541084,0,2024,6,29,5
33.0,Female,USA,Washington,Premium,4.93,Smart TV,0.0,0,1.780024213009634,1,2025,3,31,0
33.0,Other,USA,Washington,Basic,22.51,Desktop,2.0,0,3.157425862551978,0,2024,7,18,3
19.0,Other,Canada,Nova Scotia,Premium,21.811017452655033,Gaming Console,2.0,0,3.1272436408541084,0,2025,3,27,3
43.0,Other,USA,Florida,Premium,21.811017452655033,Gaming Console,0.0,0,3.1272436408541084,1,2022,9,28,2
40.0,Male,USA,Arizona,Premium,45.57,Smart TV,5.0,0,3.840956556994286,0,2023,2,17,4
41.0,Other,USA,Arizona,Premium,6.64,Tablet,1.0,0,2.033397603178429,0,2022,9,11,6
17.0,Female,USA,Texas,Premium,7.34,Smart TV,6.0,1,2.1210632163706555,0,2023,7,19,2
34.0,Female,USA,Virginia,Basic,13.67,Mobile,5.0,0,2.6858045921548905,0,2024,4,11,3
18.0,Female,Canada,Manitoba,Premium,17.29,Laptop,4.0,0,2.906354462402774,0,2024,1,20,5
26.0,Other,USA,New Jersey,Standard,16.98,Laptop,3.0,0,2.8892600290434745,0,2022,8,6,5
19.0,Male,Canada,Manitoba,Premium,4.3,Laptop,3.0,0,1.667706820558076,0,2024,7,14,6
12.0,Female,USA,New York,Standard,9.66,Gaming Console,2.0,0,2.3664984187376983,0,2024,12,10,1
41.0,Female,Canada,Quebec,Standard,12.94,Tablet,0.0,1,2.6347624053323777,1,2024,8,20,1
40.0,Male,USA,Maryland,Standard,12.58,Mobile,0.0,0,2.60859812213055,1,2023,7,18,1
39.0,Male,Canada,Ontario,Standard,16.87,Desktop,1.0,0,2.8831233291713367,0,2023,5,22,0
25.0,Male,USA,Ohio,Standard,12.13,Tablet,5.0,0,2.574899688314705,0,2024,7,29,0
14.0,Male,USA,Michigan,Basic,13.11,Mobile,1.0,0,2.6468837658647226,0,2023,4,16,6
20.0,Male,Canada,Nova Scotia,Premium,32.16,Gaming Console,2.0,0,3.501344330267094,0,2023,11,22,2
41.0,Female,Canada,Saskatchewan,Standard,26.2,Desktop,2.0,0,3.3032169733019514,0,2022,12,17,5
48.0,Female,Canada,Nova Scotia,Premium,30.56,Laptop,0.0,0,3.4518904959776733,1,2024,2,1,3
43.0,Female,Canada,Quebec,Standard,8.88,Gaming Console,0.0,0,2.2905125117597764,1,2023,11,20,0
50.0,Female,USA,Georgia,Standard,3.68,Desktop,2.0,0,1.5432981099295553,0,2024,7,30,1
14.0,Male,USA,Texas,Basic,41.61,Mobile,6.0,0,3.7520889675118205,0,2025,1,21,1
31.0,Male,USA,Illinois,Standard,15.54,Smart TV,4.0,1,2.805781689595545,0,2023,12,31,6
53.0,Male,USA,Pennsylvania,Premium,15.22,Desktop,5.0,0,2.7862450486872667,0,2024,7,27,5
26.0,Other,Canada,Prince Edward Island,Basic,41.57,Gaming Console,0.0,0,3.751149779840061,1,2023,12,24,6
38.0,Female,Canada,Quebec,Premium,7.18,Tablet,1.0,0,2.1016921506146558,0,2023,7,7,4
42.0,Female,Canada,Ontario,Premium+,15.26,Laptop,0.0,0,2.7887081041196646,1,2025,7,5,5
40.0,Male,USA,Massachusetts,Premium+,7.71,Gaming Console,1.0,1,2.1644717908644115,0,2024,3,8,4
36.0,Other,USA,Indiana,Basic,4.62,Laptop,4.0,0,1.7263316639055997,0,2022,9,26,0
27.0,Female,Canada,Ontario,Standard,10.48,Tablet,2.0,0,2.4406063908914204,0,2024,6,5,2
38.0,Female,USA,Georgia,Basic,34.46,Laptop,1.0,1,3.5684053006460617,0,2023,4,8,5
34.0,Male,USA,Illinois,Premium,12.86,Laptop,5.0,1,2.6290069937617573,0,2025,4,5,5
18.0,Male,USA,California,Basic,0.96,Laptop,3.0,0,0.6729444732424258,0,2023,8,5,5
36.0,Female,USA,North Carolina,Premium,14.57,Mobile,3.0,0,2.745345985845907,0,2023,2,17,4
29.0,Male,USA,New Jersey,Premium,12.88,Laptop,2.0,0,2.6304489550786583,0,2024,8,4,6
10.0,Female,USA,Illinois,Premium,11.1,Desktop,2.0,0,2.4932054526026954,0,2024,8,31,5
42.0,Female,Canada,British Columbia,Premium,5.66,Laptop,2.0,1,1.8961194845522977,0,2023,9,12,1
51.0,Female,Canada,British Columbia,Standard,6.09,Laptop,0.0,0,1.958685340544036,1,2025,7,19,5
21.0,Male,USA,Ohio,Standard,20.03,Mobile,4.0,1,3.0459499897146083,0,2023,7,31,0
29.0,Male,USA,Ohio,Standard,30.48,Desktop,0.0,0,3.4493524235492026,1,2024,5,31,4
12.0,Male,USA,Illinois,Standard,21.81,Tablet,3.0,0,3.1271990362962967,0,2022,12,25,6
45.0,Female,Canada,Quebec,Standard,24.11,Tablet,5.0,1,3.2232661731694936,0,2022,9,30,4
19.0,Female,USA,Florida,Premium,6.61,Desktop,4.0,0,2.0294631718735947,0,2022,8,3,2
41.0,Female,USA,New Jersey,Premium,37.74,Gaming Console,8.0,0,3.65687265797885,0,2023,4,26,2
26.0,Male,USA,Florida,Basic,24.98,Gaming Console,2.0,0,3.2573270112424533,0,2023,11,18,5
34.0,Female,USA,Virginia,Standard,10.81,Laptop,3.0,1,2.468946630209271,0,2025,4,26,5
14.0,Female,USA,Ohio,Basic,22.18,Smart TV,3.0,0,3.1432898379116057,0,2025,6,19,3
32.0,Female,USA,Michigan,Premium+,19.675352862849536,Smart TV,0.0,0,3.0289423078910556,1,2025,2,24,0
38.0,Female,Canada,Newfoundland and Labrador,Basic,11.17,Laptop,2.0,0,2.498973906999436,0,2024,10,5,5
43.0,Female,Canada,Prince Edward Island,Standard,22.854736059479553,Mobile,5.0,0,3.1719827745379456,0,2023,11,6,0
30.0,Female,USA,Virginia,Standard,22.854736059479553,Smart TV,6.0,0,3.1719827745379456,0,2022,9,25,6
33.0,Female,Canada,British Columbia,Premium,3.25,Laptop,3.0,0,1.4469189829363254,0,2023,4,12,2
51.0,Male,USA,Missouri,Premium,26.45,Tablet,5.0,0,3.3123661679555396,0,2025,5,12,0
49.0,Male,USA,Texas,Standard,5.72,Tablet,5.0,0,1.9050881545350582,0,2023,5,25,3
27.0,Female,USA,Wisconsin,Premium,21.4,Tablet,1.0,0,3.109060958860994,0,2024,12,14,5
43.0,Female,USA,Texas,Standard,23.59,Laptop,1.0,0,3.202339856228101,0,2022,12,30,4
23.0,Male,USA,California,Premium,41.65,Laptop,1.0,0,3.753027273937688,0,2023,9,14,3
43.0,Male,Canada,Newfoundland and Labrador,Basic,28.41,Laptop,3.0,0,3.3813347525659037,0,2023,7,21,4
10.0,Other,USA,Texas,Premium,28.31,Desktop,2.0,0,3.377928754722801,0,2023,6,24,5
24.0,Male,USA,Missouri,Standard,11.8,Desktop,2.0,0,2.5494451709255714,0,2025,5,13,1
25.0,Male,USA,Ohio,Premium,10.63,Mobile,2.0,0,2.453587966530573,0,2023,1,9,0
11.0,Male,Canada,Ontario,Premium,24.88,Desktop,0.0,0,3.2534704696327,1,2023,5,2,1
39.0,Male,USA,Arizona,Premium+,24.67,Gaming Console,3.0,0,3.245322994883049,0,2025,5,7,2
47.0,Male,USA,Wisconsin,Standard,22.854736059479553,Smart TV,3.0,0,3.1719827745379456,0,2023,5,5,4
36.0,Female,Canada,New Brunswick,Premium,23.16,Gaming Console,1.0,1,3.184698373066614,0,2023,12,17,6
25.0,Other,Canada,Manitoba,Premium,12.48,Desktop,6.0,0,2.601207105484161,0,2025,7,22,1
22.0,Male,USA,Illinois,Premium,26.17,Desktop,4.0,0,3.3021134234382563,0,2025,7,25,4
40.0,Female,Canada,British Columbia,Basic,7.13,Gaming Console,4.0,0,2.0955609235597192,0,2023,9,6,2
36.0,Female,USA,Maryland,Basic,11.69,Tablet,2.0,0,2.540814281726296,0,2024,8,6,1
43.0,Male,Canada,Prince Edward Island,Standard,31.15,Tablet,2.0,0,3.4704124506836282,0,2023,7,28,4
51.0,Male,USA,Arizona,Standard,13.97,Smart TV,5.0,1,2.706048198431537,0,2023,1,25,2
40.0,Female,USA,Virginia,Premium,14.67,Tablet,1.0,0,2.7517480563679295,0,2023,5,19,4
35.0,Female,USA,Georgia,Premium,20.78,Laptop,7.0,0,3.0809921175048145,0,2023,7,18,1
45.0,Female,Canada,Prince Edward Island,Standard,27.39,Tablet,4.0,0,3.34603697048488,0,2023,8,18,4
28.0,Male,USA,Georgia,Premium,4.97,Smart TV,4.0,0,1.7867469274045107,0,2024,2,29,3
53.0,Male,USA,Georgia,Standard,10.14,Gaming Console,2.0,0,2.410542234499138,0,2024,12,9,0
49.0,Female,USA,North Carolina,Premium,16.4,Smart TV,4.0,0,2.856470206220483,0,2023,8,21,0
53.0,Female,USA,Tennessee,Premium,21.811017452655033,Desktop,3.0,0,3.1272436408541084,0,2023,2,27,0
35.0,Female,USA,California,Premium,2.74,Laptop,2.0,0,1.3190856114264407,0,2024,1,26,4
36.0,Female,Canada,New Brunswick,Premium+,18.37,Desktop,6.0,0,2.9637254774189046,0,2024,3,6,2
45.0,Other,USA,New Jersey,Premium,5.11,Smart TV,2.0,0,1.809926773183504,0,2024,7,1,0
42.0,Male,Canada,Newfoundland and Labrador,Premium,12.06,Mobile,7.0,1,2.569554123848285,0,2024,1,9,1
48.0,Female,USA,Virginia,Standard,5.89,Mobile,4.0,0,1.9300710850255671,0,2024,10,25,4
44.0,Male,USA,Massachusetts,Standard,11.76,Gaming Console,6.0,1,2.546315277916644,0,2024,5,3,4
52.0,Female,USA,Indiana,Premium,23.74,Laptop,0.0,0,3.208421366964342,1,2024,4,6,5
38.0,Male,Canada,Manitoba,Basic,19.14,Tablet,4.0,1,3.0027078872904163,0,2025,1,29,2
30.0,Female,USA,Indiana,Basic,27.88,Tablet,6.0,0,3.3631493140246254,0,2024,12,18,2
38.0,Female,USA,Wisconsin,Standard,1.12,Tablet,5.0,0,0.7514160886839212,0,2024,3,6,2
42.0,Male,USA,Texas,Premium,42.01,Desktop,1.0,0,3.7614326467956447,0,2024,3,31,6
50.0,Female,Canada,Prince Edward Island,Premium,367.9,Gaming Console,4.0,0,5.91052560460263,0,2023,10,1,6
13.0,Female,Canada,Manitoba,Standard,18.83,Tablet,0.0,0,2.9871959425317045,1,2023,3,1,2
29.0,Male,USA,Washington,Standard,4.16,Gaming Console,1.0,0,1.6409365794934714,0,2023,1,30,0
33.0,Other,USA,Michigan,Premium,21.38,Laptop,1.0,0,3.108167702883779,0,2024,9,9,0
27.0,Female,USA,Texas,Premium,24.67,Tablet,1.0,0,3.245322994883049,0,2023,9,4,0
38.0,Male,USA,Pennsylvania,Premium,9.47,Mobile,6.0,0,2.3485140248824456,0,2023,12,8,4
16.0,Female,USA,Florida,Premium,18.55,Desktop,2.0,0,2.972975286431375,0,2022,12,8,3
20.0,Male,USA,Virginia,Basic,16.41,Mobile,3.0,1,2.8570447537800976,0,2023,11,26,6
25.0,Female,USA,Pennsylvania,Standard,27.71,Gaming Console,2.0,0,3.3572454941329726,0,2024,4,26,4
14.0,Male,Canada,Alberta,Basic,11.79,Smart TV,1.0,1,2.548663615590751,0,2022,12,9,4
40.0,Female,Canada,Nova Scotia,Premium,0.44,Mobile,0.0,0,0.3646431135879093,1,2024,6,10,0
30.0,Male,USA,Tennessee,Premium+,18.46,Smart TV,1.0,0,2.968361076757859,0,2022,8,28,6
28.0,Female,USA,New Jersey,Premium+,21.6,Tablet,5.0,0,3.1179499062782403,0,2023,2,23,3
49.0,Male,USA,Texas,Standard,17.36,Desktop,0.0,0,2.9101743851923443,1,2025,1,22,2
29.0,Male,USA,Illinois,Premium,30.97,Desktop,1.0,0,3.4647979630717503,0,2024,3,11,0
29.0,Female,USA,Washington,Premium,33.14,Tablet,3.0,0,3.5304697173662944,0,2023,3,12,6
31.0,Other,USA,Wisconsin,Basic,38.85,Gaming Console,3.0,0,3.685122405236224,0,2023,2,20,0
38.0,Female,USA,Georgia,Premium,10.31,Gaming Console,5.0,0,2.425687290128029,0,2024,8,29,3
23.0,Male,Canada,Quebec,Premium,18.76,Smart TV,3.0,0,2.983659692319722,0,2023,12,27,2
26.0,Female,USA,Maryland,Premium+,8.83,Smart TV,3.0,0,2.285438934159075,0,2022,9,1,3
59.0,Male,USA,Wisconsin,Premium+,16.55,Tablet,3.0,0,2.865053949911875,0,2024,6,25,1
51.0,Male,Canada,Saskatchewan,Premium+,22.52,Mobile,4.0,0,3.1578511230304263,0,2023,9,17,6
58.0,Male,USA,Ohio,Basic,19.54,Laptop,2.0,0,3.0223742045004123,0,2024,6,9,6
38.0,Male,USA,Florida,Premium,8.55,Smart TV,0.0,0,2.256541154492639,1,2023,1,5,3
29.0,Other,USA,Indiana,Standard,31.2,Desktop,3.0,0,3.4719664525503626,0,2024,10,17,3
37.0,Male,USA,Missouri,Premium,6.17,Gaming Console,5.0,0,1.969905654611529,0,2024,3,18,0
27.0,Female,Canada,Nova Scotia,Premium,7.87,Smart TV,2.0,1,2.1826747963214883,0,2022,11,4,4
32.0,Male,USA,Tennessee,Premium,19.33,Gaming Console,0.0,0,3.012097627640255,1,2024,8,7,2
35.0,Female,Canada,Prince Edward Island,Premium,21.811017452655033,Desktop,5.0,0,3.1272436408541084,0,2023,8,16,2
41.0,Male,USA,Illinois,Basic,3.91,Smart TV,2.0,0,1.5912739418064292,0,2025,1,22,2
35.0,Female,Canada,Alberta,Premium,23.23,Desktop,0.0,0,3.1875915348284343,1,2023,11,18,5
25.0,Male,USA,Illinois,Standard,4.69,Smart TV,5.0,0,1.7387102481382397,0,2025,3,31,0
43.0,Female,USA,Tennessee,Premium+,21.7,Gaming Console,5.0,0,3.122364924487357,0,2024,1,8,0
29.0,Female,USA,Pennsylvania,Standard,22.96,Gaming Console,6.0,0,3.1763857732472487,0,2023,2,15,2
28.0,Male,USA,New Jersey,Premium,43.5,Smart TV,4.0,0,3.7954891891721947,0,2023,7,14,4
44.0,Male,USA,New Jersey,Basic,15.39,Smart TV,3.0,0,2.7966713927557385,0,2023,11,26,6
42.0,Other,USA,Texas,Premium+,16.63,Mobile,0.0,0,2.869601996409779,1,2023,3,5,6
25.0,Male,USA,Georgia,Standard,15.89,Laptop,5.0,0,2.826721730819709,0,2022,9,20,1
30.0,Female,Canada,Quebec,Standard,22.854736059479553,Smart TV,3.0,1,3.1719827745379456,0,2025,4,3,3
33.0,Male,USA,New York,Premium+,19.675352862849536,Tablet,0.0,0,3.0289423078910556,1,2022,9,30,4
47.0,Female,USA,Missouri,Standard,12.96,Smart TV,4.0,0,2.6361960973342264,0,2023,8,17,3
33.0,Male,USA,Missouri,Premium+,27.43,Laptop,4.0,1,3.3474449256629084,0,2025,2,28,4
19.0,Female,USA,Illinois,Premium,4.25,Desktop,2.0,0,1.6582280766035324,0,2023,7,30,6
34.0,Male,USA,Maryland,Standard,16.74,Tablet,4.0,0,2.8758219768814333,0,2023,3,1,2
40.0,Other,USA,Texas,Premium+,4.15,Laptop,2.0,1,1.6389967146756448,0,2022,8,13,5
51.0,Male,USA,Arizona,Standard,21.88,Laptop,6.0,0,3.130263166511597,0,2023,12,14,3
39.0,Other,USA,Georgia,Standard,10.04,Tablet,4.0,0,2.401525040848949,0,2022,10,28,4
21.0,Female,USA,Michigan,Premium+,16.53,Tablet,0.0,0,2.863913698933143,1,2024,7,24,2
56.0,Female,USA,Missouri,Basic,20.136172344689378,Desktop,7.0,0,3.0509859018293035,0,2023,2,14,1
57.0,Female,USA,Indiana,Standard,3.89,Tablet,2.0,0,1.5871923034867808,0,2023,2,4,5
32.0,Female,USA,Massachusetts,Premium+,6.12,Desktop,6.0,0,1.9629077254238845,0,2023,9,1,4
21.0,Male,Canada,Alberta,Premium,26.86,Smart TV,2.0,0,3.3271919683516598,0,2023,11,4,5
14.0,Male,USA,Maryland,Standard,30.61,Smart TV,4.0,1,3.4534735262275262,0,2024,9,28,5
16.0,Male,Canada,Manitoba,Premium,8.78,Laptop,2.0,0,2.280339484046726,0,2025,3,20,3
43.0,Other,Canada,Quebec,Standard,22.72,Tablet,5.0,0,3.1663185741295248,0,2023,8,21,0
32.0,Male,USA,Massachusetts,Standard,7.35,Gaming Console,1.0,0,2.122261538862764,0,2024,12,27,4
60.0,Female,Canada,Saskatchewan,Standard,19.25,Laptop,2.0,0,3.0081547935525483,0,2024,2,8,3
23.0,Female,USA,Ohio,Premium+,12.84,Laptop,2.0,0,2.6275629501895237,0,2024,3,16,5
36.0,Other,Canada,Quebec,Premium,5.09,Tablet,3.0,0,1.8066480817218056,0,2022,11,24,3
23.0,Other,USA,Wisconsin,Premium,2.96,Tablet,2.0,0,1.3762440252663892,0,2022,12,28,2
22.0,Other,USA,Virginia,Premium,13.85,Laptop,3.0,0,2.6979998652487085,0,2022,9,29,3
49.0,Male,USA,Ohio,Standard,8.34,Smart TV,1.0,0,2.234306252240751,0,2023,3,9,3
19.0,Male,USA,Washington,Premium+,3.21,Mobile,2.0,0,1.43746264769429,0,2025,6,24,1
40.0,Female,Canada,Quebec,Standard,19.8,Mobile,0.0,1,3.0349529867072724,1,2025,4,6,6
31.0,Male,USA,Arizona,Premium,38.22,Laptop,4.0,0,3.6691868207682004,0,2023,3,2,3
47.0,Male,Canada,Ontario,Standard,22.41,Tablet,2.0,0,3.1531632815028194,0,2025,4,17,3
26.0,Male,Canada,Saskatchewan,Standard,7.59,Laptop,2.0,0,2.150598735996164,0,2022,11,29,1
35.0,Female,USA,Missouri,Premium+,12.36,Laptop,5.0,0,2.5922651681085,0,2023,4,9,6
12.0,Other,USA,Georgia,Standard,21.38,Gaming Console,4.0,0,3.108167702883779,0,2022,9,12,0
30.0,Male,USA,Florida,Standard,7.43,Desktop,6.0,0,2.131796772013764,0,2023,7,13,3
37.0,Female,Canada,Alberta,Premium,18.51,Smart TV,4.0,0,2.97092715463502,0,2024,9,9,0
41.0,Other,USA,California,Basic,6.24,Desktop,6.0,0,1.979621206397625,0,2023,7,11,1
38.0,Male,USA,Indiana,Standard,20.29,Laptop,1.0,0,3.058237478905388,0,2023,9,12,1
41.0,Female,Canada,Ontario,Standard,22.854736059479553,Smart TV,0.0,0,3.1719827745379456,1,2022,8,17,2
44.0,Female,USA,Michigan,Premium,28.98,Desktop,6.0,1,3.4005304926744517,0,2023,9,5,1
25.0,Other,USA,Washington,Basic,9.88,Gaming Console,2.0,0,2.3869262414277967,0,2024,1,8,0
38.0,Male,USA,New Jersey,Premium,20.81,Smart TV,2.0,0,3.0823685802135374,0,2024,12,26,3
41.0,Female,Canada,Quebec,Standard,16.93,Tablet,1.0,0,2.8864752876170416,0,2023,11,11,5
42.0,Other,USA,Texas,Standard,53.99,Mobile,2.0,0,4.007151350519723,0,2022,9,7,2
29.0,Male,USA,North Carolina,Premium,8.12,Tablet,2.0,0,2.21046980408624,0,2024,8,15,3
34.0,Male,Canada,Quebec,Basic,17.96,Smart TV,2.0,0,2.942331496826876,0,2023,1,4,2
44.0,Male,Canada,Ontario,Premium,16.96,Smart TV,2.0,0,2.8881470628740535,0,2022,9,18,6
22.0,Male,USA,Ohio,Standard,9.05,Desktop,3.0,0,2.307572634505085,0,2022,9,5,0
35.0,Female,USA,Arizona,Standard,9.52,Mobile,0.0,0,2.3532782073095637,1,2024,9,15,6
53.0,Male,Canada,Newfoundland and Labrador,Premium,12.84,Gaming Console,2.0,0,2.6275629501895237,0,2025,3,19,2
38.0,Female,USA,Texas,Standard,9.58,Smart TV,5.0,0,2.3589654264301534,0,2024,6,21,4
51.0,Male,USA,Pennsylvania,Premium,21.811017452655033,Gaming Console,1.0,0,3.1272436408541084,0,2024,1,26,4
40.0,Male,USA,Pennsylvania,Basic,15.57,Mobile,1.0,1,2.8075938314384716,0,2022,9,7,2
30.0,Male,USA,Michigan,Standard,17.17,Desktop,4.0,0,2.89977188240808,0,2023,10,26,3
27.0,Male,Canada,Ontario,Premium+,19.675352862849536,Laptop,8.0,0,3.0289423078910556,0,2022,10,4,1
40.0,Male,USA,Florida,Premium,16.59,Desktop,2.0,0,2.8673305587494666,0,2024,4,9,1
32.0,Female,USA,Florida,Standard,18.11,Tablet,8.0,0,2.950211758252182,0,2022,12,26,0
34.0,Other,Canada,Saskatchewan,Premium,35.96,Mobile,1.0,0,3.6098362467734835,0,2023,1,15,6
35.0,Female,Canada,Nova Scotia,Standard,18.88,Laptop,1.0,0,2.989714201228428,0,2025,4,6,6
11.0,Female,USA,Tennessee,Basic,14.24,Smart TV,2.0,0,2.7239235502585,0,2023,8,7,0
25.0,Male,USA,Tennessee,Premium,9.82,Smart TV,3.0,0,2.3813962734183356,0,2022,8,10,2
33.0,Male,Canada,Ontario,Premium,2.67,Tablet,3.0,1,1.3001916620664788,0,2023,5,14,6
36.0,Male,Canada,Quebec,Standard,6.83,Smart TV,6.0,0,2.057962510002712,0,2023,12,31,6
19.0,Other,USA,Tennessee,Premium,21.811017452655033,Smart TV,2.0,0,3.1272436408541084,0,2023,2,26,6
13.0,Female,USA,Georgia,Basic,21.4,Smart TV,4.0,1,3.109060958860994,0,2024,12,23,0
35.0,Female,Canada,Alberta,Standard,13.47,Smart TV,0.0,0,2.6720775406433925,1,2025,7,31,3
42.0,Female,USA,North Carolina,Standard,14.3,Mobile,4.0,0,2.72785282839839,0,2025,5,5,0
53.0,Male,USA,Ohio,Premium,12.65,Smart TV,1.0,0,2.613739521630969,0,2022,10,19,2
39.0,Female,USA,Maryland,Standard,15.75,Tablet,3.0,0,2.8183982582710754,0,2023,7,6,3
40.0,Female,USA,Washington,Standard,9.94,Smart TV,2.0,0,2.392425796993835,0,2024,9,15,6
44.0,Female,USA,Ohio,Standard,292.96,Gaming Console,2.0,0,5.683443703660671,0,2025,5,9,4
39.0,Male,USA,Missouri,Standard,14.04,Gaming Console,2.0,0,2.7107133185216936,0,2025,3,14,4
30.0,Female,Canada,Newfoundland and Labrador,Basic,20.72,Smart TV,1.0,0,3.0782334950657346,0,2023,10,8,6
48.0,Female,Canada,Quebec,Premium,8.1,Gaming Console,2.0,0,2.2082744135228043,0,2025,4,13,6
31.0,Female,USA,Missouri,Basic,30.17,Gaming Console,0.0,0,3.4394560937792455,1,2024,1,11,3
21.0,Female,Canada,New Brunswick,Premium,24.04,Tablet,3.0,1,3.2204745462318978,0,2023,9,11,0
12.0,Other,USA,Wisconsin,Premium,13.01,Tablet,0.0,0,2.6397713603489157,1,2024,2,7,2
37.0,Male,USA,Washington,Premium,18.13,Laptop,3.0,0,2.9512577834521614,0,2025,3,19,2
39.0,Female,USA,Indiana,Standard,40.44,Smart TV,8.0,0,3.7242465979512276,0,2024,2,18,6
31.0,Other,USA,Washington,Premium,6.02,Tablet,4.0,0,1.9487632180377197,0,2024,1,15,0
39.0,Other,Canada,Quebec,Standard,30.44,Gaming Console,5.0,0,3.448080967561006,0,2025,2,18,1
56.0,Male,USA,Illinois,Basic,4.81,Smart TV,2.0,0,1.7595805708638197,0,2025,5,24,5
27.0,Female,USA,Florida,Standard,22.854736059479553,Tablet,2.0,0,3.1719827745379456,0,2022,12,17,5
27.0,Male,USA,Michigan,Basic,9.7,Smart TV,4.0,1,2.3702437414678603,0,2024,3,7,3
52.0,Male,USA,Massachusetts,Premium,9.23,Mobile,3.0,0,2.325324579963535,0,2023,7,11,1
53.0,Female,USA,Massachusetts,Standard,14.51,Mobile,7.0,0,2.7414849771884473,0,2024,6,25,1
54.0,Female,USA,Ohio,Standard,9.23,Mobile,2.0,0,2.325324579963535,0,2024,8,21,2
48.0,Other,Canada,Nova Scotia,Standard,9.43,Smart TV,2.0,0,2.344686269012681,0,2024,8,30,4
34.0,Female,Canada,Saskatchewan,Premium+,22.6,Tablet,0.0,0,3.1612467120315646,1,2024,7,11,3
35.0,Female,USA,Tennessee,Basic,8.87,Laptop,2.0,0,2.28949985344539,0,2022,11,28,0
25.0,Female,Canada,Quebec,Standard,37.58,Laptop,2.0,0,3.652734007477583,0,2023,9,14,3
35.0,Other,USA,New Jersey,Premium+,5.05,Mobile,1.0,0,1.80005827204275,0,2023,3,22,2
36.0,Female,USA,Illinois,Basic,71.87,Mobile,2.0,0,4.288677031682191,0,2022,11,24,3
32.0,Male,Canada,Ontario,Premium,20.49,Laptop,1.0,0,3.067587710654419,0,2023,7,17,0
34.0,Male,USA,Maryland,Standard,16.06,Smart TV,3.0,0,2.836736542063533,0,2022,8,23,1
18.0,Other,USA,Maryland,Premium,29.15,Gaming Console,2.0,0,3.4061849231731944,0,2024,4,28,6
33.0,Female,USA,Illinois,Basic,11.23,Mobile,3.0,0,2.503891949699081,0,2023,12,12,1
34.0,Other,USA,Illinois,Standard,22.6,Gaming Console,4.0,0,3.1612467120315646,0,2024,7,9,1
29.0,Female,USA,Virginia,Standard,16.5,Gaming Console,3.0,0,2.8622008809294686,0,2024,9,30,0
35.0,Female,Canada,Quebec,Premium,17.44,Laptop,7.0,1,2.914522218128448,0,2023,4,21,4
22.0,Male,Canada,Alberta,Premium,23.41,Desktop,2.0,0,3.1949928844048685,0,2023,4,3,0
36.0,Female,USA,Pennsylvania,Standard,13.97,Smart TV,2.0,0,2.706048198431537,0,2023,3,28,1
31.0,Female,USA,Wisconsin,Standard,7.38,Gaming Console,2.0,0,2.1258479144939915,0,2025,4,20,6
38.0,Female,USA,Pennsylvania,Premium,15.45,Gaming Console,1.0,0,2.800325477211381,0,2024,5,9,3
56.0,Female,USA,Missouri,Standard,25.19,Gaming Console,2.0,0,3.2653776585196206,0,2023,10,8,6
37.0,Female,Canada,Alberta,Standard,25.45,Mobile,3.0,1,3.2752561583043085,0,2025,3,29,5
37.0,Other,USA,Tennessee,Standard,18.85,Desktop,2.0,1,2.9882040071331994,0,2025,5,25,6
24.0,Male,USA,Indiana,Premium,12.28,Desktop,3.0,0,2.5862591440482876,0,2024,1,10,2
57.0,Male,USA,Washington,Standard,8.04,Laptop,2.0,1,2.201659174404085,0,2025,7,8,1
46.0,Female,USA,Indiana,Premium,6.39,Smart TV,2.0,1,2.0001277349601105,0,2024,4,24,2
32.0,Male,Canada,Saskatchewan,Standard,17.9,Tablet,2.0,0,2.9391619220655967,0,2022,9,5,0
35.0,Female,USA,Pennsylvania,Standard,18.66,Laptop,1.0,0,2.9785861147190205,0,2024,7,18,3
29.0,Other,Canada,New Brunswick,Premium,21.811017452655033,Laptop,0.0,1,3.1272436408541084,1,2025,2,22,5
36.0,Female,USA,Washington,Premium,8.83,Tablet,4.0,0,2.285438934159075,0,2023,7,5,2
41.0,Female,Canada,Manitoba,Standard,23.86,Desktop,3.0,0,3.213260086082565,0,2025,1,26,6
59.0,Male,Canada,New Brunswick,Standard,16.61,Desktop,2.0,0,2.8684669225081145,0,2024,4,20,5
22.0,Female,USA,New Jersey,Basic,18.56,Smart TV,0.0,0,2.9734866646066713,1,2025,4,6,6
21.0,Female,USA,Wisconsin,Premium,19.18,Tablet,6.0,0,3.004692014925463,0,2023,5,2,1
48.0,Female,USA,Missouri,Premium,23.48,Smart TV,6.0,0,3.1978564576441255,0,2024,3,2,5
43.0,Male,USA,Missouri,Premium,9.11,Tablet,4.0,0,2.3135250330323798,0,2025,3,20,3
41.0,Male,Canada,Saskatchewan,Premium,8.86,Tablet,3.0,0,2.288486168614544,0,2023,2,16,3
17.0,Female,Canada,Manitoba,Standard,51.2,Mobile,3.0,1,3.955082494888593,0,2025,8,1,4
46.0,Male,Canada,Ontario,Premium+,14.45,Smart TV,1.0,0,2.7376090033437546,0,2024,6,1,5
30.0,Other,Canada,Quebec,Premium,7.29,Mobile,4.0,0,2.1150499691472033,0,2022,11,30,2
25.0,Other,USA,Indiana,Standard,23.48,Desktop,3.0,0,3.1978564576441255,0,2022,11,29,1
39.0,Male,USA,California,Standard,659.79,Smart TV,2.0,0,6.4934360889203475,0,2024,11,17,6
14.0,Female,USA,Illinois,Standard,18.69,Gaming Console,3.0,0,2.9801108926510342,0,2023,1,17,1
29.0,Female,USA,Florida,Premium,2.35,Laptop,4.0,0,1.208960345836975,0,2022,11,24,3
32.0,Other,USA,Massachusetts,Premium,19.87,Laptop,3.0,0,3.038312721089109,0,2024,2,20,1
47.0,Male,USA,Tennessee,Premium,18.16,Mobile,3.0,0,2.9528247725427144,0,2024,2,15,3
43.0,Female,USA,Georgia,Premium,10.42,Mobile,2.0,0,2.435366204227864,0,2023,7,8,5
34.0,Other,USA,Florida,Premium+,5.18,Laptop,6.0,0,1.8213182714695995,0,2024,9,17,1
16.0,Female,USA,North Carolina,Premium,17.91,Smart TV,2.0,0,2.9396908826703663,0,2024,7,15,0
45.0,Female,USA,North Carolina,Basic,12.38,Desktop,3.0,0,2.5937610547000824,0,2025,6,27,4
26.0,Female,Canada,Quebec,Premium,2.36,Mobile,2.0,0,1.2119409739751128,0,2022,10,9,6
49.0,Female,USA,North Carolina,Standard,14.44,Gaming Console,3.0,0,2.73696154459663,0,2025,7,11,4
56.0,Female,Canada,Nova Scotia,Premium,28.75,Desktop,4.0,0,3.392829131991639,0,2025,3,16,6
25.0,Male,Canada,Newfoundland and Labrador,Premium,2.64,Smart TV,1.0,0,1.2919836816486494,0,2023,7,24,0
28.0,Male,Canada,Newfoundland and Labrador,Premium,20.14,Tablet,2.0,0,3.051166980442092,0,2023,2,13,0
15.0,Male,USA,New York,Premium,4.08,Gaming Console,2.0,1,1.6253112615903906,0,2023,1,1,6
46.0,Female,USA,Washington,Premium,23.92,Desktop,2.0,0,3.2156706939192525,0,2023,1,28,5
30.0,Other,USA,Maryland,Basic,11.7,Tablet,2.0,1,2.5416019934645457,0,2023,6,16,4
48.0,Male,USA,Texas,Premium+,14.68,Desktop,0.0,0,2.7523860149222616,1,2023,11,12,6
22.0,Other,Canada,New Brunswick,Premium,42.25,Tablet,5.0,0,3.7669972333778885,0,2025,2,21,4
29.0,Female,USA,Massachusetts,Premium,14.78,Laptop,8.0,0,2.7587433154177283,0,2024,8,21,2
17.0,Other,Canada,Saskatchewan,Basic,8.34,Tablet,4.0,0,2.234306252240751,0,2024,12,16,0
45.0,Female,USA,Illinois,Basic,30.62,Gaming Console,0.0,0,3.453789831781326,1,2023,6,25,6
24.0,Female,USA,Tennessee,Basic,17.12,Tablet,2.0,0,2.8970163006148333,0,2025,6,6,4
29.0,Male,USA,Texas,Premium,7.55,Gaming Console,2.0,0,2.145931282948669,0,2023,8,9,2
26.0,Female,USA,Georgia,Premium+,19.675352862849536,Tablet,1.0,0,3.0289423078910556,0,2024,7,25,3
39.0,Male,USA,Wisconsin,Standard,84.77,Laptop,1.0,0,4.45166929500233,0,2025,2,13,3
23.0,Female,Canada,Quebec,Standard,27.75,Smart TV,0.0,0,3.3586377672433594,1,2024,9,20,4
23.0,Female,USA,Washington,Premium,21.811017452655033,Smart TV,2.0,0,3.1272436408541084,0,2024,4,17,2
23.0,Male,Canada,British Columbia,Standard,22.04,Smart TV,1.0,0,3.1372318358276905,0,2023,5,31,2
32.0,Male,USA,Arizona,Premium+,26.7,Desktop,3.0,0,3.3214324131932926,0,2024,8,27,1
44.0,Female,USA,Missouri,Basic,6.92,Laptop,8.0,0,2.0693912058263346,0,2023,6,22,3
31.0,Male,Canada,Newfoundland and Labrador,Standard,8.66,Smart TV,2.0,0,2.2679936482244267,0,2022,10,16,6
33.0,Female,Canada,Alberta,Premium+,7.47,Gaming Console,1.0,0,2.136530508663963,0,2023,10,14,5
39.0,Other,Canada,Ontario,Premium+,39.44,Smart TV,4.0,1,3.6998193941522706,0,2024,5,29,2
45.0,Other,USA,Maryland,Premium,51.25,Desktop,3.0,0,3.9560398908449206,0,2022,10,10,0
31.0,Male,USA,Ohio,Premium,17.5,Gaming Console,1.0,0,2.917770732084279,0,2022,11,6,6
32.0,Male,Canada,Ontario,Standard,11.49,Mobile,2.0,0,2.5249283241374862,0,2024,3,20,2
34.0,Other,Canada,Nova Scotia,Basic,5.24,Tablet,0.0,0,1.8309801823813363,1,2024,1,12,4
23.0,Male,USA,Maryland,Standard,5.05,Desktop,0.0,0,1.80005827204275,1,2023,7,31,0
20.0,Male,USA,Florida,Standard,12.17,Tablet,3.0,0,2.5779415157551897,0,2022,11,23,2
38.0,Female,USA,Texas,Premium+,244.79,Smart TV,4.0,0,5.504477512821833,0,2023,6,19,0
24.0,Male,Canada,British Columbia,Premium,9.77,Gaming Console,2.0,0,2.3767644911682972,0,2024,1,3,2
39.0,Male,USA,Virginia,Premium,30.74,Smart TV,7.0,0,3.457577715098263,0,2024,5,18,5
23.0,Female,Canada,Nova Scotia,Standard,6.04,Desktop,5.0,1,1.951608170169951,0,2025,3,20,3
46.0,Female,USA,North Carolina,Premium,21.811017452655033,Mobile,2.0,0,3.1272436408541084,0,2024,9,29,6
37.0,Female,USA,Ohio,Standard,22.12,Smart TV,0.0,0,3.1406980438041767,1,2023,4,6,3
13.0,Male,USA,Texas,Premium,33.41,Smart TV,1.0,0,3.538347219809389,0,2023,9,22,4
34.0,Male,USA,Michigan,Premium,11.48,Gaming Console,0.0,0,2.5241273629412815,1,2022,8,30,1
34.0,Male,USA,Massachusetts,Premium,8.99,Tablet,0.0,0,2.301584592660462,1,2023,6,22,3
58.0,Male,USA,Arizona,Basic,13.67,Smart TV,4.0,0,2.6858045921548905,0,2022,10,4,1
35.0,Female,Canada,British Columbia,Premium,32.49,Tablet,2.0,0,3.5112468868061133,0,2025,2,19,2
43.0,Female,Canada,Newfoundland and Labrador,Basic,0.49,Desktop,2.0,0,0.3987761199573678,0,2023,11,1,2
31.0,Male,USA,Massachusetts,Standard,9.72,Desktop,1.0,0,2.372111155642656,0,2025,1,31,4
29.0,Female,USA,Illinois,Basic,5.84,Desktop,8.0,0,1.922787731634459,0,2024,9,13,4
24.0,Other,USA,Arizona,Premium+,21.78,Tablet,2.0,0,3.125882958019036,0,2024,10,28,0
30.0,Male,USA,Illinois,Premium,7.23,Laptop,3.0,0,2.1077860146889784,0,2025,6,13,4
33.0,Male,Canada,Quebec,Premium,7.25,Gaming Console,2.0,0,2.1102132003465894,0,2025,4,28,0
41.0,Male,USA,Ohio,Basic,43.11,Desktop,2.0,0,3.786686514116848,0,2025,1,24,4
20.0,Other,USA,Washington,Premium,19.29,Tablet,2.0,0,3.0101281538377234,0,2022,11,6,6
42.0,Female,Canada,Alberta,Basic,2.75,Gaming Console,4.0,1,1.3217558399823195,0,2024,10,11,4
34.0,Female,Canada,Quebec,Premium,21.28,Desktop,5.0,0,3.1036894150590832,0,2024,8,5,0
36.0,Male,USA,Pennsylvania,Standard,18.21,Gaming Console,3.0,0,2.955430976780465,0,2024,9,14,5
31.0,Male,USA,Texas,Premium+,9.71,Mobile,4.0,0,2.3711778844596574,0,2023,1,28,5
31.0,Male,USA,Virginia,Standard,25.44,Mobile,2.0,0,3.2748780149834857,0,2024,8,27,1
25.0,Male,USA,New York,Standard,9.14,Tablet,4.0,0,2.316487998163037,0,2024,11,20,2
33.0,Male,USA,Florida,Standard,11.23,Mobile,1.0,0,2.503891949699081,0,2023,10,30,0
24.0,Female,Canada,Ontario,Premium+,13.82,Smart TV,2.0,0,2.695977619867941,0,2023,2,23,3
38.0,Male,USA,New Jersey,Basic,9.32,Gaming Console,2.0,0,2.334083760053417,0,2025,3,25,1
27.0,Female,Canada,Nova Scotia,Basic,16.94,Gaming Console,2.0,0,2.88703285663065,0,2023,8,28,0
21.0,Female,USA,Arizona,Standard,17.08,Gaming Console,0.0,0,2.89480635496403,1,2023,2,14,1
33.0,Male,Canada,British Columbia,Standard,26.52,Gaming Console,6.0,0,3.314913013065143,0,2022,9,25,6
34.0,Other,Canada,New Brunswick,Premium,10.69,Smart TV,5.0,0,2.458733775483977,0,2024,11,7,3
58.0,Male,USA,Indiana,Premium+,15.75,Tablet,5.0,0,2.8183982582710754,0,2024,7,5,4
51.0,Male,USA,Washington,Standard,20.11,Gaming Console,3.0,0,3.0497468618602293,0,2025,6,13,4
35.0,Male,USA,Maryland,Standard,3.69,Desktop,5.0,0,1.5454325824581878,0,2023,5,18,3
42.0,Male,USA,Pennsylvania,Premium,13.54,Desktop,1.0,0,2.6769034721053733,0,2025,4,3,3
36.0,Male,USA,Maryland,Standard,30.13,Gaming Console,8.0,0,3.4381719844535166,0,2023,7,8,5
43.0,Other,Canada,Saskatchewan,Premium,39.55,Desktop,1.0,0,3.702535780561422,0,2024,3,27,2
42.0,Male,USA,Arizona,Premium,12.06,Smart TV,2.0,0,2.569554123848285,0,2024,1,12,4
29.0,Male,Canada,Nova Scotia,Basic,5.15,Gaming Console,3.0,0,1.8164520818184267,0,2023,7,23,6
40.0,Female,USA,Virginia,Premium,16.31,Gaming Console,2.0,0,2.851284369188118,0,2024,12,3,1
29.0,Female,Canada,Prince Edward Island,Premium+,13.87,Gaming Console,5.0,0,2.6993457604720636,0,2022,9,25,6
27.0,Other,USA,Georgia,Premium,8.6,Tablet,6.0,0,2.2617630984737906,0,2024,3,15,4
44.0,Male,USA,Florida,Premium,15.89,Mobile,0.0,0,2.826721730819709,1,2024,5,8,2
54.0,Female,Canada,New Brunswick,Premium,21.811017452655033,Mobile,1.0,0,3.1272436408541084,0,2025,2,11,1
41.0,Male,Canada,Ontario,Premium,13.82,Gaming Console,2.0,0,2.695977619867941,0,2024,4,9,1
29.0,Female,USA,Virginia,Premium+,10.78,Desktop,4.0,0,2.4664031782234406,0,2023,10,3,1
17.0,Other,USA,North Carolina,Basic,14.28,Tablet,3.0,0,2.7265447837383743,0,2022,8,9,1
38.0,Male,USA,Arizona,Premium,5.12,Smart TV,3.0,0,1.8115620965242347,0,2023,7,17,0
45.0,Male,USA,Pennsylvania,Premium,36.86,Laptop,1.0,0,3.633895145781177,0,2024,3,18,0
48.0,Male,USA,Georgia,Premium,30.65,Mobile,2.0,0,3.4547381485901854,0,2023,6,5,0
24.0,Male,Canada,Manitoba,Premium,5.6,Smart TV,2.0,0,1.8870696490323797,0,2024,5,10,4
54.0,Male,USA,Illinois,Standard,10.34,Gaming Console,1.0,0,2.428336298299606,0,2023,3,12,6
22.0,Female,USA,Ohio,Standard,31.87,Tablet,3.0,0,3.492560387676128,0,2024,2,10,5
18.0,Male,Canada,Nova Scotia,Basic,17.99,Gaming Console,1.0,0,2.9439125248241944,0,2025,5,14,2
44.0,Male,USA,Wisconsin,Premium+,19.675352862849536,Smart TV,3.0,0,3.0289423078910556,0,2025,5,28,2
39.0,Male,USA,Ohio,Standard,22.854736059479553,Mobile,2.0,1,3.1719827745379456,0,2025,5,17,5
43.0,Male,USA,Pennsylvania,Premium,17.7,Mobile,2.0,0,2.928523523860541,0,2023,5,9,1
32.0,Male,USA,New Jersey,Basic,14.05,Desktop,4.0,0,2.711377991194885,0,2023,2,17,4
30.0,Male,Canada,Ontario,Standard,7.72,Smart TV,4.0,0,2.1656192379208883,0,2024,9,21,5
51.0,Male,USA,Illinois,Standard,19.59,Desktop,3.0,1,3.0248055210396982,0,2023,1,2,0
39.0,Female,Canada,Prince Edward Island,Premium,14.31,Mobile,2.0,0,2.7285062096695922,0,2023,6,15,3
22.0,Male,Canada,British Columbia,Basic,20.136172344689378,Laptop,3.0,0,3.0509859018293035,0,2024,10,31,3
30.0,Female,USA,Florida,Standard,1.99,Tablet,2.0,0,1.095273387402595,0,2025,5,26,0
43.0,Female,Canada,Manitoba,Premium,8.11,Smart TV,0.0,1,2.209372711271867,1,2024,6,30,6
35.0,Male,USA,Tennessee,Standard,29.25,Gaming Console,1.0,0,3.4094961844768505,0,2023,8,2,2
41.0,Female,Canada,Prince Edward Island,Premium,8.66,Gaming Console,1.0,1,2.2679936482244267,0,2024,3,17,6
34.0,Female,USA,New York,Premium,15.35,Tablet,4.0,0,2.7942278973432626,0,2025,2,7,4
39.0,Male,USA,Tennessee,Premium,6.69,Mobile,3.0,0,2.0399207835175526,0,2022,10,26,2
34.0,Other,Canada,Quebec,Premium+,2.78,Smart TV,5.0,0,1.3297240096314962,0,2024,1,30,1
37.0,Female,Canada,Nova Scotia,Standard,10.71,Smart TV,2.0,0,2.460443177609626,0,2024,4,14,6
17.0,Other,USA,Maryland,Premium,13.74,Smart TV,4.0,0,2.6905648867611904,0,2023,7,2,6
56.0,Female,Canada,Prince Edward Island,Premium,7.9,Tablet,2.0,0,2.186051276738094,0,2025,3,3,0
22.0,Male,USA,Texas,Standard,10.44,Tablet,6.0,0,2.437115985951652,0,2023,1,20,4
25.0,Female,USA,Massachusetts,Standard,13.3,Gaming Console,4.0,0,2.6602595372658615,0,2022,11,4,4
48.0,Female,USA,New York,Standard,4.22,Laptop,3.0,0,1.6524974018945473,0,2024,2,22,3
35.0,Female,USA,New Jersey,Standard,22.854736059479553,Desktop,5.0,0,3.1719827745379456,0,2025,5,26,0
38.0,Male,USA,Maryland,Premium,8.01,Laptop,1.0,0,2.1983350716202463,0,2025,3,6,3
34.0,Male,USA,California,Basic,20.136172344689378,Mobile,5.0,0,3.0509859018293035,0,2024,2,7,2
31.0,Female,USA,Texas,Standard,19.17,Gaming Console,1.0,0,3.0041963519661206,0,2025,1,8,2
20.0,Other,Canada,Manitoba,Premium,9.15,Tablet,0.0,0,2.3174737054877963,1,2024,10,11,4
33.0,Female,USA,North Carolina,Standard,9.22,Tablet,1.0,1,2.3243465847755584,0,2024,2,15,3
39.0,Other,USA,California,Standard,9.65,Laptop,1.0,0,2.365559892155434,0,2023,3,3,4
33.0,Male,USA,Tennessee,Premium+,4.62,Tablet,3.0,0,1.7263316639055997,0,2024,1,11,3
38.0,Male,USA,Virginia,Premium,12.91,Tablet,0.0,0,2.6326080059353516,1,2023,2,2,3
22.0,Female,USA,Texas,Premium,6.73,Smart TV,2.0,0,2.0451088625993306,0,2023,2,3,4
52.0,Female,USA,Illinois,Basic,35.07,Laptop,2.0,0,3.5854614949154477,0,2024,6,14,4
16.0,Female,Canada,Quebec,Standard,10.41,Gaming Console,4.0,0,2.4344901638739844,0,2025,6,13,4
33.0,Female,USA,Arizona,Premium,21.811017452655033,Smart TV,3.0,1,3.1272436408541084,0,2024,3,27,2
30.0,Other,USA,Michigan,Basic,4.04,Gaming Console,2.0,0,1.6174060820832772,0,2022,8,7,6
13.0,Female,USA,Texas,Standard,13.85,Smart TV,2.0,0,2.6979998652487085,0,2023,10,8,6
45.0,Male,USA,Missouri,Basic,26.15,Mobile,2.0,0,3.3013770463799443,0,2025,2,2,6
10.0,Other,USA,Virginia,Basic,17.67,Smart TV,3.0,0,2.9269179575536315,0,2025,3,14,4
29.0,Female,USA,Pennsylvania,Premium,37.05,Tablet,1.0,0,3.6389010843076948,0,2023,9,22,4
33.0,Male,USA,Florida,Premium,23.13,Smart TV,0.0,0,3.1834558796369405,1,2024,2,24,5
29.0,Female,USA,Virginia,Standard,22.854736059479553,Desktop,1.0,0,3.1719827745379456,0,2024,8,5,0
31.0,Male,USA,Washington,Premium,14.35,Desktop,5.0,0,2.731115474033206,0,2022,9,12,0
28.0,Other,USA,Virginia,Premium,27.89,Mobile,6.0,0,3.363495514478144,0,2025,6,9,0
33.0,Other,USA,Illinois,Premium,20.01,Gaming Console,3.0,0,3.044998514856909,0,2023,9,10,6
15.0,Female,USA,Texas,Standard,17.59,Tablet,2.0,0,2.922623801733353,0,2023,12,13,2
53.0,Other,Canada,Ontario,Standard,0.38,Smart TV,2.0,1,0.3220834991691133,0,2024,7,26,4
37.0,Other,USA,Washington,Premium+,19.675352862849536,Gaming Console,0.0,1,3.0289423078910556,1,2024,3,15,4
39.0,Female,Canada,Nova Scotia,Basic,19.81,Mobile,2.0,0,3.035433640405543,0,2024,4,5,4
29.0,Female,Canada,Alberta,Premium,19.16,Tablet,4.0,0,3.0037004432031678,0,2025,5,7,2
40.0,Other,USA,Michigan,Premium,4.66,Desktop,2.0,0,1.7334238922150915,0,2025,6,10,1
28.0,Other,Canada,Manitoba,Basic,10.65,Gaming Console,0.0,1,2.4553061800117097,1,2024,8,8,3
35.0,Female,USA,Washington,Premium,13.27,Tablet,5.0,0,2.658159431488745,0,2025,4,10,3
25.0,Female,USA,Pennsylvania,Basic,22.09,Smart TV,2.0,0,3.139399623366404,0,2023,1,6,4
46.0,Female,Canada,Quebec,Premium+,27.91,Mobile,4.0,0,3.364187556028255,0,2023,7,14,4
43.0,Female,USA,Ohio,Premium,11.17,Laptop,4.0,0,2.498973906999436,0,2023,1,23,0
33.0,Female,USA,New York,Standard,43.03,Tablet,3.0,0,3.7848712197676626,0,2024,7,2,1
37.0,Female,USA,California,Standard,24.76,Tablet,4.0,0,3.248822901236153,0,2025,2,24,0
21.0,Female,USA,Ohio,Basic,3.85,Smart TV,3.0,0,1.5789787049493917,0,2024,1,23,1
37.0,Female,USA,Arizona,Standard,8.52,Desktop,3.0,0,2.253394848803274,0,2024,4,14,6
33.0,Male,USA,New Jersey,Basic,660.38,Laptop,0.0,0,6.494328561203279,1,2024,11,16,5
49.0,Female,USA,Illinois,Basic,12.61,Smart TV,2.0,0,2.6108048166633746,0,2024,4,14,6
20.0,Male,Canada,Saskatchewan,Premium+,6.67,Gaming Console,3.0,0,2.0373166153791646,0,2022,12,21,2
50.0,Male,Canada,Saskatchewan,Premium,12.79,Desktop,0.0,0,2.6239436918052106,1,2024,1,9,1
29.0,Other,USA,Texas,Standard,24.82,Desktop,2.0,0,3.2511493854184965,0,2024,5,10,4
38.0,Male,USA,Texas,Premium,21.811017452655033,Desktop,1.0,0,3.1272436408541084,0,2022,12,14,2
51.0,Female,Canada,Newfoundland and Labrador,Standard,9.86,Mobile,1.0,0,2.3850863145057892,0,2024,9,13,4
42.0,Male,Canada,Saskatchewan,Premium,0.72,Mobile,1.0,1,0.5423242908253617,0,2024,2,15,3
51.0,Other,USA,California,Premium,7.82,Smart TV,6.0,0,2.1770218700187,0,2022,8,11,3
47.0,Female,USA,Indiana,Premium,37.23,Mobile,2.0,0,3.6436205477083212,0,2025,6,16,0
23.0,Male,USA,Virginia,Standard,23.27,Desktop,2.0,0,3.18924101973851,0,2024,12,23,0
40.0,Male,USA,Tennessee,Basic,17.31,Smart TV,2.0,0,2.907447358686419,0,2025,5,4,6
44.0,Male,USA,Texas,Basic,18.07,Gaming Console,3.0,0,2.9481164196123277,0,2024,7,2,1
24.0,Male,Canada,Quebec,Standard,11.61,Mobile,0.0,0,2.534490149976828,1,2025,7,14,0
24.0,Male,USA,North Carolina,Premium,14.88,Laptop,3.0,0,2.7650604558189897,0,2024,4,16,1
24.0,Female,USA,Illinois,Premium,19.62,Smart TV,2.0,1,3.026261478588814,0,2024,9,24,1
15.0,Male,Canada,British Columbia,Standard,11.73,Laptop,1.0,0,2.543961412569315,0,2023,10,17,1
22.0,Male,USA,Florida,Premium,7.61,Laptop,2.0,0,2.152924318439639,0,2024,7,5,4
50.0,Male,Canada,Nova Scotia,Premium,6.56,Gaming Console,2.0,1,2.0228711901914416,0,2023,8,20,6
29.0,Female,Canada,New Brunswick,Standard,31.44,Smart TV,2.0,0,3.479392229247212,0,2023,7,22,5
33.0,Female,USA,Virginia,Premium,7.16,Desktop,1.0,1,2.0992441689760155,0,2023,6,19,0
28.0,Female,Canada,British Columbia,Standard,22.854736059479553,Gaming Console,2.0,0,3.1719827745379456,0,2022,12,14,2
39.0,Female,USA,Wisconsin,Premium,11.37,Desktop,2.0,0,2.5152741864043966,0,2024,6,9,6
34.0,Male,USA,Missouri,Standard,11.57,Gaming Console,4.0,0,2.531313022602156,0,2024,2,5,0
44.0,Female,Canada,Manitoba,Standard,26.38,Mobile,4.0,0,3.3098128198603027,0,2024,8,9,4
50.0,Male,Canada,New Brunswick,Basic,14.66,Tablet,2.0,0,2.751109690562657,0,2022,11,1,1
37.0,Female,USA,Arizona,Premium,8.8,Desktop,2.0,0,2.2823823856765264,0,2025,2,27,3
23.0,Male,Canada,British Columbia,Standard,16.26,Tablet,2.0,1,2.848391685655282,0,2024,5,4,5
36.0,Female,USA,Ohio,Premium,21.811017452655033,Desktop,2.0,0,3.1272436408541084,0,2025,2,4,1
36.0,Female,USA,Pennsylvania,Standard,45.03,Mobile,2.0,0,3.82929335782915,0,2024,12,28,5
26.0,Male,Canada,Saskatchewan,Standard,20.38,Mobile,4.0,0,3.062455905596899,0,2024,3,25,0
51.0,Female,USA,Washington,Premium+,14.2,Mobile,4.0,0,2.7212954278522306,0,2022,11,1,1
40.0,Female,Canada,Saskatchewan,Premium,11.16,Smart TV,2.0,0,2.498151876538021,0,2023,3,30,3
23.0,Male,Canada,Saskatchewan,Standard,24.04,Desktop,4.0,0,3.2204745462318978,0,2025,7,17,3
50.0,Female,USA,Michigan,Standard,14.6,Laptop,0.0,1,2.747270914255491,1,2022,8,22,0
27.0,Other,USA,Washington,Standard,12.64,Mobile,3.0,0,2.613006652415316,0,2023,2,7,1
38.0,Female,USA,Georgia,Premium,6.14,Tablet,2.0,0,1.965712776351493,0,2025,2,27,3
18.0,Female,USA,Missouri,Standard,13.07,Laptop,1.0,0,2.644044871126298,0,2023,9,10,6
34.0,Female,Canada,Nova Scotia,Premium,17.28,Laptop,1.0,0,2.905807566026004,0,2022,10,4,1
39.0,Female,USA,Virginia,Basic,39.51,Smart TV,0.0,0,3.701548857214599,1,2023,8,24,3
19.0,Female,USA,Arizona,Premium,24.38,Tablet,3.0,1,3.2339614622862416,0,2023,4,10,0
49.0,Male,Canada,New Brunswick,Premium,27.4,Laptop,3.0,0,3.3463891451671604,0,2023,9,13,2
54.0,Male,USA,Florida,Premium,5.93,Laptop,1.0,0,1.9358598132018119,0,2024,8,27,1
36.0,Male,USA,Ohio,Premium+,24.52,Smart TV,7.0,0,3.239462458476589,0,2023,5,31,2
28.0,Female,Canada,Quebec,Standard,13.84,Desktop,3.0,0,2.6973262377392344,0,2023,8,29,1
49.0,Male,USA,Pennsylvania,Standard,22.854736059479553,Laptop,1.0,0,3.1719827745379456,0,2024,4,7,6
21.0,Other,USA,Wisconsin,Basic,10.01,Smart TV,1.0,0,2.3988039507345884,0,2025,4,24,3
35.0,Male,Canada,Quebec,Standard,4.25,Laptop,3.0,0,1.6582280766035324,0,2024,11,12,1
30.0,Female,USA,Missouri,Standard,15.06,Laptop,4.0,0,2.7763317085186157,0,2025,5,19,0
18.0,Female,Canada,Manitoba,Standard,21.58,Mobile,3.0,0,3.1170645587215158,0,2024,3,25,0
15.0,Female,Canada,British Columbia,Standard,3.38,Smart TV,1.0,0,1.4770487243883548,0,2025,6,24,1
32.0,Female,USA,Washington,Premium+,6.06,Laptop,0.0,0,1.9544450515051506,1,2024,3,21,3
39.0,Male,USA,Massachusetts,Premium+,3.08,Mobile,1.0,1,1.4060969884160703,0,2025,4,25,4
36.0,Other,USA,North Carolina,Premium+,5.56,Mobile,2.0,0,1.8809906029559975,0,2023,5,2,1
15.0,Female,Canada,Manitoba,Standard,10.25,Gaming Console,2.0,0,2.4203681286504293,0,2025,3,15,5
33.0,Female,USA,California,Basic,19.83,Desktop,3.0,0,3.0363942552728806,0,2024,11,13,2
40.0,Female,USA,Virginia,Basic,10.13,Tablet,2.0,0,2.4096441652874536,0,2025,6,15,6
42.0,Male,USA,Virginia,Premium,9.18,Tablet,2.0,0,2.3204250111223765,0,2022,9,21,2
26.0,Male,Canada,Newfoundland and Labrador,Premium,11.8,Smart TV,3.0,0,2.5494451709255714,0,2024,12,14,5
42.0,Female,Canada,British Columbia,Premium,10.76,Smart TV,3.0,0,2.464703942470481,0,2023,2,14,1
41.0,Male,USA,Pennsylvania,Premium,2.9,Desktop,3.0,1,1.3609765531356006,0,2023,8,15,1
14.0,Female,USA,Ohio,Premium,11.99,Tablet,0.0,0,2.5641798306825083,1,2023,4,22,5
16.0,Other,USA,New York,Standard,12.25,Desktop,3.0,0,2.583997552432231,0,2022,11,27,6
38.0,Female,USA,Massachusetts,Premium,25.99,Gaming Console,2.0,0,3.2954664270299134,0,2022,11,16,2
27.0,Male,Canada,Prince Edward Island,Standard,7.95,Tablet,4.0,0,2.191653532286764,0,2023,5,2,1
28.0,Male,USA,Wisconsin,Standard,12.15,Mobile,1.0,0,2.5764217586237734,0,2024,5,10,4
54.0,Male,Canada,Saskatchewan,Basic,13.94,Mobile,2.0,1,2.7040421797046714,0,2024,3,15,4
35.0,Other,USA,North Carolina,Standard,17.7,Smart TV,5.0,0,2.928523523860541,0,2023,3,22,2
52.0,Male,USA,North Carolina,Standard,16.39,Desktop,2.0,0,2.855895328366192,0,2022,12,9,4
54.0,Male,USA,California,Standard,14.4,Mobile,3.0,0,2.7343675094195836,0,2023,5,18,3
44.0,Female,Canada,Alberta,Basic,15.2,Mobile,4.0,0,2.785011242238338,0,2024,5,7,1
16.0,Female,USA,Michigan,Premium,21.811017452655033,Gaming Console,2.0,0,3.1272436408541084,0,2024,1,3,2
39.0,Female,USA,New York,Standard,7.42,Gaming Console,4.0,0,2.130609828254235,0,2025,5,23,4
24.0,Male,USA,Virginia,Basic,8.29,Desktop,3.0,1,2.2289385528257473,0,2024,11,27,2
48.0,Male,USA,North Carolina,Premium,23.63,Mobile,3.0,0,3.2039652121324464,0,2024,11,4,0
54.0,Male,USA,Pennsylvania,Basic,31.54,Mobile,1.0,1,3.482470101790892,0,2024,2,25,6
48.0,Male,Canada,Manitoba,Basic,20.21,Tablet,4.0,0,3.0544727685765913,0,2025,1,30,3
34.0,Other,USA,Florida,Premium,23.88,Mobile,1.0,0,3.2140642678709788,0,2024,11,23,5
47.0,Female,USA,Missouri,Premium+,11.32,Laptop,1.0,0,2.511223958105374,0,2025,1,3,4
47.0,Male,Canada,Quebec,Standard,12.47,Desktop,0.0,0,2.6004649904222727,1,2023,4,3,0
33.0,Male,USA,Tennessee,Premium,29.93,Laptop,3.0,0,3.4317265866969784,0,2025,5,29,3
32.0,Female,Canada,New Brunswick,Standard,22.854736059479553,Smart TV,3.0,0,3.1719827745379456,0,2024,12,18,2
40.0,Other,USA,Missouri,Basic,20.136172344689378,Mobile,2.0,0,3.0509859018293035,0,2024,10,3,3
37.0,Other,Canada,Quebec,Standard,20.12,Laptop,2.0,0,3.050220458838061,0,2023,4,19,2
40.0,Male,Canada,British Columbia,Premium,31.74,Mobile,6.0,0,3.4885975719429885,0,2025,5,18,6
44.0,Male,Canada,Manitoba,Premium,21.811017452655033,Smart TV,3.0,0,3.1272436408541084,0,2023,10,26,3
27.0,Other,USA,Florida,Standard,15.68,Smart TV,1.0,0,2.8142103969306005,0,2025,6,9,0
41.0,Male,USA,Illinois,Premium,5.15,Desktop,3.0,1,1.8164520818184267,0,2023,5,3,2
18.0,Female,Canada,Saskatchewan,Premium,8.59,Tablet,5.0,0,2.2607208888953467,0,2023,5,9,1
44.0,Male,USA,Georgia,Premium,26.08,Gaming Console,6.0,0,3.298795448044074,0,2025,7,20,6
29.0,Female,Canada,British Columbia,Premium+,11.48,Tablet,6.0,0,2.5241273629412815,0,2024,8,10,5
40.0,Male,USA,New York,Premium,25.26,Smart TV,7.0,0,3.26804686887465,0,2025,1,16,3
47.0,Male,USA,Tennessee,Premium,8.11,Tablet,0.0,0,2.209372711271867,1,2023,6,23,4
42.0,Male,USA,Texas,Standard,21.9,Gaming Console,0.0,1,3.131136910560194,1,2022,8,12,4
41.0,Female,USA,Washington,Standard,5.79,Desktop,1.0,0,1.9154509415706047,0,2022,11,25,4
59.0,Female,Canada,Alberta,Standard,4.99,Tablet,2.0,0,1.7900914121273581,0,2024,10,19,5
27.0,Female,USA,New York,Premium,14.45,Tablet,2.0,0,2.7376090033437546,0,2024,2,9,4
37.0,Male,Canada,British Columbia,Basic,10.39,Smart TV,2.0,0,2.432735777459091,0,2025,5,31,5
29.0,Male,USA,Tennessee,Premium,14.33,Tablet,4.0,0,2.7298116928837226,0,2025,4,30,2
38.0,Other,USA,New York,Basic,4.66,Desktop,4.0,0,1.7334238922150915,0,2023,12,7,3
41.0,Other,USA,Texas,Standard,13.77,Laptop,4.0,0,2.6925980965432883,0,2025,3,9,6
21.0,Female,Canada,Nova Scotia,Premium+,16.41,Smart TV,2.0,0,2.8570447537800976,0,2023,4,8,5
34.0,Other,USA,Florida,Standard,7.42,Smart TV,4.0,1,2.130609828254235,0,2023,4,23,6
26.0,Female,USA,Indiana,Standard,22.854736059479553,Laptop,2.0,0,3.1719827745379456,0,2025,5,5,0
24.0,Male,USA,Washington,Basic,13.81,Gaming Console,3.0,0,2.6953026282797072,0,2024,4,27,5
38.0,Female,Canada,Alberta,Premium,8.12,Laptop,1.0,1,2.21046980408624,0,2023,7,8,5
42.0,Female,Canada,Saskatchewan,Premium,9.23,Laptop,3.0,1,2.325324579963535,0,2022,8,5,4
35.0,Male,USA,Illinois,Premium,15.56,Tablet,3.0,0,2.8069901489571136,0,2025,7,11,4
42.0,Female,USA,Ohio,Standard,38.59,Gaming Console,2.0,0,3.678576561118039,0,2023,6,5,0
38.0,Female,USA,Tennessee,Standard,27.73,Smart TV,3.0,0,3.3579418729911983,0,2023,4,1,5
48.0,Male,USA,Georgia,Premium,8.49,Smart TV,2.0,1,2.2502386126218363,0,2025,3,7,4
25.0,Male,Canada,Manitoba,Standard,24.0,Smart TV,3.0,1,3.2188758248682006,0,2025,4,1,1
32.0,Female,USA,Maryland,Premium,21.811017452655033,Smart TV,1.0,0,3.1272436408541084,0,2024,1,9,1
42.0,Female,USA,Illinois,Basic,12.21,Gaming Console,2.0,0,2.580974118534234,0,2024,9,12,3
38.0,Female,USA,Michigan,Premium,15.88,Laptop,2.0,0,2.826129489167811,0,2024,3,22,4
35.0,Male,USA,California,Premium+,19.675352862849536,Laptop,3.0,0,3.0289423078910556,0,2023,12,18,0
37.0,Female,USA,California,Basic,9.19,Mobile,2.0,0,2.321406847234633,0,2024,9,19,3
57.0,Female,USA,Pennsylvania,Standard,10.97,Gaming Console,1.0,0,2.482403519569882,0,2023,8,28,0
33.0,Female,Canada,British Columbia,Premium,29.14,Smart TV,4.0,0,3.4058531931983493,0,2022,11,12,5
32.0,Other,Canada,Quebec,Premium,18.79,Gaming Console,3.0,0,2.9851767596144745,0,2024,7,17,2
35.0,Other,Canada,Alberta,Premium,21.811017452655033,Laptop,0.0,0,3.1272436408541084,1,2023,3,2,3
41.0,Other,USA,Pennsylvania,Premium+,486.98,Laptop,2.0,0,6.1902744214067384,0,2025,2,17,0
11.0,Female,USA,Texas,Basic,3.23,Smart TV,3.0,0,1.4422019930581866,0,2023,12,18,0
35.0,Other,USA,Massachusetts,Premium+,2.2,Tablet,3.0,0,1.1631508098056809,0,2023,2,7,1
47.0,Female,Canada,Nova Scotia,Premium,23.05,Tablet,5.0,0,3.1801349965517702,0,2025,3,25,1
40.0,Male,Canada,New Brunswick,Premium,6.38,Tablet,6.0,0,1.998773638612381,0,2025,6,24,1
51.0,Male,USA,Illinois,Standard,25.71,Desktop,5.0,0,3.2850380271218693,0,2023,8,19,5
46.0,Male,USA,Massachusetts,Premium,35.68,Gaming Console,4.0,0,3.602231647388264,0,2024,11,11,0
38.0,Other,Canada,Saskatchewan,Basic,7.2,Desktop,2.0,0,2.1041341542702074,0,2024,10,9,2
49.0,Female,USA,Ohio,Standard,22.854736059479553,Mobile,0.0,0,3.1719827745379456,1,2023,7,26,2
46.0,Female,Canada,Newfoundland and Labrador,Basic,21.56,Laptop,1.0,0,3.1161784266298582,0,2025,2,21,4
40.0,Male,USA,Missouri,Basic,24.66,Gaming Console,2.0,0,3.2449333591874905,0,2024,11,12,1
32.0,Female,USA,California,Premium,21.811017452655033,Desktop,2.0,0,3.1272436408541084,0,2024,7,30,1
29.0,Female,USA,New York,Premium+,23.73,Gaming Console,2.0,0,3.208017081533325,0,2023,7,13,3
38.0,Other,USA,New York,Premium+,18.25,Smart TV,4.0,0,2.9575110607337933,0,2025,6,12,3
52.0,Female,USA,Indiana,Premium,3.33,Smart TV,2.0,1,1.4655675420143985,0,2022,8,9,1
28.0,Other,Canada,Ontario,Standard,23.25,Smart TV,3.0,1,3.188416617383492,0,2024,2,19,0
36.0,Male,USA,Georgia,Basic,29.24,Desktop,3.0,0,3.4091655513113324,0,2023,7,16,6
29.0,Other,Canada,Manitoba,Premium,34.21,Tablet,0.0,0,3.5613301331669613,1,2022,11,17,3
44.0,Female,USA,Texas,Premium,21.811017452655033,Laptop,1.0,0,3.1272436408541084,0,2024,6,2,6
33.0,Male,USA,Washington,Premium,6.93,Laptop,3.0,0,2.0706530356467567,0,2024,8,17,5
37.0,Other,USA,Washington,Premium,32.2,Gaming Console,0.0,0,3.502549875922443,1,2024,2,12,0
18.0,Other,USA,Illinois,Premium+,19.675352862849536,Gaming Console,4.0,0,3.0289423078910556,0,2023,10,5,3
32.0,Female,USA,Missouri,Standard,50.29,Desktop,1.0,0,3.937495801401177,0,2022,12,24,5
39.0,Female,USA,North Carolina,Premium,7.3,Tablet,4.0,0,2.1162555148025524,0,2022,9,16,4
43.0,Female,Canada,New Brunswick,Premium,15.71,Gaming Console,1.0,0,2.8160073426073025,0,2024,2,11,6
49.0,Male,USA,Indiana,Standard,12.15,Mobile,3.0,0,2.5764217586237734,0,2022,10,11,1
20.0,Female,USA,Virginia,Standard,29.9,Laptop,0.0,1,3.4307561839036995,1,2022,9,17,5
43.0,Other,USA,Washington,Premium,45.86,Tablet,2.0,0,3.8471644330796497,0,2025,1,13,0
12.0,Female,Canada,Ontario,Premium,6.18,Smart TV,3.0,0,1.9712993830601329,0,2022,8,19,4
42.0,Male,USA,Washington,Premium,2.38,Smart TV,2.0,0,1.2178757094949273,0,2023,3,28,1
51.0,Female,USA,Washington,Standard,17.11,Desktop,4.0,0,2.896464271895322,0,2024,2,5,0
36.0,Female,USA,Texas,Standard,6.43,Desktop,1.0,0,2.005525858729668,0,2024,7,27,5
43.0,Other,USA,Wisconsin,Standard,23.45,Tablet,3.0,0,3.196630215920881,0,2023,9,13,2
26.0,Male,USA,New Jersey,Premium,2.86,Tablet,1.0,0,1.3506671834767394,0,2025,7,14,0
54.0,Female,USA,Tennessee,Premium+,10.52,Mobile,3.0,0,2.444084655267745,0,2023,9,24,6
26.0,Other,USA,New Jersey,Premium+,8.4,Gaming Console,0.0,0,2.2407096892759584,1,2025,3,9,6
29.0,Male,Canada,Prince Edward Island,Premium,35.22,Laptop,7.0,0,3.589611452455267,0,2023,11,28,1
41.0,Male,USA,Ohio,Premium,48.51,Laptop,2.0,1,3.9021746693733315,0,2023,7,18,1
14.0,Female,Canada,Prince Edward Island,Standard,21.97,Mobile,5.0,0,3.134189016701007,0,2024,4,30,1
14.0,Other,Canada,Newfoundland and Labrador,Premium+,12.41,Mobile,4.0,0,2.596000697293587,0,2024,2,5,0
22.0,Female,Canada,Newfoundland and Labrador,Premium,9.83,Gaming Console,7.0,0,2.382320061012899,0,2023,4,24,0
28.0,Female,Canada,Saskatchewan,Standard,16.84,Tablet,4.0,0,2.8814431271518632,0,2024,10,19,5
53.0,Female,Canada,Manitoba,Premium,10.76,Gaming Console,2.0,0,2.464703942470481,0,2025,4,12,5
38.0,Female,Canada,Nova Scotia,Premium,39.85,Smart TV,6.0,0,3.709906821306012,0,2024,2,5,0
36.0,Male,Canada,Nova Scotia,Standard,27.5,Gaming Console,2.0,0,3.349904087274605,0,2025,5,8,3
46.0,Female,USA,California,Premium,21.811017452655033,Gaming Console,0.0,1,3.1272436408541084,1,2025,5,11,6
38.0,Other,USA,Pennsylvania,Premium,32.25,Laptop,2.0,1,3.5040547671018634,0,2023,5,31,2
32.0,Female,USA,Ohio,Premium,14.63,Tablet,5.0,0,2.749192144433385,0,2024,10,20,6
27.0,Female,USA,Wisconsin,Standard,15.58,Smart TV,0.0,0,2.8081971497071487,1,2024,6,22,5
52.0,Female,Canada,Saskatchewan,Standard,31.26,Desktop,1.0,0,3.473828072697063,0,2022,9,26,0
26.0,Female,USA,New York,Premium+,24.33,Mobile,1.0,1,3.231989464013584,0,2022,12,16,4
27.0,Female,Canada,Manitoba,Basic,20.136172344689378,Gaming Console,7.0,0,3.0509859018293035,0,2025,7,28,0
53.0,Female,USA,New York,Standard,12.82,Mobile,2.0,0,2.626116818339524,0,2025,3,22,5
35.0,Female,USA,Illinois,Standard,2.61,Desktop,5.0,0,1.2837077723447896,0,2023,6,17,5
45.0,Female,USA,Tennessee,Standard,28.91,Laptop,2.0,0,3.398192872641857,0,2022,8,21,6
34.0,Male,Canada,Nova Scotia,Standard,21.28,Gaming Console,3.0,0,3.1036894150590832,0,2025,1,18,5
39.0,Other,Canada,Newfoundland and Labrador,Premium+,554.34,Smart TV,4.0,1,6.319580538788542,0,2024,2,27,1
33.0,Other,Canada,Alberta,Standard,22.854736059479553,Desktop,2.0,0,3.1719827745379456,0,2023,11,10,4
42.0,Male,Canada,Prince Edward Island,Basic,20.136172344689378,Laptop,4.0,0,3.0509859018293035,0,2022,12,31,5
23.0,Other,USA,Maryland,Premium,21.811017452655033,Desktop,2.0,0,3.1272436408541084,0,2025,5,24,5
20.0,Male,Canada,Manitoba,Premium,5.78,Mobile,3.0,0,1.9139771019523042,0,2025,6,23,0
53.0,Female,USA,Illinois,Premium,25.91,Gaming Console,5.0,1,3.2924979647388146,0,2023,6,18,6
44.0,Male,USA,Washington,Premium,21.811017452655033,Tablet,2.0,0,3.1272436408541084,0,2024,9,27,4
42.0,Female,USA,Pennsylvania,Premium,21.811017452655033,Gaming Console,0.0,0,3.1272436408541084,1,2024,3,2,5
38.0,Female,USA,California,Standard,9.52,Desktop,2.0,0,2.3532782073095637,0,2025,1,20,0
25.0,Female,USA,Washington,Premium,6.02,Smart TV,2.0,1,1.9487632180377197,0,2025,2,14,4
42.0,Female,USA,Florida,Standard,7.41,Mobile,0.0,0,2.1294214739848565,1,2024,11,23,5
45.0,Female,Canada,Prince Edward Island,Premium,15.15,Mobile,2.0,0,2.7819200496686656,0,2024,9,3,1
33.0,Other,Canada,Prince Edward Island,Premium,16.99,Smart TV,2.0,0,2.8898160479624417,0,2023,9,2,5
52.0,Male,USA,New Jersey,Standard,44.52,Smart TV,2.0,0,3.8181517898180757,0,2023,11,5,6
30.0,Male,USA,Illinois,Basic,9.59,Tablet,2.0,0,2.359910159613315,0,2024,8,8,3
12.0,Female,USA,New Jersey,Basic,12.84,Gaming Console,2.0,0,2.6275629501895237,0,2025,7,25,4
31.0,Male,USA,Tennessee,Standard,38.46,Desktop,1.0,0,3.6752875005944694,0,2024,2,19,0
42.0,Male,USA,Tennessee,Basic,3.95,Smart TV,2.0,0,1.599387576580599,0,2023,10,3,1
28.0,Female,Canada,Nova Scotia,Premium,20.25,Mobile,2.0,1,3.056356895370426,0,2022,12,12,0
29.0,Male,USA,Maryland,Basic,5.09,Smart TV,3.0,0,1.8066480817218056,0,2025,7,19,5
34.0,Male,USA,Texas,Premium,15.33,Desktop,2.0,0,2.7930039069823738,0,2025,1,11,5
10.0,Other,USA,Florida,Basic,52.39,Smart TV,0.0,1,3.9776234625120948,1,2023,7,27,3
18.0,Male,USA,Michigan,Standard,15.84,Laptop,2.0,0,2.8237570088141806,0,2024,2,9,4
38.0,Female,Canada,Quebec,Standard,4.09,Laptop,0.0,0,1.6272778305624314,1,2024,11,3,6
42.0,Male,Canada,New Brunswick,Basic,14.59,Mobile,3.0,0,2.7466296830696852,0,2024,10,30,2
43.0,Female,USA,Ohio,Standard,6.2,Tablet,2.0,1,1.9740810260220096,0,2024,12,5,3
50.0,Other,USA,Pennsylvania,Standard,9.22,Mobile,4.0,0,2.3243465847755584,0,2022,12,8,3
31.0,Other,Canada,New Brunswick,Premium,21.35,Desktop,0.0,0,3.106826321059578,1,2024,1,4,3
52.0,Male,USA,Indiana,Standard,22.854736059479553,Gaming Console,2.0,0,3.1719827745379456,0,2025,6,27,4
43.0,Female,USA,Florida,Premium,18.72,Desktop,4.0,0,2.9816333491744893,0,2024,2,21,2
47.0,Female,Canada,Newfoundland and Labrador,Basic,15.13,Gaming Console,2.0,0,2.7806808921371178,0,2025,1,15,2
21.0,Other,USA,Georgia,Standard,7.56,Mobile,0.0,1,2.1471001901536506,1,2024,3,18,0
48.0,Male,Canada,Nova Scotia,Premium,24.19,Mobile,1.0,0,3.226447090364519,0,2023,6,17,5
22.0,Male,USA,Washington,Premium,1.57,Tablet,7.0,0,0.9439058989071284,0,2024,7,25,3
43.0,Female,USA,New York,Premium,13.82,Mobile,1.0,0,2.695977619867941,0,2022,9,4,6
23.0,Female,USA,Tennessee,Premium,20.88,Laptop,1.0,0,3.0855729775537806,0,2024,4,6,5
18.0,Other,USA,Washington,Premium,13.36,Tablet,3.0,0,2.664446563620078,0,2024,5,17,4
52.0,Male,USA,New York,Standard,11.65,Smart TV,2.0,0,2.5376572151735295,0,2022,9,18,6
37.0,Male,USA,Maryland,Premium,13.6,Mobile,4.0,0,2.681021528714291,0,2023,8,27,6
22.0,Male,Canada,Prince Edward Island,Standard,10.32,Mobile,1.0,0,2.4265710727750367,0,2025,7,2,2
52.0,Other,Canada,Ontario,Premium,35.62,Laptop,2.0,1,3.6005945392463645,0,2022,11,6,6
43.0,Female,Canada,Saskatchewan,Premium,8.15,Desktop,4.0,0,2.21375387928743,0,2023,7,3,0
25.0,Other,Canada,Manitoba,Premium,8.27,Smart TV,5.0,1,2.2267833795777636,0,2023,3,6,0
41.0,Male,USA,Ohio,Premium,7.8,Gaming Console,4.0,1,2.174751721484161,0,2024,6,11,1
54.0,Male,USA,Texas,Premium+,28.21,Smart TV,4.0,0,3.3745111163996495,0,2025,3,15,5
21.0,Female,USA,Wisconsin,Premium,4.56,Tablet,3.0,0,1.715598108262491,0,2023,12,1,4
41.0,Female,USA,North Carolina,Premium,17.28,Laptop,0.0,0,2.905807566026004,1,2023,11,15,2
53.0,Female,USA,Virginia,Premium,7.83,Tablet,4.0,1,2.178155014615869,0,2023,3,13,0
45.0,Male,USA,Wisconsin,Standard,22.66,Mobile,1.0,0,3.1637858585502405,0,2023,9,6,2
32.0,Male,USA,Maryland,Standard,3.0,Smart TV,1.0,0,1.3862943611198906,0,2023,12,8,4
42.0,Female,USA,Massachusetts,Standard,16.86,Laptop,2.0,0,2.882563575448353,0,2024,7,14,6
49.0,Male,Canada,British Columbia,Premium,7.21,Tablet,5.0,1,2.105352923464337,0,2023,9,5,1
16.0,Female,USA,Wisconsin,Standard,10.32,Smart TV,4.0,0,2.4265710727750367,0,2024,6,30,6
33.0,Female,Canada,Nova Scotia,Standard,6.8,Laptop,2.0,0,2.0541237336955462,0,2024,9,26,3
45.0,Other,USA,Washington,Premium+,6.57,Laptop,2.0,1,2.0241930674493576,0,2025,6,14,5
28.0,Female,USA,Texas,Standard,8.3,Laptop,5.0,0,2.2300144001592104,0,2023,7,31,0
25.0,Male,USA,California,Standard,19.21,Desktop,3.0,0,3.00617753141553,0,2023,7,1,5
45.0,Male,Canada,Prince Edward Island,Premium,3.07,Laptop,3.0,0,1.4036429994545037,0,2023,12,8,4
24.0,Male,Canada,Newfoundland and Labrador,Premium,47.49,Smart TV,0.0,0,3.881357591117261,1,2023,11,2,3
14.0,Male,Canada,Newfoundland and Labrador,Premium,8.41,Desktop,3.0,0,2.2417729535972883,0,2022,10,17,0
50.0,Male,USA,California,Premium,17.62,Tablet,0.0,0,2.924236271848921,1,2024,2,25,6
27.0,Female,Canada,Manitoba,Standard,15.03,Laptop,3.0,0,2.7744619666214616,0,2024,3,27,2
23.0,Female,USA,New York,Basic,4.96,Gaming Console,3.0,1,1.7850704810772584,0,2024,4,4,3
30.0,Other,USA,North Carolina,Premium,11.67,Desktop,3.0,0,2.5392369943330477,0,2023,11,27,0
38.0,Other,USA,Texas,Premium,14.75,Laptop,1.0,0,2.7568403652716422,0,2024,7,23,1
42.0,Male,USA,Georgia,Premium,23.94,Mobile,3.0,0,3.2164729402518906,0,2025,2,26,2
54.0,Other,USA,Maryland,Premium+,42.15,Smart TV,1.0,0,3.764682417529437,0,2024,12,18,2
38.0,Female,USA,Arizona,Premium,18.51,Mobile,2.0,1,2.97092715463502,0,2022,8,6,5
37.0,Other,USA,Ohio,Standard,5.23,Laptop,3.0,0,1.8293763327993617,0,2025,5,28,2
27.0,Male,USA,Pennsylvania,Premium,21.811017452655033,Laptop,4.0,0,3.1272436408541084,0,2024,11,4,0
25.0,Male,Canada,Alberta,Premium,22.45,Tablet,1.0,1,3.1548704948922883,0,2023,2,21,1
38.0,Female,USA,Missouri,Premium+,13.82,Mobile,6.0,0,2.695977619867941,0,2024,10,4,4
30.0,Other,USA,Texas,Basic,15.3,Laptop,1.0,0,2.791165107812717,0,2022,11,3,3
27.0,Male,Canada,Manitoba,Standard,22.7,Gaming Console,1.0,0,3.1654750481410856,0,2024,10,28,0
36.0,Male,Canada,Alberta,Standard,6.12,Smart TV,3.0,0,1.9629077254238845,0,2023,2,28,1
46.0,Female,USA,North Carolina,Standard,16.55,Desktop,1.0,0,2.865053949911875,0,2023,6,3,5
44.0,Male,USA,Wisconsin,Premium,9.86,Laptop,0.0,0,2.3850863145057892,1,2022,8,18,3
47.0,Male,USA,Maryland,Standard,37.48,Laptop,0.0,0,3.6501386257975055,1,2023,5,9,1
23.0,Female,Canada,New Brunswick,Basic,26.11,Smart TV,1.0,0,3.299902663510574,0,2023,8,29,1
18.0,Male,USA,Michigan,Premium,11.63,Desktop,1.0,1,2.5360749363624,0,2022,11,12,5
38.0,Female,USA,North Carolina,Standard,25.74,Desktop,0.0,0,3.286160571673797,1,2023,5,6,5
12.0,Female,USA,Wisconsin,Premium,6.91,Gaming Console,0.0,0,2.0681277817795625,1,2025,7,11,4
39.0,Female,Canada,Saskatchewan,Premium,27.57,Smart TV,2.0,0,3.3523572162426816,0,2025,5,28,2
29.0,Male,USA,Ohio,Premium+,13.66,Tablet,3.0,0,2.6851226964585053,0,2025,7,2,2
40.0,Female,Canada,Alberta,Standard,22.854736059479553,Mobile,2.0,1,3.1719827745379456,0,2024,3,23,5
37.0,Female,USA,Maryland,Premium,24.32,Smart TV,0.0,0,3.2315945972759756,1,2024,10,15,1
45.0,Male,Canada,Newfoundland and Labrador,Premium,16.1,Mobile,2.0,0,2.8390784635086144,0,2024,8,14,2
40.0,Other,USA,Wisconsin,Basic,14.78,Gaming Console,5.0,0,2.7587433154177283,0,2022,10,29,5
30.0,Male,USA,Arizona,Premium,2.99,Tablet,3.0,0,1.3837912309017721,0,2023,8,18,4
38.0,Female,Canada,British Columbia,Premium,42.64,Desktop,2.0,0,3.77597416096487,0,2024,10,11,4
25.0,Female,USA,Texas,Standard,7.17,Tablet,2.0,0,2.1004689088719113,0,2023,4,30,6
35.0,Other,Canada,Quebec,Standard,6.98,Smart TV,2.0,0,2.0769384114617173,0,2023,11,4,5
47.0,Male,USA,New York,Standard,11.62,Mobile,4.0,0,2.5352828571130672,0,2023,6,28,2
21.0,Male,USA,New York,Basic,11.21,Smart TV,3.0,0,2.502255288122613,0,2024,4,20,5
39.0,Male,USA,Arizona,Premium,30.92,Tablet,4.0,0,3.463232772581608,0,2025,5,9,4
44.0,Female,USA,Massachusetts,Premium,7.07,Mobile,3.0,0,2.0881534822818573,0,2023,8,27,6
13.0,Male,Canada,Quebec,Premium,48.14,Tablet,0.0,0,3.894673367093033,1,2023,1,15,6
24.0,Female,Canada,Prince Edward Island,Premium,9.96,Gaming Console,0.0,0,2.3942522815198695,1,2024,10,31,3
30.0,Male,USA,Maryland,Premium,3.15,Mobile,6.0,0,1.423108334242607,0,2024,1,28,6
29.0,Other,USA,Pennsylvania,Basic,15.69,Mobile,2.0,0,2.8148097376737438,0,2022,10,19,2
36.0,Other,USA,Texas,Premium,8.12,Smart TV,3.0,0,2.21046980408624,0,2025,6,8,6
40.0,Other,USA,Georgia,Standard,40.28,Gaming Console,0.0,0,3.720378121173307,1,2024,3,19,1
56.0,Male,USA,New York,Premium+,5.08,Gaming Console,3.0,0,1.8050046959780757,0,2023,11,8,2
31.0,Female,USA,North Carolina,Basic,17.8,Tablet,2.0,0,2.9338568698359038,0,2024,2,11,6
32.0,Other,USA,Tennessee,Basic,5.16,Desktop,2.0,0,1.8180767775454285,0,2024,9,11,2
54.0,Female,USA,Georgia,Premium,9.29,Desktop,2.0,1,2.331172549845958,0,2023,11,17,4
46.0,Male,USA,Michigan,Basic,14.51,Gaming Console,8.0,0,2.7414849771884473,0,2025,4,30,2
57.0,Other,USA,Arizona,Standard,11.23,Mobile,2.0,1,2.503891949699081,0,2023,9,8,4
17.0,Female,Canada,Newfoundland and Labrador,Premium,21.811017452655033,Mobile,0.0,0,3.1272436408541084,1,2024,6,4,1
32.0,Male,Canada,Prince Edward Island,Standard,22.01,Gaming Console,4.0,0,3.1359289040472746,0,2024,12,12,3
21.0,Male,USA,Tennessee,Standard,33.48,Desktop,3.0,0,3.5403794457954922,0,2023,9,19,1
31.0,Male,USA,Pennsylvania,Premium,30.13,Gaming Console,0.0,1,3.4381719844535166,1,2023,8,20,6
47.0,Female,USA,North Carolina,Premium,24.68,Gaming Console,3.0,0,3.2457124788217606,0,2025,5,15,3
40.0,Male,USA,Michigan,Premium+,18.72,Gaming Console,3.0,0,2.9816333491744893,0,2023,1,2,0
13.0,Male,USA,Florida,Basic,1.92,Smart TV,2.0,0,1.0715836162801904,0,2023,6,25,6
42.0,Male,USA,Georgia,Premium+,19.675352862849536,Mobile,2.0,0,3.0289423078910556,0,2025,3,12,2
33.0,Other,Canada,Nova Scotia,Standard,26.26,Laptop,2.0,0,3.3054204262683866,0,2024,12,25,2
24.0,Other,Canada,Manitoba,Basic,5.53,Gaming Console,2.0,0,1.8764069432883397,0,2025,2,27,3
37.0,Other,Canada,Manitoba,Standard,31.86,Laptop,0.0,0,3.492256112609122,1,2023,11,7,1
55.0,Female,USA,New York,Basic,7.88,Smart TV,1.0,0,2.1838015570040787,0,2024,2,28,2
23.0,Male,USA,Texas,Standard,6.79,Smart TV,3.0,0,2.052840859882657,0,2024,2,7,2
37.0,Female,Canada,New Brunswick,Basic,20.136172344689378,Laptop,4.0,0,3.0509859018293035,0,2025,3,16,6
39.0,Female,USA,North Carolina,Premium,21.811017452655033,Laptop,0.0,0,3.1272436408541084,1,2024,8,7,2
31.0,Other,Canada,Alberta,Premium,36.07,Laptop,0.0,0,3.612808017162641,1,2022,9,8,3
36.0,Male,USA,Pennsylvania,Standard,5.02,Desktop,4.0,0,1.7950872593207297,0,2023,12,8,4
53.0,Male,USA,Maryland,Standard,18.11,Gaming Console,0.0,0,2.950211758252182,1,2025,2,17,0
31.0,Female,USA,Missouri,Standard,15.89,Tablet,3.0,1,2.826721730819709,0,2024,3,8,4
35.0,Male,USA,Illinois,Standard,1.16,Laptop,1.0,1,0.7701082216960736,0,2025,2,7,4
45.0,Male,USA,Massachusetts,Premium,28.27,Smart TV,4.0,0,3.3765631007037946,0,2023,9,19,1
17.0,Male,Canada,Manitoba,Standard,14.31,Laptop,0.0,0,2.7285062096695922,1,2023,12,17,6
17.0,Other,USA,Indiana,Standard,9.2,Laptop,1.0,0,2.322387720290225,0,2024,4,20,5
21.0,Female,USA,Missouri,Premium+,17.7,Mobile,3.0,0,2.928523523860541,0,2023,6,8,3
28.0,Other,USA,Ohio,Standard,31.33,Mobile,0.0,0,3.4759955917373415,1,2022,11,24,3
26.0,Male,USA,California,Premium,6.85,Gaming Console,2.0,0,2.060513531794317,0,2024,2,6,1
17.0,Female,USA,Missouri,Standard,4.89,Gaming Console,2.0,0,1.7732559976634952,0,2023,5,11,3
26.0,Male,USA,Massachusetts,Basic,15.08,Smart TV,2.0,0,2.77757626375082,0,2022,10,11,1
46.0,Male,USA,Illinois,Standard,32.5,Gaming Console,1.0,1,3.5115454388310208,0,2022,10,3,0
30.0,Male,USA,North Carolina,Standard,12.0,Laptop,0.0,0,2.5649493574615367,1,2024,9,22,6
38.0,Other,USA,California,Premium,11.24,Smart TV,0.0,0,2.50470927708418,1,2023,2,24,4
15.0,Male,Canada,Nova Scotia,Premium+,7.0,Smart TV,3.0,0,2.0794415416798357,0,2023,1,25,2
29.0,Male,USA,Tennessee,Basic,12.85,Mobile,2.0,0,2.6282852326333477,0,2023,10,13,4
52.0,Male,Canada,Quebec,Standard,22.854736059479553,Mobile,5.0,0,3.1719827745379456,0,2025,5,15,3
28.0,Female,USA,Michigan,Standard,9.77,Smart TV,0.0,0,2.3767644911682972,1,2023,8,19,5
44.0,Male,USA,Wisconsin,Premium,18.13,Desktop,1.0,0,2.9512577834521614,0,2023,11,21,1
19.0,Other,USA,Wisconsin,Premium,12.91,Smart TV,0.0,1,2.6326080059353516,1,2024,2,2,4
29.0,Female,Canada,Nova Scotia,Standard,22.854736059479553,Smart TV,2.0,1,3.1719827745379456,0,2024,7,16,1
45.0,Male,USA,California,Premium,42.86,Laptop,0.0,0,3.781002742989742,1,2025,6,2,0
55.0,Female,Canada,Ontario,Premium,21.811017452655033,Smart TV,0.0,0,3.1272436408541084,1,2023,7,18,1
54.0,Female,Canada,Quebec,Premium,32.6,Mobile,2.0,0,3.5145260669691587,0,2023,9,18,0
42.0,Male,Canada,New Brunswick,Basic,20.136172344689378,Smart TV,0.0,0,3.0509859018293035,1,2025,5,30,4
32.0,Female,USA,Arizona,Premium,36.66,Smart TV,3.0,0,3.628598523229006,0,2025,5,22,3
26.0,Female,USA,Tennessee,Premium,38.81,Desktop,5.0,1,3.684118137012226,0,2025,2,19,2
29.0,Male,USA,Georgia,Standard,22.854736059479553,Laptop,2.0,1,3.1719827745379456,0,2025,3,3,0
39.0,Female,USA,Virginia,Standard,22.854736059479553,Gaming Console,0.0,1,3.1719827745379456,1,2023,6,29,3
42.0,Other,USA,Ohio,Premium+,13.89,Gaming Console,4.0,0,2.7006898466959175,0,2023,5,11,3
34.0,Other,USA,Massachusetts,Premium,10.87,Gaming Console,6.0,0,2.4740142086215764,0,2025,2,13,3
29.0,Male,USA,Ohio,Standard,11.28,Desktop,2.0,1,2.5079719227189963,0,2024,5,21,1
32.0,Male,USA,Pennsylvania,Basic,29.58,Laptop,1.0,0,3.420346200500916,0,2023,1,5,3
44.0,Other,USA,Indiana,Basic,20.136172344689378,Tablet,4.0,0,3.0509859018293035,0,2024,8,12,0
26.0,Male,USA,California,Premium,2.62,Gaming Console,2.0,1,1.2864740258376797,0,2022,12,1,3
31.0,Male,USA,Arizona,Standard,10.79,Gaming Console,2.0,0,2.4672517145492794,0,2024,9,10,1
58.0,Other,USA,Washington,Standard,13.99,Gaming Console,3.0,0,2.7073833121145063,0,2024,1,22,0
21.0,Other,Canada,Nova Scotia,Premium,8.39,Desktop,1.0,0,2.2396452932201716,0,2024,8,27,1
24.0,Other,USA,Indiana,Basic,2.93,Tablet,5.0,0,1.3686394258811698,0,2023,10,2,0
50.0,Female,USA,California,Standard,791.06,Tablet,0.0,0,6.674637146520723,1,2024,3,13,2
23.0,Female,USA,Texas,Premium+,47.14,Mobile,3.0,0,3.874113432354926,0,2023,2,24,4
58.0,Male,USA,Georgia,Standard,22.13,Tablet,1.0,0,3.141130476243348,0,2024,9,1,6
40.0,Male,Canada,Quebec,Premium,24.25,Tablet,5.0,0,3.228826155721369,0,2025,7,27,6
15.0,Female,USA,Wisconsin,Standard,22.854736059479553,Gaming Console,1.0,0,3.1719827745379456,0,2024,2,27,1
46.0,Female,USA,New Jersey,Premium+,14.52,Laptop,1.0,0,2.7421295147550726,0,2025,5,11,6
37.0,Other,Canada,Prince Edward Island,Standard,11.88,Laptop,0.0,0,2.5556757206762075,1,2023,1,27,4
20.0,Male,USA,Wisconsin,Premium,10.2,Mobile,0.0,1,2.4159137783010487,1,2023,8,8,1
51.0,Female,USA,Massachusetts,Basic,56.41,Smart TV,2.0,0,4.050218504179545,0,2023,5,26,4
48.0,Other,Canada,Ontario,Premium,7.18,Tablet,5.0,0,2.1016921506146558,0,2025,4,10,3
32.0,Male,USA,New Jersey,Premium+,19.03,Laptop,1.0,0,2.997231149677727,0,2025,7,1,1
28.0,Male,USA,Washington,Standard,2.66,Smart TV,3.0,1,1.297463147413275,0,2024,12,16,0
24.0,Female,Canada,Prince Edward Island,Premium,8.7,Tablet,4.0,0,2.272125885509337,0,2024,4,21,6
44.0,Male,Canada,Alberta,Basic,23.59,Mobile,1.0,0,3.202339856228101,0,2024,6,15,5
31.0,Male,Canada,Newfoundland and Labrador,Standard,8.62,Gaming Console,4.0,0,2.263844264677615,0,2023,3,19,6
32.0,Male,Canada,British Columbia,Premium,21.811017452655033,Gaming Console,0.0,0,3.1272436408541084,1,2023,9,2,5
55.0,Male,USA,California,Standard,11.72,Mobile,0.0,0,2.543175557911976,1,2022,10,18,1
51.0,Female,USA,Washington,Basic,12.31,Mobile,0.0,1,2.58851563240702,1,2022,8,10,2
16.0,Female,USA,Pennsylvania,Premium,21.811017452655033,Mobile,2.0,0,3.1272436408541084,0,2024,11,5,1
39.0,Female,Canada,Prince Edward Island,Standard,34.08,Desktop,3.0,0,3.5576311675039825,0,2023,9,18,0
25.0,Male,Canada,Quebec,Premium+,12.81,Laptop,2.0,0,2.6253929674212007,0,2024,9,17,1
41.0,Male,USA,Maryland,Basic,3.42,Gaming Console,4.0,0,1.4861396960896067,0,2024,3,21,3
36.0,Male,USA,Florida,Premium,8.97,Gaming Console,7.0,1,2.299580583973747,0,2023,7,15,5
42.0,Other,Canada,Nova Scotia,Standard,5.38,Desktop,1.0,0,1.8531680973566984,0,2023,11,6,0
34.0,Male,USA,Michigan,Basic,20.136172344689378,Tablet,4.0,0,3.0509859018293035,0,2024,11,27,2
30.0,Male,USA,Georgia,Premium+,13.27,Laptop,2.0,0,2.658159431488745,0,2023,10,20,4
55.0,Other,USA,Michigan,Standard,11.15,Desktop,2.0,1,2.4973291697865574,0,2023,9,23,5
31.0,Male,USA,Virginia,Basic,13.02,Smart TV,2.0,0,2.640484881606444,0,2024,3,7,3
26.0,Male,USA,Wisconsin,Premium+,12.74,Laptop,5.0,0,2.620311286794203,0,2024,10,22,1
33.0,Female,USA,Ohio,Standard,8.73,Smart TV,3.0,0,2.2752138961979136,0,2023,4,18,1
23.0,Female,Canada,Prince Edward Island,Premium,16.17,Tablet,4.0,0,2.843163674909384,0,2023,3,18,5
27.0,Male,Canada,Nova Scotia,Premium,17.2,Gaming Console,3.0,0,2.9014215940827497,0,2025,3,18,1
25.0,Female,USA,Illinois,Basic,17.33,Desktop,5.0,0,2.9085390618516134,0,2025,3,7,4
49.0,Female,USA,Pennsylvania,Standard,5.21,Laptop,5.0,0,1.8261608959453874,0,2024,7,19,4
20.0,Female,Canada,Saskatchewan,Premium,10.75,Gaming Console,3.0,0,2.463853240590168,0,2024,6,17,0
40.0,Male,USA,Maryland,Premium+,13.74,Desktop,6.0,0,2.6905648867611904,0,2024,12,22,6
46.0,Female,USA,Washington,Basic,4.48,Gaming Console,5.0,1,1.7011051009599243,0,2024,3,27,2
49.0,Male,USA,Arizona,Premium,7.46,Gaming Console,4.0,0,2.135349173618132,0,2025,6,13,4
33.0,Male,USA,Ohio,Premium+,18.11,Tablet,8.0,0,2.950211758252182,0,2024,1,27,5
42.0,Other,USA,Missouri,Standard,7.54,Laptop,3.0,0,2.1447610078004784,0,2023,7,15,5
39.0,Male,USA,Massachusetts,Premium,10.34,Gaming Console,3.0,0,2.428336298299606,0,2024,6,3,0
40.0,Male,USA,Maryland,Premium,27.23,Smart TV,4.0,0,3.340385242265398,0,2023,7,15,5
44.0,Other,Canada,Quebec,Standard,8.26,Gaming Console,5.0,0,2.225704048658088,0,2025,1,7,1
23.0,Other,USA,Massachusetts,Premium,19.04,Gaming Console,4.0,0,2.997730276216664,0,2023,1,14,5
33.0,Female,USA,Indiana,Premium,24.24,Laptop,3.0,0,3.228430037673012,0,2023,1,1,6
31.0,Male,USA,Texas,Premium,5.66,Gaming Console,1.0,0,1.8961194845522977,0,2025,4,21,0
38.0,Female,USA,California,Premium,17.83,Mobile,0.0,0,2.935451342669061,1,2024,10,17,3
44.0,Other,USA,Michigan,Premium,21.811017452655033,Tablet,2.0,0,3.1272436408541084,0,2025,5,5,0
54.0,Female,USA,North Carolina,Standard,10.61,Laptop,2.0,0,2.4518667957098,0,2023,5,29,0
25.0,Male,USA,California,Standard,38.71,Laptop,2.0,0,3.6816030451431603,0,2022,9,20,1
37.0,Female,USA,New Jersey,Premium+,8.0,Laptop,3.0,0,2.1972245773362196,0,2024,11,21,3
52.0,Female,Canada,Alberta,Premium,6.66,Tablet,2.0,0,2.0360119837525,0,2023,3,9,3
27.0,Female,USA,Missouri,Standard,2.42,Desktop,5.0,0,1.2296405510745139,0,2023,5,24,2
48.0,Female,USA,Wisconsin,Premium,45.16,Desktop,4.0,0,3.832113622199844,0,2023,10,4,2
40.0,Male,Canada,Saskatchewan,Basic,17.12,Gaming Console,1.0,0,2.8970163006148333,0,2023,1,16,0
56.0,Other,USA,Maryland,Premium+,14.75,Laptop,4.0,0,2.7568403652716422,0,2023,12,27,2
48.0,Male,USA,Wisconsin,Standard,8.85,Desktop,2.0,0,2.2874714551839976,0,2024,11,2,5
27.0,Male,USA,North Carolina,Basic,19.18,Mobile,0.0,0,3.004692014925463,1,2022,12,31,5
18.0,Male,Canada,Quebec,Standard,12.54,Desktop,2.0,0,2.605648267484129,0,2023,10,6,4
45.0,Female,USA,Texas,Basic,5.5,Tablet,2.0,0,1.8718021769015913,0,2023,5,12,4
46.0,Male,Canada,Newfoundland and Labrador,Standard,13.86,Gaming Console,3.0,0,2.698673039289613,0,2023,8,27,6
41.0,Female,USA,Ohio,Premium,21.811017452655033,Laptop,3.0,1,3.1272436408541084,0,2025,5,12,0
34.0,Female,USA,Maryland,Standard,7.06,Gaming Console,0.0,0,2.0869135565185366,1,2024,10,11,4
57.0,Male,Canada,New Brunswick,Premium,4.46,Laptop,0.0,0,1.6974487897568136,1,2025,5,20,1
25.0,Other,USA,Arizona,Standard,5.77,Desktop,3.0,0,1.9125010869241836,0,2023,2,4,5
28.0,Female,USA,Indiana,Premium,21.811017452655033,Desktop,1.0,0,3.1272436408541084,0,2022,12,8,3
46.0,Other,USA,Pennsylvania,Standard,10.63,Gaming Console,3.0,1,2.453587966530573,0,2023,8,2,2
28.0,Other,USA,Indiana,Premium,11.4,Desktop,3.0,0,2.517696472610991,0,2024,7,8,0
30.0,Female,USA,Tennessee,Standard,17.56,Smart TV,3.0,0,2.9210087273580543,0,2023,6,12,0
31.0,Female,USA,Indiana,Standard,16.26,Smart TV,4.0,0,2.848391685655282,0,2023,2,28,1
33.0,Female,Canada,Nova Scotia,Premium,6.49,Laptop,5.0,0,2.0135687975291283,0,2022,8,3,2
29.0,Other,Canada,Quebec,Premium,6.91,Tablet,2.0,0,2.0681277817795625,0,2022,9,15,3
23.0,Male,Canada,British Columbia,Premium+,15.53,Tablet,0.0,1,2.805176911832933,1,2024,8,31,5
48.0,Male,USA,Florida,Premium,10.04,Smart TV,2.0,0,2.401525040848949,0,2023,6,11,6
29.0,Male,USA,Pennsylvania,Basic,33.36,Laptop,0.0,0,3.536893097116055,1,2023,7,24,0
23.0,Female,USA,Virginia,Basic,23.11,Smart TV,1.0,0,3.1826266921930797,0,2024,9,29,6
24.0,Female,USA,Tennessee,Premium,13.18,Mobile,7.0,0,2.6518325211039815,0,2023,6,21,2
38.0,Female,USA,Michigan,Standard,19.38,Desktop,7.0,0,3.0145540277945786,0,2023,1,30,0
46.0,Female,USA,Illinois,Premium,17.07,Mobile,3.0,0,2.8942531046041373,0,2023,3,19,6
52.0,Female,USA,Georgia,Basic,17.01,Smart TV,0.0,0,2.8909271591878647,1,2024,11,30,5
47.0,Male,USA,Michigan,Standard,0.94,Desktop,1.0,0,0.6626879730752367,0,2024,12,11,2
35.0,Female,USA,Indiana,Standard,8.54,Mobile,5.0,0,2.255493485460195,0,2023,6,27,1
27.0,Male,Canada,Ontario,Standard,41.14,Desktop,2.0,0,3.740997408376043,0,2024,12,12,3
39.0,Female,USA,Illinois,Basic,23.34,Smart TV,3.0,1,3.1921210875593813,0,2023,12,9,5
33.0,Male,USA,Indiana,Premium+,9.61,Smart TV,3.0,0,2.3617969526258915,0,2022,11,4,4
45.0,Male,USA,Missouri,Premium,14.16,Desktop,6.0,0,2.7186603802142257,0,2025,4,1,1
44.0,Other,Canada,New Brunswick,Standard,11.69,Tablet,1.0,1,2.540814281726296,0,2023,4,16,6
34.0,Female,USA,Indiana,Standard,33.07,Laptop,4.0,0,3.5284172316728752,0,2024,1,13,5
45.0,Male,Canada,Alberta,Standard,7.53,Gaming Console,0.0,1,2.143589361503588,1,2024,1,4,3
34.0,Other,USA,California,Standard,22.854736059479553,Tablet,3.0,0,3.1719827745379456,0,2023,3,10,4
36.0,Male,USA,Georgia,Standard,33.45,Tablet,6.0,0,3.539508997459668,0,2025,7,15,1
45.0,Female,Canada,Manitoba,Standard,14.62,Mobile,4.0,0,2.7485521444115397,0,2022,10,9,6
10.0,Female,USA,New Jersey,Basic,12.69,Smart TV,5.0,0,2.6166656393003573,0,2024,4,26,4
34.0,Other,USA,New Jersey,Standard,16.05,Mobile,4.0,0,2.8361502037295256,0,2025,3,29,5
29.0,Female,USA,California,Basic,6.18,Mobile,4.0,1,1.9712993830601329,0,2023,4,19,2
51.0,Male,Canada,Nova Scotia,Standard,4.02,Gaming Console,2.0,0,1.6134299337036377,0,2023,5,24,2
39.0,Male,USA,Arizona,Standard,2.18,Tablet,3.0,0,1.1568811967920856,0,2023,11,23,3
41.0,Female,Canada,Ontario,Standard,21.36,Mobile,5.0,1,3.1072736482868986,0,2023,3,8,2
44.0,Male,USA,New York,Standard,11.55,Desktop,3.0,0,2.529720665577793,0,2023,6,25,6
37.0,Female,Canada,Saskatchewan,Premium+,12.96,Gaming Console,5.0,0,2.6361960973342264,0,2023,8,14,0
36.0,Male,USA,North Carolina,Premium,33.86,Mobile,5.0,0,3.551340040091875,0,2024,12,1,6
37.0,Male,USA,Wisconsin,Basic,4.87,Desktop,2.0,1,1.7698546338400052,0,2023,8,2,2
22.0,Female,Canada,Newfoundland and Labrador,Basic,9.52,Desktop,4.0,0,2.3532782073095637,0,2024,2,6,1
46.0,Male,USA,Virginia,Premium,17.95,Desktop,3.0,0,2.9418039315284354,0,2024,12,21,5
48.0,Female,USA,Michigan,Premium,13.37,Mobile,0.0,0,2.6651427000909336,1,2024,3,3,6
34.0,Female,Canada,Newfoundland and Labrador,Premium,9.01,Gaming Console,1.0,1,2.303584593327129,0,2024,6,2,6
33.0,Other,USA,Illinois,Basic,16.36,Smart TV,5.0,0,2.854168709232204,0,2025,4,13,6
55.0,Female,USA,North Carolina,Premium,12.0,Desktop,1.0,0,2.5649493574615367,0,2023,8,4,4
37.0,Other,USA,Illinois,Premium,5.7,Gaming Console,0.0,0,1.9021075263969205,1,2023,9,6,2
50.0,Male,USA,Arizona,Standard,11.02,Gaming Console,1.0,0,2.4865719291070616,0,2022,8,2,1
49.0,Male,USA,Tennessee,Premium+,11.62,Laptop,1.0,0,2.5352828571130672,0,2024,1,8,0
53.0,Other,USA,Wisconsin,Standard,17.63,Mobile,2.0,0,2.924773184613497,0,2025,4,18,4
44.0,Female,USA,Michigan,Basic,20.136172344689378,Tablet,4.0,0,3.0509859018293035,0,2022,11,5,5
47.0,Female,USA,Texas,Premium,28.83,Laptop,2.0,0,3.395514598526657,0,2025,3,21,4
18.0,Female,Canada,Ontario,Basic,24.08,Laptop,1.0,0,3.22207071576472,0,2024,11,4,0
53.0,Male,USA,California,Premium+,15.05,Desktop,2.0,0,2.775708849576025,0,2025,5,30,4
40.0,Female,Canada,Quebec,Standard,8.58,Laptop,1.0,0,2.259677591982769,0,2024,10,25,4
41.0,Female,Canada,Newfoundland and Labrador,Basic,19.22,Tablet,4.0,0,3.006672213592325,0,2024,6,14,4
28.0,Female,USA,Maryland,Standard,19.54,Mobile,0.0,0,3.0223742045004123,1,2022,9,20,1
41.0,Female,Canada,Alberta,Premium,14.96,Laptop,0.0,0,2.7700855920216627,1,2022,8,27,5
22.0,Female,USA,Ohio,Premium,21.811017452655033,Gaming Console,3.0,0,3.1272436408541084,0,2023,2,13,0
49.0,Female,USA,Florida,Standard,8.05,Smart TV,6.0,0,2.2027647577118348,0,2023,11,14,1
30.0,Male,USA,Texas,Premium,13.77,Laptop,4.0,0,2.6925980965432883,0,2022,9,16,4
41.0,Male,USA,California,Premium,20.85,Desktop,4.0,0,3.084200921541599,0,2022,8,14,6
28.0,Other,USA,California,Standard,22.854736059479553,Smart TV,2.0,1,3.1719827745379456,0,2024,9,27,4
19.0,Female,USA,Indiana,Standard,7.11,Desktop,2.0,0,2.0930978681273213,0,2024,6,19,2
51.0,Female,USA,Missouri,Premium,32.31,Smart TV,0.0,0,3.5058576522055884,1,2023,5,12,4
28.0,Other,USA,California,Standard,18.75,Desktop,6.0,0,2.9831534913471307,0,2025,7,11,4
46.0,Female,USA,California,Standard,14.04,Gaming Console,0.0,0,2.7107133185216936,1,2024,9,3,1
54.0,Other,USA,Texas,Standard,11.12,Tablet,1.0,0,2.4948569806411682,0,2022,12,13,1
46.0,Other,Canada,New Brunswick,Premium,21.811017452655033,Mobile,7.0,0,3.1272436408541084,0,2025,1,31,4
35.0,Male,USA,New Jersey,Premium,13.8,Tablet,3.0,0,2.6946271807700692,0,2022,8,14,6
19.0,Female,USA,North Carolina,Premium,6.72,Desktop,2.0,0,2.0438143640366846,0,2023,6,29,3
31.0,Female,USA,Pennsylvania,Basic,10.78,Gaming Console,4.0,0,2.4664031782234406,0,2024,1,3,2
30.0,Female,USA,New Jersey,Premium+,19.14,Tablet,5.0,0,3.0027078872904163,0,2025,3,30,6
48.0,Male,Canada,Saskatchewan,Premium+,21.51,Mobile,2.0,0,3.113959654918641,0,2024,3,22,4
19.0,Female,USA,Maryland,Standard,7.81,Desktop,2.0,0,2.175887439948088,0,2023,6,6,1
43.0,Male,USA,Virginia,Premium,21.811017452655033,Desktop,2.0,1,3.1272436408541084,0,2024,2,3,5
40.0,Female,USA,California,Basic,12.11,Laptop,3.0,0,2.5733752977756086,0,2024,11,8,4
13.0,Male,USA,Wisconsin,Premium,16.65,Mobile,4.0,0,2.8707357833793057,0,2025,2,19,2
22.0,Female,Canada,Manitoba,Premium,14.71,Desktop,2.0,0,2.75429745226753,0,2023,11,4,5
32.0,Female,USA,Florida,Standard,18.38,Tablet,4.0,0,2.96424160646262,0,2023,2,21,1
47.0,Female,USA,Illinois,Standard,22.47,Gaming Console,2.0,1,3.1557230098629323,0,2023,4,5,2
20.0,Male,USA,Texas,Premium,21.811017452655033,Smart TV,3.0,0,3.1272436408541084,0,2022,10,22,5
48.0,Male,Canada,Saskatchewan,Standard,22.854736059479553,Gaming Console,0.0,0,3.1719827745379456,1,2024,9,9,0
43.0,Female,USA,Arizona,Premium+,19.99,Gaming Console,0.0,0,3.0440461338325417,1,2023,3,8,2
47.0,Male,Canada,British Columbia,Premium,336.87,Gaming Console,3.0,0,5.822661206114936,0,2025,3,4,1
37.0,Male,Canada,British Columbia,Basic,4.74,Desktop,4.0,0,1.747459210331475,0,2023,4,2,6
24.0,Female,Canada,Saskatchewan,Premium,43.7,Desktop,3.0,0,3.7999735016195233,0,2023,2,14,1
27.0,Male,USA,New Jersey,Premium,20.32,Mobile,0.0,0,3.0596455992976437,1,2022,12,25,6
20.0,Male,USA,Washington,Standard,12.51,Laptop,1.0,0,2.6034301519721073,0,2024,10,12,5
57.0,Female,USA,Maryland,Standard,16.22,Mobile,0.0,1,2.8460714989995846,1,2025,4,25,4
48.0,Other,USA,Virginia,Premium,9.99,Laptop,1.0,0,2.39698576841553,0,2023,1,13,4
30.0,Other,USA,Missouri,Basic,6.57,Desktop,0.0,0,2.0241930674493576,1,2022,10,5,2
29.0,Male,USA,Michigan,Premium,11.77,Gaming Console,4.0,0,2.547098670044448,0,2025,5,4,6
29.0,Other,USA,New York,Basic,11.54,Smart TV,3.0,0,2.5289235352047745,0,2023,4,28,4
10.0,Female,USA,North Carolina,Basic,22.3,Desktop,0.0,1,3.1484533605716547,1,2025,3,1,5
30.0,Female,Canada,Nova Scotia,Premium,1.75,Desktop,0.0,0,1.0116009116784799,1,2024,8,7,2
31.0,Female,USA,Maryland,Standard,490.07,Laptop,3.0,0,6.196586683824373,0,2022,9,5,0
41.0,Male,Canada,British Columbia,Basic,6.48,Desktop,0.0,1,2.012232791986386,1,2024,11,17,6
53.0,Female,Canada,Saskatchewan,Premium,17.66,Mobile,0.0,1,2.926382195419198,1,2024,10,5,5
42.0,Male,USA,Michigan,Basic,16.92,Laptop,0.0,0,2.8859174075467844,1,2024,6,28,4
33.0,Female,USA,Indiana,Basic,2.17,Laptop,6.0,0,1.1537315878891892,0,2023,8,23,2
43.0,Other,Canada,Prince Edward Island,Basic,10.47,Tablet,1.0,0,2.4397349311412793,0,2024,7,16,1
23.0,Male,Canada,Manitoba,Premium,15.23,Gaming Console,3.0,0,2.7868613815264998,0,2024,4,26,4
39.0,Male,Canada,British Columbia,Premium,18.92,Tablet,3.0,0,2.991724252156452,0,2023,10,11,2
24.0,Male,USA,Arizona,Standard,3.27,Gaming Console,1.0,1,1.451613827240533,0,2023,8,21,0
24.0,Female,USA,Georgia,Premium,9.83,Laptop,6.0,1,2.382320061012899,0,2024,8,25,6
34.0,Male,USA,North Carolina,Standard,19.83,Gaming Console,0.0,0,3.0363942552728806,1,2023,3,5,6
27.0,Other,Canada,Prince Edward Island,Basic,20.136172344689378,Mobile,2.0,0,3.0509859018293035,0,2025,2,28,4
45.0,Other,USA,New York,Premium,9.71,Smart TV,0.0,0,2.3711778844596574,1,2025,3,4,1
27.0,Other,USA,Florida,Premium+,10.33,Desktop,3.0,0,2.427454075039915,0,2023,7,2,6
37.0,Male,Canada,Newfoundland and Labrador,Basic,14.08,Laptop,2.0,0,2.71336936257981,0,2024,11,11,0
35.0,Female,Canada,Quebec,Standard,13.42,Mobile,3.0,1,2.668616131856803,0,2025,3,8,5
14.0,Female,Canada,Quebec,Basic,5.33,Smart TV,7.0,0,1.8453002361560848,0,2024,1,20,5
42.0,Female,USA,Missouri,Premium,4.85,Smart TV,2.0,0,1.766441661243765,0,2024,2,21,2
33.0,Male,USA,Missouri,Standard,40.3,Laptop,4.0,0,3.720862499966987,0,2023,4,7,4
53.0,Female,USA,Pennsylvania,Basic,14.19,Tablet,1.0,0,2.7206373166076814,0,2024,1,9,1
22.0,Female,Canada,Prince Edward Island,Standard,8.25,Desktop,3.0,0,2.224623551524334,0,2024,8,25,6
45.0,Female,USA,Missouri,Standard,7.88,Mobile,1.0,1,2.1838015570040787,0,2024,3,8,4
53.0,Male,Canada,Quebec,Standard,23.82,Mobile,1.0,0,3.211649779776461,0,2025,3,29,5
26.0,Female,USA,Texas,Premium,15.24,Laptop,4.0,0,2.787477334733532,0,2025,6,3,1
30.0,Female,USA,Indiana,Premium,6.61,Mobile,7.0,0,2.0294631718735947,0,2024,8,22,3
40.0,Male,USA,Massachusetts,Basic,1.96,Mobile,1.0,0,1.085189268335969,0,2023,11,7,1
44.0,Female,Canada,New Brunswick,Standard,21.22,Smart TV,1.0,0,3.100992784211484,0,2024,3,24,6
25.0,Other,USA,New Jersey,Premium,25.85,Mobile,1.0,0,3.2902658209548736,0,2023,8,28,0
33.0,Male,Canada,Quebec,Basic,20.136172344689378,Mobile,1.0,0,3.0509859018293035,0,2024,12,9,0
39.0,Other,USA,Texas,Basic,11.73,Gaming Console,5.0,0,2.543961412569315,0,2024,1,30,1
25.0,Male,USA,New Jersey,Standard,22.854736059479553,Laptop,1.0,0,3.1719827745379456,0,2023,1,30,0
34.0,Male,Canada,Newfoundland and Labrador,Premium,43.33,Desktop,0.0,1,3.7916616487569623,1,2025,2,5,2
30.0,Female,Canada,British Columbia,Basic,14.55,Laptop,2.0,1,2.744060638625243,0,2023,3,23,3
53.0,Female,USA,Virginia,Premium,6.96,Gaming Console,6.0,0,2.0744289998562917,0,2025,2,26,2
26.0,Female,USA,Virginia,Premium,18.1,Tablet,0.0,0,2.9496883350525844,1,2025,4,1,1
28.0,Male,USA,Florida,Premium+,24.74,Mobile,3.0,0,3.2480462021679806,0,2023,2,25,5
35.0,Female,USA,New Jersey,Premium,15.95,Laptop,3.0,0,2.830267833826459,0,2022,9,26,0
21.0,Female,USA,Wisconsin,Premium,45.29,Desktop,3.0,0,3.8349259550431793,0,2023,11,29,2
35.0,Female,USA,Washington,Standard,26.95,Desktop,6.0,0,3.3304171996011083,0,2024,3,8,4
31.0,Other,USA,Tennessee,Premium+,13.38,Tablet,2.0,0,2.6658383522929006,0,2025,4,13,6
33.0,Female,USA,New Jersey,Standard,22.854736059479553,Smart TV,2.0,0,3.1719827745379456,0,2024,11,18,0
44.0,Female,USA,Texas,Standard,10.15,Smart TV,0.0,0,2.411439497906128,1,2024,6,9,6
21.0,Other,USA,New York,Basic,21.38,Tablet,3.0,0,3.108167702883779,0,2023,12,26,1
48.0,Female,Canada,Newfoundland and Labrador,Premium+,11.33,Gaming Console,0.0,0,2.512035317176253,1,2025,6,18,2
49.0,Female,USA,Tennessee,Premium,0.94,Laptop,4.0,0,0.6626879730752367,0,2023,9,2,5
49.0,Male,USA,Wisconsin,Premium,20.27,Smart TV,1.0,0,3.0572976292121457,0,2024,3,24,6
42.0,Male,Canada,Quebec,Premium,60.5,Gaming Console,3.0,1,4.119037174812473,0,2025,2,3,0
33.0,Female,USA,Arizona,Premium,20.23,Desktop,0.0,0,3.055415275715165,1,2025,5,16,4
25.0,Male,Canada,Saskatchewan,Basic,14.92,Desktop,0.0,0,2.767576180416237,1,2023,4,12,2
18.0,Other,USA,Georgia,Premium,5.48,Laptop,3.0,0,1.8687205103641833,0,2024,5,1,2
31.0,Female,USA,Indiana,Standard,5.66,Mobile,3.0,0,1.8961194845522977,0,2023,4,6,3
40.0,Male,Canada,Newfoundland and Labrador,Premium+,8.84,Desktop,1.0,0,2.286455711064162,0,2024,9,12,3
33.0,Male,USA,Tennessee,Standard,22.57,Tablet,0.0,0,3.1599747169480397,1,2023,2,23,3
43.0,Other,USA,Michigan,Premium,16.7,Tablet,1.0,1,2.8735646395797834,0,2023,4,13,3
50.0,Male,USA,Illinois,Basic,16.91,Tablet,3.0,0,2.8853592160726205,0,2024,6,1,5
20.0,Male,Canada,Quebec,Premium,21.811017452655033,Tablet,2.0,0,3.1272436408541084,0,2024,12,31,1
28.0,Male,USA,New York,Basic,6.42,Mobile,5.0,0,2.004179057179289,0,2025,7,14,0
24.0,Female,USA,Indiana,Premium,8.34,Smart TV,1.0,0,2.234306252240751,0,2023,12,17,6
24.0,Female,Canada,New Brunswick,Standard,7.31,Tablet,0.0,1,2.1174596088673567,1,2023,6,8,3
52.0,Male,Canada,Alberta,Standard,22.854736059479553,Smart TV,0.0,0,3.1719827745379456,1,2024,6,16,6
29.0,Female,USA,Michigan,Standard,22.854736059479553,Tablet,6.0,0,3.1719827745379456,0,2023,6,8,3
31.0,Other,USA,New Jersey,Standard,21.62,Desktop,4.0,1,3.1188344706879745,0,2023,10,15,6
11.0,Female,USA,New Jersey,Premium,21.811017452655033,Desktop,4.0,0,3.1272436408541084,0,2024,7,29,0
34.0,Male,Canada,Saskatchewan,Standard,11.83,Laptop,2.0,0,2.551786178627545,0,2023,9,13,2
45.0,Female,Canada,Manitoba,Premium,7.2,Smart TV,0.0,1,2.1041341542702074,1,2025,1,25,5
28.0,Female,USA,Pennsylvania,Premium,21.811017452655033,Smart TV,1.0,0,3.1272436408541084,0,2024,2,5,0
31.0,Other,USA,Massachusetts,Premium,32.47,Smart TV,3.0,0,3.510649515223235,0,2024,8,15,3
42.0,Male,Canada,New Brunswick,Premium,14.56,Mobile,1.0,0,2.7447035187502458,0,2023,5,26,4
22.0,Male,USA,Tennessee,Basic,14.81,Mobile,4.0,0,2.7606426512213806,0,2024,8,8,3
18.0,Female,Canada,Ontario,Premium,3.97,Gaming Console,3.0,0,1.6034198401085376,0,2023,7,20,3
34.0,Male,USA,Washington,Standard,3.85,Mobile,1.0,1,1.5789787049493917,0,2023,12,3,6
39.0,Male,Canada,Quebec,Premium,4.12,Desktop,4.0,0,1.6331544390514163,0,2023,10,22,6
40.0,Other,USA,Maryland,Premium,10.04,Gaming Console,0.0,0,2.401525040848949,1,2024,10,25,4
28.0,Male,Canada,British Columbia,Standard,9.78,Gaming Console,0.0,0,2.377692565480851,1,2025,2,25,1
38.0,Male,USA,North Carolina,Premium,10.56,Smart TV,4.0,0,2.4475508632442313,0,2023,9,27,2
25.0,Other,Canada,New Brunswick,Basic,20.19,Gaming Console,0.0,0,3.0535293722802077,1,2023,9,12,1
28.0,Male,USA,Ohio,Premium,29.8,Mobile,6.0,0,3.427514689979529,0,2025,5,31,5
31.0,Female,Canada,Ontario,Basic,7.11,Laptop,1.0,0,2.0930978681273213,0,2023,7,30,6
39.0,Other,USA,Pennsylvania,Premium,17.43,Mobile,7.0,1,2.9139797716817317,0,2023,11,13,0
35.0,Female,Canada,British Columbia,Premium,21.811017452655033,Desktop,2.0,0,3.1272436408541084,0,2025,1,4,5
42.0,Male,USA,Pennsylvania,Premium+,32.11,Desktop,0.0,0,3.4998353515591547,1,2023,2,5,6
22.0,Male,USA,Georgia,Premium,11.0,Tablet,3.0,0,2.4849066497880004,0,2025,3,23,6
26.0,Other,USA,Washington,Basic,12.33,Gaming Console,3.0,0,2.5900171341906173,0,2024,8,10,5
45.0,Male,USA,New York,Premium,9.13,Tablet,2.0,0,2.315501318260592,0,2023,6,5,0
40.0,Male,Canada,Quebec,Standard,3.16,Mobile,0.0,0,1.425515074273172,1,2022,12,27,1
18.0,Male,USA,Wisconsin,Premium,47.47,Mobile,1.0,0,3.8809450498572846,0,2023,2,7,1
39.0,Female,USA,Texas,Premium,15.57,Tablet,0.0,0,2.8075938314384716,1,2024,9,29,6
47.0,Male,Canada,Prince Edward Island,Premium+,5.68,Laptop,6.0,0,1.8991179875485542,0,2023,11,29,2
53.0,Female,USA,Michigan,Premium,3.81,Laptop,4.0,0,1.57069708411767,0,2024,8,23,4
47.0,Male,USA,Tennessee,Standard,5.69,Gaming Console,0.0,0,1.900613874140137,1,2025,6,7,5
28.0,Other,Canada,Alberta,Standard,22.854736059479553,Smart TV,3.0,1,3.1719827745379456,0,2024,5,8,2
52.0,Other,Canada,Alberta,Standard,3.82,Smart TV,1.0,0,1.572773928062509,0,2023,9,23,5
33.0,Female,USA,Pennsylvania,Premium+,17.83,Desktop,3.0,0,2.935451342669061,0,2024,11,1,4
44.0,Other,USA,Maryland,Standard,29.33,Tablet,1.0,0,3.41213732170049,0,2023,9,5,1
32.0,Female,Canada,Alberta,Standard,22.854736059479553,Tablet,1.0,0,3.1719827745379456,0,2023,9,22,4
45.0,Male,USA,Tennessee,Premium,23.94,Desktop,2.0,0,3.2164729402518906,0,2024,8,10,5
13.0,Male,USA,Texas,Standard,0.68,Smart TV,1.0,0,0.5187937934151675,0,2023,7,18,1
49.0,Other,USA,New York,Standard,24.28,Mobile,4.0,0,3.2300135692786567,0,2023,3,14,1
13.0,Male,USA,Indiana,Standard,9.44,Gaming Console,0.0,0,2.3456445824544927,1,2025,7,25,4
43.0,Female,USA,Missouri,Standard,20.44,Mobile,0.0,0,3.0652583362026014,1,2025,4,16,2
27.0,Male,USA,Missouri,Premium+,19.675352862849536,Laptop,2.0,0,3.0289423078910556,0,2024,10,31,3
37.0,Female,USA,Michigan,Premium+,23.75,Smart TV,2.0,1,3.2088254890146994,0,2024,12,29,6
35.0,Female,USA,Pennsylvania,Basic,12.04,Laptop,0.0,0,2.5680215564985067,1,2023,12,20,2
16.0,Male,Canada,New Brunswick,Standard,5.64,Tablet,3.0,0,1.8931119634883424,0,2023,3,31,4
23.0,Female,USA,Massachusetts,Basic,41.17,Smart TV,4.0,0,3.7417090677584683,0,2024,6,15,5
51.0,Male,Canada,Newfoundland and Labrador,Premium,21.811017452655033,Mobile,2.0,0,3.1272436408541084,0,2024,10,29,1
34.0,Female,Canada,Newfoundland and Labrador,Premium,33.09,Tablet,3.0,0,3.5290040861498118,0,2024,2,28,2
38.0,Male,USA,Illinois,Standard,22.854736059479553,Gaming Console,1.0,0,3.1719827745379456,0,2022,12,3,5
43.0,Male,Canada,Saskatchewan,Premium,10.82,Tablet,1.0,0,2.469793011977952,0,2023,12,9,5
33.0,Male,USA,Missouri,Premium,21.55,Gaming Console,8.0,0,3.1157350659486873,0,2022,12,16,4
46.0,Male,USA,Ohio,Standard,24.6,Gaming Console,3.0,0,3.242592351485517,0,2023,2,22,2
54.0,Female,USA,Indiana,Basic,16.31,Desktop,2.0,0,2.851284369188118,0,2022,11,25,4
51.0,Male,Canada,Newfoundland and Labrador,Basic,11.58,Gaming Console,2.0,0,2.5321082512722946,0,2022,8,12,4
32.0,Male,USA,Ohio,Standard,8.53,Tablet,5.0,0,2.254444717666111,0,2022,10,17,0
49.0,Male,Canada,Quebec,Basic,16.35,Smart TV,2.0,0,2.8535925063928684,0,2023,9,6,2
27.0,Female,USA,Pennsylvania,Premium,36.06,Desktop,1.0,0,3.6125382208572137,0,2025,6,25,2
44.0,Male,Canada,Prince Edward Island,Premium,10.26,Laptop,1.0,0,2.421256622711544,0,2023,6,20,1
28.0,Female,Canada,Quebec,Premium+,22.4,Mobile,5.0,1,3.152736022363656,0,2024,7,12,4
50.0,Female,USA,Missouri,Premium,9.9,Gaming Console,2.0,0,2.388762789235098,0,2023,6,16,4
30.0,Male,Canada,Newfoundland and Labrador,Basic,22.25,Desktop,1.0,0,3.1463051320333655,0,2024,7,30,1
27.0,Female,USA,North Carolina,Basic,24.31,Mobile,1.0,0,3.2311995745570328,0,2023,8,11,4
32.0,Other,USA,Illinois,Premium+,13.31,Tablet,0.0,0,2.6609585935683597,1,2025,1,4,5
34.0,Male,USA,New York,Premium,19.66,Mobile,2.0,0,3.0281994636914926,0,2023,3,23,3
50.0,Female,USA,Tennessee,Basic,30.93,Laptop,1.0,0,3.4635460067266908,0,2022,9,21,2
53.0,Other,USA,Washington,Premium,40.66,Mobile,0.0,1,3.729541435832826,1,2023,1,19,3
47.0,Female,USA,California,Premium,7.29,Desktop,4.0,0,2.1150499691472033,0,2024,8,20,1
43.0,Other,USA,Missouri,Standard,22.854736059479553,Mobile,4.0,0,3.1719827745379456,0,2023,12,7,3
46.0,Female,Canada,Alberta,Premium,21.811017452655033,Gaming Console,4.0,0,3.1272436408541084,0,2023,7,8,5
36.0,Female,Canada,Newfoundland and Labrador,Basic,7.78,Smart TV,2.0,0,2.1724764076470255,0,2024,6,8,5
22.0,Male,Canada,Manitoba,Premium+,23.69,Mobile,5.0,0,3.206398303357088,0,2025,5,5,0
43.0,Female,USA,Florida,Premium,21.811017452655033,Desktop,2.0,0,3.1272436408541084,0,2025,6,18,2
16.0,Female,USA,Virginia,Standard,10.17,Smart TV,2.0,0,2.413231613081109,0,2023,8,27,6
32.0,Male,USA,California,Standard,11.18,Tablet,1.0,1,2.4997952622817508,0,2025,5,7,2
34.0,Male,USA,Tennessee,Premium+,24.64,Tablet,4.0,0,3.2441536320524693,0,2024,3,23,5
43.0,Female,USA,North Carolina,Standard,18.54,Gaming Console,5.0,0,2.972463646614637,0,2024,5,2,3
41.0,Male,USA,Tennessee,Premium+,21.48,Desktop,2.0,0,3.1126260250254902,0,2025,3,5,2
35.0,Female,USA,Maryland,Standard,12.77,Laptop,2.0,0,2.6224923127405635,0,2024,12,18,2
18.0,Other,USA,New York,Basic,17.1,Laptop,2.0,0,2.89591193827178,0,2023,6,15,3
54.0,Other,Canada,New Brunswick,Standard,5.61,Mobile,3.0,0,1.888583653863595,0,2024,7,18,3
32.0,Male,Canada,Saskatchewan,Premium,4.94,Mobile,2.0,1,1.7817091333745536,0,2023,10,20,4
27.0,Male,USA,Georgia,Standard,34.45,Mobile,3.0,0,3.5681232529781366,0,2022,10,24,0
10.0,Male,Canada,British Columbia,Premium+,35.64,Smart TV,1.0,0,3.6011405398059297,0,2024,4,24,2
20.0,Female,USA,Arizona,Basic,6.23,Laptop,4.0,0,1.9782390361706734,0,2024,12,25,2
29.0,Female,Canada,Manitoba,Basic,20.136172344689378,Gaming Console,3.0,0,3.0509859018293035,0,2023,4,5,2
35.0,Female,Canada,Newfoundland and Labrador,Premium,8.16,Tablet,2.0,0,2.214846178686039,0,2024,7,12,4
30.0,Male,USA,California,Standard,5.24,Tablet,3.0,0,1.8309801823813363,0,2023,10,28,5
35.0,Other,USA,North Carolina,Premium,10.05,Laptop,1.0,1,2.402430427963762,0,2022,11,14,0
31.0,Other,USA,Tennessee,Premium,19.35,Tablet,3.0,0,3.013080911888604,0,2024,5,4,5
40.0,Female,USA,Massachusetts,Standard,21.96,Laptop,2.0,0,3.133753571451366,0,2023,4,6,3
36.0,Female,Canada,Saskatchewan,Premium+,21.5,Smart TV,0.0,0,3.1135153092103742,1,2025,1,19,6
41.0,Male,USA,Texas,Premium+,18.4,Smart TV,3.0,0,2.9652730660692823,0,2023,9,9,5
36.0,Female,USA,California,Premium,12.02,Desktop,4.0,0,2.5664866367804233,0,2024,4,5,4
17.0,Female,USA,Ohio,Basic,26.95,Tablet,4.0,0,3.3304171996011083,0,2023,8,11,4
28.0,Female,USA,Tennessee,Standard,2.27,Desktop,2.0,0,1.184789984909162,0,2025,4,3,3
35.0,Other,Canada,Prince Edward Island,Basic,29.73,Gaming Console,2.0,0,3.425239376142393,0,2024,12,23,0
32.0,Male,USA,New Jersey,Premium,10.77,Smart TV,4.0,0,2.4655539212721855,0,2024,11,25,0
14.0,Other,USA,Indiana,Premium,7.69,Laptop,5.0,0,2.162172939277301,0,2022,10,21,4
43.0,Male,Canada,Prince Edward Island,Premium,48.67,Desktop,1.0,0,3.905401129119259,0,2022,9,7,2
39.0,Other,USA,Wisconsin,Premium,17.39,Mobile,2.0,0,2.91180703861623,0,2022,12,31,5
32.0,Male,USA,New York,Premium,17.3,Tablet,1.0,0,2.9069010598473755,0,2024,12,1,6
47.0,Female,USA,Tennessee,Basic,17.14,Smart TV,7.0,0,2.8981194446869907,0,2025,4,7,0
42.0,Male,Canada,Saskatchewan,Basic,20.136172344689378,Smart TV,7.0,0,3.0509859018293035,0,2022,12,3,5
18.0,Other,Canada,Prince Edward Island,Standard,22.854736059479553,Desktop,0.0,0,3.1719827745379456,1,2024,7,26,4
19.0,Female,USA,Ohio,Premium,14.24,Desktop,3.0,1,2.7239235502585,0,2024,4,4,3
39.0,Other,USA,Missouri,Standard,4.92,Smart TV,2.0,0,1.7783364488959144,0,2025,6,26,3
32.0,Female,Canada,Prince Edward Island,Basic,23.96,Smart TV,0.0,0,3.217274543501227,1,2023,2,1,2
20.0,Female,Canada,Ontario,Basic,5.76,Smart TV,5.0,0,1.9110228900548727,0,2023,8,10,3
36.0,Female,USA,New York,Standard,22.854736059479553,Tablet,2.0,1,3.1719827745379456,0,2025,6,17,1
21.0,Other,USA,Wisconsin,Basic,23.85,Laptop,2.0,0,3.2128577525426376,0,2023,10,6,4
19.0,Male,USA,Missouri,Premium,15.49,Tablet,0.0,0,2.8027541365715076,1,2023,7,16,6
11.0,Male,Canada,Nova Scotia,Premium+,19.675352862849536,Gaming Console,3.0,0,3.0289423078910556,0,2023,6,1,3
45.0,Other,Canada,Manitoba,Premium,53.68,Smart TV,2.0,0,4.001498011855749,0,2022,10,22,5
29.0,Female,USA,Maryland,Standard,22.854736059479553,Desktop,2.0,0,3.1719827745379456,0,2024,9,22,6
22.0,Female,USA,Arizona,Standard,39.18,Desktop,2.0,0,3.6933693593867885,0,2024,10,21,0
49.0,Female,Canada,British Columbia,Premium,8.76,Gaming Console,2.0,0,2.278292400425001,0,2025,1,6,0
41.0,Other,Canada,Nova Scotia,Standard,2.33,Desktop,0.0,0,1.2029723039923526,1,2023,3,28,1
45.0,Male,Canada,Saskatchewan,Basic,25.93,Tablet,0.0,0,3.2932409068235073,1,2022,9,21,2
26.0,Male,USA,New Jersey,Basic,18.17,Tablet,4.0,0,2.9533465570575532,0,2023,1,2,0
22.0,Male,Canada,Ontario,Premium,13.42,Mobile,5.0,0,2.668616131856803,0,2022,12,7,2
36.0,Female,USA,Maryland,Premium,19.41,Laptop,1.0,1,3.0160249768217535,0,2023,1,3,1
38.0,Other,USA,Pennsylvania,Standard,23.46,Tablet,4.0,0,3.1970391302590264,0,2025,5,7,2
11.0,Female,Canada,Manitoba,Premium,17.84,Desktop,2.0,0,2.935982269148217,0,2022,9,14,2
47.0,Female,USA,Illinois,Premium,21.811017452655033,Desktop,5.0,1,3.1272436408541084,0,2023,5,24,2
34.0,Male,Canada,Quebec,Premium,3.45,Smart TV,3.0,0,1.4929040961781488,0,2022,9,11,6
27.0,Male,USA,Massachusetts,Premium+,3.92,Desktop,4.0,0,1.5933085305042167,0,2024,12,19,3
44.0,Male,USA,Texas,Standard,11.32,Tablet,4.0,0,2.511223958105374,0,2024,10,12,5
27.0,Female,Canada,Alberta,Standard,5.64,Mobile,0.0,1,1.8931119634883424,1,2024,11,7,3
29.0,Male,USA,Indiana,Standard,9.91,Tablet,5.0,0,2.3896797998449792,0,2022,12,29,3
27.0,Female,USA,Massachusetts,Premium,8.15,Gaming Console,2.0,0,2.21375387928743,0,2023,12,30,5
56.0,Male,USA,Michigan,Standard,11.19,Smart TV,8.0,0,2.5006159434931803,0,2022,8,26,4
31.0,Female,USA,Indiana,Standard,21.36,Gaming Console,7.0,0,3.1072736482868986,0,2022,8,17,2
39.0,Female,USA,Arizona,Premium,7.93,Laptop,2.0,1,2.189416394888408,0,2023,10,28,5
27.0,Other,USA,Michigan,Basic,18.7,Desktop,8.0,0,2.9806186357439426,0,2024,7,18,3
41.0,Male,USA,Wisconsin,Premium+,19.77,Tablet,0.0,0,3.033509637888021,1,2024,11,16,5
29.0,Male,Canada,Alberta,Basic,14.49,Smart TV,2.0,0,2.740194654428777,0,2022,9,2,4
16.0,Other,USA,North Carolina,Standard,20.1,Tablet,6.0,1,3.0492730404820207,0,2022,9,3,5
47.0,Male,USA,Wisconsin,Premium,9.28,Mobile,0.0,0,2.330200260027019,1,2023,5,15,0
48.0,Female,USA,Wisconsin,Standard,22.854736059479553,Smart TV,2.0,1,3.1719827745379456,0,2024,8,29,3
44.0,Female,Canada,Saskatchewan,Premium,23.66,Mobile,2.0,0,3.2051824977361982,0,2025,3,10,0
48.0,Female,USA,Indiana,Basic,9.46,Desktop,0.0,0,2.347558458636777,1,2024,4,19,4
35.0,Male,Canada,Newfoundland and Labrador,Premium,9.08,Mobile,4.0,0,2.3105532626432224,0,2023,5,30,1
36.0,Female,USA,Wisconsin,Standard,13.63,Tablet,6.0,1,2.683074215032033,0,2025,4,16,2
13.0,Male,USA,Arizona,Premium,13.45,Tablet,2.0,0,2.670694414558441,0,2024,3,27,2
29.0,Other,USA,Virginia,Premium+,9.7,Laptop,4.0,0,2.3702437414678603,0,2025,1,27,0
31.0,Male,USA,New York,Premium+,4.19,Smart TV,4.0,0,1.6467336971777973,0,2024,1,25,3
17.0,Other,Canada,New Brunswick,Basic,27.93,Laptop,2.0,0,3.3648791189880436,0,2023,2,24,4
32.0,Female,Canada,Nova Scotia,Basic,34.4,Laptop,5.0,0,3.5667118201397288,0,2023,12,21,3
44.0,Female,USA,Massachusetts,Standard,65.85,Laptop,2.0,0,4.202451303547952,0,2025,6,26,3
50.0,Male,Canada,Nova Scotia,Standard,22.68,Desktop,2.0,0,3.164630810015805,0,2022,9,25,6
37.0,Male,USA,Michigan,Premium+,5.62,Mobile,4.0,1,1.890095369948917,0,2024,6,29,5
48.0,Male,USA,Maryland,Basic,11.18,Desktop,4.0,0,2.4997952622817508,0,2023,11,18,5
42.0,Other,USA,Texas,Premium,21.811017452655033,Laptop,4.0,0,3.1272436408541084,0,2024,12,6,4
34.0,Male,USA,Arizona,Basic,14.23,Smart TV,4.0,0,2.7232671669070703,0,2024,6,11,1
22.0,Female,USA,Pennsylvania,Standard,14.73,Laptop,4.0,1,2.7555697170701863,0,2024,7,22,0
60.0,Male,USA,New York,Premium,26.59,Tablet,0.0,0,3.3174533882291946,1,2024,11,4,0
30.0,Other,Canada,Nova Scotia,Standard,6.78,Smart TV,0.0,0,2.0515563381903004,1,2025,1,3,4
27.0,Female,USA,New Jersey,Standard,12.84,Mobile,2.0,0,2.6275629501895237,0,2023,12,19,1
47.0,Female,USA,Michigan,Premium,15.24,Smart TV,1.0,0,2.787477334733532,0,2025,4,20,6
46.0,Female,USA,Washington,Basic,10.8,Smart TV,2.0,1,2.468099531471619,0,2025,6,13,4
35.0,Female,USA,North Carolina,Premium,13.73,Smart TV,2.0,1,2.689886230474539,0,2025,3,15,5
54.0,Other,USA,Wisconsin,Standard,22.854736059479553,Smart TV,0.0,0,3.1719827745379456,1,2024,4,2,1
29.0,Other,USA,Florida,Basic,7.39,Smart TV,4.0,0,2.127040520479115,0,2023,2,18,5
28.0,Female,USA,Massachusetts,Standard,1.78,Smart TV,0.0,0,1.0224509277025458,1,2023,11,14,1
30.0,Female,USA,Maryland,Basic,3.83,Desktop,2.0,0,1.5748464676644813,0,2023,11,13,0
40.0,Male,USA,Georgia,Premium,21.51,Laptop,1.0,0,3.113959654918641,0,2024,8,10,5
41.0,Male,Canada,Alberta,Standard,18.83,Mobile,5.0,0,2.9871959425317045,0,2025,1,16,3
39.0,Male,USA,Indiana,Premium,6.65,Gaming Console,1.0,0,2.0347056478384444,0,2023,11,26,6
45.0,Male,USA,Arizona,Standard,32.83,Tablet,8.0,0,3.521347982792617,0,2025,6,7,5
39.0,Female,USA,Georgia,Standard,13.87,Mobile,3.0,0,2.6993457604720636,0,2024,9,14,5
54.0,Male,USA,Washington,Standard,6.92,Smart TV,1.0,1,2.0693912058263346,0,2024,6,2,6
31.0,Female,USA,Georgia,Premium,1.11,Smart TV,4.0,0,0.7466879474879752,0,2023,10,8,6
58.0,Male,Canada,Manitoba,Premium,25.07,Tablet,1.0,0,3.2607852279454104,0,2023,9,22,4
35.0,Male,USA,Texas,Premium,17.3,Tablet,1.0,0,2.9069010598473755,0,2024,4,17,2
54.0,Male,USA,Missouri,Standard,15.07,Mobile,1.0,0,2.776954179749421,0,2023,11,6,0
48.0,Female,USA,Missouri,Premium,20.42,Laptop,2.0,0,3.064325065019603,0,2023,4,4,1
28.0,Male,USA,Texas,Standard,30.73,Laptop,3.0,0,3.4572626055951043,0,2024,9,27,4
24.0,Other,USA,Florida,Standard,21.07,Mobile,6.0,0,3.094219220268645,0,2025,1,11,5
40.0,Female,Canada,New Brunswick,Standard,14.61,Desktop,1.0,0,2.7479117345273405,0,2024,12,11,2
39.0,Female,USA,Maryland,Standard,42.99,Mobile,3.0,0,3.7839623353606284,0,2024,10,7,0
47.0,Male,USA,North Carolina,Basic,22.33,Mobile,5.0,0,3.1497400860333387,0,2025,6,25,2
39.0,Male,USA,Michigan,Premium,21.811017452655033,Smart TV,1.0,0,3.1272436408541084,0,2023,3,11,5
46.0,Female,USA,Ohio,Basic,23.6,Tablet,2.0,0,3.202746442938317,0,2023,9,6,2
41.0,Male,Canada,Nova Scotia,Standard,37.03,Mobile,2.0,0,3.638375321940168,0,2023,6,2,4
49.0,Female,USA,California,Basic,24.81,Desktop,2.0,0,3.2507620137305224,0,2025,2,23,6
39.0,Female,USA,New Jersey,Standard,6.77,Smart TV,4.0,0,2.050270164379556,0,2024,12,25,2
39.0,Female,USA,Georgia,Standard,27.95,Smart TV,3.0,0,3.3655702040190043,0,2023,4,20,3
18.0,Female,USA,Washington,Premium+,20.65,Desktop,5.0,0,3.075005454448499,0,2022,8,25,3
37.0,Male,USA,Florida,Basic,10.21,Desktop,1.0,0,2.4168062370840686,0,2024,6,3,0
56.0,Female,USA,Texas,Basic,2.6,Laptop,2.0,0,1.2809338454620642,0,2025,8,1,4
28.0,Male,USA,Wisconsin,Standard,10.29,Desktop,6.0,0,2.4239173781615704,0,2022,10,3,0
31.0,Female,Canada,Alberta,Premium,8.32,Tablet,2.0,0,2.2321626286975,0,2024,11,26,1
50.0,Female,USA,Michigan,Premium+,19.18,Gaming Console,2.0,0,3.004692014925463,0,2022,12,22,3
32.0,Other,USA,Illinois,Premium+,14.84,Laptop,1.0,0,2.7625383863862796,0,2023,9,15,4
33.0,Male,USA,Massachusetts,Basic,9.58,Tablet,1.0,0,2.3589654264301534,0,2023,9,14,3
52.0,Male,USA,Georgia,Standard,5.45,Smart TV,2.0,0,1.864080130807681,0,2024,12,4,2
53.0,Female,USA,Michigan,Premium,21.811017452655033,Desktop,5.0,0,3.1272436408541084,0,2023,5,18,3
21.0,Female,USA,Missouri,Standard,16.89,Laptop,1.0,0,2.884241897520628,0,2024,7,24,2
16.0,Female,Canada,Newfoundland and Labrador,Premium,56.48,Mobile,3.0,0,4.051437061210824,0,2024,3,16,5
18.0,Male,USA,Ohio,Standard,2.1,Smart TV,1.0,0,1.1314021114911006,0,2023,1,10,1
29.0,Male,USA,Georgia,Premium,36.13,Gaming Console,2.0,0,3.6144252681889886,0,2022,8,22,0
46.0,Other,USA,Tennessee,Premium,5.15,Mobile,2.0,1,1.8164520818184267,0,2025,5,29,3
31.0,Male,USA,Texas,Premium+,1.76,Desktop,5.0,0,1.0152306797290584,0,2023,1,11,2
35.0,Female,Canada,Prince Edward Island,Premium,21.811017452655033,Tablet,2.0,1,3.1272436408541084,0,2024,9,28,5
30.0,Other,USA,Georgia,Premium,35.0,Desktop,4.0,0,3.58351893845611,0,2024,11,29,4
28.0,Female,USA,North Carolina,Basic,393.56,Mobile,3.0,0,5.977771219975979,0,2022,9,22,3
27.0,Male,USA,Washington,Premium,43.8,Tablet,0.0,0,3.8022081394209395,1,2023,1,21,5
37.0,Other,USA,California,Premium+,0.25,Desktop,4.0,1,0.22314355131420976,0,2025,5,15,3
40.0,Other,USA,Michigan,Premium,21.811017452655033,Gaming Console,3.0,0,3.1272436408541084,0,2024,10,2,2
39.0,Male,USA,Ohio,Premium+,9.68,Desktop,4.0,0,2.3683728335320486,0,2025,7,29,1
45.0,Male,USA,Michigan,Standard,9.05,Desktop,0.0,0,2.307572634505085,1,2025,7,21,0
47.0,Male,USA,Georgia,Premium+,8.79,Gaming Console,2.0,0,2.281361456542419,0,2024,4,1,0
49.0,Male,USA,Washington,Premium,17.41,Tablet,0.0,0,2.9128939952449864,1,2023,2,5,6
36.0,Female,USA,Missouri,Premium,11.48,Desktop,5.0,0,2.5241273629412815,0,2023,3,26,6
40.0,Other,Canada,Prince Edward Island,Standard,15.97,Smart TV,6.0,1,2.831447079246135,0,2025,4,29,1
43.0,Female,USA,North Carolina,Premium,3.13,Gaming Console,4.0,1,1.4182774069729414,0,2023,6,1,3
16.0,Male,USA,Washington,Basic,17.45,Gaming Console,3.0,0,2.915064370486536,0,2025,1,22,2
32.0,Other,USA,Illinois,Basic,3.79,Laptop,4.0,0,1.5665304114228238,0,2023,5,26,4
33.0,Female,USA,Wisconsin,Standard,32.43,Laptop,5.0,0,3.509453700432007,0,2024,3,18,0
47.0,Male,Canada,Nova Scotia,Premium,4.51,Mobile,2.0,1,1.706564623164823,0,2024,8,15,3
33.0,Female,Canada,Newfoundland and Labrador,Premium,7.45,Smart TV,2.0,0,2.134166441369082,0,2023,4,28,4
25.0,Other,Canada,Ontario,Standard,6.35,Tablet,3.0,0,1.9947003132247452,0,2025,6,21,5
35.0,Female,USA,Washington,Premium,3.79,Laptop,5.0,0,1.5665304114228238,0,2024,7,27,5
37.0,Female,USA,Missouri,Premium,21.811017452655033,Desktop,2.0,0,3.1272436408541084,0,2024,11,6,2
52.0,Male,USA,California,Premium,21.811017452655033,Gaming Console,1.0,0,3.1272436408541084,0,2023,11,18,5
30.0,Male,USA,New Jersey,Premium,4.7,Desktop,4.0,1,1.7404661748405046,0,2024,3,7,3
43.0,Female,USA,Maryland,Premium,10.89,Tablet,1.0,0,2.4756977107026903,0,2023,12,31,6
16.0,Other,USA,New York,Standard,39.2,Gaming Console,2.0,0,3.6938669956249757,0,2025,6,25,2
35.0,Male,USA,Washington,Premium,37.28,Desktop,2.0,0,3.6449275665847534,0,2024,3,5,1
14.0,Female,Canada,Ontario,Standard,25.09,Smart TV,1.0,0,3.261552099148637,0,2023,1,28,5
36.0,Female,Canada,Manitoba,Premium+,7.74,Tablet,1.0,0,2.167910189667444,0,2023,4,16,6
20.0,Male,USA,Virginia,Basic,3.09,Gaming Console,3.0,0,1.4085449700547104,0,2022,9,18,6
45.0,Female,Canada,Prince Edward Island,Premium,6.26,Mobile,4.0,0,1.9823798288367047,0,2023,1,21,5
27.0,Female,USA,Washington,Premium,30.4,Gaming Console,0.0,0,3.4468078929142076,1,2022,10,29,5
40.0,Male,USA,Virginia,Premium,8.47,Desktop,6.0,0,2.248128907197987,0,2022,12,25,6
21.0,Male,USA,Tennessee,Basic,8.96,Desktop,4.0,0,2.298577071596507,0,2024,5,10,4
52.0,Male,USA,North Carolina,Premium,17.18,Mobile,5.0,0,2.900322088749333,0,2024,1,28,6
41.0,Male,USA,New York,Premium+,7.87,Smart TV,1.0,0,2.1826747963214883,0,2024,6,17,0
53.0,Other,USA,Texas,Premium,13.54,Laptop,4.0,0,2.6769034721053733,0,2025,2,20,3
25.0,Male,Canada,Alberta,Standard,7.55,Laptop,6.0,0,2.145931282948669,0,2024,4,21,6
18.0,Male,Canada,Nova Scotia,Premium,11.05,Smart TV,4.0,0,2.489064659936664,0,2023,6,16,4
38.0,Female,Canada,Quebec,Basic,8.22,Gaming Console,2.0,1,2.2213750375685026,0,2025,6,16,0
28.0,Other,Canada,Saskatchewan,Premium+,4.66,Laptop,5.0,0,1.7334238922150915,0,2023,8,12,5
25.0,Male,USA,Texas,Premium+,9.17,Gaming Console,2.0,0,2.3194422100604686,0,2025,4,30,2
22.0,Female,Canada,Nova Scotia,Basic,15.46,Mobile,4.0,0,2.800933195248924,0,2022,9,25,6
34.0,Female,USA,New York,Premium,16.67,Mobile,4.0,0,2.871868286331605,0,2023,5,12,4
40.0,Female,Canada,Saskatchewan,Standard,15.66,Smart TV,3.0,0,2.8130106367386967,0,2025,6,23,0
60.0,Female,USA,Ohio,Premium,4.62,Mobile,0.0,1,1.7263316639055997,1,2024,9,1,6
32.0,Female,USA,Michigan,Standard,28.67,Smart TV,3.0,0,3.3901364343027307,0,2022,8,12,4
32.0,Female,USA,New Jersey,Standard,2.74,Desktop,0.0,0,1.3190856114264407,1,2025,5,9,4
18.0,Female,Canada,Nova Scotia,Basic,33.18,Mobile,3.0,0,3.5316406776874447,0,2024,6,28,4
42.0,Male,Canada,New Brunswick,Premium+,12.28,Laptop,2.0,0,2.5862591440482876,0,2024,4,8,0
32.0,Male,Canada,Ontario,Basic,23.63,Mobile,2.0,1,3.2039652121324464,0,2023,6,14,2
34.0,Female,USA,Arizona,Standard,52.16,Laptop,0.0,0,3.9733062338450447,1,2023,7,29,5
45.0,Male,Canada,Ontario,Basic,3.22,Mobile,3.0,0,1.4398351280479207,0,2022,12,29,3
56.0,Male,USA,Virginia,Premium,15.67,Tablet,4.0,0,2.813610696762703,0,2024,10,31,3
45.0,Male,Canada,British Columbia,Premium+,21.69,Desktop,2.0,0,3.1219242987917504,0,2023,11,13,0
55.0,Female,USA,New York,Standard,8.16,Gaming Console,2.0,0,2.214846178686039,0,2024,3,29,4
18.0,Female,USA,New York,Standard,3.12,Gaming Console,4.0,0,1.415853163361435,0,2025,5,24,5
52.0,Female,Canada,British Columbia,Basic,20.136172344689378,Desktop,2.0,1,3.0509859018293035,0,2023,8,5,5
32.0,Female,Canada,Ontario,Standard,7.82,Tablet,1.0,1,2.1770218700187,0,2025,5,21,2
27.0,Female,Canada,Alberta,Premium,13.24,Desktop,4.0,0,2.65605490598383,0,2024,10,11,4
35.0,Female,USA,Ohio,Premium,15.3,Gaming Console,2.0,0,2.791165107812717,0,2023,6,16,4
40.0,Female,USA,Pennsylvania,Standard,22.854736059479553,Smart TV,0.0,0,3.1719827745379456,1,2025,4,24,3
35.0,Male,USA,New Jersey,Standard,8.89,Laptop,2.0,0,2.2915241456346207,0,2024,9,12,3
28.0,Male,USA,Florida,Standard,24.38,Tablet,1.0,0,3.2339614622862416,0,2025,6,16,0
38.0,Female,Canada,Alberta,Standard,7.32,Mobile,2.0,0,2.1186622548331173,0,2024,4,3,2
20.0,Female,USA,Maryland,Premium,48.98,Gaming Console,2.0,0,3.9116229254068062,0,2023,6,26,0
45.0,Female,Canada,Ontario,Standard,6.43,Desktop,2.0,0,2.005525858729668,0,2022,12,23,4
19.0,Male,Canada,Newfoundland and Labrador,Premium,27.41,Smart TV,4.0,0,3.3467411958660964,0,2022,9,27,1
55.0,Male,USA,New York,Basic,7.67,Tablet,1.0,0,2.1598687907924505,0,2024,8,11,6
32.0,Male,Canada,Quebec,Premium,1.69,Gaming Console,1.0,0,0.9895411936137477,0,2022,12,21,2
29.0,Female,USA,Wisconsin,Standard,40.39,Desktop,0.0,0,3.7230393057606412,1,2024,4,1,0
46.0,Male,USA,Georgia,Premium,38.85,Gaming Console,8.0,0,3.685122405236224,0,2025,5,12,0
43.0,Female,USA,Michigan,Standard,22.854736059479553,Gaming Console,0.0,0,3.1719827745379456,1,2023,8,12,5
50.0,Male,USA,Tennessee,Premium+,19.675352862849536,Smart TV,1.0,0,3.0289423078910556,0,2024,7,31,2
31.0,Female,USA,Massachusetts,Premium,1.31,Desktop,0.0,0,0.8372475245337022,1,2022,11,21,0
24.0,Female,USA,California,Basic,2.3,Laptop,1.0,0,1.1939224684724346,0,2023,11,13,0
34.0,Male,USA,Texas,Premium+,21.62,Desktop,0.0,0,3.1188344706879745,1,2024,2,15,3
30.0,Male,Canada,New Brunswick,Premium,31.12,Desktop,2.0,0,3.469478889078561,0,2023,1,22,6
27.0,Male,Canada,Alberta,Basic,17.46,Laptop,1.0,0,2.9156062290747062,0,2025,1,14,1
45.0,Female,USA,Massachusetts,Standard,774.92,Mobile,1.0,0,6.654049422085287,0,2023,8,26,5
36.0,Female,Canada,Quebec,Basic,21.73,Gaming Console,5.0,0,3.123685637864452,0,2023,3,29,2
17.0,Female,USA,Virginia,Premium,21.811017452655033,Gaming Console,0.0,0,3.1272436408541084,1,2023,4,10,0
15.0,Male,USA,Pennsylvania,Premium,9.18,Laptop,2.0,0,2.3204250111223765,0,2025,2,28,4
29.0,Male,Canada,Nova Scotia,Premium,19.06,Tablet,2.0,0,2.9987277825337895,0,2024,4,12,4
25.0,Female,USA,New Jersey,Standard,9.28,Desktop,0.0,0,2.330200260027019,1,2023,7,11,1
49.0,Female,USA,Maryland,Premium,7.99,Desktop,0.0,1,2.196112848483529,1,2025,5,12,0
36.0,Male,USA,Illinois,Premium,10.36,Smart TV,5.0,0,2.4300984132930052,0,2023,2,15,2
20.0,Other,USA,North Carolina,Basic,9.98,Laptop,2.0,0,2.3960754360813845,0,2025,6,15,6
32.0,Male,USA,Arizona,Premium,11.04,Smart TV,1.0,0,2.488234439880675,0,2024,11,16,5
56.0,Male,USA,New Jersey,Standard,4.03,Desktop,0.0,0,1.6154199841116479,1,2025,7,6,6
39.0,Male,USA,Indiana,Basic,6.29,Laptop,0.0,0,1.986503546020567,1,2025,6,28,5
43.0,Female,USA,Arizona,Premium,21.811017452655033,Gaming Console,1.0,0,3.1272436408541084,0,2023,1,22,6
32.0,Female,USA,Maryland,Premium,18.35,Laptop,0.0,0,2.962692419475791,1,2022,10,26,2
44.0,Female,USA,Virginia,Basic,7.96,Tablet,2.0,0,2.192770226986839,0,2023,2,17,4
34.0,Female,Canada,Alberta,Premium,25.32,Desktop,3.0,1,3.2703291064571163,0,2024,11,10,6
33.0,Male,Canada,Alberta,Standard,14.23,Laptop,1.0,0,2.7232671669070703,0,2024,8,15,3
33.0,Male,USA,Arizona,Basic,22.67,Smart TV,3.0,0,3.1642084235258925,0,2023,8,20,6
26.0,Female,USA,North Carolina,Basic,9.36,Mobile,5.0,1,2.337952236831337,0,2024,3,27,2
42.0,Male,USA,Massachusetts,Premium,16.88,Laptop,4.0,0,2.883682769745368,0,2025,3,1,5
15.0,Female,Canada,Nova Scotia,Basic,17.75,Smart TV,2.0,0,2.9311937524164198,0,2025,2,10,0
46.0,Female,USA,Maryland,Basic,16.78,Desktop,1.0,0,2.8780742300857587,0,2025,6,13,4
37.0,Female,USA,North Carolina,Basic,30.59,Desktop,2.0,0,3.4528406148139936,0,2025,1,12,6
32.0,Female,Canada,Ontario,Premium,16.91,Gaming Console,6.0,0,2.8853592160726205,0,2024,11,1,4
39.0,Male,Canada,Alberta,Standard,6.83,Gaming Console,5.0,0,2.057962510002712,0,2023,11,28,1
30.0,Female,Canada,Nova Scotia,Premium,3.55,Mobile,1.0,0,1.5151272329628591,0,2023,1,10,1
33.0,Female,USA,New Jersey,Standard,16.41,Tablet,4.0,0,2.8570447537800976,0,2022,8,28,6
46.0,Male,Canada,Prince Edward Island,Premium,22.44,Mobile,2.0,0,3.154443964708812,0,2022,8,28,6
55.0,Female,USA,Ohio,Standard,2.52,Smart TV,2.0,1,1.2584609896100056,0,2025,5,23,4
32.0,Female,USA,North Carolina,Premium+,7.82,Gaming Console,3.0,0,2.1770218700187,0,2025,4,3,3
32.0,Male,USA,Georgia,Standard,22.66,Mobile,2.0,0,3.1637858585502405,0,2023,7,14,4
18.0,Other,USA,New York,Premium+,6.56,Desktop,0.0,0,2.0228711901914416,1,2022,8,22,0
19.0,Other,USA,Maryland,Standard,3.41,Gaming Console,4.0,0,1.4838746894587547,0,2024,2,4,6
48.0,Female,USA,Pennsylvania,Premium,24.04,Mobile,1.0,0,3.2204745462318978,0,2023,8,2,2
43.0,Other,USA,Pennsylvania,Premium+,12.26,Gaming Console,1.0,0,2.5847519847577165,0,2025,4,17,3
18.0,Other,USA,Virginia,Standard,1.13,Gaming Console,0.0,0,0.7561219797213337,1,2024,2,29,3
40.0,Male,USA,Illinois,Standard,9.8,Gaming Console,2.0,0,2.379546134130174,0,2022,9,13,1
23.0,Male,USA,Georgia,Standard,23.63,Mobile,0.0,0,3.2039652121324464,1,2022,8,30,1
31.0,Other,USA,Texas,Premium,7.59,Gaming Console,1.0,0,2.150598735996164,0,2022,11,25,4
56.0,Other,USA,Maryland,Premium,17.89,Tablet,2.0,1,2.9386326815134183,0,2024,9,22,6
30.0,Other,Canada,Manitoba,Premium,9.52,Laptop,7.0,0,2.3532782073095637,0,2024,1,26,4
48.0,Female,USA,Indiana,Premium,28.63,Tablet,6.0,0,3.388787361585474,0,2022,8,25,3
28.0,Other,USA,Maryland,Basic,20.136172344689378,Gaming Console,3.0,0,3.0509859018293035,0,2023,2,12,6
51.0,Male,USA,Indiana,Premium,9.97,Laptop,3.0,0,2.395164274287139,0,2023,6,1,3
25.0,Female,Canada,Nova Scotia,Standard,22.854736059479553,Desktop,3.0,0,3.1719827745379456,0,2024,3,4,0
36.0,Male,USA,North Carolina,Premium,21.811017452655033,Tablet,2.0,0,3.1272436408541084,0,2023,6,18,6
36.0,Female,USA,Maryland,Standard,7.49,Gaming Console,2.0,0,2.138889000323256,0,2024,11,17,6
25.0,Male,USA,Pennsylvania,Standard,6.79,Mobile,6.0,0,2.052840859882657,0,2024,11,29,4
33.0,Male,Canada,Manitoba,Basic,13.2,Mobile,0.0,0,2.653241964607215,1,2022,10,21,4
14.0,Other,USA,Michigan,Standard,8.47,Tablet,2.0,0,2.248128907197987,0,2022,8,20,5
37.0,Male,USA,Pennsylvania,Premium,13.68,Gaming Console,0.0,1,2.6864860231863696,1,2023,4,4,1
34.0,Other,USA,Massachusetts,Basic,13.89,Mobile,2.0,0,2.7006898466959175,0,2025,5,6,1
51.0,Other,USA,Michigan,Premium,9.65,Smart TV,1.0,0,2.365559892155434,0,2023,8,28,0
54.0,Female,Canada,Newfoundland and Labrador,Basic,8.66,Smart TV,2.0,0,2.2679936482244267,0,2023,2,21,1
46.0,Female,Canada,Alberta,Premium,23.35,Tablet,3.0,0,3.192531849528599,0,2023,1,17,1
30.0,Female,USA,Florida,Premium,6.36,Desktop,0.0,0,1.9960599327407849,1,2025,5,30,4
44.0,Male,USA,Wisconsin,Standard,13.15,Smart TV,1.0,0,2.649714624089247,0,2024,6,23,6
23.0,Female,USA,New York,Standard,11.43,Laptop,7.0,0,2.5201129055226197,0,2025,2,21,4
31.0,Female,USA,New York,Standard,13.25,Laptop,4.0,0,2.6567569067146595,0,2022,11,28,0
19.0,Female,USA,New Jersey,Premium+,18.15,Mobile,1.0,0,2.952302715626655,0,2024,1,6,5
35.0,Male,USA,Wisconsin,Standard,15.22,Tablet,1.0,0,2.7862450486872667,0,2024,5,23,3
44.0,Male,Canada,Manitoba,Basic,16.75,Mobile,1.0,0,2.8763855159214247,0,2024,6,13,3
35.0,Female,USA,Michigan,Standard,7.86,Smart TV,5.0,0,2.1815467646169897,0,2022,9,22,3
18.0,Male,USA,Washington,Basic,6.41,Gaming Console,2.0,1,2.0028304393079956,0,2024,3,6,2
25.0,Female,USA,Pennsylvania,Premium,4.87,Tablet,3.0,0,1.7698546338400052,0,2024,2,23,4
38.0,Male,Canada,Ontario,Standard,29.3,Gaming Console,2.0,0,3.4111477125153233,0,2023,7,8,5
50.0,Male,USA,Georgia,Premium,10.57,Laptop,3.0,0,2.448415541205585,0,2023,11,19,6
32.0,Female,USA,Texas,Basic,13.53,Mobile,3.0,0,2.6762154775821916,0,2024,4,27,5
48.0,Female,USA,California,Premium,11.75,Gaming Console,6.0,0,2.545531271604435,0,2023,3,17,4
42.0,Male,USA,Tennessee,Standard,18.99,Smart TV,4.0,0,2.995232148512309,0,2025,7,9,2
20.0,Female,Canada,Newfoundland and Labrador,Premium,12.67,Desktop,3.0,0,2.6152036507358583,0,2024,10,5,5
32.0,Male,Canada,Nova Scotia,Basic,4.47,Desktop,2.0,0,1.6992786164338898,0,2023,11,20,0
48.0,Male,USA,Indiana,Standard,21.94,Tablet,3.0,0,3.1328821117012247,0,2023,6,7,2
33.0,Female,USA,Florida,Basic,3.5,Tablet,8.0,0,1.5040773967762742,0,2023,10,30,0
50.0,Female,USA,New Jersey,Standard,13.93,Gaming Console,1.0,0,2.703372611551099,0,2025,1,22,2
27.0,Male,USA,California,Standard,22.854736059479553,Gaming Console,5.0,0,3.1719827745379456,0,2023,1,14,5
21.0,Female,USA,Texas,Standard,18.9,Smart TV,7.0,0,2.990719731730447,0,2024,6,1,5
57.0,Male,USA,Georgia,Basic,41.16,Smart TV,3.0,0,3.741471904233107,0,2022,12,15,3
20.0,Female,Canada,Ontario,Basic,12.4,Laptop,2.0,0,2.5952547069568657,0,2025,6,9,0
40.0,Female,USA,Maryland,Basic,6.04,Desktop,4.0,0,1.951608170169951,0,2025,7,2,2
35.0,Male,Canada,Alberta,Premium,6.51,Gaming Console,5.0,0,2.0162354657760435,0,2023,12,31,6
37.0,Male,Canada,Saskatchewan,Standard,1.93,Tablet,0.0,0,1.0750024230289759,1,2022,11,5,5
14.0,Female,USA,Virginia,Premium+,19.675352862849536,Mobile,3.0,1,3.0289423078910556,0,2024,6,20,3
40.0,Female,USA,Tennessee,Premium,21.811017452655033,Tablet,4.0,0,3.1272436408541084,0,2023,1,4,2
43.0,Male,USA,Maryland,Basic,16.58,Gaming Console,3.0,0,2.866761892257031,0,2025,1,18,5
47.0,Female,USA,Michigan,Premium,21.811017452655033,Mobile,5.0,0,3.1272436408541084,0,2024,2,12,0
31.0,Female,USA,Georgia,Standard,14.83,Laptop,0.0,1,2.761906873892921,1,2023,5,10,2
43.0,Male,USA,Georgia,Standard,2.36,Mobile,2.0,0,1.2119409739751128,0,2025,5,18,6
32.0,Male,USA,Ohio,Standard,5.16,Laptop,2.0,1,1.8180767775454285,0,2023,2,22,2
27.0,Female,USA,Pennsylvania,Standard,22.854736059479553,Laptop,6.0,0,3.1719827745379456,0,2025,3,24,0
25.0,Male,Canada,Alberta,Standard,28.18,Smart TV,6.0,1,3.3734835430946397,0,2023,7,3,0
49.0,Female,USA,New York,Standard,8.52,Smart TV,5.0,1,2.253394848803274,0,2023,3,7,1
33.0,Male,USA,Washington,Standard,11.81,Gaming Console,0.0,0,2.550226115908643,1,2024,10,29,1
32.0,Male,USA,Arizona,Standard,22.854736059479553,Desktop,1.0,0,3.1719827745379456,0,2023,1,8,6
50.0,Other,Canada,New Brunswick,Premium+,4.39,Mobile,0.0,1,1.6845453849209058,1,2024,7,26,4
52.0,Other,USA,North Carolina,Standard,4.1,Mobile,3.0,0,1.62924053973028,0,2023,8,21,0
44.0,Male,USA,Florida,Premium,1.68,Gaming Console,0.0,0,0.9858167945227653,1,2025,4,3,3
30.0,Female,Canada,Saskatchewan,Basic,15.1,Gaming Console,1.0,0,2.7788192719904172,0,2024,3,4,0
35.0,Male,USA,Indiana,Premium,18.39,Mobile,2.0,0,2.9647574692545606,0,2024,1,20,5
31.0,Other,Canada,Newfoundland and Labrador,Premium+,17.67,Smart TV,2.0,0,2.9269179575536315,0,2023,2,20,0
29.0,Male,USA,Missouri,Standard,22.854736059479553,Tablet,1.0,0,3.1719827745379456,0,2022,10,10,0
60.0,Male,USA,Washington,Premium,21.811017452655033,Smart TV,5.0,0,3.1272436408541084,0,2023,8,30,2
45.0,Female,USA,Indiana,Standard,246.92,Tablet,1.0,1,5.513106113479493,0,2025,2,6,3
25.0,Female,USA,Wisconsin,Premium,21.811017452655033,Laptop,0.0,1,3.1272436408541084,1,2025,6,23,0
34.0,Other,USA,Washington,Basic,3.49,Gaming Console,2.0,0,1.501852701754163,0,2024,3,18,0
20.0,Male,Canada,Quebec,Basic,25.47,Mobile,0.0,0,3.27601201623901,1,2024,11,17,6
40.0,Female,USA,Tennessee,Premium,22.04,Desktop,0.0,0,3.1372318358276905,1,2022,11,14,0
50.0,Female,USA,Pennsylvania,Premium,8.78,Tablet,5.0,0,2.280339484046726,0,2022,10,5,2
18.0,Other,USA,North Carolina,Standard,35.07,Desktop,4.0,0,3.5854614949154477,0,2025,4,29,1
26.0,Female,USA,Michigan,Premium,9.45,Laptop,1.0,0,2.34660197841082,0,2024,5,28,1
23.0,Other,USA,Virginia,Standard,22.854736059479553,Desktop,1.0,0,3.1719827745379456,0,2023,5,19,4
59.0,Female,Canada,New Brunswick,Basic,5.18,Laptop,4.0,0,1.8213182714695995,0,2023,11,11,5
22.0,Male,USA,Indiana,Standard,16.46,Desktop,3.0,1,2.859912550411456,0,2025,2,21,4
39.0,Female,USA,Ohio,Standard,21.11,Gaming Console,1.0,0,3.096029994869355,0,2023,1,6,4
20.0,Female,Canada,New Brunswick,Premium,21.811017452655033,Desktop,6.0,0,3.1272436408541084,0,2022,12,28,2
41.0,Male,USA,Illinois,Premium,13.88,Tablet,2.0,0,2.700018029404946,0,2025,4,21,0
14.0,Other,Canada,Saskatchewan,Premium,4.39,Mobile,7.0,0,1.6845453849209058,0,2024,8,22,3
46.0,Female,Canada,Newfoundland and Labrador,Premium,12.45,Laptop,4.0,0,2.598979106047848,0,2023,4,1,5
20.0,Male,USA,Massachusetts,Premium,8.9,Mobile,6.0,1,2.2925347571405443,0,2022,10,30,6
28.0,Male,USA,Arizona,Basic,8.57,Gaming Console,1.0,1,2.258633205464863,0,2024,12,30,0
57.0,Male,Canada,Newfoundland and Labrador,Premium+,18.64,Smart TV,0.0,0,2.97756830292632,1,2023,4,5,2
30.0,Female,USA,Illinois,Premium,20.43,Laptop,1.0,0,3.064791809485486,0,2023,4,29,5
44.0,Male,USA,Arizona,Premium+,4.43,Smart TV,2.0,0,1.691939133945844,0,2023,6,14,2
41.0,Female,USA,Tennessee,Basic,10.3,Laptop,1.0,0,2.424802725718295,0,2025,4,3,3
24.0,Male,USA,Georgia,Premium,24.07,Tablet,2.0,1,3.221671912170202,0,2022,8,17,2
16.0,Other,USA,Wisconsin,Standard,12.02,Tablet,2.0,0,2.5664866367804233,0,2023,12,16,5
30.0,Female,USA,North Carolina,Basic,6.46,Desktop,1.0,0,2.0095554142156695,0,2025,7,14,0
19.0,Female,Canada,Nova Scotia,Standard,16.83,Smart TV,5.0,0,2.8808824318750488,0,2023,11,7,1
26.0,Male,USA,Virginia,Premium,14.52,Mobile,3.0,0,2.7421295147550726,0,2024,10,29,1
20.0,Male,USA,Wisconsin,Premium,24.89,Tablet,3.0,1,3.2538567937634464,0,2023,4,20,3
44.0,Other,USA,Illinois,Standard,14.94,Desktop,4.0,1,2.768831673362069,0,2022,10,16,6
56.0,Female,Canada,New Brunswick,Standard,15.02,Desktop,2.0,0,2.7738379416402132,0,2024,9,12,3
20.0,Male,USA,New York,Premium,9.7,Laptop,2.0,0,2.3702437414678603,0,2023,2,16,3
29.0,Male,USA,Arizona,Standard,12.53,Desktop,2.0,1,2.604909442182697,0,2023,7,15,5
31.0,Female,USA,Virginia,Standard,5.66,Laptop,0.0,0,1.8961194845522977,1,2025,6,17,1
47.0,Female,USA,Michigan,Standard,4.85,Tablet,2.0,1,1.766441661243765,0,2025,2,23,6
37.0,Female,USA,Texas,Premium+,12.98,Desktop,1.0,0,2.637627736805664,0,2025,1,21,1
31.0,Other,USA,Illinois,Basic,22.47,Smart TV,5.0,0,3.1557230098629323,0,2023,9,18,0
13.0,Other,Canada,Prince Edward Island,Standard,8.06,Desktop,5.0,0,2.203869120054888,0,2024,1,24,2
22.0,Other,USA,Virginia,Standard,19.67,Mobile,2.0,0,3.028683373693677,0,2024,12,11,2
40.0,Other,USA,Washington,Standard,20.97,Laptop,1.0,1,3.089677886396519,0,2023,10,21,5
25.0,Female,USA,Georgia,Premium,5.92,Smart TV,0.0,0,1.9344157696295783,1,2022,12,8,3
42.0,Male,Canada,Saskatchewan,Standard,8.85,Laptop,0.0,0,2.2874714551839976,1,2022,12,12,0
39.0,Female,USA,Florida,Premium,20.06,Desktop,2.0,0,3.0473755067058295,0,2023,10,29,6
55.0,Female,USA,Virginia,Basic,20.136172344689378,Mobile,1.0,1,3.0509859018293035,0,2024,2,2,4
49.0,Other,USA,Texas,Standard,4.86,Mobile,4.0,0,1.7681496035889213,0,2022,9,5,0
41.0,Male,USA,Maryland,Standard,41.97,Laptop,2.0,0,3.7605021977869035,0,2022,9,26,0
22.0,Male,USA,Texas,Standard,18.54,Smart TV,2.0,0,2.972463646614637,0,2024,8,23,4
32.0,Female,Canada,Nova Scotia,Basic,19.38,Mobile,3.0,0,3.0145540277945786,0,2024,1,25,3
31.0,Other,Canada,Quebec,Premium,21.811017452655033,Mobile,5.0,0,3.1272436408541084,0,2025,4,23,2
47.0,Other,USA,Missouri,Standard,32.55,Tablet,4.0,0,3.5130368634176907,0,2025,3,29,5
47.0,Other,Canada,Nova Scotia,Premium,22.26,Desktop,2.0,1,3.1467351470905185,0,2024,7,24,2
27.0,Male,Canada,Ontario,Premium,17.61,Desktop,3.0,1,2.9236990706541595,0,2023,8,18,4
47.0,Male,USA,Florida,Standard,8.09,Tablet,1.0,0,2.2071749081893874,0,2025,2,10,0
31.0,Male,USA,Tennessee,Standard,6.32,Mobile,4.0,1,1.9906103279732201,0,2023,9,11,0
53.0,Female,USA,California,Basic,19.74,Desktop,2.0,0,3.032064202801381,0,2025,4,7,0
47.0,Male,Canada,Quebec,Basic,20.136172344689378,Tablet,0.0,0,3.0509859018293035,1,2024,7,4,3
25.0,Female,Canada,Ontario,Premium,7.3,Laptop,4.0,0,2.1162555148025524,0,2025,3,3,0
31.0,Male,Canada,Quebec,Standard,9.48,Desktop,2.0,0,2.349468678892896,0,2024,8,13,1
39.0,Male,USA,Indiana,Premium,12.14,Laptop,2.0,0,2.5756610130564646,0,2022,10,3,0
23.0,Female,Canada,Ontario,Standard,9.14,Mobile,2.0,0,2.316487998163037,0,2024,11,17,6
44.0,Male,USA,Wisconsin,Standard,34.88,Mobile,2.0,0,3.5801800371905954,0,2022,9,20,1
27.0,Male,USA,Arizona,Standard,9.49,Laptop,1.0,0,2.3504224224082058,0,2024,4,25,3
43.0,Female,Canada,Ontario,Standard,15.26,Desktop,1.0,0,2.7887081041196646,0,2024,2,10,5
38.0,Male,Canada,Nova Scotia,Standard,22.854736059479553,Mobile,1.0,0,3.1719827745379456,0,2023,2,13,0
33.0,Female,Canada,New Brunswick,Premium,11.62,Tablet,2.0,0,2.5352828571130672,0,2022,12,31,5
28.0,Female,Canada,Prince Edward Island,Standard,10.56,Desktop,2.0,0,2.4475508632442313,0,2023,9,9,5
33.0,Male,USA,Florida,Standard,8.76,Gaming Console,2.0,0,2.278292400425001,0,2023,12,27,2
30.0,Male,USA,Georgia,Standard,2.31,Laptop,1.0,0,1.1969481893889715,0,2023,8,14,0
44.0,Male,USA,Indiana,Premium,21.811017452655033,Tablet,0.0,0,3.1272436408541084,1,2024,3,15,4
16.0,Other,USA,Ohio,Basic,5.34,Laptop,1.0,0,1.8468787684491346,0,2024,2,27,1
40.0,Female,Canada,British Columbia,Standard,12.25,Gaming Console,0.0,0,2.583997552432231,1,2024,10,23,2
30.0,Male,USA,New York,Standard,4.56,Tablet,2.0,0,1.715598108262491,0,2024,8,2,4
49.0,Male,USA,Florida,Premium,8.04,Laptop,3.0,0,2.201659174404085,0,2024,4,5,4
23.0,Male,Canada,Newfoundland and Labrador,Basic,9.48,Desktop,0.0,0,2.349468678892896,1,2023,7,27,3
26.0,Male,USA,Pennsylvania,Premium,21.1,Laptop,3.0,0,3.095577608523707,0,2024,7,15,0
27.0,Male,USA,Michigan,Premium,15.58,Laptop,0.0,0,2.8081971497071487,1,2023,6,15,3
42.0,Female,USA,Washington,Basic,6.41,Mobile,2.0,0,2.0028304393079956,0,2023,7,31,0
30.0,Female,USA,Washington,Standard,14.99,Laptop,2.0,0,2.771963526845863,0,2024,1,21,6
41.0,Male,USA,Ohio,Premium,14.25,Laptop,2.0,0,2.7245795030534206,0,2024,5,29,2
41.0,Other,USA,Pennsylvania,Basic,17.45,Laptop,5.0,1,2.915064370486536,0,2022,10,21,4
36.0,Male,USA,Michigan,Premium,1.05,Gaming Console,2.0,0,0.7178397931503169,0,2023,9,2,5
40.0,Female,Canada,Quebec,Premium,2.57,Laptop,4.0,0,1.2725655957915476,0,2024,11,3,6
17.0,Female,USA,Texas,Standard,28.56,Smart TV,6.0,1,3.386422096080001,0,2025,5,28,2
32.0,Other,USA,Texas,Standard,8.94,Desktop,4.0,0,2.2965670206684825,0,2024,10,17,3
26.0,Male,Canada,Saskatchewan,Standard,23.32,Mobile,0.0,1,3.1912990570979662,1,2023,2,15,2
48.0,Other,USA,New Jersey,Premium,16.32,Gaming Console,2.0,1,2.851861903134289,0,2025,4,18,4
31.0,Male,Canada,British Columbia,Standard,18.68,Gaming Console,2.0,0,2.9796028916241073,0,2024,10,3,3
14.0,Male,USA,Missouri,Premium+,22.15,Laptop,1.0,1,3.1419947805322432,0,2024,6,26,2
34.0,Male,Canada,Newfoundland and Labrador,Premium,10.66,Desktop,6.0,0,2.4561641809223462,0,2023,2,16,3
33.0,Male,Canada,Newfoundland and Labrador,Premium+,9.89,Laptop,4.0,0,2.387844936944869,0,2023,11,30,3
37.0,Other,USA,Virginia,Premium+,12.81,Mobile,0.0,0,2.6253929674212007,1,2023,4,26,2
47.0,Female,USA,Texas,Premium,21.811017452655033,Laptop,0.0,0,3.1272436408541084,1,2023,4,25,1
40.0,Male,USA,Wisconsin,Premium,4.58,Mobile,2.0,0,1.7191887763932197,0,2022,10,22,5
37.0,Male,USA,Arizona,Premium,9.71,Tablet,1.0,0,2.3711778844596574,0,2023,5,4,3
31.0,Other,USA,Missouri,Standard,11.43,Mobile,3.0,0,2.5201129055226197,0,2025,3,4,1
25.0,Male,USA,California,Premium,20.14,Laptop,2.0,0,3.051166980442092,0,2025,4,6,6
34.0,Male,Canada,British Columbia,Premium,8.05,Mobile,5.0,1,2.2027647577118348,0,2023,2,12,6
46.0,Other,USA,Wisconsin,Standard,17.75,Gaming Console,2.0,0,2.9311937524164198,0,2022,11,20,6
40.0,Female,Canada,Alberta,Basic,25.13,Desktop,4.0,0,3.263084079532521,0,2023,4,1,5
47.0,Male,Canada,Prince Edward Island,Premium,21.811017452655033,Tablet,2.0,0,3.1272436408541084,0,2024,5,11,5
35.0,Male,USA,Missouri,Standard,2.92,Laptop,4.0,0,1.366091653802371,0,2025,5,25,6
34.0,Female,Canada,Manitoba,Basic,34.31,Desktop,2.0,1,3.564166209940295,0,2023,4,11,1
29.0,Male,USA,North Carolina,Premium,2.37,Smart TV,2.0,0,1.2149127443642704,0,2023,7,31,0
38.0,Female,USA,Wisconsin,Standard,7.48,Laptop,3.0,0,2.1377104498038118,0,2024,12,16,0
35.0,Other,USA,Illinois,Standard,19.75,Mobile,2.0,0,3.0325462466767075,0,2024,6,20,3
22.0,Female,Canada,New Brunswick,Premium,15.91,Smart TV,4.0,0,2.827905162910489,0,2023,1,2,0
16.0,Female,USA,North Carolina,Premium,3.13,Laptop,7.0,0,1.4182774069729414,0,2025,1,14,1
31.0,Male,Canada,Newfoundland and Labrador,Basic,42.36,Gaming Console,1.0,1,3.769537357131391,0,2023,9,17,6
33.0,Female,USA,New York,Basic,18.61,Desktop,3.0,0,2.976039640208255,0,2024,5,22,2
31.0,Male,USA,Michigan,Standard,11.6,Gaming Console,5.0,0,2.533696813957432,0,2023,1,15,6
40.0,Male,Canada,Quebec,Premium,11.66,Smart TV,0.0,1,2.5384474167160302,1,2023,7,16,6
52.0,Female,USA,Florida,Basic,20.98,Mobile,2.0,1,3.090132948975475,0,2023,6,13,1
19.0,Other,USA,Tennessee,Standard,11.88,Gaming Console,5.0,0,2.5556757206762075,0,2022,9,5,0
29.0,Other,USA,New Jersey,Standard,22.854736059479553,Laptop,0.0,0,3.1719827745379456,1,2024,3,16,5
37.0,Male,USA,Florida,Basic,14.1,Mobile,2.0,0,2.714694743820879,0,2023,3,21,1
50.0,Female,USA,Georgia,Standard,37.4,Laptop,2.0,1,3.648057459593681,0,2023,4,14,4
48.0,Female,USA,Wisconsin,Standard,13.9,Gaming Console,3.0,0,2.7013612129514133,0,2022,8,7,6
39.0,Male,USA,Wisconsin,Premium,21.811017452655033,Desktop,5.0,0,3.1272436408541084,0,2025,2,6,3
34.0,Male,USA,North Carolina,Basic,20.136172344689378,Smart TV,5.0,0,3.0509859018293035,0,2025,7,20,6
52.0,Female,USA,Missouri,Premium,25.76,Gaming Console,3.0,0,3.286908235260028,0,2024,12,13,4
22.0,Other,USA,Illinois,Premium,30.85,Laptop,2.0,0,3.4610373820181723,0,2025,4,27,6
36.0,Male,USA,Washington,Basic,13.11,Laptop,1.0,0,2.6468837658647226,0,2025,3,9,6
54.0,Male,USA,Ohio,Standard,24.18,Gaming Console,1.0,0,3.2260500286162013,0,2023,5,3,2
26.0,Female,USA,Wisconsin,Standard,22.854736059479553,Gaming Console,2.0,0,3.1719827745379456,0,2023,6,10,5
35.0,Female,USA,New York,Standard,6.01,Mobile,1.0,0,1.9473377010464987,0,2025,6,26,3
36.0,Male,Canada,Alberta,Standard,12.11,Mobile,2.0,0,2.5733752977756086,0,2023,6,9,4
58.0,Female,USA,North Carolina,Premium,8.55,Desktop,0.0,0,2.256541154492639,1,2023,9,10,6
39.0,Male,USA,Wisconsin,Standard,17.4,Smart TV,0.0,0,2.91235066461494,1,2024,10,14,0
23.0,Male,USA,Illinois,Standard,19.78,Tablet,5.0,0,3.0339909856710814,0,2022,12,11,6
31.0,Female,USA,Washington,Premium,14.79,Laptop,3.0,0,2.7593768282675506,0,2022,8,31,2
30.0,Female,USA,Wisconsin,Premium,6.28,Gaming Console,6.0,1,1.9851308622085946,0,2023,5,5,4
24.0,Female,USA,Massachusetts,Basic,27.92,Tablet,0.0,0,3.3645333972905638,1,2024,1,25,3
18.0,Other,USA,California,Standard,17.22,Desktop,2.0,0,2.9025198918318122,0,2024,3,29,4
34.0,Male,Canada,Ontario,Premium,18.3,Laptop,1.0,0,2.9601050959108397,0,2023,12,31,6
43.0,Female,USA,Wisconsin,Basic,8.41,Tablet,6.0,0,2.2417729535972883,0,2025,7,30,2
23.0,Male,USA,Missouri,Premium,17.81,Tablet,3.0,0,2.934388643312939,0,2024,8,2,4
15.0,Female,Canada,Saskatchewan,Premium,21.811017452655033,Smart TV,4.0,0,3.1272436408541084,0,2023,1,28,5
38.0,Female,Canada,Prince Edward Island,Premium+,19.675352862849536,Tablet,4.0,0,3.0289423078910556,0,2022,11,22,1
38.0,Female,USA,Texas,Standard,22.854736059479553,Tablet,1.0,1,3.1719827745379456,0,2024,8,1,3
13.0,Female,USA,Massachusetts,Standard,22.854736059479553,Gaming Console,7.0,0,3.1719827745379456,0,2022,10,22,5
34.0,Female,Canada,Alberta,Standard,12.45,Gaming Console,2.0,1,2.598979106047848,0,2024,9,19,3
59.0,Female,USA,Massachusetts,Premium,12.76,Gaming Console,2.0,1,2.6217658325051976,0,2024,6,10,0
29.0,Female,USA,Michigan,Premium+,19.675352862849536,Desktop,2.0,0,3.0289423078910556,0,2025,4,10,3
25.0,Other,USA,Indiana,Standard,12.5,Mobile,0.0,0,2.6026896854443837,1,2023,5,30,1
45.0,Female,USA,Georgia,Premium+,26.37,Tablet,1.0,1,3.309447523052588,0,2022,10,26,2
29.0,Male,USA,Ohio,Standard,11.65,Smart TV,0.0,0,2.5376572151735295,1,2025,2,16,6
44.0,Female,USA,Wisconsin,Premium,10.04,Laptop,4.0,0,2.401525040848949,0,2023,2,11,5
46.0,Male,Canada,Quebec,Premium+,25.51,Mobile,2.0,1,3.277522020300934,0,2022,11,4,4
31.0,Female,USA,New York,Standard,7.23,Tablet,4.0,0,2.1077860146889784,0,2023,9,28,3
38.0,Other,Canada,Alberta,Basic,15.72,Desktop,5.0,1,2.8166056076565553,0,2024,7,2,1
45.0,Female,Canada,Prince Edward Island,Premium,9.22,Gaming Console,4.0,0,2.3243465847755584,0,2023,7,31,0
37.0,Female,USA,Wisconsin,Premium,21.811017452655033,Tablet,3.0,0,3.1272436408541084,0,2023,1,11,2
48.0,Other,USA,Florida,Premium,14.81,Desktop,3.0,0,2.7606426512213806,0,2024,11,5,1
37.0,Male,Canada,Nova Scotia,Premium,17.03,Gaming Console,2.0,0,2.8920370372152258,0,2023,9,26,1
35.0,Female,USA,Missouri,Premium,24.45,Laptop,2.0,0,3.2367157429965316,0,2024,7,6,5
27.0,Female,Canada,British Columbia,Standard,4.82,Smart TV,2.0,0,1.7613002617433464,0,2023,10,11,2
19.0,Male,USA,Florida,Premium+,13.04,Gaming Console,3.0,0,2.641910398597665,0,2024,6,23,6
56.0,Male,Canada,Newfoundland and Labrador,Premium,8.48,Smart TV,4.0,0,2.2491843162669305,0,2025,7,1,1
28.0,Other,Canada,Nova Scotia,Basic,20.136172344689378,Mobile,6.0,0,3.0509859018293035,0,2024,1,1,0
40.0,Other,Canada,Saskatchewan,Basic,20.136172344689378,Smart TV,5.0,0,3.0509859018293035,0,2025,1,25,5
35.0,Other,Canada,Prince Edward Island,Basic,6.56,Smart TV,1.0,0,2.0228711901914416,0,2023,6,20,1
49.0,Male,Canada,Newfoundland and Labrador,Standard,12.15,Desktop,3.0,0,2.5764217586237734,0,2023,5,23,1
45.0,Female,Canada,Quebec,Premium,23.74,Gaming Console,2.0,0,3.208421366964342,0,2022,9,17,5
31.0,Female,USA,Arizona,Premium,23.04,Desktop,2.0,1,3.179719109667007,0,2024,11,20,2
28.0,Male,USA,Illinois,Basic,25.55,Laptop,3.0,1,3.279029747687948,0,2022,10,9,6
42.0,Female,USA,Missouri,Premium,15.18,Mobile,5.0,0,2.7837759116303458,0,2024,5,25,5
30.0,Other,USA,California,Premium+,4.46,Mobile,1.0,0,1.6974487897568136,0,2024,11,4,0
41.0,Male,Canada,New Brunswick,Premium,5.01,Tablet,0.0,0,1.7934247485471162,1,2024,4,28,6
46.0,Male,USA,Michigan,Premium,3.23,Tablet,2.0,0,1.4422019930581866,0,2023,7,31,0
48.0,Female,Canada,New Brunswick,Premium,7.58,Desktop,3.0,0,2.149433913499871,0,2023,5,1,0
41.0,Other,Canada,New Brunswick,Premium,4.11,Desktop,5.0,0,1.631199404215613,0,2023,12,24,6
37.0,Female,USA,Maryland,Premium,8.32,Desktop,3.0,0,2.2321626286975,0,2023,1,8,6
27.0,Male,USA,Georgia,Standard,37.38,Mobile,2.0,1,3.647536490579554,0,2025,2,8,5
38.0,Male,Canada,Manitoba,Premium,33.07,Mobile,1.0,1,3.5284172316728752,0,2025,1,9,3
45.0,Male,USA,Washington,Premium,21.73,Mobile,3.0,0,3.123685637864452,0,2024,8,15,3
35.0,Female,USA,Georgia,Standard,4.86,Tablet,1.0,0,1.7681496035889213,0,2025,1,12,6
24.0,Male,USA,New Jersey,Premium,21.85,Smart TV,1.0,0,3.128951117340214,0,2024,7,7,6
23.0,Male,USA,Pennsylvania,Premium,15.76,Laptop,2.0,1,2.818995095053937,0,2023,2,17,4
38.0,Male,Canada,Prince Edward Island,Standard,28.09,Laptop,2.0,0,3.3703944725071104,0,2023,12,17,6
34.0,Female,USA,Ohio,Standard,2.96,Desktop,1.0,0,1.3762440252663892,0,2025,3,10,0
46.0,Other,USA,New York,Standard,3.31,Tablet,2.0,0,1.4609379041156565,0,2023,1,21,5
54.0,Female,USA,Arizona,Standard,12.48,Gaming Console,3.0,0,2.601207105484161,0,2024,10,4,4
17.0,Female,USA,Maryland,Premium,13.43,Tablet,2.0,0,2.6693093727857793,0,2025,3,3,0
49.0,Female,Canada,Ontario,Standard,12.57,Laptop,4.0,0,2.6078614738467776,0,2023,9,18,0
43.0,Female,USA,New Jersey,Standard,2.93,Mobile,2.0,0,1.3686394258811698,0,2024,5,14,1
18.0,Female,USA,New York,Standard,4.23,Gaming Console,2.0,0,1.6544112780768316,0,2024,9,11,2
37.0,Male,Canada,Newfoundland and Labrador,Basic,8.73,Laptop,3.0,0,2.2752138961979136,0,2024,2,11,6
44.0,Female,USA,Wisconsin,Basic,35.36,Tablet,4.0,0,3.5934692693092782,0,2023,12,5,1
21.0,Other,Canada,Nova Scotia,Standard,25.26,Mobile,6.0,0,3.26804686887465,0,2023,1,12,3
48.0,Male,USA,Missouri,Premium,5.47,Tablet,3.0,0,1.8671761085128091,0,2023,7,31,0
30.0,Other,Canada,Newfoundland and Labrador,Standard,22.854736059479553,Desktop,3.0,0,3.1719827745379456,0,2023,7,17,0
51.0,Male,USA,Texas,Basic,23.63,Tablet,2.0,0,3.2039652121324464,0,2023,12,25,0
38.0,Male,Canada,Nova Scotia,Standard,20.7,Desktop,1.0,1,3.077312260546414,0,2024,5,17,4
33.0,Female,Canada,Quebec,Standard,10.09,Mobile,6.0,0,2.4060438013622756,0,2024,4,23,1
49.0,Male,USA,Texas,Premium+,30.69,Laptop,0.0,1,3.4560011737028296,1,2022,11,3,3
25.0,Male,USA,Georgia,Premium+,28.69,Mobile,4.0,1,3.3908102887756684,0,2022,10,15,5
19.0,Female,USA,Maryland,Basic,15.39,Desktop,3.0,0,2.7966713927557385,0,2025,6,15,6
18.0,Female,Canada,Nova Scotia,Premium,20.96,Desktop,0.0,0,3.08922261664133,1,2023,4,20,3
44.0,Other,Canada,Newfoundland and Labrador,Standard,4.08,Desktop,0.0,0,1.6253112615903906,1,2023,5,11,3
23.0,Female,USA,New Jersey,Standard,22.854736059479553,Mobile,2.0,1,3.1719827745379456,0,2023,4,2,6
28.0,Female,Canada,Manitoba,Premium+,23.64,Desktop,4.0,0,3.204371138665319,0,2025,7,14,0
22.0,Female,Canada,British Columbia,Standard,12.92,Mobile,1.0,0,2.6333266549062735,0,2023,7,9,6
36.0,Female,USA,Tennessee,Premium,21.811017452655033,Laptop,0.0,0,3.1272436408541084,1,2024,5,28,1
31.0,Other,USA,Virginia,Premium,24.11,Gaming Console,2.0,0,3.2232661731694936,0,2025,7,28,0
16.0,Female,USA,Virginia,Basic,7.73,Desktop,0.0,0,2.166765369851511,1,2024,4,5,4
28.0,Male,USA,Arizona,Premium+,15.23,Smart TV,3.0,0,2.7868613815264998,0,2025,3,3,0
41.0,Other,Canada,Nova Scotia,Premium,16.01,Mobile,0.0,0,2.8338014064077703,1,2023,6,7,2
36.0,Male,USA,Michigan,Standard,257.09,Desktop,2.0,0,5.553308361301366,0,2023,8,19,5
44.0,Male,USA,Indiana,Premium,6.82,Laptop,4.0,0,2.05668455455722,0,2025,3,2,6
31.0,Male,USA,Washington,Standard,18.3,Laptop,1.0,0,2.9601050959108397,0,2025,6,8,6
13.0,Female,USA,Indiana,Basic,10.96,Smart TV,3.0,0,2.481567748522486,0,2023,5,14,6
41.0,Male,Canada,Quebec,Standard,67.86,Laptop,3.0,0,4.232075457910378,0,2023,8,14,0
42.0,Female,USA,Missouri,Standard,16.8,Gaming Console,1.0,0,2.8791984572980396,0,2023,2,14,1
27.0,Female,USA,Illinois,Premium,10.82,Smart TV,3.0,1,2.469793011977952,0,2023,9,17,6
43.0,Female,USA,Washington,Standard,29.97,Gaming Console,5.0,0,3.4330189939851112,0,2024,11,15,4
31.0,Female,USA,Wisconsin,Basic,30.69,Desktop,1.0,0,3.4560011737028296,0,2023,9,29,4
50.0,Male,Canada,Alberta,Premium,24.68,Desktop,4.0,0,3.2457124788217606,0,2023,1,8,6
34.0,Other,USA,Michigan,Basic,20.136172344689378,Desktop,1.0,0,3.0509859018293035,0,2023,8,23,2
11.0,Other,Canada,Manitoba,Standard,10.31,Tablet,6.0,0,2.425687290128029,0,2025,1,11,5
40.0,Other,USA,Washington,Standard,22.854736059479553,Mobile,3.0,0,3.1719827745379456,0,2025,5,21,2
23.0,Female,USA,New Jersey,Basic,39.2,Tablet,0.0,0,3.6938669956249757,1,2025,3,23,6
49.0,Male,USA,New Jersey,Standard,12.16,Mobile,3.0,0,2.5771819258971713,0,2025,1,25,5
23.0,Female,USA,Tennessee,Premium,11.14,Mobile,8.0,0,2.4965057856313524,0,2025,4,3,3
37.0,Female,USA,Tennessee,Premium+,13.94,Laptop,4.0,0,2.7040421797046714,0,2023,3,6,0
37.0,Female,USA,Illinois,Premium,20.06,Mobile,4.0,0,3.0473755067058295,0,2023,7,16,6
26.0,Male,Canada,Ontario,Premium,4.95,Laptop,4.0,1,1.7833912195575383,0,2024,5,11,5
44.0,Male,Canada,Nova Scotia,Basic,1.32,Mobile,5.0,0,0.8415671856782186,0,2024,6,28,4
41.0,Male,USA,Michigan,Basic,20.136172344689378,Mobile,2.0,1,3.0509859018293035,0,2023,7,17,0
21.0,Male,Canada,British Columbia,Basic,18.27,Tablet,4.0,0,2.958549482426275,0,2025,4,11,4
29.0,Female,USA,Massachusetts,Standard,12.3,Tablet,3.0,0,2.5877640352277083,0,2023,6,25,6
60.0,Female,USA,Missouri,Premium,23.71,Tablet,7.0,1,3.2072080200005186,0,2023,7,24,0
50.0,Other,USA,Ohio,Premium,7.47,Mobile,2.0,0,2.136530508663963,0,2024,1,9,1
23.0,Other,USA,Illinois,Standard,23.7,Smart TV,4.0,0,3.2068032436339315,0,2024,1,17,2
37.0,Male,USA,Virginia,Standard,10.48,Desktop,2.0,0,2.4406063908914204,0,2023,7,7,4
29.0,Male,USA,Pennsylvania,Standard,8.71,Mobile,1.0,0,2.2731562823032334,0,2025,3,18,1
33.0,Other,USA,Washington,Standard,13.82,Tablet,0.0,0,2.695977619867941,1,2024,6,14,4
35.0,Other,USA,Pennsylvania,Standard,3.85,Gaming Console,2.0,0,1.5789787049493917,0,2023,7,4,1
35.0,Female,USA,Michigan,Premium+,18.33,Mobile,7.0,0,2.9616582932202395,0,2022,8,31,2
31.0,Female,USA,Indiana,Basic,11.19,Laptop,1.0,0,2.5006159434931803,0,2025,7,22,1
50.0,Other,Canada,New Brunswick,Standard,16.77,Mobile,5.0,0,2.87751164216656,0,2022,12,19,0
46.0,Male,USA,North Carolina,Premium,16.24,Tablet,4.0,0,2.847232265235547,0,2025,5,23,4
52.0,Male,USA,New York,Premium,21.811017452655033,Tablet,2.0,0,3.1272436408541084,0,2023,8,14,0
44.0,Male,USA,California,Standard,8.76,Gaming Console,2.0,0,2.278292400425001,0,2024,12,24,1
55.0,Female,USA,Texas,Premium+,19.675352862849536,Tablet,2.0,1,3.0289423078910556,0,2022,10,5,2
12.0,Female,USA,Maryland,Basic,9.79,Tablet,1.0,0,2.378619779270043,0,2022,11,9,2
39.0,Male,USA,Maryland,Premium,2.57,Tablet,5.0,0,1.2725655957915476,0,2023,5,14,6
17.0,Male,USA,Virginia,Standard,18.83,Desktop,0.0,0,2.9871959425317045,1,2023,3,6,0
46.0,Female,USA,Pennsylvania,Premium,23.06,Tablet,2.0,0,3.180550710546533,0,2023,11,9,3
33.0,Female,USA,Georgia,Standard,13.22,Gaming Console,2.0,0,2.6546494243750947,0,2025,3,9,6
26.0,Female,USA,California,Standard,12.72,Mobile,1.0,0,2.6188546222977394,0,2023,11,1,2
18.0,Male,USA,Texas,Basic,20.136172344689378,Smart TV,1.0,0,3.0509859018293035,0,2023,9,28,3
54.0,Male,USA,Washington,Standard,8.09,Smart TV,2.0,0,2.2071749081893874,0,2023,6,4,6
38.0,Male,USA,Texas,Premium+,18.99,Laptop,3.0,0,2.995232148512309,0,2025,2,20,3
22.0,Female,Canada,Saskatchewan,Premium,6.78,Mobile,2.0,0,2.0515563381903004,0,2024,12,10,1
31.0,Female,Canada,British Columbia,Premium,16.32,Mobile,2.0,0,2.851861903134289,0,2025,4,24,3
41.0,Male,USA,Indiana,Premium,5.59,Laptop,6.0,0,1.8855533485144158,0,2025,2,4,1
47.0,Female,USA,Texas,Premium,5.34,Mobile,2.0,1,1.8468787684491346,0,2022,11,16,2
41.0,Male,Canada,Newfoundland and Labrador,Basic,2.22,Mobile,2.0,0,1.169381359556317,0,2023,2,10,4
49.0,Female,USA,Wisconsin,Standard,13.4,Smart TV,2.0,0,2.667228206581955,0,2023,4,12,2
35.0,Male,Canada,Ontario,Standard,28.2,Desktop,6.0,0,3.374168709274236,0,2023,9,21,3
46.0,Other,USA,Wisconsin,Standard,18.17,Gaming Console,6.0,0,2.9533465570575532,0,2024,5,15,2
33.0,Female,USA,Pennsylvania,Standard,17.69,Laptop,0.0,0,2.9279886214674717,1,2024,11,1,4
45.0,Male,Canada,Saskatchewan,Premium,25.46,Tablet,3.0,0,3.2756341586868096,0,2024,11,26,1
50.0,Female,USA,Pennsylvania,Basic,20.136172344689378,Desktop,2.0,0,3.0509859018293035,0,2022,12,22,3
37.0,Other,Canada,Alberta,Premium,19.44,Smart TV,2.0,0,3.017493765335504,0,2023,6,21,2
31.0,Male,Canada,Quebec,Basic,6.25,Smart TV,4.0,0,1.9810014688665833,0,2022,10,17,0
37.0,Other,USA,Washington,Premium,8.65,Tablet,1.0,0,2.2669579153508947,0,2024,11,23,5
25.0,Male,Canada,New Brunswick,Premium,21.81,Desktop,2.0,1,3.1271990362962967,0,2022,10,5,2
26.0,Female,USA,Indiana,Premium+,12.36,Desktop,6.0,0,2.5922651681085,0,2024,7,8,0
26.0,Female,USA,Massachusetts,Standard,17.13,Mobile,2.0,0,2.8975680247667595,0,2024,6,18,1
29.0,Male,Canada,Prince Edward Island,Premium,6.91,Laptop,2.0,0,2.0681277817795625,0,2024,12,16,0
40.0,Female,USA,North Carolina,Premium,21.811017452655033,Mobile,1.0,0,3.1272436408541084,0,2024,3,12,1
29.0,Female,USA,Washington,Premium,44.28,Tablet,2.0,0,3.8128654338949275,0,2024,11,26,1
31.0,Male,USA,Wisconsin,Premium,10.62,Desktop,1.0,1,2.4527277514237653,0,2023,10,17,1
38.0,Female,USA,Washington,Premium,16.22,Mobile,5.0,1,2.8460714989995846,0,2024,6,24,0
44.0,Female,USA,Pennsylvania,Standard,22.854736059479553,Desktop,3.0,0,3.1719827745379456,0,2023,12,8,4
15.0,Male,USA,Pennsylvania,Premium+,23.98,Mobile,2.0,0,3.2180755046974316,0,2023,10,6,4
24.0,Male,Canada,Saskatchewan,Standard,3.16,Desktop,2.0,0,1.425515074273172,0,2024,6,12,2
47.0,Male,USA,Pennsylvania,Premium,7.78,Laptop,1.0,0,2.1724764076470255,0,2024,8,13,1
41.0,Other,USA,Maryland,Basic,8.98,Smart TV,2.0,1,2.300583090323373,0,2023,9,21,3
31.0,Other,USA,Washington,Basic,12.09,Gaming Console,1.0,0,2.5718485799218085,0,2023,5,3,2
34.0,Male,Canada,Alberta,Standard,11.84,Mobile,1.0,0,2.552565298261815,0,2022,8,30,1
45.0,Male,USA,Georgia,Standard,43.11,Laptop,4.0,0,3.786686514116848,0,2024,12,30,0
34.0,Male,USA,North Carolina,Standard,15.44,Laptop,2.0,0,2.7997173896280336,0,2025,5,18,6
22.0,Other,Canada,British Columbia,Basic,20.136172344689378,Gaming Console,5.0,0,3.0509859018293035,0,2025,1,24,4
29.0,Male,USA,North Carolina,Premium,26.65,Laptop,3.0,1,3.3196257279683437,0,2022,12,14,2
22.0,Male,USA,Virginia,Premium+,10.39,Smart TV,5.0,0,2.432735777459091,0,2024,4,25,3
51.0,Female,Canada,Quebec,Standard,11.72,Laptop,0.0,0,2.543175557911976,1,2022,10,22,5
28.0,Male,Canada,Ontario,Standard,26.49,Gaming Console,3.0,0,3.3138223021771545,0,2023,7,7,4
20.0,Male,USA,Indiana,Basic,15.59,Desktop,2.0,0,2.808800104202353,0,2025,7,24,3
53.0,Male,USA,Florida,Standard,18.24,Mobile,7.0,0,2.9569914452375605,0,2022,11,17,3
42.0,Female,USA,Wisconsin,Standard,32.62,Tablet,0.0,0,3.5151211279804695,1,2024,2,10,5
46.0,Other,Canada,New Brunswick,Basic,18.17,Laptop,0.0,0,2.9533465570575532,1,2024,8,18,6
29.0,Male,Canada,New Brunswick,Standard,22.854736059479553,Tablet,0.0,1,3.1719827745379456,1,2025,1,25,5
49.0,Male,Canada,Nova Scotia,Premium,21.87,Laptop,4.0,0,3.12982600803469,0,2023,3,13,0
43.0,Male,Canada,New Brunswick,Standard,2.01,Desktop,2.0,0,1.1019400787607843,0,2023,5,10,2
22.0,Male,Canada,Alberta,Standard,23.91,Smart TV,4.0,0,3.215269329274089,0,2024,10,26,5
26.0,Other,Canada,Ontario,Standard,10.25,Tablet,4.0,1,2.4203681286504293,0,2024,10,15,1
42.0,Other,USA,Michigan,Premium,13.03,Gaming Console,5.0,0,2.6411978941143697,0,2024,2,10,5
31.0,Male,Canada,Quebec,Standard,13.53,Smart TV,3.0,0,2.6762154775821916,0,2025,3,11,1
34.0,Male,Canada,Ontario,Basic,20.75,Desktop,1.0,0,3.079613757534693,0,2023,8,14,0
28.0,Female,USA,New Jersey,Premium,9.15,Tablet,2.0,0,2.3174737054877963,0,2024,5,9,3
49.0,Female,USA,Washington,Premium+,8.47,Tablet,6.0,0,2.248128907197987,0,2022,10,20,3
29.0,Female,USA,Georgia,Premium+,19.675352862849536,Smart TV,5.0,0,3.0289423078910556,0,2024,4,27,5
40.0,Female,USA,Pennsylvania,Premium,10.22,Tablet,1.0,0,2.4176979000945504,0,2024,10,19,5
53.0,Male,USA,Tennessee,Standard,19.12,Smart TV,2.0,0,3.0017143452315387,0,2025,4,13,6
40.0,Female,USA,New York,Premium,23.97,Mobile,2.0,0,3.217675104291682,0,2023,3,13,0
45.0,Female,Canada,Nova Scotia,Standard,22.854736059479553,Mobile,0.0,0,3.1719827745379456,1,2023,2,8,2
41.0,Female,USA,Washington,Standard,22.854736059479553,Gaming Console,0.0,0,3.1719827745379456,1,2023,4,16,6
42.0,Female,USA,Virginia,Basic,20.136172344689378,Mobile,3.0,0,3.0509859018293035,0,2025,7,27,6
25.0,Male,USA,Indiana,Basic,14.7,Smart TV,3.0,1,2.7536607123542622,0,2022,11,22,1
36.0,Male,USA,Illinois,Standard,55.07,Laptop,3.0,0,4.026600910135581,0,2025,3,20,3
21.0,Female,USA,Missouri,Premium,18.11,Laptop,2.0,1,2.950211758252182,0,2024,6,30,6
28.0,Female,USA,Indiana,Premium,17.57,Mobile,7.0,0,2.9215473753646144,0,2024,7,18,3
37.0,Other,Canada,Manitoba,Standard,22.854736059479553,Tablet,4.0,0,3.1719827745379456,0,2023,7,2,6
22.0,Male,Canada,Saskatchewan,Premium,21.811017452655033,Gaming Console,1.0,1,3.1272436408541084,0,2024,10,30,2
39.0,Other,Canada,Ontario,Basic,20.136172344689378,Gaming Console,4.0,0,3.0509859018293035,0,2024,3,15,4
26.0,Male,Canada,British Columbia,Premium,1.25,Gaming Console,1.0,1,0.8109302162163288,0,2025,1,10,4
37.0,Male,USA,Michigan,Premium+,3.06,Mobile,1.0,0,1.4011829736136414,0,2023,6,18,6
12.0,Female,USA,Indiana,Standard,33.52,Smart TV,1.0,0,3.541538866215227,0,2025,5,7,2
48.0,Female,USA,Virginia,Standard,661.28,Mobile,6.0,0,6.49568842723941,0,2024,1,3,2
10.0,Female,USA,Maryland,Standard,21.6,Tablet,3.0,0,3.1179499062782403,0,2024,8,25,6
36.0,Female,Canada,Quebec,Standard,16.85,Laptop,1.0,0,2.8820035082256483,0,2024,12,4,2
36.0,Male,Canada,Manitoba,Standard,10.02,Tablet,0.0,0,2.3997118037247684,1,2025,1,5,6
31.0,Female,Canada,Newfoundland and Labrador,Standard,26.6,Gaming Console,5.0,0,3.3178157727231046,0,2025,6,17,1
35.0,Female,Canada,Nova Scotia,Basic,20.136172344689378,Tablet,4.0,0,3.0509859018293035,0,2024,5,18,5
42.0,Female,Canada,Ontario,Basic,19.5,Tablet,3.0,0,3.0204248861443626,0,2024,8,12,0
46.0,Female,Canada,Saskatchewan,Premium,8.4,Desktop,0.0,0,2.2407096892759584,1,2023,5,3,2
50.0,Male,Canada,Manitoba,Premium,21.811017452655033,Tablet,2.0,0,3.1272436408541084,0,2023,5,18,3
58.0,Male,USA,Florida,Standard,11.43,Desktop,4.0,0,2.5201129055226197,0,2023,5,12,4
48.0,Female,Canada,British Columbia,Premium,23.01,Gaming Console,1.0,0,3.178470410233162,0,2024,12,29,6
43.0,Female,Canada,Ontario,Standard,22.854736059479553,Desktop,1.0,0,3.1719827745379456,0,2024,1,30,1
36.0,Female,USA,Missouri,Standard,16.75,Laptop,1.0,0,2.8763855159214247,0,2025,4,9,2
47.0,Other,USA,California,Standard,23.66,Smart TV,3.0,1,3.2051824977361982,0,2025,6,16,0
22.0,Male,Canada,Saskatchewan,Standard,7.68,Laptop,1.0,0,2.1610215286722587,0,2023,5,23,1
25.0,Male,USA,Texas,Premium,22.17,Mobile,2.0,0,3.142858338444285,0,2023,3,25,5
32.0,Other,USA,California,Premium,21.811017452655033,Mobile,2.0,0,3.1272436408541084,0,2022,8,8,0
52.0,Other,USA,Washington,Basic,11.01,Mobile,5.0,0,2.485739636091892,0,2024,3,26,1
19.0,Female,USA,Indiana,Standard,8.34,Gaming Console,4.0,0,2.234306252240751,0,2025,1,16,3
29.0,Female,USA,California,Premium,13.3,Tablet,4.0,0,2.6602595372658615,0,2024,1,5,4
24.0,Female,USA,Massachusetts,Standard,7.8,Mobile,3.0,1,2.174751721484161,0,2023,5,28,6
32.0,Other,USA,Ohio,Standard,16.75,Laptop,2.0,0,2.8763855159214247,0,2025,5,12,0
42.0,Male,Canada,British Columbia,Standard,21.83,Tablet,3.0,0,3.1280754605417043,0,2025,1,19,6
28.0,Female,USA,Virginia,Premium+,21.29,Smart TV,0.0,0,3.1041381473977774,1,2022,12,31,5
29.0,Female,USA,Pennsylvania,Basic,5.78,Laptop,3.0,0,1.9139771019523042,0,2023,3,26,6
44.0,Other,USA,Tennessee,Standard,21.71,Desktop,5.0,0,3.122805356117467,0,2023,12,6,2
39.0,Male,USA,Georgia,Standard,22.854736059479553,Mobile,2.0,0,3.1719827745379456,0,2023,7,30,6
32.0,Female,USA,Tennessee,Standard,7.92,Desktop,0.0,0,2.188295946591918,1,2023,6,5,0
29.0,Male,USA,Virginia,Premium,5.3,Gaming Console,2.0,0,1.840549633397487,0,2024,8,6,1
59.0,Female,USA,Missouri,Basic,5.39,Laptop,0.0,0,1.8547342683894434,1,2022,11,5,5
24.0,Other,USA,Maryland,Premium,386.45,Mobile,1.0,0,5.959586808209959,0,2024,6,9,6
19.0,Female,USA,California,Standard,38.29,Desktop,4.0,0,3.6709700335703683,0,2023,11,10,4
49.0,Male,USA,Tennessee,Basic,20.136172344689378,Smart TV,0.0,0,3.0509859018293035,1,2024,2,8,3
14.0,Male,Canada,New Brunswick,Basic,5.06,Mobile,5.0,0,1.801709800081223,0,2024,7,11,3
18.0,Male,USA,Arizona,Standard,7.35,Smart TV,4.0,0,2.122261538862764,0,2025,1,17,4
42.0,Other,USA,Missouri,Premium,9.0,Desktop,3.0,1,2.302585092994046,0,2024,2,28,2
27.0,Male,USA,New York,Standard,9.96,Laptop,2.0,0,2.3942522815198695,0,2024,11,12,1
46.0,Male,Canada,New Brunswick,Basic,7.37,Gaming Console,1.0,0,2.124653884501384,0,2023,7,14,4
32.0,Male,USA,Washington,Premium,15.27,Tablet,2.0,1,2.7893229212309465,0,2023,8,6,6
38.0,Female,USA,Indiana,Standard,22.854736059479553,Mobile,4.0,0,3.1719827745379456,0,2025,2,7,4
35.0,Male,USA,Florida,Standard,32.72,Tablet,2.0,0,3.518091133133655,0,2024,2,19,0
43.0,Other,USA,North Carolina,Standard,17.13,Laptop,0.0,0,2.8975680247667595,1,2023,11,19,6
26.0,Female,USA,Florida,Premium,14.07,Smart TV,2.0,1,2.712706012638404,0,2023,2,16,3
22.0,Male,USA,Michigan,Standard,13.86,Gaming Console,2.0,1,2.698673039289613,0,2023,6,19,0
27.0,Female,Canada,Alberta,Premium,16.06,Smart TV,1.0,0,2.836736542063533,0,2023,2,23,3
37.0,Female,USA,Michigan,Premium+,14.91,Mobile,2.0,0,2.7669478423496954,0,2023,5,21,6
42.0,Male,Canada,Newfoundland and Labrador,Premium,17.11,Desktop,0.0,0,2.896464271895322,1,2022,9,2,4
18.0,Other,USA,Georgia,Standard,19.25,Smart TV,5.0,1,3.0081547935525483,0,2024,6,20,3
46.0,Female,Canada,New Brunswick,Basic,28.5,Smart TV,2.0,0,3.3843902633457743,0,2023,3,14,1
33.0,Male,USA,Tennessee,Basic,8.38,Gaming Console,1.0,0,2.238579763018133,0,2022,12,29,3
21.0,Male,Canada,Manitoba,Premium,11.83,Tablet,8.0,0,2.551786178627545,0,2023,9,1,4
57.0,Male,USA,Michigan,Premium,4.9,Laptop,0.0,0,1.7749523509116738,1,2023,7,30,6
46.0,Male,USA,Pennsylvania,Standard,8.24,Mobile,1.0,0,2.2235418856535927,0,2023,9,2,5
46.0,Female,USA,California,Basic,9.43,Tablet,0.0,0,2.344686269012681,1,2024,11,7,3
45.0,Male,USA,Florida,Standard,11.97,Desktop,2.0,0,2.5626389983283526,0,2025,7,17,3
19.0,Female,USA,Georgia,Premium,10.67,Laptop,0.0,0,2.4570214462984645,1,2025,6,23,0
16.0,Male,USA,Maryland,Standard,30.09,Desktop,3.0,0,3.4368862240706624,0,2024,7,5,4
46.0,Other,USA,Pennsylvania,Standard,21.53,Desktop,2.0,1,3.114847754444153,0,2023,8,1,1
44.0,Male,Canada,Prince Edward Island,Basic,16.42,Laptop,2.0,0,2.857618971424357,0,2023,12,17,6
38.0,Female,USA,Tennessee,Premium,15.94,Desktop,3.0,0,2.8296776892239084,0,2024,7,4,3
38.0,Male,USA,California,Basic,22.25,Gaming Console,3.0,0,3.1463051320333655,0,2024,6,27,3
18.0,Male,Canada,Alberta,Premium,9.62,Gaming Console,1.0,0,2.362739015813793,0,2023,5,10,2
31.0,Male,USA,California,Standard,12.67,Desktop,4.0,1,2.6152036507358583,0,2023,7,10,0
36.0,Female,USA,Indiana,Basic,17.65,Laptop,2.0,0,2.9258461460898246,0,2024,1,1,0
43.0,Male,USA,New Jersey,Premium,25.49,Gaming Console,6.0,0,3.2767673032839784,0,2024,4,27,5
46.0,Other,USA,Ohio,Premium,21.811017452655033,Tablet,4.0,0,3.1272436408541084,0,2024,3,1,4
36.0,Male,Canada,Alberta,Standard,36.27,Tablet,4.0,0,3.618188713491167,0,2024,1,2,1
40.0,Female,Canada,Manitoba,Basic,31.46,Tablet,3.0,0,3.480008562086445,0,2025,2,26,2
22.0,Male,USA,Florida,Premium+,19.675352862849536,Mobile,2.0,0,3.0289423078910556,0,2024,8,13,1
26.0,Female,Canada,Ontario,Premium,19.15,Mobile,0.0,0,3.0032042883926917,1,2024,5,30,3
39.0,Male,USA,Texas,Premium,21.811017452655033,Tablet,4.0,0,3.1272436408541084,0,2024,8,5,0
40.0,Female,Canada,Ontario,Premium+,13.07,Smart TV,4.0,0,2.644044871126298,0,2024,9,5,3
50.0,Female,Canada,Alberta,Standard,18.84,Desktop,1.0,0,2.987700101856727,0,2022,10,9,6
24.0,Male,USA,California,Standard,22.854736059479553,Laptop,1.0,1,3.1719827745379456,0,2025,1,30,3
33.0,Female,USA,California,Standard,10.69,Mobile,4.0,0,2.458733775483977,0,2023,8,25,4
48.0,Other,USA,Michigan,Premium+,13.64,Gaming Console,2.0,0,2.6837575085331657,0,2024,2,13,1
39.0,Male,Canada,Ontario,Premium,2.6,Tablet,2.0,0,1.2809338454620642,0,2023,5,19,4
48.0,Female,USA,Georgia,Standard,17.43,Laptop,8.0,1,2.9139797716817317,0,2023,8,28,0
23.0,Male,USA,Washington,Premium,21.811017452655033,Desktop,7.0,0,3.1272436408541084,0,2025,1,20,0
47.0,Female,Canada,Alberta,Standard,27.37,Desktop,4.0,0,3.34533224882076,0,2023,5,5,4
33.0,Male,Canada,Prince Edward Island,Standard,9.74,Smart TV,2.0,0,2.3739750890807185,0,2024,12,20,4
30.0,Female,USA,Washington,Premium,9.73,Mobile,1.0,0,2.373043556642607,0,2025,1,25,5
37.0,Female,Canada,Manitoba,Standard,35.39,Mobile,2.0,0,3.5942940116240685,0,2024,5,8,2
17.0,Male,USA,North Carolina,Premium,22.92,Mobile,2.0,1,3.1747149290824312,0,2023,1,25,2
19.0,Female,USA,Massachusetts,Standard,5.01,Smart TV,4.0,0,1.7934247485471162,0,2024,10,23,2
49.0,Male,USA,Florida,Standard,18.39,Mobile,0.0,0,2.9647574692545606,1,2024,12,27,4
32.0,Other,Canada,Quebec,Standard,22.854736059479553,Laptop,3.0,1,3.1719827745379456,0,2022,11,15,1
24.0,Other,USA,New York,Standard,3.24,Mobile,1.0,0,1.4445632692438664,0,2023,12,18,0
35.0,Male,Canada,Quebec,Premium,2.85,Mobile,2.0,0,1.3480731482996928,0,2025,5,29,3
32.0,Female,Canada,Prince Edward Island,Premium,12.17,Laptop,4.0,0,2.5779415157551897,0,2024,8,8,3
23.0,Female,Canada,New Brunswick,Standard,54.46,Desktop,4.0,1,4.015662040187632,0,2023,5,1,0
18.0,Female,USA,Tennessee,Basic,22.47,Gaming Console,0.0,0,3.1557230098629323,1,2023,2,1,2
42.0,Male,USA,California,Premium,5.62,Tablet,0.0,1,1.890095369948917,1,2022,9,21,2
52.0,Other,USA,Arizona,Premium,4.36,Gaming Console,1.0,0,1.6789639750827108,0,2025,5,8,3
36.0,Male,USA,Wisconsin,Standard,11.13,Gaming Console,1.0,0,2.495681722955959,0,2024,5,24,4
38.0,Female,USA,Tennessee,Premium,88.5,Desktop,2.0,0,4.4942386252808095,0,2025,3,19,2
43.0,Other,Canada,New Brunswick,Standard,9.96,Desktop,6.0,0,2.3942522815198695,0,2025,2,26,2
56.0,Other,USA,Texas,Premium,7.39,Tablet,1.0,0,2.127040520479115,0,2023,5,27,5
25.0,Female,Canada,Quebec,Standard,18.85,Tablet,2.0,0,2.9882040071331994,0,2025,4,5,5
33.0,Female,USA,Indiana,Premium,13.39,Mobile,1.0,0,2.6665335208992764,0,2024,7,20,5
36.0,Other,Canada,Quebec,Premium,30.03,Mobile,3.0,1,3.434954478460289,0,2023,7,29,5
50.0,Male,USA,Wisconsin,Premium,9.49,Gaming Console,4.0,0,2.3504224224082058,0,2024,9,22,6
60.0,Female,USA,Missouri,Basic,1.62,Smart TV,4.0,0,0.9631743177730056,0,2024,8,20,1
38.0,Male,Canada,Newfoundland and Labrador,Basic,7.8,Desktop,2.0,0,2.174751721484161,0,2022,11,13,6
16.0,Female,USA,North Carolina,Premium,16.64,Tablet,3.0,0,2.8701690505786455,0,2023,1,11,2
32.0,Female,Canada,Prince Edward Island,Standard,20.83,Desktop,3.0,0,3.0832851705618523,0,2023,11,27,0
38.0,Male,USA,Wisconsin,Premium,30.74,Gaming Console,1.0,0,3.457577715098263,0,2023,12,15,4
47.0,Female,Canada,Nova Scotia,Standard,34.34,Mobile,2.0,0,3.5650154668915506,0,2024,11,1,4
32.0,Male,Canada,Prince Edward Island,Standard,10.13,Gaming Console,3.0,0,2.4096441652874536,0,2023,5,15,0
47.0,Other,USA,Wisconsin,Premium,5.66,Tablet,5.0,0,1.8961194845522977,0,2024,10,29,1
25.0,Male,USA,Illinois,Premium+,12.58,Laptop,3.0,0,2.60859812213055,0,2024,12,15,6
30.0,Male,Canada,Manitoba,Standard,17.98,Laptop,2.0,0,2.9433857931817817,0,2025,1,16,3
46.0,Female,Canada,Prince Edward Island,Premium+,6.03,Tablet,2.0,0,1.9501867058225735,0,2023,4,23,6
48.0,Other,USA,Maryland,Standard,26.77,Tablet,0.0,0,3.323956301318708,1,2023,10,11,2
43.0,Male,Canada,Newfoundland and Labrador,Premium+,10.27,Mobile,1.0,0,2.422144328051685,0,2025,6,20,4
26.0,Male,USA,Massachusetts,Standard,24.31,Tablet,2.0,0,3.2311995745570328,0,2023,5,21,6
24.0,Male,USA,New York,Standard,20.49,Gaming Console,2.0,0,3.067587710654419,0,2023,4,15,5
11.0,Male,USA,California,Basic,24.33,Mobile,5.0,1,3.231989464013584,0,2024,1,10,2
37.0,Female,USA,Michigan,Premium,17.1,Desktop,4.0,0,2.89591193827178,0,2023,8,6,6
29.0,Male,USA,North Carolina,Premium,4.77,Laptop,3.0,0,1.7526720805200082,0,2024,2,22,3
21.0,Male,Canada,Manitoba,Basic,11.42,Laptop,0.0,0,2.519308076505333,1,2023,3,6,0
40.0,Other,USA,Pennsylvania,Basic,19.08,Laptop,7.0,0,2.9997242948235283,0,2024,1,20,5
42.0,Other,Canada,New Brunswick,Standard,22.07,Mobile,6.0,0,3.138533072185662,0,2023,12,5,1
11.0,Female,Canada,Ontario,Basic,22.63,Mobile,5.0,0,3.1625170911988163,0,2024,3,24,6
22.0,Other,USA,Illinois,Basic,7.18,Laptop,4.0,0,2.1016921506146558,0,2023,9,22,4
54.0,Male,USA,Maryland,Premium,4.56,Tablet,6.0,0,1.715598108262491,0,2024,7,19,4
27.0,Female,USA,Pennsylvania,Basic,13.06,Laptop,3.0,0,2.643333886382519,0,2022,8,19,4
26.0,Female,Canada,Prince Edward Island,Basic,19.62,Mobile,3.0,0,3.026261478588814,0,2022,8,28,6
41.0,Male,USA,Georgia,Basic,4.07,Tablet,3.0,1,1.623340817603092,0,2024,6,9,6
38.0,Female,USA,California,Basic,4.2,Mobile,2.0,1,1.6486586255873816,0,2022,10,26,2
49.0,Male,USA,Illinois,Premium,25.35,Smart TV,0.0,0,3.2714682749873716,1,2022,9,7,2
31.0,Male,Canada,Alberta,Premium,7.92,Laptop,2.0,0,2.188295946591918,0,2023,4,15,5
41.0,Male,USA,Pennsylvania,Premium+,33.34,Gaming Console,4.0,0,3.5363108554693294,0,2024,4,4,3
27.0,Male,Canada,British Columbia,Premium,10.07,Mobile,0.0,0,2.4042387467205457,1,2024,10,26,5
51.0,Male,Canada,Nova Scotia,Basic,10.51,Laptop,1.0,1,2.4432162227337915,0,2022,11,26,5
50.0,Male,Canada,New Brunswick,Standard,8.49,Laptop,3.0,0,2.2502386126218363,0,2025,1,15,2
40.0,Other,USA,North Carolina,Premium,23.98,Mobile,4.0,0,3.2180755046974316,0,2024,1,20,5
40.0,Female,USA,Wisconsin,Basic,33.76,Laptop,2.0,0,3.548467300397191,0,2022,10,24,0
51.0,Female,Canada,British Columbia,Premium,33.72,Gaming Console,2.0,0,3.5473158897921495,0,2023,3,25,5
51.0,Female,USA,Texas,Premium,20.97,Gaming Console,5.0,0,3.089677886396519,0,2024,3,14,3
22.0,Male,USA,Ohio,Premium,5.94,Tablet,1.0,1,1.937301774518713,0,2024,4,5,4
35.0,Male,USA,Maryland,Premium,19.66,Mobile,3.0,0,3.0281994636914926,0,2022,9,28,2
45.0,Female,USA,Massachusetts,Basic,15.45,Smart TV,0.0,0,2.800325477211381,1,2023,10,25,2
29.0,Male,Canada,Quebec,Standard,28.93,Laptop,4.0,0,3.3988613218646075,0,2025,6,16,0
35.0,Female,USA,California,Premium,21.811017452655033,Desktop,2.0,0,3.1272436408541084,0,2024,8,4,6
53.0,Male,Canada,British Columbia,Standard,22.13,Mobile,3.0,0,3.141130476243348,0,2023,11,25,5
50.0,Male,Canada,Newfoundland and Labrador,Basic,16.94,Gaming Console,2.0,0,2.88703285663065,0,2023,1,25,2
52.0,Other,Canada,Quebec,Premium,18.85,Gaming Console,2.0,0,2.9882040071331994,0,2023,7,18,1
20.0,Male,USA,Wisconsin,Premium,21.65,Smart TV,1.0,0,3.120159851929043,0,2022,8,21,6
34.0,Female,Canada,Nova Scotia,Standard,26.38,Smart TV,2.0,0,3.3098128198603027,0,2024,9,14,5
35.0,Female,USA,New York,Standard,17.28,Smart TV,3.0,0,2.905807566026004,0,2024,3,21,3
15.0,Other,USA,Virginia,Basic,39.63,Mobile,4.0,1,3.7045067099996354,0,2024,8,22,3
38.0,Male,USA,Missouri,Premium,26.66,Mobile,0.0,0,3.319987326236612,1,2022,10,22,5
29.0,Other,USA,Wisconsin,Premium,30.08,Tablet,2.0,0,3.436564525499447,0,2023,10,16,0
39.0,Male,Canada,Newfoundland and Labrador,Standard,20.16,Desktop,5.0,0,3.052112606990099,0,2022,10,25,1
44.0,Male,USA,Virginia,Premium,21.811017452655033,Smart TV,0.0,0,3.1272436408541084,1,2024,4,10,2
41.0,Other,USA,California,Premium,47.24,Desktop,3.0,0,3.87618855241893,0,2025,7,14,0
45.0,Female,USA,New York,Standard,8.41,Smart TV,2.0,0,2.2417729535972883,0,2024,10,31,3
41.0,Male,USA,Virginia,Premium+,22.49,Smart TV,3.0,0,3.1565747986708215,0,2023,1,6,4
23.0,Female,Canada,Quebec,Premium,22.02,Gaming Console,4.0,0,3.1363634032937364,0,2025,6,22,6
32.0,Male,USA,Maryland,Basic,25.99,Desktop,0.0,1,3.2954664270299134,1,2023,5,7,6
20.0,Male,USA,New Jersey,Basic,681.21,Tablet,0.0,0,6.525337528335042,1,2025,3,9,6
42.0,Female,USA,New Jersey,Premium,21.811017452655033,Desktop,0.0,0,3.1272436408541084,1,2025,5,5,0
28.0,Female,USA,Maryland,Basic,31.62,Laptop,5.0,0,3.484925597192868,0,2024,4,13,5
16.0,Female,USA,Illinois,Premium,25.99,Tablet,0.0,0,3.2954664270299134,1,2024,11,18,0
33.0,Female,USA,Michigan,Premium,21.811017452655033,Tablet,1.0,0,3.1272436408541084,0,2023,6,21,2
34.0,Male,Canada,Prince Edward Island,Standard,8.51,Smart TV,0.0,0,2.252343876557299,1,2025,3,12,2
47.0,Female,USA,Pennsylvania,Basic,24.01,Gaming Console,3.0,0,3.219275744889528,0,2025,5,5,0
17.0,Male,USA,Missouri,Premium,24.11,Smart TV,2.0,0,3.2232661731694936,0,2023,7,9,6
55.0,Female,USA,California,Standard,13.99,Tablet,0.0,0,2.7073833121145063,1,2024,2,25,6
36.0,Male,Canada,New Brunswick,Standard,3.04,Desktop,0.0,0,1.3962446919730587,1,2025,6,22,6
41.0,Female,USA,Wisconsin,Standard,15.89,Desktop,1.0,0,2.826721730819709,0,2022,11,16,2
17.0,Male,USA,Texas,Premium,5.69,Smart TV,0.0,0,1.900613874140137,1,2025,3,24,0
32.0,Male,USA,Pennsylvania,Premium,24.36,Laptop,1.0,0,3.233173129569025,0,2023,1,30,0
59.0,Male,USA,Virginia,Standard,19.62,Laptop,0.0,1,3.026261478588814,1,2022,9,30,4
40.0,Male,USA,Wisconsin,Standard,22.854736059479553,Desktop,3.0,0,3.1719827745379456,0,2023,1,13,4
27.0,Male,Canada,Quebec,Standard,13.86,Mobile,3.0,0,2.698673039289613,0,2023,1,12,3
27.0,Female,USA,Ohio,Premium,19.86,Laptop,4.0,0,3.0378334495726262,0,2024,5,7,1
54.0,Female,USA,California,Premium,6.1,Mobile,5.0,0,1.9600947840472698,0,2023,8,8,1
33.0,Male,USA,Arizona,Basic,4.21,Tablet,4.0,0,1.6505798557652755,0,2023,11,23,3
40.0,Male,USA,Michigan,Premium,12.96,Gaming Console,3.0,0,2.6361960973342264,0,2025,3,20,3
37.0,Male,USA,New York,Basic,5.6,Smart TV,0.0,0,1.8870696490323797,1,2023,11,15,2
30.0,Male,Canada,Alberta,Premium,1.06,Smart TV,0.0,0,0.7227059828014898,1,2025,7,15,1
28.0,Female,USA,Maryland,Standard,17.93,Smart TV,2.0,0,2.9407479652212314,0,2024,12,18,2
12.0,Other,Canada,British Columbia,Basic,9.41,Tablet,4.0,0,2.3427668826268775,0,2022,9,7,2
50.0,Male,Canada,Saskatchewan,Standard,8.71,Tablet,3.0,0,2.2731562823032334,0,2023,3,24,4
53.0,Other,Canada,New Brunswick,Standard,10.85,Mobile,0.0,0,2.47232786758114,1,2023,5,21,6
39.0,Male,USA,Washington,Standard,9.45,Smart TV,6.0,0,2.34660197841082,0,2022,11,7,0
25.0,Male,USA,Texas,Premium,28.06,Mobile,4.0,0,3.369362658142137,0,2025,5,28,2
32.0,Male,USA,Virginia,Basic,5.63,Gaming Console,2.0,0,1.891604804197771,0,2023,6,17,5
26.0,Other,Canada,Newfoundland and Labrador,Premium,9.5,Desktop,7.0,0,2.3513752571634776,0,2025,6,6,4
21.0,Female,USA,New Jersey,Premium,21.01,Smart TV,0.0,0,3.0914968955383704,1,2023,2,9,3
58.0,Male,USA,Indiana,Premium,19.01,Mobile,0.0,0,2.996232148595642,1,2023,7,5,2
30.0,Female,Canada,Manitoba,Basic,4.05,Desktop,2.0,1,1.6193882432872684,0,2025,3,30,6
35.0,Female,USA,Arizona,Premium,20.47,Mobile,2.0,0,3.0666566118906897,0,2024,8,4,6
46.0,Other,USA,Illinois,Standard,16.72,Smart TV,1.0,0,2.8746939451769347,0,2024,8,9,4
34.0,Male,Canada,New Brunswick,Standard,31.86,Desktop,0.0,0,3.492256112609122,1,2024,6,24,0
23.0,Male,USA,Wisconsin,Standard,6.41,Gaming Console,2.0,0,2.0028304393079956,0,2025,4,28,0
21.0,Male,Canada,Nova Scotia,Premium,8.19,Tablet,1.0,0,2.2181159363675955,0,2024,4,3,2
30.0,Other,Canada,Nova Scotia,Premium,5.67,Desktop,5.0,0,1.8976198599275322,0,2022,12,23,4
29.0,Male,USA,Missouri,Basic,26.02,Desktop,2.0,0,3.2965773325320527,0,2024,4,18,3
29.0,Female,USA,Texas,Basic,16.66,Smart TV,3.0,0,2.8713021951758138,0,2024,4,27,5
25.0,Female,USA,Wisconsin,Standard,7.15,Tablet,4.0,0,2.0980179272527715,0,2023,4,27,3
40.0,Male,USA,Arizona,Premium,9.98,Tablet,0.0,0,2.3960754360813845,1,2024,3,6,2
29.0,Female,Canada,Prince Edward Island,Standard,22.854736059479553,Gaming Console,2.0,0,3.1719827745379456,0,2022,9,5,0
49.0,Male,USA,Ohio,Premium+,19.675352862849536,Laptop,5.0,0,3.0289423078910556,0,2023,5,7,6
32.0,Female,USA,Michigan,Standard,33.2,Laptop,3.0,0,3.5322256440685598,0,2024,10,20,6
31.0,Female,Canada,Alberta,Premium,26.13,Tablet,0.0,0,3.3006401266708405,1,2022,11,12,5
20.0,Female,USA,Washington,Premium,22.83,Gaming Console,2.0,0,3.170945291110651,0,2024,2,20,1
45.0,Female,USA,Tennessee,Premium+,19.675352862849536,Mobile,2.0,0,3.0289423078910556,0,2023,7,23,6
21.0,Female,Canada,British Columbia,Standard,14.35,Tablet,1.0,0,2.731115474033206,0,2023,10,12,3
33.0,Other,USA,California,Standard,10.46,Tablet,2.0,0,2.4388627112865935,0,2025,1,5,6
12.0,Female,USA,Washington,Basic,13.21,Mobile,1.0,0,2.6539459421090092,0,2022,12,17,5
30.0,Male,Canada,Newfoundland and Labrador,Standard,9.8,Mobile,2.0,0,2.379546134130174,0,2023,9,14,3
50.0,Female,Canada,Manitoba,Premium+,15.47,Mobile,1.0,0,2.8015405441895487,0,2024,3,27,2
36.0,Female,USA,Illinois,Basic,10.19,Laptop,3.0,1,2.4150205223238337,0,2023,9,8,4
27.0,Female,Canada,British Columbia,Basic,9.41,Tablet,5.0,0,2.3427668826268775,0,2023,2,9,3
33.0,Male,Canada,Prince Edward Island,Basic,9.23,Gaming Console,3.0,0,2.325324579963535,0,2022,8,18,3
10.0,Female,USA,Indiana,Standard,22.854736059479553,Smart TV,0.0,0,3.1719827745379456,1,2023,6,4,6
28.0,Female,USA,Ohio,Standard,32.6,Laptop,2.0,0,3.5145260669691587,0,2024,1,20,5
34.0,Male,USA,Ohio,Premium+,7.65,Desktop,3.0,0,2.157559320943788,0,2024,7,19,4
33.0,Female,USA,Georgia,Basic,20.136172344689378,Laptop,1.0,1,3.0509859018293035,0,2024,4,19,4
30.0,Female,USA,Georgia,Standard,3.73,Laptop,3.0,0,1.5539252025038417,0,2025,5,11,6
37.0,Male,USA,Maryland,Standard,29.43,Tablet,2.0,0,3.4154289639088797,0,2025,6,26,3
28.0,Male,Canada,British Columbia,Standard,22.854736059479553,Gaming Console,5.0,0,3.1719827745379456,0,2024,2,13,1
35.0,Male,Canada,Saskatchewan,Premium,6.11,Mobile,2.0,0,1.9615022438151495,0,2022,12,30,4
38.0,Male,Canada,Ontario,Premium,21.811017452655033,Smart TV,2.0,1,3.1272436408541084,0,2025,7,5,5
57.0,Male,USA,Illinois,Basic,20.136172344689378,Mobile,3.0,0,3.0509859018293035,0,2025,6,18,2
28.0,Male,USA,Tennessee,Basic,13.84,Tablet,3.0,0,2.6973262377392344,0,2024,3,7,3
41.0,Female,USA,Texas,Standard,22.854736059479553,Smart TV,3.0,0,3.1719827745379456,0,2022,9,4,6
37.0,Female,Canada,Manitoba,Basic,7.06,Laptop,2.0,0,2.0869135565185366,0,2025,4,2,2
38.0,Male,Canada,Prince Edward Island,Premium,9.07,Tablet,1.0,0,2.309560706730471,0,2024,8,2,4
35.0,Male,USA,North Carolina,Premium,3.39,Mobile,5.0,0,1.4793292270870801,0,2023,3,26,6
16.0,Female,Canada,Manitoba,Basic,13.48,Tablet,2.0,0,2.6727683869575705,0,2025,6,19,3
10.0,Other,USA,Illinois,Premium,1.98,Tablet,4.0,0,1.091923300517313,0,2023,5,30,1
46.0,Female,Canada,Alberta,Premium,21.811017452655033,Smart TV,2.0,0,3.1272436408541084,0,2023,11,25,5
50.0,Male,USA,Massachusetts,Standard,23.76,Smart TV,2.0,0,3.2092294478163956,0,2025,6,2,0
37.0,Female,USA,California,Basic,8.84,Laptop,1.0,0,2.286455711064162,0,2023,2,20,0
39.0,Female,USA,Missouri,Premium,21.811017452655033,Mobile,0.0,0,3.1272436408541084,1,2023,6,15,3
56.0,Female,USA,California,Premium,33.9,Smart TV,0.0,0,3.5524868292083815,1,2024,9,2,0
22.0,Female,USA,Washington,Basic,7.32,Mobile,2.0,0,2.1186622548331173,0,2023,11,10,4
37.0,Other,USA,Missouri,Basic,39.64,Tablet,0.0,0,3.7047528032702264,1,2022,9,27,1
31.0,Female,USA,New York,Premium,21.811017452655033,Laptop,0.0,0,3.1272436408541084,1,2024,4,1,0
52.0,Other,USA,Maryland,Basic,26.63,Gaming Console,2.0,1,3.318902138935325,0,2024,4,7,6
42.0,Male,USA,Maryland,Standard,7.77,Tablet,4.0,0,2.1713368063840917,0,2024,4,22,0
34.0,Male,USA,Tennessee,Standard,6.01,Tablet,0.0,0,1.9473377010464987,1,2023,12,27,2
44.0,Other,USA,Florida,Premium,4.47,Desktop,5.0,0,1.6992786164338898,0,2025,6,4,2
25.0,Male,Canada,Ontario,Standard,13.28,Mobile,0.0,1,2.658859956911438,1,2024,7,28,6
30.0,Female,USA,Virginia,Premium,8.4,Tablet,4.0,0,2.2407096892759584,0,2024,1,5,4
12.0,Other,Canada,British Columbia,Standard,15.94,Gaming Console,0.0,0,2.8296776892239084,1,2024,10,28,0
18.0,Male,USA,Georgia,Premium+,3.74,Mobile,3.0,0,1.556037135706985,0,2025,6,23,0
28.0,Female,Canada,Quebec,Premium,35.52,Mobile,7.0,0,3.597860055726768,0,2024,12,30,0
56.0,Female,Canada,Newfoundland and Labrador,Premium+,2.06,Desktop,2.0,0,1.1184149159642893,0,2023,2,12,6
47.0,Female,USA,New Jersey,Premium,32.36,Tablet,1.0,0,3.507357577490546,0,2025,7,9,2
55.0,Female,Canada,Manitoba,Premium,12.62,Tablet,2.0,0,2.611539300721366,0,2025,5,26,0
38.0,Male,USA,Pennsylvania,Premium,20.8,Gaming Console,4.0,0,3.0819099697950434,0,2025,7,5,5
52.0,Female,USA,Michigan,Standard,9.29,Gaming Console,0.0,0,2.331172549845958,1,2024,3,23,5
49.0,Male,USA,Washington,Premium,12.64,Smart TV,5.0,0,2.613006652415316,0,2024,7,2,1
41.0,Female,USA,Texas,Premium,9.4,Mobile,7.0,0,2.341805806147327,0,2023,4,16,6
33.0,Female,Canada,Nova Scotia,Standard,19.78,Smart TV,0.0,0,3.0339909856710814,1,2024,1,29,0
46.0,Other,USA,North Carolina,Basic,14.56,Tablet,1.0,0,2.7447035187502458,0,2023,12,15,4
29.0,Other,USA,California,Premium+,7.62,Tablet,3.0,0,2.154085084675602,0,2023,3,6,0
52.0,Female,USA,North Carolina,Premium,22.28,Mobile,2.0,0,3.147594622863237,0,2023,12,6,2
10.0,Male,Canada,Alberta,Premium+,19.675352862849536,Laptop,0.0,0,3.0289423078910556,1,2024,10,19,5
40.0,Other,USA,Pennsylvania,Premium,20.05,Smart TV,1.0,0,3.0469005601283903,0,2024,3,15,4
38.0,Male,USA,Tennessee,Premium+,18.76,Tablet,6.0,0,2.983659692319722,0,2024,3,5,1
39.0,Male,Canada,Alberta,Basic,18.09,Tablet,4.0,0,2.949164637737656,0,2023,4,25,1
25.0,Female,USA,Florida,Basic,3.4,Tablet,5.0,0,1.4816045409242156,0,2024,10,4,4
39.0,Female,Canada,New Brunswick,Premium+,34.12,Desktop,0.0,0,3.558770768766916,1,2023,7,13,3
37.0,Male,USA,Missouri,Standard,14.05,Gaming Console,5.0,0,2.711377991194885,0,2022,12,12,0
41.0,Male,USA,Florida,Standard,22.854736059479553,Desktop,2.0,1,3.1719827745379456,0,2022,8,15,0
26.0,Male,Canada,British Columbia,Standard,16.52,Tablet,1.0,1,2.8633430855082453,0,2025,4,21,0
27.0,Female,USA,Maryland,Basic,17.22,Mobile,3.0,1,2.9025198918318122,0,2025,7,12,5
35.0,Other,USA,Indiana,Premium,10.65,Tablet,1.0,0,2.4553061800117097,0,2024,4,11,3
26.0,Male,Canada,Nova Scotia,Premium+,10.81,Gaming Console,0.0,0,2.468946630209271,1,2023,8,18,4
51.0,Female,Canada,Saskatchewan,Premium+,13.78,Laptop,7.0,1,2.6932749155200555,0,2023,5,23,1
21.0,Other,USA,Wisconsin,Standard,4.52,Smart TV,2.0,0,1.7083778602890038,0,2025,4,6,6
22.0,Male,USA,California,Basic,11.41,Laptop,3.0,1,2.5185025992165158,0,2025,3,17,0
15.0,Male,Canada,Manitoba,Standard,12.99,Gaming Console,4.0,0,2.63834278867739,0,2023,9,27,2
53.0,Male,Canada,Saskatchewan,Premium,14.14,Tablet,1.0,0,2.717340248009303,0,2024,9,22,6
18.0,Male,Canada,Nova Scotia,Standard,22.854736059479553,Mobile,2.0,0,3.1719827745379456,0,2023,11,6,0
35.0,Other,USA,New York,Basic,21.33,Tablet,0.0,0,3.1059310658520665,1,2024,12,13,4
22.0,Female,USA,Tennessee,Premium+,687.17,Laptop,1.0,0,6.534035900434146,0,2022,8,11,3
38.0,Male,USA,New Jersey,Basic,17.42,Mobile,2.0,0,2.913437030827161,0,2023,12,25,0
46.0,Male,USA,Missouri,Premium,12.33,Mobile,0.0,1,2.5900171341906173,1,2023,12,24,6
31.0,Other,USA,Wisconsin,Premium,15.84,Desktop,2.0,0,2.8237570088141806,0,2025,6,19,3
22.0,Other,USA,Indiana,Basic,4.49,Tablet,0.0,0,1.7029282555214393,1,2024,4,2,1
47.0,Male,USA,Illinois,Premium,8.52,Mobile,2.0,0,2.253394848803274,0,2025,5,12,0
23.0,Female,USA,North Carolina,Standard,34.15,Smart TV,0.0,0,3.5596246182566738,1,2025,5,16,4
42.0,Male,Canada,Manitoba,Standard,8.59,Laptop,1.0,0,2.2607208888953467,0,2023,3,2,3
38.0,Female,USA,Florida,Standard,10.12,Smart TV,2.0,0,2.4087452888224363,0,2025,4,27,6
42.0,Female,USA,Arizona,Standard,30.92,Desktop,2.0,0,3.463232772581608,0,2024,6,21,4
32.0,Female,Canada,Newfoundland and Labrador,Premium,10.28,Desktop,3.0,0,2.423031246069913,0,2025,5,6,1
31.0,Female,USA,Ohio,Standard,17.74,Desktop,3.0,0,2.930660276810276,0,2025,1,25,5
55.0,Female,USA,North Carolina,Standard,24.0,Desktop,2.0,0,3.2188758248682006,0,2025,7,5,5
31.0,Male,USA,Pennsylvania,Standard,4.6,Smart TV,1.0,1,1.7227665977411035,0,2023,10,19,3
27.0,Female,Canada,Ontario,Standard,3.48,Tablet,1.0,0,1.4996230464268938,0,2024,10,26,5
54.0,Female,USA,Maryland,Premium,7.03,Laptop,3.0,0,2.0831845279586703,0,2022,9,10,5
30.0,Female,USA,Maryland,Standard,56.36,Laptop,2.0,0,4.0493471962913645,0,2024,4,19,4
47.0,Female,Canada,Ontario,Standard,24.66,Tablet,0.0,0,3.2449333591874905,1,2025,2,20,3
26.0,Male,Canada,Alberta,Standard,3.02,Laptop,1.0,0,1.3912819026309295,0,2024,6,30,6
40.0,Male,USA,Pennsylvania,Premium,10.6,Tablet,3.0,0,2.451005098112319,0,2024,10,18,4
19.0,Female,USA,Massachusetts,Basic,27.11,Mobile,8.0,1,3.3361253849184407,0,2023,9,25,0
37.0,Male,USA,Illinois,Premium,21.811017452655033,Smart TV,6.0,0,3.1272436408541084,0,2024,11,7,3
30.0,Male,Canada,Newfoundland and Labrador,Standard,8.57,Desktop,0.0,0,2.258633205464863,1,2025,1,7,1
51.0,Male,USA,Missouri,Basic,32.32,Gaming Console,5.0,0,3.506157817298642,0,2023,6,28,2
39.0,Male,USA,Missouri,Basic,15.97,Tablet,1.0,0,2.831447079246135,0,2023,8,19,5
53.0,Female,USA,Michigan,Premium+,7.86,Mobile,2.0,0,2.1815467646169897,0,2022,12,23,4
26.0,Female,USA,Maryland,Premium,7.69,Tablet,5.0,0,2.162172939277301,0,2023,3,18,5
33.0,Female,Canada,Newfoundland and Labrador,Premium,21.811017452655033,Smart TV,2.0,0,3.1272436408541084,0,2024,10,30,2
18.0,Male,USA,Texas,Premium,3.95,Tablet,0.0,1,1.599387576580599,1,2024,12,18,2
48.0,Other,USA,North Carolina,Premium+,33.34,Tablet,4.0,0,3.5363108554693294,0,2023,12,31,6
56.0,Male,USA,Massachusetts,Standard,7.03,Laptop,4.0,0,2.0831845279586703,0,2023,1,21,5
50.0,Female,USA,North Carolina,Standard,52.81,Gaming Console,6.0,0,3.9854593235013285,0,2025,5,1,3
37.0,Male,USA,Michigan,Premium+,10.99,Mobile,3.0,0,2.4840729690394228,0,2023,1,9,0
18.0,Other,USA,Illinois,Premium,21.811017452655033,Laptop,7.0,0,3.1272436408541084,0,2023,10,25,2
22.0,Male,USA,New York,Premium+,18.08,Desktop,3.0,0,2.9486406660201405,0,2023,5,23,1
24.0,Other,USA,Georgia,Standard,38.27,Desktop,6.0,0,3.6704608685899185,0,2024,12,18,2
40.0,Female,Canada,Nova Scotia,Standard,40.07,Smart TV,4.0,0,3.7152779279684673,0,2022,11,21,0
22.0,Male,USA,Pennsylvania,Standard,8.22,Tablet,2.0,0,2.2213750375685026,0,2024,11,7,3
38.0,Other,USA,Indiana,Premium,21.811017452655033,Gaming Console,5.0,0,3.1272436408541084,0,2023,10,31,1
37.0,Male,Canada,Newfoundland and Labrador,Basic,20.136172344689378,Laptop,2.0,0,3.0509859018293035,0,2024,12,28,5
40.0,Male,Canada,Prince Edward Island,Basic,36.13,Desktop,3.0,0,3.6144252681889886,0,2025,1,31,4
57.0,Male,USA,Georgia,Standard,28.35,Tablet,2.0,0,3.3792925462741055,0,2024,7,16,1
55.0,Female,USA,Wisconsin,Basic,5.2,Gaming Console,2.0,1,1.824549292051046,0,2024,6,20,3
38.0,Male,Canada,Quebec,Basic,7.91,Laptop,1.0,0,2.187174241482718,0,2025,1,30,3
34.0,Female,USA,Tennessee,Basic,2.85,Laptop,2.0,0,1.3480731482996928,0,2023,8,20,6
40.0,Male,USA,North Carolina,Premium+,23.08,Smart TV,0.0,0,3.1813816204406202,1,2023,5,18,3
26.0,Other,Canada,Saskatchewan,Standard,8.42,Smart TV,2.0,0,2.2428350885882717,0,2024,6,26,2
29.0,Male,USA,Massachusetts,Premium,14.67,Tablet,2.0,0,2.7517480563679295,0,2025,4,21,0
38.0,Female,USA,Texas,Standard,31.0,Tablet,5.0,0,3.4657359027997265,0,2024,7,6,5
46.0,Other,USA,Indiana,Standard,17.16,Desktop,2.0,1,2.8992213731731473,0,2022,9,29,3
43.0,Female,Canada,Quebec,Premium,12.58,Mobile,2.0,1,2.60859812213055,0,2023,8,5,5
34.0,Other,USA,Maryland,Premium+,23.48,Gaming Console,4.0,0,3.1978564576441255,0,2022,8,29,0
52.0,Female,USA,California,Standard,17.92,Gaming Console,2.0,0,2.9402195636237325,0,2024,12,26,3
41.0,Other,USA,Ohio,Standard,36.01,Gaming Console,0.0,0,3.6111881463980646,1,2024,5,18,5
29.0,Female,USA,Pennsylvania,Premium,21.811017452655033,Mobile,1.0,1,3.1272436408541084,0,2024,2,20,1
56.0,Male,Canada,Nova Scotia,Premium+,21.35,Desktop,5.0,0,3.106826321059578,0,2024,5,19,6
43.0,Male,USA,Pennsylvania,Basic,19.94,Smart TV,3.0,0,3.041661205442391,0,2023,3,2,3
14.0,Female,USA,Virginia,Premium,34.28,Tablet,3.0,0,3.5633162311385904,0,2024,10,19,5
43.0,Female,USA,California,Premium,6.45,Mobile,2.0,0,2.0082140323914683,0,2024,5,24,4
46.0,Female,Canada,Newfoundland and Labrador,Premium,27.86,Smart TV,1.0,0,3.3624565533457247,0,2024,12,5,3
40.0,Male,USA,Pennsylvania,Basic,20.96,Gaming Console,8.0,0,3.08922261664133,0,2024,4,24,2
26.0,Other,USA,Florida,Standard,3.81,Gaming Console,3.0,1,1.57069708411767,0,2023,6,20,1
52.0,Male,USA,Georgia,Basic,22.35,Gaming Console,0.0,1,3.150596984114906,1,2024,3,9,5
51.0,Other,USA,California,Premium,7.3,Mobile,2.0,1,2.1162555148025524,0,2024,2,12,0
20.0,Female,USA,Michigan,Standard,9.6,Desktop,3.0,0,2.3608540011180215,0,2023,10,12,3
43.0,Female,USA,Massachusetts,Basic,6.38,Tablet,2.0,1,1.998773638612381,0,2024,3,3,6
46.0,Male,USA,Georgia,Premium,21.811017452655033,Tablet,2.0,0,3.1272436408541084,0,2022,9,28,2
38.0,Female,USA,Wisconsin,Basic,7.98,Mobile,3.0,0,2.194999882314108,0,2023,1,28,5
55.0,Other,USA,Georgia,Premium,1.48,Laptop,4.0,0,0.9082585601768908,0,2022,8,19,4
40.0,Female,USA,Texas,Premium,9.31,Tablet,1.0,0,2.333114298028869,0,2025,1,30,3
25.0,Male,USA,Missouri,Standard,17.5,Laptop,1.0,0,2.917770732084279,0,2022,8,20,5
45.0,Female,USA,Wisconsin,Standard,8.07,Laptop,2.0,0,2.2049722641270453,0,2024,6,29,5
46.0,Male,USA,North Carolina,Standard,22.854736059479553,Gaming Console,3.0,0,3.1719827745379456,0,2023,1,29,6
29.0,Male,Canada,Manitoba,Premium,8.23,Gaming Console,4.0,0,2.222459048514761,0,2024,3,1,4
46.0,Female,USA,California,Standard,5.1,Desktop,2.0,0,1.8082887711792655,0,2023,4,2,6
32.0,Male,USA,California,Basic,1.97,Tablet,4.0,0,1.0885619528146082,0,2024,10,9,2
36.0,Male,USA,Ohio,Premium,19.76,Mobile,1.0,0,3.033028058297688,0,2025,3,18,1
37.0,Female,Canada,Manitoba,Basic,52.25,Gaming Console,1.0,0,3.9749978045895347,0,2025,4,3,3
29.0,Female,Canada,Alberta,Premium+,25.94,Tablet,2.0,0,3.293612170982218,0,2024,12,16,0
52.0,Female,USA,North Carolina,Basic,20.136172344689378,Desktop,4.0,0,3.0509859018293035,0,2022,10,20,3
36.0,Female,Canada,British Columbia,Premium,9.62,Gaming Console,2.0,0,2.362739015813793,0,2025,5,9,4
20.0,Female,Canada,New Brunswick,Standard,20.9,Gaming Console,0.0,0,3.086486636822455,1,2024,3,22,4
44.0,Female,USA,California,Standard,14.44,Mobile,5.0,0,2.73696154459663,0,2025,2,22,5
18.0,Other,USA,Tennessee,Premium,6.66,Mobile,5.0,0,2.0360119837525,0,2023,11,16,3
55.0,Male,Canada,British Columbia,Premium,35.94,Tablet,0.0,0,3.609294974771094,1,2025,1,19,6
28.0,Female,Canada,British Columbia,Premium+,7.31,Desktop,7.0,0,2.1174596088673567,0,2024,8,28,2
26.0,Female,USA,Ohio,Premium,10.29,Tablet,1.0,0,2.4239173781615704,0,2023,11,11,5
37.0,Other,Canada,British Columbia,Premium,13.14,Tablet,1.0,0,2.6490076604684267,0,2023,7,4,1
41.0,Male,USA,Ohio,Premium,14.92,Tablet,7.0,0,2.767576180416237,0,2023,11,21,1
44.0,Male,Canada,New Brunswick,Standard,9.41,Smart TV,3.0,0,2.3427668826268775,0,2022,8,25,3
32.0,Male,Canada,Quebec,Standard,22.854736059479553,Smart TV,0.0,1,3.1719827745379456,1,2023,7,16,6
29.0,Male,USA,Arizona,Premium+,2.38,Mobile,7.0,0,1.2178757094949273,0,2025,7,17,3
46.0,Other,Canada,Newfoundland and Labrador,Standard,13.19,Laptop,1.0,0,2.6525374911719513,0,2022,9,28,2
23.0,Other,USA,Massachusetts,Premium,14.52,Mobile,0.0,0,2.7421295147550726,1,2022,8,2,1
42.0,Other,USA,Texas,Standard,2.71,Mobile,1.0,0,1.3110318766193438,0,2025,6,29,6
20.0,Other,Canada,Nova Scotia,Premium,1.71,Gaming Console,1.0,0,0.9969486348916096,0,2023,2,21,1
39.0,Other,USA,North Carolina,Premium,5.11,Tablet,3.0,0,1.809926773183504,0,2023,5,22,0
30.0,Female,USA,New York,Standard,24.16,Smart TV,2.0,1,3.22525543183224,0,2024,3,23,5
27.0,Other,USA,Ohio,Premium+,20.41,Laptop,2.0,0,3.0638581026015914,0,2023,2,6,0
35.0,Female,USA,Georgia,Basic,3.63,Smart TV,2.0,0,1.5325568680981427,0,2025,1,12,6
57.0,Male,USA,Missouri,Standard,18.95,Desktop,5.0,1,2.9932291433358724,0,2025,1,12,6
20.0,Female,Canada,Prince Edward Island,Premium+,32.26,Tablet,3.0,0,3.5043554737647815,0,2024,5,5,6
52.0,Female,USA,Tennessee,Premium,32.95,Desktop,1.0,0,3.5248888540047054,0,2025,1,17,4
21.0,Other,USA,Texas,Premium+,11.8,Mobile,3.0,0,2.5494451709255714,0,2024,1,22,0
46.0,Female,Canada,New Brunswick,Standard,12.12,Desktop,5.0,0,2.574137783515943,0,2023,5,19,4
34.0,Female,Canada,Manitoba,Basic,34.85,Tablet,0.0,0,3.5793435670456293,1,2023,6,14,2
46.0,Female,USA,New York,Premium,37.01,Mobile,2.0,0,3.6378492830011573,0,2024,5,30,3
55.0,Other,Canada,Nova Scotia,Premium,19.13,Laptop,4.0,0,3.0022112396517002,0,2025,1,20,0
21.0,Female,USA,Ohio,Premium,2.59,Laptop,0.0,0,1.2781522025001875,1,2022,12,24,5
36.0,Male,USA,Tennessee,Premium+,19.675352862849536,Desktop,1.0,0,3.0289423078910556,0,2024,12,5,3
52.0,Female,Canada,Quebec,Basic,20.136172344689378,Smart TV,3.0,0,3.0509859018293035,0,2024,12,17,1
38.0,Other,USA,Indiana,Premium,27.73,Smart TV,3.0,0,3.3579418729911983,0,2023,4,25,1
38.0,Male,Canada,Manitoba,Premium,16.0,Smart TV,2.0,0,2.833213344056216,0,2024,9,23,0
31.0,Female,USA,New York,Basic,2.07,Tablet,2.0,0,1.1216775615991057,0,2024,5,12,6
36.0,Male,USA,California,Premium+,3.18,Mobile,2.0,0,1.430311246536665,0,2025,6,9,0
17.0,Male,USA,Georgia,Standard,17.15,Mobile,2.0,1,2.8986705607108596,0,2024,10,18,4
27.0,Male,Canada,British Columbia,Premium,21.811017452655033,Tablet,4.0,1,3.1272436408541084,0,2024,2,19,0
49.0,Other,USA,Arizona,Standard,7.88,Tablet,4.0,0,2.1838015570040787,0,2023,9,18,0
42.0,Female,USA,Florida,Standard,17.78,Tablet,0.0,0,2.932792473780117,1,2024,9,29,6
21.0,Other,USA,Tennessee,Premium,10.19,Tablet,2.0,0,2.4150205223238337,0,2023,3,1,2
28.0,Male,Canada,Nova Scotia,Basic,4.86,Desktop,2.0,0,1.7681496035889213,0,2025,7,27,6
42.0,Female,Canada,Nova Scotia,Premium+,6.61,Mobile,3.0,0,2.0294631718735947,0,2024,10,24,3
16.0,Male,Canada,British Columbia,Standard,16.46,Desktop,5.0,0,2.859912550411456,0,2022,8,25,3
24.0,Female,USA,Washington,Standard,16.78,Laptop,2.0,0,2.8780742300857587,0,2023,11,6,0
56.0,Male,Canada,Ontario,Standard,8.16,Laptop,1.0,0,2.214846178686039,0,2025,7,3,3
26.0,Female,USA,Wisconsin,Premium+,19.95,Desktop,1.0,0,3.0421386463681466,0,2023,4,6,3
39.0,Male,USA,Michigan,Standard,2.4,Mobile,4.0,0,1.2237754316221157,0,2024,7,25,3
57.0,Female,USA,California,Premium,10.8,Desktop,2.0,1,2.468099531471619,0,2024,1,17,2
51.0,Other,USA,California,Basic,5.69,Smart TV,1.0,0,1.900613874140137,0,2024,2,7,2
12.0,Male,USA,Florida,Premium+,23.04,Tablet,2.0,0,3.179719109667007,0,2023,2,13,0
32.0,Other,USA,Massachusetts,Premium,15.95,Mobile,2.0,0,2.830267833826459,0,2023,9,11,0
30.0,Female,Canada,Nova Scotia,Standard,8.7,Smart TV,0.0,0,2.272125885509337,1,2024,5,24,4
36.0,Male,USA,New Jersey,Standard,26.32,Laptop,0.0,0,3.307619034702589,1,2023,2,22,2
44.0,Male,Canada,Prince Edward Island,Basic,39.15,Tablet,0.0,0,3.6926224403927708,1,2022,11,7,0
30.0,Other,USA,Wisconsin,Premium,6.8,Gaming Console,1.0,0,2.0541237336955462,0,2025,5,1,3
35.0,Female,Canada,Ontario,Premium,30.22,Desktop,5.0,0,3.441058915087286,0,2025,2,22,5
50.0,Other,USA,Michigan,Premium+,8.69,Desktop,3.0,1,2.2710944259026746,0,2023,2,27,0
39.0,Female,USA,Virginia,Basic,3.31,Laptop,1.0,0,1.4609379041156565,0,2023,9,28,3
30.0,Female,Canada,British Columbia,Standard,4.16,Smart TV,4.0,0,1.6409365794934714,0,2024,3,14,3
30.0,Female,Canada,Newfoundland and Labrador,Premium+,4.5,Laptop,2.0,0,1.7047480922384253,0,2023,8,16,2
25.0,Male,USA,New York,Basic,26.54,Tablet,1.0,1,3.315639493300509,0,2025,3,8,5
40.0,Male,USA,North Carolina,Standard,22.854736059479553,Gaming Console,3.0,1,3.1719827745379456,0,2025,2,21,4
28.0,Female,USA,Tennessee,Premium,21.811017452655033,Desktop,2.0,0,3.1272436408541084,0,2024,12,3,1
44.0,Female,Canada,Prince Edward Island,Basic,20.136172344689378,Smart TV,3.0,1,3.0509859018293035,0,2022,8,31,2
40.0,Male,Canada,British Columbia,Premium+,14.94,Desktop,4.0,0,2.768831673362069,0,2023,2,17,4
24.0,Male,USA,Missouri,Basic,10.87,Laptop,1.0,0,2.4740142086215764,0,2025,1,21,1
34.0,Female,USA,Wisconsin,Basic,9.43,Tablet,4.0,0,2.344686269012681,0,2025,5,17,5
38.0,Female,USA,California,Premium,21.811017452655033,Mobile,7.0,0,3.1272436408541084,0,2023,11,13,0
26.0,Female,USA,Indiana,Premium,2.0,Desktop,2.0,0,1.0986122886681098,0,2025,3,16,6
39.0,Male,USA,Illinois,Standard,46.2,Smart TV,2.0,0,3.8543938925915096,0,2023,10,7,5
48.0,Other,Canada,Quebec,Premium,41.5,Tablet,1.0,0,3.7495040759303713,0,2023,3,7,1
20.0,Male,USA,Missouri,Premium,21.811017452655033,Desktop,4.0,0,3.1272436408541084,0,2024,7,8,0
46.0,Female,USA,Texas,Basic,29.96,Smart TV,1.0,0,3.4326960487215263,0,2024,12,5,3
42.0,Male,USA,Virginia,Standard,21.04,Smart TV,3.0,1,3.092858984284714,0,2025,2,26,2
20.0,Male,USA,North Carolina,Premium,5.91,Tablet,0.0,0,1.9329696377795786,1,2025,2,13,3
39.0,Male,USA,New York,Premium,11.85,Mobile,6.0,0,2.553343811341229,0,2024,5,20,0
26.0,Female,USA,North Carolina,Premium+,3.14,Mobile,0.0,0,1.420695787837223,1,2024,2,13,1
38.0,Other,USA,Washington,Standard,39.08,Tablet,1.0,0,3.6908774567766094,0,2023,3,28,1
41.0,Other,USA,Tennessee,Basic,6.2,Gaming Console,2.0,1,1.9740810260220096,0,2024,2,15,3
33.0,Female,USA,Ohio,Standard,6.41,Desktop,4.0,0,2.0028304393079956,0,2024,1,31,2
23.0,Female,Canada,Alberta,Premium,15.18,Smart TV,3.0,0,2.7837759116303458,0,2024,3,10,6
17.0,Male,Canada,Ontario,Premium,5.23,Laptop,3.0,0,1.8293763327993617,0,2024,12,1,6
13.0,Male,USA,Georgia,Premium+,1.22,Desktop,2.0,0,0.7975071958841881,0,2023,2,5,6
36.0,Male,USA,Florida,Premium,26.88,Mobile,7.0,1,3.327909585892323,0,2023,6,2,4
23.0,Other,Canada,Manitoba,Basic,47.48,Mobile,0.0,0,3.881151341761059,1,2023,7,27,3
32.0,Female,USA,Pennsylvania,Standard,41.8,Smart TV,1.0,1,3.756538102587751,0,2023,9,8,4
26.0,Female,USA,Texas,Basic,12.1,Laptop,1.0,0,2.5726122302071057,0,2024,3,12,1
15.0,Female,USA,Ohio,Standard,8.64,Mobile,2.0,0,2.265921108622454,0,2024,8,22,3
29.0,Male,Canada,Newfoundland and Labrador,Premium,11.44,Gaming Console,4.0,0,2.5209170873110334,0,2024,3,5,1
20.0,Other,USA,California,Premium,17.43,Laptop,4.0,0,2.9139797716817317,0,2023,7,4,1
15.0,Other,Canada,Prince Edward Island,Standard,11.6,Desktop,3.0,0,2.533696813957432,0,2025,1,7,1
33.0,Male,USA,Massachusetts,Premium,21.811017452655033,Desktop,1.0,1,3.1272436408541084,0,2024,12,20,4
40.0,Male,USA,Illinois,Standard,16.16,Tablet,2.0,0,2.8425810940598164,0,2024,12,5,3
31.0,Female,USA,Georgia,Premium,21.811017452655033,Gaming Console,4.0,1,3.1272436408541084,0,2025,3,12,2
23.0,Female,USA,Illinois,Basic,20.136172344689378,Mobile,2.0,1,3.0509859018293035,0,2024,8,31,5
47.0,Male,USA,Texas,Premium,11.07,Smart TV,2.0,1,2.4907230351094403,0,2022,10,22,5
35.0,Other,Canada,Ontario,Standard,27.37,Smart TV,2.0,0,3.34533224882076,0,2022,9,7,2
40.0,Other,Canada,Ontario,Standard,22.854736059479553,Tablet,1.0,0,3.1719827745379456,0,2024,3,14,3
35.0,Female,Canada,Newfoundland and Labrador,Basic,12.72,Smart TV,2.0,0,2.6188546222977394,0,2024,3,3,6
23.0,Other,USA,Wisconsin,Basic,17.44,Mobile,4.0,0,2.914522218128448,0,2023,6,4,6
24.0,Female,USA,Tennessee,Basic,33.96,Desktop,1.0,0,3.5542045507873348,0,2024,8,6,1
45.0,Female,USA,Maryland,Basic,20.136172344689378,Mobile,2.0,0,3.0509859018293035,0,2022,8,24,2
51.0,Male,Canada,New Brunswick,Premium,21.811017452655033,Desktop,7.0,0,3.1272436408541084,0,2025,5,5,0
30.0,Female,Canada,Newfoundland and Labrador,Standard,32.2,Smart TV,3.0,0,3.502549875922443,0,2024,10,16,2
51.0,Female,USA,Tennessee,Standard,8.88,Laptop,5.0,0,2.2905125117597764,0,2023,6,30,4
34.0,Female,USA,Florida,Standard,15.28,Tablet,3.0,1,2.7899373605743945,0,2022,9,29,3
39.0,Male,USA,Georgia,Premium+,12.61,Mobile,1.0,0,2.6108048166633746,0,2024,8,31,5
17.0,Other,USA,Michigan,Standard,22.854736059479553,Laptop,4.0,0,3.1719827745379456,0,2023,9,3,6
18.0,Male,Canada,Quebec,Basic,3.11,Tablet,3.0,0,1.413423028508143,0,2023,8,20,6
36.0,Male,USA,Virginia,Basic,19.36,Mobile,4.0,0,3.013572191682322,0,2023,11,20,0
37.0,Other,Canada,British Columbia,Standard,10.06,Desktop,2.0,0,2.403334996094189,0,2024,5,23,3
39.0,Female,USA,California,Premium,8.22,Tablet,2.0,0,2.2213750375685026,0,2023,3,11,5
39.0,Female,Canada,Newfoundland and Labrador,Premium,9.33,Gaming Console,3.0,0,2.3350522831315472,0,2022,11,24,3
27.0,Female,USA,New York,Premium+,10.26,Smart TV,2.0,0,2.421256622711544,0,2024,3,17,6
46.0,Female,USA,Massachusetts,Premium,11.38,Smart TV,2.0,0,2.5160822672564502,0,2023,8,6,6
34.0,Other,USA,Missouri,Premium+,23.88,Mobile,7.0,0,3.2140642678709788,0,2023,3,28,1
36.0,Other,Canada,Quebec,Standard,9.6,Desktop,5.0,0,2.3608540011180215,0,2023,2,15,2
23.0,Male,USA,Wisconsin,Premium,11.72,Tablet,1.0,0,2.543175557911976,0,2023,12,3,6
30.0,Other,Canada,British Columbia,Premium,30.13,Tablet,4.0,0,3.4381719844535166,0,2023,1,7,5
35.0,Male,USA,Washington,Premium,15.5,Gaming Console,2.0,0,2.803360380906535,0,2023,2,16,3
44.0,Female,USA,Tennessee,Basic,4.68,Tablet,2.0,0,1.7369512327330598,0,2023,4,27,3
16.0,Male,USA,Tennessee,Standard,6.63,Mobile,5.0,0,2.0320878452963655,0,2023,1,8,6
38.0,Male,Canada,Newfoundland and Labrador,Standard,2.6,Desktop,2.0,0,1.2809338454620642,0,2025,2,18,1
25.0,Female,USA,Indiana,Basic,2.61,Tablet,3.0,1,1.2837077723447896,0,2023,7,26,2
23.0,Male,USA,Indiana,Standard,12.69,Tablet,2.0,0,2.6166656393003573,0,2022,11,4,4
29.0,Other,USA,Tennessee,Basic,28.9,Gaming Console,2.0,0,3.3978584803966405,0,2022,10,24,0
18.0,Male,Canada,British Columbia,Basic,8.17,Gaming Console,1.0,0,2.2159372862683733,0,2024,6,30,6
18.0,Male,USA,Indiana,Standard,26.76,Laptop,2.0,0,3.3235961356386037,0,2025,6,9,0
21.0,Male,USA,Georgia,Basic,6.43,Mobile,2.0,0,2.005525858729668,0,2022,9,6,1
23.0,Other,USA,Indiana,Standard,12.32,Laptop,0.0,0,2.589266665112243,1,2024,8,21,2
51.0,Female,USA,Virginia,Premium,19.23,Gaming Console,2.0,0,3.007166651179654,0,2025,3,29,5
46.0,Female,USA,Illinois,Premium,6.91,Smart TV,5.0,1,2.0681277817795625,0,2022,10,2,6
49.0,Male,Canada,Saskatchewan,Standard,22.854736059479553,Desktop,6.0,0,3.1719827745379456,0,2023,3,28,1
38.0,Other,Canada,Quebec,Premium,21.811017452655033,Laptop,1.0,0,3.1272436408541084,0,2024,12,28,5
17.0,Male,Canada,Nova Scotia,Basic,3.61,Laptop,1.0,0,1.528227857008557,0,2022,11,28,0
45.0,Female,Canada,Ontario,Standard,16.66,Laptop,0.0,1,2.8713021951758138,1,2024,8,2,4
30.0,Other,USA,California,Premium,13.54,Mobile,2.0,0,2.6769034721053733,0,2025,5,1,3
58.0,Male,Canada,Quebec,Basic,47.3,Gaming Console,6.0,0,3.877431560658527,0,2023,7,12,2
36.0,Female,USA,Ohio,Premium,4.13,Tablet,0.0,0,1.6351056591826783,1,2025,4,29,1
44.0,Female,Canada,Nova Scotia,Standard,26.78,Tablet,3.0,0,3.3243163373261977,0,2023,8,15,1
36.0,Female,USA,Massachusetts,Premium,19.76,Laptop,2.0,0,3.033028058297688,0,2022,8,2,1
37.0,Other,Canada,New Brunswick,Premium,14.01,Desktop,2.0,1,2.7087166456453704,0,2023,10,20,4
45.0,Other,Canada,British Columbia,Standard,3.88,Laptop,0.0,0,1.5851452198650557,1,2024,4,8,0
32.0,Male,USA,New Jersey,Standard,15.94,Tablet,0.0,0,2.8296776892239084,1,2024,10,8,1
18.0,Female,USA,Tennessee,Standard,6.31,Smart TV,4.0,0,1.9892432737616872,0,2023,12,1,4
45.0,Female,USA,Washington,Standard,10.64,Laptop,2.0,0,2.454447442303292,0,2023,3,27,0
27.0,Other,USA,Missouri,Premium,7.21,Gaming Console,1.0,0,2.105352923464337,0,2024,9,23,0
35.0,Male,Canada,Ontario,Basic,7.24,Gaming Console,2.0,1,2.1090003439213802,0,2025,1,16,3
13.0,Male,USA,Arizona,Standard,12.48,Gaming Console,0.0,1,2.601207105484161,1,2023,11,16,3
42.0,Female,USA,Virginia,Standard,23.63,Smart TV,5.0,0,3.2039652121324464,0,2023,1,8,6
43.0,Female,Canada,New Brunswick,Premium,13.74,Tablet,2.0,0,2.6905648867611904,0,2024,7,16,1
23.0,Female,Canada,Prince Edward Island,Basic,6.52,Desktop,2.0,0,2.017566137961748,0,2024,7,3,2
54.0,Other,USA,Florida,Basic,13.45,Smart TV,1.0,0,2.670694414558441,0,2025,4,29,1
27.0,Female,USA,California,Standard,9.57,Smart TV,2.0,0,2.3580197998821464,0,2025,3,18,1
43.0,Female,USA,Texas,Standard,8.85,Laptop,2.0,0,2.2874714551839976,0,2024,11,23,5
52.0,Female,USA,Florida,Premium,2.72,Desktop,2.0,0,1.3137236682850553,0,2025,3,30,6
30.0,Female,USA,Virginia,Standard,41.69,Smart TV,3.0,0,3.7539647007698704,0,2025,4,11,4
12.0,Other,USA,Ohio,Standard,22.854736059479553,Laptop,4.0,0,3.1719827745379456,0,2022,8,28,6
46.0,Other,USA,Michigan,Premium,20.31,Desktop,2.0,0,3.0591764461105257,0,2022,11,9,2
29.0,Female,Canada,Quebec,Standard,22.854736059479553,Mobile,0.0,0,3.1719827745379456,1,2025,4,25,4
28.0,Other,Canada,Manitoba,Premium+,24.47,Gaming Console,2.0,0,3.2375012889913655,0,2024,9,8,6
18.0,Other,Canada,Manitoba,Premium+,14.19,Smart TV,3.0,0,2.7206373166076814,0,2023,3,6,0
42.0,Female,USA,Missouri,Basic,24.14,Tablet,1.0,0,3.2244602031621015,0,2023,5,24,2
31.0,Male,USA,Texas,Premium,16.85,Tablet,0.0,0,2.8820035082256483,1,2025,3,18,1
37.0,Other,USA,North Carolina,Premium+,683.07,Mobile,2.0,0,6.52806025156754,0,2023,12,7,3
24.0,Female,USA,North Carolina,Standard,7.37,Tablet,4.0,0,2.124653884501384,0,2023,8,18,4
36.0,Female,USA,North Carolina,Premium,1.82,Laptop,0.0,1,1.0367368849500223,1,2023,8,18,4
28.0,Male,USA,Wisconsin,Standard,5.88,Mobile,4.0,0,1.9286186519452522,0,2025,3,4,1
26.0,Male,USA,Ohio,Standard,8.87,Tablet,2.0,0,2.28949985344539,0,2024,4,12,4
33.0,Female,USA,California,Basic,8.26,Tablet,2.0,0,2.225704048658088,0,2025,1,21,1
51.0,Female,USA,New Jersey,Premium+,17.31,Laptop,0.0,0,2.907447358686419,1,2023,10,28,5
46.0,Male,Canada,New Brunswick,Premium,10.33,Desktop,0.0,1,2.427454075039915,1,2024,1,10,2
20.0,Female,Canada,British Columbia,Premium+,10.74,Mobile,3.0,0,2.4630018143999504,0,2022,12,21,2
47.0,Female,Canada,Ontario,Basic,2.58,Tablet,5.0,0,1.275362800412609,0,2024,1,13,5
37.0,Female,Canada,Alberta,Standard,20.98,Smart TV,2.0,0,3.090132948975475,0,2023,7,27,3
39.0,Male,USA,Missouri,Standard,7.77,Desktop,1.0,0,2.1713368063840917,0,2025,4,20,6
45.0,Female,USA,Indiana,Premium,14.26,Mobile,1.0,1,2.725235025856311,0,2025,5,13,1
39.0,Male,USA,Ohio,Basic,15.34,Laptop,2.0,0,2.7936160894318567,0,2022,8,28,6
51.0,Female,Canada,British Columbia,Standard,24.2,Tablet,2.0,0,3.2268439945173775,0,2024,7,31,2
27.0,Other,USA,California,Basic,21.52,Mobile,2.0,0,3.1144038032714896,0,2025,7,18,4
31.0,Male,Canada,Prince Edward Island,Premium,8.09,Tablet,5.0,0,2.2071749081893874,0,2023,11,29,2
27.0,Female,USA,North Carolina,Premium+,3.77,Gaming Console,2.0,0,1.5623463049002497,0,2024,12,1,6
45.0,Female,USA,Virginia,Basic,14.42,Desktop,2.0,1,2.7356653681351832,0,2023,12,22,4
52.0,Other,USA,Georgia,Basic,11.77,Smart TV,2.0,0,2.547098670044448,0,2025,5,29,3
39.0,Male,USA,Michigan,Premium,1.48,Tablet,4.0,0,0.9082585601768908,0,2024,4,3,2
36.0,Male,USA,Maryland,Premium,23.74,Mobile,2.0,0,3.208421366964342,0,2025,7,20,6
31.0,Male,USA,California,Premium,13.36,Desktop,2.0,0,2.664446563620078,0,2025,5,28,2
47.0,Male,USA,Texas,Standard,5.79,Tablet,0.0,0,1.9154509415706047,1,2024,5,30,3
55.0,Female,USA,North Carolina,Standard,16.62,Gaming Console,5.0,0,2.8690346205080335,0,2023,7,22,5
42.0,Other,USA,Georgia,Premium,6.25,Laptop,0.0,0,1.9810014688665833,1,2023,12,1,4
28.0,Male,USA,Missouri,Basic,13.68,Gaming Console,2.0,0,2.6864860231863696,0,2023,8,11,4
38.0,Male,Canada,New Brunswick,Standard,13.71,Desktop,3.0,0,2.688527534613346,0,2023,8,6,6
25.0,Female,USA,Tennessee,Premium,20.83,Mobile,3.0,0,3.0832851705618523,0,2024,1,15,0
32.0,Male,USA,Indiana,Standard,12.71,Laptop,2.0,0,2.6181254935742233,0,2022,9,11,6
28.0,Other,Canada,Manitoba,Basic,30.24,Gaming Console,0.0,0,3.441699324971485,1,2024,2,25,6
38.0,Male,USA,Arizona,Standard,7.13,Laptop,2.0,0,2.0955609235597192,0,2024,4,2,1
50.0,Male,USA,New York,Standard,22.854736059479553,Tablet,4.0,1,3.1719827745379456,0,2022,9,11,6
17.0,Female,Canada,New Brunswick,Basic,15.11,Mobile,5.0,1,2.779440197188883,0,2023,3,22,2
29.0,Female,USA,New Jersey,Standard,1.36,Mobile,2.0,0,0.8586616190375187,0,2022,9,7,2
51.0,Female,USA,New Jersey,Standard,46.3,Laptop,2.0,0,3.856510295497887,0,2024,3,11,0
31.0,Female,USA,California,Standard,9.13,Smart TV,3.0,0,2.315501318260592,0,2023,10,5,3
22.0,Male,USA,New York,Basic,15.18,Tablet,3.0,0,2.7837759116303458,0,2023,1,21,5
32.0,Male,USA,California,Premium,9.63,Mobile,2.0,0,2.363680192353857,0,2025,2,15,5
34.0,Other,USA,Michigan,Standard,12.9,Smart TV,2.0,0,2.631888840136646,0,2025,3,31,0
24.0,Female,USA,Illinois,Basic,20.11,Gaming Console,2.0,0,3.0497468618602293,0,2024,1,3,2
17.0,Other,Canada,Newfoundland and Labrador,Standard,34.73,Desktop,4.0,0,3.5759906720353185,0,2024,7,18,3
28.0,Female,Canada,Manitoba,Basic,6.71,Mobile,1.0,0,2.0425181875752383,0,2023,3,2,3
21.0,Other,USA,North Carolina,Basic,16.51,Gaming Console,0.0,1,2.8627721462977607,1,2024,4,4,3
21.0,Other,USA,North Carolina,Standard,2.89,Laptop,2.0,0,1.358409157630355,0,2024,7,22,0
24.0,Female,USA,Texas,Basic,9.29,Smart TV,3.0,0,2.331172549845958,0,2024,10,30,2
19.0,Female,USA,Wisconsin,Standard,0.76,Desktop,5.0,1,0.5653138090500605,0,2024,4,19,4
28.0,Female,USA,Maryland,Premium,11.89,Desktop,4.0,0,2.556451816951096,0,2023,1,25,2
31.0,Female,USA,Florida,Standard,9.12,Desktop,1.0,0,2.3145136638593193,0,2022,9,12,0
48.0,Male,USA,California,Basic,13.39,Tablet,0.0,0,2.6665335208992764,1,2025,5,1,3
46.0,Male,USA,Texas,Premium,19.0,Mobile,4.0,0,2.995732273553991,0,2025,4,19,5
16.0,Female,Canada,British Columbia,Premium,19.36,Smart TV,4.0,0,3.013572191682322,0,2024,1,16,1
40.0,Male,USA,Indiana,Premium,33.17,Gaming Console,3.0,0,3.5313480661272005,0,2025,4,20,6
35.0,Female,USA,Pennsylvania,Basic,4.59,Laptop,1.0,0,1.7209792871670078,0,2023,2,21,1
29.0,Other,Canada,British Columbia,Standard,13.84,Gaming Console,0.0,0,2.6973262377392344,1,2024,12,15,6
33.0,Female,Canada,Ontario,Premium,32.81,Gaming Console,4.0,0,3.520756616719795,0,2025,6,17,1
19.0,Male,USA,Virginia,Basic,5.86,Tablet,0.0,0,1.925707441737794,1,2023,2,15,2
31.0,Female,USA,Florida,Standard,6.66,Laptop,1.0,0,2.0360119837525,0,2022,12,5,0
35.0,Male,USA,North Carolina,Premium,3.2,Tablet,2.0,0,1.4350845252893227,0,2023,9,14,3
44.0,Male,Canada,Alberta,Premium+,7.23,Tablet,2.0,0,2.1077860146889784,0,2024,2,11,6
32.0,Female,USA,Ohio,Standard,9.86,Tablet,2.0,0,2.3850863145057892,0,2024,6,2,6
24.0,Male,USA,Ohio,Basic,20.136172344689378,Desktop,4.0,0,3.0509859018293035,0,2023,12,30,5
33.0,Female,Canada,Newfoundland and Labrador,Premium,1.36,Laptop,4.0,1,0.8586616190375187,0,2023,7,5,2
36.0,Male,USA,Arizona,Basic,13.73,Laptop,2.0,0,2.689886230474539,0,2023,5,20,5
36.0,Other,USA,New Jersey,Premium,17.9,Tablet,1.0,0,2.9391619220655967,0,2023,1,29,6
37.0,Other,Canada,Quebec,Premium+,33.03,Mobile,1.0,1,3.5272424885128144,0,2023,2,9,3
33.0,Male,USA,Maryland,Premium,21.811017452655033,Smart TV,4.0,0,3.1272436408541084,0,2023,4,15,5
24.0,Female,USA,Wisconsin,Premium+,9.43,Smart TV,4.0,0,2.344686269012681,0,2023,5,8,0
52.0,Male,USA,Texas,Premium+,19.675352862849536,Laptop,6.0,0,3.0289423078910556,0,2023,1,12,3
31.0,Female,USA,California,Premium+,23.43,Laptop,3.0,0,3.195811885269649,0,2023,6,10,5
43.0,Other,USA,Missouri,Standard,2.64,Mobile,2.0,0,1.2919836816486494,0,2024,3,23,5
34.0,Female,USA,Missouri,Standard,14.26,Mobile,3.0,1,2.725235025856311,0,2023,2,6,0
38.0,Male,Canada,Manitoba,Premium,10.11,Gaming Console,1.0,0,2.4078456036515385,0,2022,10,27,3
33.0,Other,USA,North Carolina,Basic,60.98,Laptop,1.0,0,4.126811752359602,0,2024,3,9,5
35.0,Male,Canada,New Brunswick,Standard,20.08,Mobile,2.0,0,3.0483247236731614,0,2023,5,19,4
21.0,Male,USA,California,Basic,20.05,Mobile,4.0,0,3.0469005601283903,0,2023,2,21,1
47.0,Other,USA,Washington,Standard,19.07,Desktop,3.0,1,2.9992261628082466,0,2024,7,11,3
56.0,Male,Canada,Quebec,Standard,21.59,Laptop,1.0,0,3.1175073304799117,0,2024,3,9,5
29.0,Female,USA,Indiana,Standard,15.35,Smart TV,5.0,0,2.7942278973432626,0,2023,7,5,2
30.0,Other,USA,Georgia,Standard,12.87,Tablet,2.0,0,2.6297282343267403,0,2022,9,26,0
51.0,Other,USA,Pennsylvania,Basic,8.61,Laptop,4.0,0,2.262804222982201,0,2025,4,29,1
32.0,Male,USA,Missouri,Standard,2.19,Smart TV,2.0,0,1.1600209167967532,0,2023,3,17,4
20.0,Other,USA,Tennessee,Basic,20.136172344689378,Gaming Console,1.0,0,3.0509859018293035,0,2025,5,29,3
26.0,Female,USA,Virginia,Standard,53.86,Tablet,0.0,0,4.004784485509457,1,2025,2,21,4
29.0,Female,USA,New Jersey,Premium,16.55,Gaming Console,6.0,0,2.865053949911875,0,2023,9,28,3
41.0,Female,Canada,New Brunswick,Standard,22.854736059479553,Gaming Console,2.0,0,3.1719827745379456,0,2024,3,2,5
45.0,Female,USA,Ohio,Premium,42.69,Laptop,1.0,0,3.7771192429633444,0,2024,3,22,4
36.0,Female,Canada,Ontario,Premium+,10.47,Mobile,3.0,1,2.4397349311412793,0,2023,12,17,6
12.0,Male,Canada,New Brunswick,Standard,12.51,Tablet,3.0,0,2.6034301519721073,0,2022,9,15,3
24.0,Male,Canada,Manitoba,Premium,562.8,Laptop,3.0,1,6.334699578680012,0,2023,3,19,6
37.0,Male,Canada,Saskatchewan,Basic,2.75,Laptop,1.0,0,1.3217558399823195,0,2023,2,8,2
25.0,Male,USA,North Carolina,Standard,22.854736059479553,Tablet,1.0,1,3.1719827745379456,0,2023,9,9,5
42.0,Female,USA,Illinois,Standard,2.04,Desktop,1.0,0,1.1118575154181303,0,2025,1,24,4
41.0,Male,USA,New York,Premium,21.59,Laptop,1.0,0,3.1175073304799117,0,2024,7,7,6
42.0,Other,USA,Ohio,Premium,17.58,Desktop,4.0,0,2.922085733385692,0,2023,9,27,2
36.0,Male,USA,Tennessee,Premium,42.7,Tablet,2.0,0,3.7773481021015445,0,2023,8,6,6
28.0,Other,Canada,Newfoundland and Labrador,Premium+,19.675352862849536,Tablet,2.0,0,3.0289423078910556,0,2025,3,20,3
30.0,Other,USA,Georgia,Premium+,67.9,Laptop,2.0,0,4.232656178019613,0,2024,10,5,5
22.0,Female,USA,Illinois,Premium,21.811017452655033,Desktop,3.0,0,3.1272436408541084,0,2024,4,2,1
25.0,Male,USA,Ohio,Premium,5.68,Desktop,4.0,0,1.8991179875485542,0,2023,12,1,4
35.0,Other,USA,Ohio,Premium,21.811017452655033,Smart TV,0.0,0,3.1272436408541084,1,2024,9,4,2
49.0,Female,USA,California,Premium,15.06,Smart TV,4.0,0,2.7763317085186157,0,2024,11,11,0
26.0,Male,USA,Indiana,Premium,3.16,Tablet,1.0,0,1.425515074273172,0,2023,8,10,3
25.0,Other,Canada,Prince Edward Island,Standard,29.04,Laptop,2.0,0,3.402529826895934,0,2024,8,7,2
45.0,Other,Canada,British Columbia,Basic,18.32,Tablet,5.0,0,2.961140828784372,0,2024,10,20,6
38.0,Female,Canada,Manitoba,Premium,45.27,Mobile,2.0,0,3.8344938029189084,0,2024,5,22,2
38.0,Male,USA,Pennsylvania,Standard,14.63,Tablet,2.0,0,2.749192144433385,0,2023,2,3,4
25.0,Female,USA,Washington,Premium,18.02,Desktop,4.0,0,2.9454910571172443,0,2022,9,15,3
18.0,Male,USA,Arizona,Standard,51.74,Desktop,3.0,0,3.965374180925141,0,2024,12,16,0
23.0,Female,USA,New Jersey,Premium,3.53,Laptop,2.0,0,1.5107219394949425,0,2023,10,9,0
40.0,Male,USA,Georgia,Standard,25.34,Smart TV,2.0,0,3.271088696315135,0,2024,10,13,6
36.0,Male,USA,Georgia,Standard,13.29,Smart TV,2.0,0,2.659559991941776,0,2023,10,31,1
36.0,Female,USA,Michigan,Basic,10.31,Gaming Console,0.0,0,2.425687290128029,1,2023,11,29,2
40.0,Female,Canada,British Columbia,Basic,5.79,Gaming Console,3.0,0,1.9154509415706047,0,2022,10,19,2
38.0,Female,USA,California,Premium+,2.62,Smart TV,2.0,0,1.2864740258376797,0,2023,2,22,2
39.0,Female,USA,Georgia,Standard,16.0,Laptop,2.0,0,2.833213344056216,0,2025,7,11,4
49.0,Male,USA,Pennsylvania,Standard,28.37,Smart TV,0.0,0,3.379973745210529,1,2023,6,4,6
25.0,Female,USA,Wisconsin,Standard,20.03,Tablet,6.0,0,3.0459499897146083,0,2024,9,19,3
22.0,Male,USA,Pennsylvania,Premium+,19.76,Gaming Console,2.0,0,3.033028058297688,0,2024,3,4,0
34.0,Male,Canada,Manitoba,Standard,22.63,Tablet,2.0,1,3.1625170911988163,0,2025,2,17,0
42.0,Male,USA,Arizona,Premium,21.811017452655033,Mobile,3.0,0,3.1272436408541084,0,2023,5,3,2
54.0,Male,USA,New York,Premium,12.52,Tablet,4.0,0,2.604170070614818,0,2023,4,3,0
42.0,Other,USA,New York,Basic,18.93,Mobile,1.0,0,2.9922261342247034,0,2023,7,15,5
38.0,Male,USA,Washington,Premium,24.31,Tablet,4.0,0,3.2311995745570328,0,2025,4,19,5
44.0,Female,Canada,Manitoba,Basic,8.15,Mobile,2.0,0,2.21375387928743,0,2025,7,19,5
28.0,Male,Canada,Newfoundland and Labrador,Basic,5.21,Mobile,4.0,0,1.8261608959453874,0,2025,1,12,6
36.0,Female,USA,Michigan,Premium+,3.9,Laptop,0.0,1,1.589235205116581,1,2022,12,15,3
45.0,Other,USA,Texas,Premium,4.01,Desktop,0.0,0,1.6114359150967734,1,2023,12,30,5
26.0,Female,Canada,Manitoba,Standard,7.06,Mobile,2.0,0,2.0869135565185366,0,2025,2,9,6
31.0,Female,Canada,Alberta,Premium,24.91,Mobile,2.0,1,3.2546289945740186,0,2025,4,10,3
32.0,Male,Canada,Prince Edward Island,Standard,19.33,Laptop,2.0,0,3.012097627640255,0,2022,11,25,4
39.0,Other,USA,Michigan,Basic,9.66,Gaming Console,1.0,1,2.3664984187376983,0,2024,9,7,5
56.0,Other,USA,Washington,Standard,3.02,Mobile,0.0,1,1.3912819026309295,1,2022,8,15,0
46.0,Male,USA,Ohio,Basic,3.89,Mobile,4.0,0,1.5871923034867808,0,2022,10,4,1
21.0,Female,USA,Michigan,Standard,3.83,Smart TV,4.0,0,1.5748464676644813,0,2024,9,24,1
21.0,Other,Canada,Ontario,Premium,21.811017452655033,Mobile,4.0,0,3.1272436408541084,0,2023,1,2,0
31.0,Male,Canada,Newfoundland and Labrador,Premium,19.56,Desktop,2.0,0,3.0233474405869645,0,2024,5,23,3
30.0,Male,USA,Arizona,Basic,27.56,Gaming Console,0.0,0,3.3520071374713836,1,2025,5,22,3
34.0,Female,USA,New York,Premium,31.0,Smart TV,1.0,0,3.4657359027997265,0,2022,11,26,5
12.0,Male,USA,Tennessee,Premium+,1.99,Desktop,2.0,0,1.095273387402595,0,2023,12,21,3
30.0,Female,USA,Virginia,Standard,22.02,Mobile,2.0,0,3.1363634032937364,0,2025,2,18,1
27.0,Female,USA,Pennsylvania,Basic,6.61,Mobile,2.0,0,2.0294631718735947,0,2024,2,9,4
34.0,Female,USA,Wisconsin,Standard,11.32,Smart TV,2.0,0,2.511223958105374,0,2025,2,20,3
21.0,Other,USA,Indiana,Premium,3.38,Smart TV,7.0,0,1.4770487243883548,0,2023,1,30,0
31.0,Other,USA,New Jersey,Basic,19.31,Mobile,3.0,0,3.011113375592293,0,2023,10,28,5
30.0,Male,USA,New York,Basic,10.18,Tablet,8.0,0,2.414126467726953,0,2023,10,6,4
28.0,Male,USA,Missouri,Premium,17.81,Mobile,5.0,0,2.934388643312939,0,2024,1,24,2
32.0,Male,Canada,Prince Edward Island,Premium,21.811017452655033,Smart TV,2.0,0,3.1272436408541084,0,2023,9,14,3
38.0,Female,Canada,British Columbia,Standard,57.56,Desktop,1.0,0,4.0700518696530565,0,2022,8,3,2
45.0,Female,USA,Michigan,Standard,23.38,Desktop,4.0,0,3.1937631240531252,0,2022,11,8,1
38.0,Male,Canada,Ontario,Premium,22.25,Tablet,2.0,0,3.1463051320333655,0,2025,4,12,5
44.0,Male,USA,California,Premium,17.18,Desktop,2.0,0,2.900322088749333,0,2025,1,5,6
50.0,Female,Canada,Ontario,Standard,16.32,Smart TV,1.0,0,2.851861903134289,0,2023,3,12,6
31.0,Female,USA,Massachusetts,Basic,3.38,Gaming Console,3.0,0,1.4770487243883548,0,2024,2,4,6
50.0,Female,Canada,British Columbia,Standard,22.854736059479553,Desktop,4.0,0,3.1719827745379456,0,2023,3,16,3
35.0,Female,USA,Michigan,Standard,12.85,Gaming Console,0.0,0,2.6282852326333477,1,2023,11,9,3
38.0,Female,USA,New York,Premium,5.07,Gaming Console,3.0,0,1.803358605071407,0,2025,6,1,6
19.0,Other,Canada,British Columbia,Premium,42.64,Desktop,1.0,0,3.77597416096487,0,2025,7,28,0
43.0,Male,Canada,New Brunswick,Premium+,8.03,Desktop,2.0,0,2.200552367428894,0,2024,4,8,0
26.0,Female,USA,New Jersey,Premium,21.811017452655033,Desktop,6.0,1,3.1272436408541084,0,2024,9,21,5
46.0,Female,Canada,New Brunswick,Standard,16.19,Smart TV,7.0,0,2.844327819394758,0,2024,12,8,6
22.0,Other,USA,Pennsylvania,Basic,25.04,Tablet,0.0,1,3.2596338173403683,1,2024,2,22,3
18.0,Male,USA,Pennsylvania,Basic,9.13,Desktop,6.0,0,2.315501318260592,0,2023,9,11,0
19.0,Male,USA,Illinois,Standard,29.8,Tablet,0.0,1,3.427514689979529,1,2024,8,12,0
27.0,Female,USA,New Jersey,Premium,8.73,Smart TV,2.0,0,2.2752138961979136,0,2023,7,8,5
59.0,Male,Canada,Saskatchewan,Basic,8.64,Tablet,5.0,0,2.265921108622454,0,2022,12,15,3
34.0,Male,USA,Texas,Standard,2.92,Mobile,3.0,0,1.366091653802371,0,2022,12,1,3
31.0,Female,Canada,Newfoundland and Labrador,Premium,10.55,Mobile,5.0,1,2.446685436967803,0,2023,4,25,1
39.0,Female,Canada,British Columbia,Premium+,9.77,Smart TV,7.0,0,2.3767644911682972,0,2025,4,21,0
59.0,Female,Canada,Quebec,Premium,5.97,Mobile,2.0,0,1.9416152247724325,0,2023,7,19,2
38.0,Other,Canada,Nova Scotia,Basic,28.37,Tablet,2.0,0,3.379973745210529,0,2024,9,19,3
41.0,Female,USA,Washington,Standard,24.45,Smart TV,3.0,0,3.2367157429965316,0,2025,6,2,0
33.0,Female,Canada,Saskatchewan,Premium,3.03,Mobile,0.0,0,1.3937663759585914,1,2024,3,10,6
22.0,Female,USA,Tennessee,Standard,13.78,Tablet,4.0,0,2.6932749155200555,0,2023,8,27,6
37.0,Female,Canada,Quebec,Basic,5.49,Laptop,0.0,1,1.8702625307159986,1,2024,8,8,3
44.0,Female,USA,Washington,Standard,7.74,Laptop,6.0,1,2.167910189667444,0,2025,3,19,2
44.0,Male,USA,Virginia,Standard,4.32,Gaming Console,0.0,0,1.6714733033535532,1,2023,1,18,2
55.0,Female,USA,Pennsylvania,Premium,7.55,Mobile,2.0,0,2.145931282948669,0,2025,7,31,3
36.0,Male,USA,Missouri,Premium,6.9,Smart TV,1.0,0,2.066862759472976,0,2024,11,5,1
52.0,Female,USA,Missouri,Standard,65.17,Tablet,2.0,0,4.192227188023968,0,2024,11,8,4
12.0,Female,USA,Tennessee,Standard,31.49,Mobile,2.0,0,3.4809323496810087,0,2022,9,13,1
28.0,Female,USA,Georgia,Basic,8.84,Desktop,0.0,0,2.286455711064162,1,2023,2,13,0
41.0,Male,USA,Texas,Premium+,20.99,Tablet,0.0,0,3.09058780456667,1,2024,6,12,2
43.0,Other,USA,Missouri,Standard,5.01,Tablet,2.0,0,1.7934247485471162,0,2024,10,1,1
53.0,Other,Canada,Ontario,Premium+,11.78,Tablet,4.0,0,2.5478814489493886,0,2024,9,26,3
42.0,Male,USA,Missouri,Basic,3.79,Gaming Console,5.0,0,1.5665304114228238,0,2024,7,31,2
30.0,Male,USA,Indiana,Standard,4.77,Mobile,2.0,1,1.7526720805200082,0,2025,1,26,6
52.0,Other,USA,California,Basic,2.25,Desktop,0.0,0,1.1786549963416462,1,2023,4,8,5
45.0,Other,Canada,Manitoba,Basic,4.26,Tablet,1.0,1,1.6601310267496185,0,2024,2,5,0
28.0,Female,USA,Michigan,Premium+,19.67,Smart TV,1.0,0,3.028683373693677,0,2024,5,30,3
39.0,Male,USA,Texas,Basic,20.136172344689378,Mobile,0.0,1,3.0509859018293035,1,2022,10,6,3
29.0,Female,USA,Pennsylvania,Standard,33.3,Gaming Console,1.0,0,3.535145354171894,0,2023,8,17,3
32.0,Other,USA,Massachusetts,Standard,10.4,Laptop,1.0,0,2.4336133554004498,0,2024,10,2,2
53.0,Female,USA,North Carolina,Basic,20.136172344689378,Smart TV,7.0,1,3.0509859018293035,0,2025,5,31,5
48.0,Male,USA,New Jersey,Premium,15.27,Laptop,1.0,1,2.7893229212309465,0,2024,6,19,2
17.0,Female,USA,Virginia,Basic,25.33,Tablet,3.0,0,3.270708973508218,0,2024,9,18,2
33.0,Other,USA,Texas,Premium,10.02,Laptop,1.0,1,2.3997118037247684,0,2023,4,4,1
39.0,Male,USA,Pennsylvania,Standard,2.83,Desktop,4.0,0,1.3428648031925547,0,2023,11,7,1
29.0,Female,USA,New Jersey,Premium,6.62,Smart TV,4.0,0,2.030776369698555,0,2023,4,22,5
33.0,Male,USA,Texas,Standard,13.78,Desktop,1.0,0,2.6932749155200555,0,2024,11,20,2
29.0,Other,Canada,Saskatchewan,Premium,37.36,Laptop,2.0,0,3.6470152500152375,0,2025,2,11,1
34.0,Male,USA,Tennessee,Premium,24.31,Smart TV,0.0,1,3.2311995745570328,1,2024,9,5,3
49.0,Male,USA,Indiana,Basic,15.33,Laptop,4.0,0,2.7930039069823738,0,2022,10,9,6
18.0,Female,USA,Massachusetts,Premium,9.82,Mobile,4.0,0,2.3813962734183356,0,2022,11,8,1
40.0,Male,Canada,Newfoundland and Labrador,Premium,10.81,Laptop,2.0,0,2.468946630209271,0,2024,5,1,2
32.0,Female,Canada,Quebec,Standard,22.854736059479553,Laptop,1.0,0,3.1719827745379456,0,2025,2,12,2
52.0,Male,USA,Washington,Premium,28.41,Tablet,0.0,0,3.3813347525659037,1,2023,2,10,4
12.0,Male,USA,Tennessee,Premium+,14.12,Laptop,4.0,0,2.716018370751387,0,2024,5,3,4
45.0,Other,Canada,Quebec,Standard,26.61,Tablet,1.0,0,3.3181780259420632,0,2024,3,10,6
38.0,Female,USA,Massachusetts,Standard,16.79,Desktop,3.0,0,2.8786365016777435,0,2024,5,25,5
35.0,Male,USA,Illinois,Basic,8.26,Tablet,2.0,0,2.225704048658088,0,2025,2,3,0
10.0,Male,Canada,Saskatchewan,Standard,6.48,Desktop,3.0,1,2.012232791986386,0,2023,8,15,1
28.0,Other,USA,Wisconsin,Standard,16.6,Gaming Console,2.0,0,2.8678989020441064,0,2023,5,2,1
23.0,Other,USA,Florida,Standard,17.66,Smart TV,1.0,0,2.926382195419198,0,2022,9,4,6
50.0,Male,USA,Texas,Standard,14.29,Smart TV,1.0,0,2.727199019940971,0,2025,7,11,4
29.0,Male,USA,Massachusetts,Standard,10.63,Smart TV,0.0,0,2.453587966530573,1,2023,5,11,3
48.0,Other,USA,Texas,Standard,16.03,Tablet,7.0,0,2.834976494674597,0,2024,8,23,4
46.0,Female,Canada,Prince Edward Island,Basic,10.36,Desktop,2.0,0,2.4300984132930052,0,2023,4,24,0
32.0,Female,USA,Pennsylvania,Premium,8.2,Gaming Console,2.0,0,2.2192034840549946,0,2025,5,24,5
53.0,Male,Canada,Saskatchewan,Premium,34.24,Gaming Console,4.0,0,3.562181801067979,0,2022,9,21,2
40.0,Female,USA,Illinois,Standard,17.19,Tablet,1.0,0,2.900871992530031,0,2024,2,22,3
31.0,Other,USA,Florida,Standard,12.67,Desktop,1.0,0,2.6152036507358583,0,2022,8,27,5
15.0,Male,USA,Arizona,Standard,22.85,Desktop,0.0,0,3.1717842173343502,1,2023,9,8,4
19.0,Female,Canada,Newfoundland and Labrador,Basic,7.46,Smart TV,4.0,0,2.135349173618132,0,2025,6,24,1
27.0,Female,USA,Pennsylvania,Standard,15.31,Smart TV,1.0,0,2.7917784166329227,0,2024,2,12,0
27.0,Male,USA,Missouri,Basic,31.32,Smart TV,0.0,1,3.4756862336528944,1,2022,8,20,5
30.0,Male,Canada,Quebec,Basic,17.7,Desktop,5.0,0,2.928523523860541,0,2023,1,27,4
40.0,Female,Canada,Quebec,Basic,14.72,Tablet,4.0,1,2.7549337870010606,0,2022,11,12,5
54.0,Female,USA,Ohio,Standard,6.15,Gaming Console,1.0,0,1.9671123567059163,0,2023,11,2,3
36.0,Female,Canada,Manitoba,Premium,17.15,Desktop,5.0,0,2.8986705607108596,0,2024,9,30,0
10.0,Female,USA,North Carolina,Premium+,19.81,Laptop,3.0,0,3.035433640405543,0,2024,2,2,4
38.0,Male,USA,Virginia,Basic,7.18,Smart TV,2.0,0,2.1016921506146558,0,2025,4,25,4
19.0,Other,USA,Michigan,Premium,13.72,Laptop,0.0,0,2.6892071133007303,1,2024,10,6,6
13.0,Male,USA,Maryland,Standard,22.854736059479553,Tablet,6.0,0,3.1719827745379456,0,2024,8,29,3
29.0,Male,Canada,British Columbia,Standard,46.61,Smart TV,4.0,0,3.8630428232064276,0,2022,11,7,0
42.0,Female,USA,Pennsylvania,Standard,15.4,Gaming Console,2.0,0,2.797281334830153,0,2023,11,5,6
40.0,Female,USA,Indiana,Premium,28.08,Tablet,0.0,0,3.3700506526653187,1,2024,2,27,1
30.0,Male,Canada,Newfoundland and Labrador,Premium,34.13,Desktop,2.0,0,3.559055466277736,0,2025,1,11,5
57.0,Male,USA,Virginia,Standard,12.2,Desktop,3.0,0,2.580216829592325,0,2025,1,6,0
30.0,Male,USA,Georgia,Standard,24.63,Smart TV,5.0,0,3.24376354037598,0,2024,6,19,2
26.0,Male,USA,North Carolina,Basic,20.136172344689378,Gaming Console,1.0,0,3.0509859018293035,0,2023,8,19,5
53.0,Male,USA,North Carolina,Basic,5.91,Tablet,2.0,0,1.9329696377795786,0,2025,5,18,6
30.0,Female,USA,Texas,Standard,14.85,Smart TV,7.0,0,2.7631695003232895,0,2022,8,2,1
36.0,Female,USA,Texas,Basic,5.41,Tablet,0.0,0,1.8578592709325787,1,2023,11,18,5
38.0,Male,USA,Virginia,Basic,26.91,Desktop,4.0,0,3.328985047548231,0,2023,8,23,2
22.0,Male,Canada,Ontario,Standard,12.08,Gaming Console,4.0,0,2.5710843460290524,0,2025,2,9,6
44.0,Male,USA,Texas,Basic,20.136172344689378,Desktop,3.0,0,3.0509859018293035,0,2025,3,29,5
41.0,Male,Canada,Prince Edward Island,Premium,12.95,Laptop,4.0,0,2.6354795082673745,0,2025,2,18,1
51.0,Female,Canada,New Brunswick,Standard,29.53,Smart TV,4.0,0,3.4187098067467865,0,2024,1,19,4
27.0,Male,USA,Florida,Premium+,23.33,Smart TV,0.0,0,3.1917101567954314,1,2025,2,8,5
48.0,Female,USA,Indiana,Premium,8.81,Gaming Console,0.0,0,2.2834022735772717,1,2022,8,31,2
26.0,Male,USA,Virginia,Basic,6.58,Tablet,5.0,0,2.0255131996542803,0,2023,9,21,3
31.0,Female,USA,Indiana,Basic,2.84,Laptop,5.0,1,1.3454723665996355,0,2023,2,26,6
33.0,Female,USA,Florida,Standard,10.67,Smart TV,2.0,0,2.4570214462984645,0,2025,3,22,5
44.0,Male,USA,Maryland,Premium,21.811017452655033,Mobile,2.0,0,3.1272436408541084,0,2025,2,17,0
25.0,Male,Canada,Alberta,Standard,42.77,Laptop,0.0,1,3.778948651202804,1,2024,12,15,6
40.0,Other,USA,Illinois,Standard,8.72,Laptop,2.0,1,2.2741856184723477,0,2024,9,8,6
41.0,Female,USA,Massachusetts,Premium,15.9,Gaming Console,0.0,0,2.8273136219290276,1,2023,7,28,4
29.0,Male,USA,California,Premium,11.22,Smart TV,5.0,0,2.503073953743449,0,2023,1,5,3
45.0,Male,Canada,Nova Scotia,Standard,2.19,Mobile,1.0,0,1.1600209167967532,0,2023,4,11,1
22.0,Male,Canada,British Columbia,Premium,16.12,Mobile,6.0,0,2.840247370713596,0,2023,3,15,2
33.0,Female,USA,California,Premium+,18.11,Mobile,6.0,0,2.950211758252182,0,2023,11,3,4
37.0,Female,USA,Virginia,Standard,7.51,Smart TV,4.0,0,2.1412419425852827,0,2024,1,1,0
14.0,Female,USA,Georgia,Basic,4.19,Smart TV,1.0,0,1.6467336971777973,0,2024,5,9,3
51.0,Female,USA,Arizona,Premium,15.14,Tablet,4.0,1,2.7813006628418027,0,2024,4,5,4
42.0,Male,USA,Arizona,Premium+,19.675352862849536,Laptop,1.0,0,3.0289423078910556,0,2024,12,15,6
41.0,Male,USA,Georgia,Premium,13.29,Mobile,5.0,0,2.659559991941776,0,2025,4,18,4
58.0,Female,USA,Indiana,Premium,0.82,Gaming Console,0.0,0,0.598836501088704,1,2024,11,10,6
31.0,Male,USA,New Jersey,Basic,6.27,Laptop,0.0,0,1.9837562915454279,1,2024,3,22,4
39.0,Male,USA,Maryland,Standard,10.41,Laptop,2.0,0,2.4344901638739844,0,2022,8,20,5
44.0,Male,Canada,Nova Scotia,Premium,5.13,Desktop,2.0,0,1.81319474994812,0,2023,6,14,2
33.0,Male,Canada,Saskatchewan,Premium,2.22,Gaming Console,5.0,0,1.169381359556317,0,2023,8,6,6
45.0,Other,USA,Virginia,Standard,0.42,Smart TV,2.0,0,0.3506568716131694,0,2025,7,16,2
44.0,Other,Canada,Manitoba,Standard,19.09,Tablet,2.0,0,3.000222178826843,0,2025,6,17,1
42.0,Female,Canada,New Brunswick,Standard,22.854736059479553,Laptop,4.0,0,3.1719827745379456,0,2025,6,8,6
45.0,Female,Canada,Saskatchewan,Basic,31.75,Mobile,1.0,0,3.488902962081261,0,2022,12,11,6
41.0,Female,USA,Arizona,Standard,9.61,Smart TV,6.0,0,2.3617969526258915,0,2023,6,12,0
51.0,Male,Canada,Alberta,Standard,7.14,Laptop,1.0,0,2.096790180014449,0,2025,2,18,1
42.0,Male,Canada,Newfoundland and Labrador,Standard,13.48,Laptop,2.0,0,2.6727683869575705,0,2025,7,30,2
28.0,Female,Canada,New Brunswick,Premium,3.23,Tablet,4.0,1,1.4422019930581866,0,2024,6,15,5
27.0,Female,Canada,British Columbia,Basic,20.136172344689378,Desktop,2.0,0,3.0509859018293035,0,2024,10,3,3
56.0,Male,USA,Illinois,Basic,9.58,Laptop,1.0,0,2.3589654264301534,0,2023,12,28,3
24.0,Male,USA,Arizona,Premium+,3.66,Laptop,2.0,0,1.5390154481375546,0,2025,2,8,5
49.0,Other,USA,Arizona,Standard,281.74,Tablet,3.0,0,5.644527747438887,0,2023,1,9,0
19.0,Male,USA,Indiana,Premium,3.31,Smart TV,8.0,0,1.4609379041156565,0,2023,5,21,6
40.0,Female,Canada,Ontario,Premium+,9.04,Mobile,3.0,0,2.306577114263583,0,2024,7,3,2
40.0,Male,USA,Washington,Basic,20.136172344689378,Desktop,4.0,0,3.0509859018293035,0,2023,12,10,6
20.0,Female,USA,Illinois,Premium,21.811017452655033,Tablet,2.0,0,3.1272436408541084,0,2024,5,17,4
47.0,Female,USA,Georgia,Basic,13.6,Desktop,5.0,0,2.681021528714291,0,2025,2,28,4
45.0,Other,USA,New York,Basic,12.79,Tablet,3.0,1,2.6239436918052106,0,2023,7,18,1
28.0,Other,USA,Florida,Basic,20.136172344689378,Desktop,2.0,1,3.0509859018293035,0,2022,10,18,1
27.0,Female,Canada,Newfoundland and Labrador,Premium,27.14,Mobile,3.0,0,3.337192051686243,0,2023,11,7,1
30.0,Other,USA,New York,Standard,17.46,Desktop,2.0,0,2.9156062290747062,0,2023,8,3,3
47.0,Female,USA,California,Premium,11.76,Desktop,0.0,0,2.546315277916644,1,2023,4,25,1
37.0,Female,USA,Indiana,Basic,4.0,Tablet,2.0,0,1.6094379124341003,0,2024,3,29,4
39.0,Male,USA,North Carolina,Standard,30.1,Gaming Console,7.0,0,3.4372078191851885,0,2025,2,18,1
31.0,Other,Canada,Manitoba,Standard,6.84,Gaming Console,2.0,0,2.0592388343623163,0,2024,5,3,4
24.0,Female,Canada,Alberta,Premium,11.93,Mobile,0.0,0,2.559550192783766,1,2023,2,3,4
28.0,Male,USA,Virginia,Standard,23.09,Laptop,1.0,0,3.18179681662678,0,2023,7,13,3
40.0,Male,Canada,British Columbia,Premium+,3.0,Desktop,3.0,0,1.3862943611198906,0,2022,10,12,2
21.0,Female,USA,Texas,Standard,21.83,Tablet,7.0,0,3.1280754605417043,0,2025,5,3,5
32.0,Other,Canada,Ontario,Basic,17.04,Tablet,5.0,0,2.8925915146344776,0,2024,12,12,3
19.0,Male,USA,New York,Standard,11.11,Mobile,2.0,0,2.494031557565001,0,2024,6,24,0
18.0,Female,USA,Virginia,Standard,22.76,Mobile,4.0,0,3.168003494494444,0,2023,5,8,0
44.0,Male,USA,North Carolina,Basic,7.16,Tablet,3.0,0,2.0992441689760155,0,2023,12,11,0
26.0,Female,USA,Indiana,Premium,27.97,Gaming Console,2.0,0,3.366260811781259,0,2025,1,2,3
17.0,Male,USA,Georgia,Premium+,9.01,Desktop,2.0,0,2.303584593327129,0,2024,9,2,0
39.0,Male,Canada,Manitoba,Standard,26.3,Laptop,1.0,0,3.3068867021909143,0,2024,6,27,3
33.0,Female,Canada,Alberta,Standard,21.07,Laptop,0.0,0,3.094219220268645,1,2025,7,16,2
23.0,Female,USA,Texas,Basic,11.88,Mobile,2.0,0,2.5556757206762075,0,2023,7,30,6
21.0,Male,USA,Texas,Premium+,4.76,Laptop,2.0,0,1.7509374747078,0,2024,11,13,2
22.0,Female,USA,Georgia,Premium,23.23,Desktop,2.0,0,3.1875915348284343,0,2023,7,1,5
41.0,Male,USA,Michigan,Standard,22.854736059479553,Laptop,1.0,0,3.1719827745379456,0,2024,6,10,0
25.0,Other,USA,Florida,Basic,39.68,Tablet,1.0,0,3.7057365711803594,0,2024,4,12,4
31.0,Male,USA,Indiana,Basic,10.25,Gaming Console,1.0,0,2.4203681286504293,0,2023,4,10,0
40.0,Male,Canada,Quebec,Standard,18.64,Desktop,1.0,1,2.97756830292632,0,2024,7,23,1
30.0,Other,USA,New Jersey,Standard,49.86,Gaming Console,0.0,0,3.9290767599939738,1,2022,11,2,2
37.0,Male,Canada,Prince Edward Island,Basic,17.23,Mobile,8.0,0,2.9030685886905716,0,2023,12,3,6
42.0,Male,Canada,Ontario,Standard,51.13,Smart TV,2.0,1,3.9537405987800147,0,2023,11,9,3
49.0,Male,USA,Michigan,Premium,23.24,Gaming Console,3.0,0,3.1880041612011136,0,2024,11,26,1
31.0,Female,USA,California,Premium,21.811017452655033,Smart TV,1.0,0,3.1272436408541084,0,2023,1,25,2
49.0,Female,USA,Michigan,Standard,15.8,Gaming Console,1.0,0,2.8213788864092133,0,2023,8,29,1
45.0,Male,USA,Massachusetts,Premium+,13.42,Mobile,1.0,0,2.668616131856803,0,2022,11,21,0
18.0,Female,USA,Massachusetts,Premium+,2.0,Smart TV,3.0,0,1.0986122886681098,0,2024,12,26,3
15.0,Male,USA,Missouri,Premium,3.48,Tablet,5.0,0,1.4996230464268938,0,2024,1,2,1
19.0,Male,USA,Maryland,Premium,9.99,Mobile,1.0,0,2.39698576841553,0,2023,9,2,5
38.0,Female,USA,California,Standard,25.75,Laptop,5.0,0,3.2865344733420154,0,2024,11,14,3
39.0,Male,USA,Illinois,Basic,43.56,Desktop,3.0,0,3.7968365956190286,0,2025,2,13,3
32.0,Female,USA,North Carolina,Premium,21.91,Smart TV,4.0,0,3.1315734964654043,0,2024,1,20,5
53.0,Male,USA,Wisconsin,Standard,22.854736059479553,Laptop,5.0,0,3.1719827745379456,0,2023,3,13,0
28.0,Other,USA,North Carolina,Standard,23.87,Gaming Console,5.0,0,3.2136622578153133,0,2022,12,18,6
25.0,Female,USA,Massachusetts,Standard,12.78,Laptop,3.0,0,2.6232182655855123,0,2023,6,16,4
38.0,Other,USA,Tennessee,Basic,813.76,Smart TV,4.0,0,6.70289359134594,0,2025,2,19,2
30.0,Female,USA,New York,Basic,23.35,Laptop,4.0,0,3.192531849528599,0,2023,4,1,5
10.0,Female,USA,Indiana,Standard,3.63,Tablet,0.0,0,1.5325568680981427,1,2024,5,12,6
17.0,Male,USA,Virginia,Premium,15.51,Tablet,0.0,0,2.8039662579320366,1,2022,10,26,2
36.0,Male,USA,New York,Standard,22.854736059479553,Laptop,1.0,0,3.1719827745379456,0,2022,8,27,5
12.0,Male,USA,Pennsylvania,Standard,9.35,Laptop,6.0,0,2.336986519711378,0,2025,4,18,4
22.0,Other,Canada,New Brunswick,Standard,22.854736059479553,Smart TV,0.0,1,3.1719827745379456,1,2025,3,31,0
51.0,Female,USA,Wisconsin,Premium,5.17,Mobile,2.0,1,1.8196988379172965,0,2024,8,25,6
33.0,Male,USA,Florida,Premium,21.01,Laptop,0.0,0,3.0914968955383704,1,2023,8,4,4
38.0,Male,Canada,Prince Edward Island,Standard,24.74,Desktop,2.0,0,3.2480462021679806,0,2025,2,26,2
49.0,Male,USA,Indiana,Premium,7.07,Mobile,2.0,0,2.0881534822818573,0,2024,1,18,3
33.0,Male,USA,North Carolina,Premium,8.27,Gaming Console,1.0,0,2.2267833795777636,0,2024,2,23,4
48.0,Female,USA,Virginia,Premium,8.75,Smart TV,5.0,0,2.277267285009756,0,2024,6,22,5
50.0,Female,USA,Massachusetts,Premium,11.6,Tablet,2.0,0,2.533696813957432,0,2022,12,10,5
57.0,Female,USA,Florida,Standard,6.11,Tablet,0.0,0,1.9615022438151495,1,2023,9,3,6
32.0,Male,Canada,Quebec,Standard,22.854736059479553,Mobile,1.0,1,3.1719827745379456,0,2023,6,20,1
19.0,Female,Canada,New Brunswick,Premium,6.27,Desktop,2.0,0,1.9837562915454279,0,2023,7,24,0
34.0,Male,Canada,Newfoundland and Labrador,Premium+,39.64,Desktop,2.0,0,3.7047528032702264,0,2024,6,4,1
26.0,Male,USA,New Jersey,Standard,4.09,Desktop,7.0,1,1.6272778305624314,0,2023,11,11,5
36.0,Male,USA,Missouri,Standard,30.74,Tablet,2.0,0,3.457577715098263,0,2022,9,11,6
33.0,Male,Canada,New Brunswick,Basic,30.94,Gaming Console,1.0,0,3.4638591427868666,0,2023,10,17,1
40.0,Female,USA,Florida,Standard,19.54,Mobile,5.0,0,3.0223742045004123,0,2024,3,22,4
34.0,Male,Canada,Ontario,Standard,24.08,Gaming Console,1.0,0,3.22207071576472,0,2025,2,1,5
29.0,Other,USA,Maryland,Premium+,13.47,Tablet,0.0,0,2.6720775406433925,1,2022,12,1,3
42.0,Male,USA,New Jersey,Basic,4.63,Desktop,1.0,0,1.728109442151599,0,2022,11,26,5
18.0,Male,USA,Illinois,Premium,40.96,Laptop,2.0,0,3.7367167835280966,0,2023,9,16,5
29.0,Female,USA,Florida,Premium,39.56,Tablet,6.0,0,3.702782359282928,0,2024,9,20,4
11.0,Other,USA,Ohio,Premium,12.35,Smart TV,0.0,0,2.5915163848462583,1,2024,8,19,0
39.0,Other,USA,Massachusetts,Premium+,14.13,Gaming Console,3.0,0,2.7166795278002644,0,2025,2,15,5
45.0,Male,USA,California,Basic,9.91,Smart TV,2.0,1,2.3896797998449792,0,2023,2,5,6
60.0,Male,USA,Wisconsin,Premium,12.14,Mobile,2.0,0,2.5756610130564646,0,2023,3,24,4
33.0,Female,USA,Georgia,Standard,9.54,Tablet,5.0,1,2.355177543113216,0,2024,12,16,0
37.0,Male,USA,North Carolina,Premium+,4.88,Laptop,4.0,0,1.7715567619105355,0,2023,8,8,1
53.0,Female,USA,North Carolina,Premium,29.33,Laptop,2.0,0,3.41213732170049,0,2022,12,4,6
51.0,Female,Canada,Nova Scotia,Standard,3.94,Laptop,2.0,1,1.597365331199831,0,2024,3,5,1
58.0,Male,Canada,Manitoba,Standard,0.74,Desktop,1.0,1,0.5538851132264376,0,2022,11,17,3
38.0,Female,USA,Massachusetts,Premium,23.72,Tablet,5.0,0,3.20761263258949,0,2025,2,22,5
34.0,Female,USA,Missouri,Standard,10.85,Laptop,0.0,0,2.47232786758114,1,2024,6,20,3
37.0,Female,Canada,New Brunswick,Standard,24.49,Gaming Console,2.0,0,3.238286218388024,0,2023,4,15,5
17.0,Male,USA,Wisconsin,Standard,7.92,Gaming Console,4.0,1,2.188295946591918,0,2024,9,13,4
19.0,Other,Canada,Newfoundland and Labrador,Premium+,13.37,Mobile,0.0,0,2.6651427000909336,1,2025,5,30,4
45.0,Male,USA,North Carolina,Premium,12.8,Laptop,2.0,0,2.624668592163159,0,2025,4,18,4
28.0,Male,USA,Pennsylvania,Basic,12.77,Smart TV,1.0,0,2.6224923127405635,0,2023,10,25,2
21.0,Female,Canada,Nova Scotia,Basic,6.64,Smart TV,2.0,0,2.033397603178429,0,2023,5,20,5
34.0,Male,Canada,New Brunswick,Basic,7.01,Desktop,2.0,0,2.080690761080268,0,2022,10,3,0
42.0,Other,Canada,New Brunswick,Premium+,55.43,Tablet,2.0,0,4.033000931981049,0,2025,7,12,5
29.0,Other,Canada,British Columbia,Premium+,7.6,Mobile,4.0,0,2.151762203259462,0,2023,9,2,5
49.0,Female,Canada,Saskatchewan,Basic,1.87,Tablet,2.0,1,1.0543120297715298,0,2024,1,15,0
24.0,Other,Canada,Nova Scotia,Premium,21.811017452655033,Laptop,1.0,0,3.1272436408541084,0,2025,7,12,5
37.0,Female,USA,Georgia,Standard,22.854736059479553,Gaming Console,2.0,0,3.1719827745379456,0,2023,11,17,4
57.0,Male,Canada,British Columbia,Basic,16.96,Desktop,2.0,0,2.8881470628740535,0,2023,7,31,0
35.0,Female,USA,North Carolina,Standard,6.46,Laptop,4.0,0,2.0095554142156695,0,2024,4,6,5
16.0,Other,USA,Maryland,Standard,25.11,Mobile,2.0,0,3.2623183827110376,0,2025,3,8,5
26.0,Female,USA,Virginia,Basic,6.19,Tablet,3.0,0,1.9726911717329554,0,2024,12,13,4
59.0,Female,USA,Ohio,Premium,21.811017452655033,Mobile,3.0,1,3.1272436408541084,0,2022,11,22,1
37.0,Female,USA,New Jersey,Standard,8.54,Tablet,3.0,0,2.255493485460195,0,2023,12,7,3
23.0,Other,USA,Michigan,Standard,5.32,Laptop,0.0,0,1.843719208158766,1,2025,1,3,4
17.0,Male,Canada,New Brunswick,Standard,45.88,Tablet,4.0,1,3.8475911452687575,0,2025,1,25,5
49.0,Male,USA,North Carolina,Standard,11.9,Tablet,5.0,0,2.5572273113676265,0,2024,6,11,1
32.0,Female,USA,Virginia,Standard,29.79,Laptop,7.0,0,3.427189961936409,0,2022,10,14,4
44.0,Female,USA,Arizona,Premium,21.811017452655033,Desktop,2.0,0,3.1272436408541084,0,2025,5,24,5
28.0,Other,USA,Washington,Standard,23.6,Desktop,2.0,1,3.202746442938317,0,2024,1,25,3
49.0,Female,USA,New Jersey,Basic,19.65,Desktop,1.0,0,3.027715319407042,0,2024,12,3,1
19.0,Female,USA,Michigan,Premium,1.76,Tablet,3.0,0,1.0152306797290584,0,2024,7,13,5
39.0,Female,USA,North Carolina,Standard,16.18,Mobile,4.0,1,2.8437459165561094,0,2023,7,11,1
32.0,Female,USA,North Carolina,Basic,33.05,Smart TV,1.0,1,3.527830032595521,0,2024,5,9,3
29.0,Male,USA,Washington,Basic,37.31,Tablet,2.0,0,3.6457109587125576,0,2023,1,1,6
32.0,Male,USA,Florida,Premium,20.31,Smart TV,4.0,0,3.0591764461105257,0,2025,7,20,6
39.0,Female,USA,Ohio,Standard,17.01,Gaming Console,1.0,0,2.8909271591878647,0,2024,1,7,6
35.0,Male,Canada,Prince Edward Island,Standard,28.81,Smart TV,1.0,1,3.39484390768998,0,2023,11,24,4
46.0,Male,USA,Pennsylvania,Basic,46.33,Gaming Console,0.0,0,3.8571443439181565,1,2023,9,18,0
20.0,Female,USA,Texas,Standard,25.52,Smart TV,2.0,1,3.277899165317662,0,2025,6,27,4
32.0,Male,USA,Indiana,Premium,21.811017452655033,Laptop,2.0,0,3.1272436408541084,0,2024,6,26,2
36.0,Female,USA,Texas,Premium+,16.09,Tablet,3.0,0,2.8384934971274993,0,2022,11,22,1
20.0,Other,USA,New York,Premium,17.69,Mobile,3.0,0,2.9279886214674717,0,2024,3,13,2
36.0,Female,USA,Maryland,Premium,22.09,Desktop,4.0,0,3.139399623366404,0,2022,10,28,4
41.0,Male,USA,New Jersey,Standard,27.45,Gaming Console,5.0,0,3.34814816057234,0,2025,7,9,2
50.0,Male,USA,Texas,Premium,11.68,Laptop,3.0,0,2.5400259490090797,0,2023,7,10,0
21.0,Female,USA,California,Basic,18.1,Gaming Console,6.0,0,2.9496883350525844,0,2022,11,22,1
17.0,Female,USA,Ohio,Premium,8.48,Gaming Console,0.0,0,2.2491843162669305,1,2025,2,18,1
54.0,Male,USA,Indiana,Basic,9.78,Tablet,3.0,0,2.377692565480851,0,2023,5,13,5
26.0,Male,USA,Indiana,Standard,36.89,Mobile,1.0,0,3.6346872250305093,0,2024,10,8,1
23.0,Male,USA,Arizona,Premium,8.19,Laptop,1.0,0,2.2181159363675955,0,2024,11,17,6
33.0,Female,USA,Indiana,Premium,21.811017452655033,Gaming Console,6.0,0,3.1272436408541084,0,2024,7,16,1
27.0,Female,USA,Michigan,Basic,24.44,Desktop,1.0,1,3.2363227384719213,0,2023,10,1,6
42.0,Female,USA,Tennessee,Premium,8.33,Desktop,1.0,0,2.2332350148592526,0,2025,4,22,1
36.0,Female,USA,Maryland,Standard,3.07,Tablet,1.0,1,1.4036429994545037,0,2024,7,7,6
21.0,Male,USA,Georgia,Basic,17.39,Smart TV,2.0,0,2.91180703861623,0,2023,9,2,5
30.0,Male,USA,Washington,Basic,35.12,Laptop,2.0,1,3.5868467285487844,0,2023,7,6,3
55.0,Male,USA,North Carolina,Premium,12.7,Desktop,3.0,0,2.617395832834079,0,2025,5,11,6
14.0,Female,USA,Maryland,Premium,17.21,Mobile,2.0,0,2.9019708937395166,0,2024,10,18,4
38.0,Male,Canada,Alberta,Standard,15.32,Smart TV,2.0,1,2.792391349535961,0,2023,8,3,3
22.0,Female,USA,Massachusetts,Premium,10.91,Mobile,3.0,0,2.477378383367209,0,2025,3,6,3
55.0,Female,USA,Ohio,Premium,1.54,Mobile,5.0,0,0.9321640810304452,0,2024,12,13,4
36.0,Female,USA,Texas,Standard,9.09,Gaming Console,2.0,0,2.3115448343655176,0,2024,12,1,6
51.0,Female,USA,Arizona,Premium,24.77,Desktop,1.0,0,3.2492110246642736,0,2025,5,17,5
29.0,Male,Canada,Quebec,Premium,10.8,Smart TV,0.0,0,2.468099531471619,1,2025,3,16,6
33.0,Female,Canada,Ontario,Premium,7.12,Gaming Console,4.0,1,2.0943301541735866,0,2023,1,10,1
31.0,Female,USA,Georgia,Premium,8.54,Gaming Console,3.0,0,2.255493485460195,0,2024,7,10,2
43.0,Male,USA,Pennsylvania,Basic,3.96,Tablet,2.0,0,1.601405740736836,0,2023,11,2,3
32.0,Male,Canada,Saskatchewan,Basic,20.136172344689378,Laptop,3.0,0,3.0509859018293035,0,2023,4,5,2
41.0,Male,Canada,Newfoundland and Labrador,Basic,18.97,Tablet,3.0,0,2.994231147427724,0,2024,2,17,5
30.0,Male,USA,Georgia,Standard,19.79,Smart TV,0.0,0,3.0344721018699214,1,2023,8,23,2
45.0,Male,USA,Indiana,Standard,45.01,Gaming Console,2.0,0,3.8288587641673772,0,2025,4,7,0
33.0,Female,USA,Pennsylvania,Standard,419.23,Mobile,1.0,0,6.040802180436441,0,2023,5,9,1
34.0,Male,Canada,Ontario,Premium,5.99,Smart TV,4.0,1,1.944480556245719,0,2025,4,24,3
38.0,Male,Canada,Manitoba,Standard,22.854736059479553,Gaming Console,2.0,0,3.1719827745379456,0,2025,7,18,4
35.0,Male,USA,Michigan,Premium,5.55,Mobile,4.0,1,1.8794650496471605,0,2023,8,12,5
31.0,Male,USA,Michigan,Premium,10.89,Desktop,2.0,1,2.4756977107026903,0,2024,5,13,0
37.0,Male,USA,California,Standard,27.23,Desktop,1.0,0,3.340385242265398,0,2022,8,20,5
23.0,Male,Canada,Manitoba,Standard,33.07,Laptop,2.0,0,3.5284172316728752,0,2024,5,25,5
19.0,Female,USA,California,Basic,12.02,Mobile,3.0,0,2.5664866367804233,0,2023,6,1,3
34.0,Male,USA,Massachusetts,Premium,18.92,Desktop,4.0,1,2.991724252156452,0,2024,3,26,1
26.0,Female,Canada,Quebec,Premium+,50.18,Gaming Console,2.0,0,3.935348830731643,0,2023,1,3,1
27.0,Female,USA,New Jersey,Premium,11.33,Tablet,4.0,0,2.512035317176253,0,2024,2,11,6
38.0,Male,Canada,Prince Edward Island,Standard,5.05,Mobile,5.0,0,1.80005827204275,0,2024,11,16,5
49.0,Female,USA,Indiana,Premium+,13.9,Mobile,2.0,0,2.7013612129514133,0,2024,5,12,6
51.0,Female,USA,Virginia,Standard,38.35,Laptop,0.0,0,3.6724959748634123,1,2024,11,1,4
40.0,Female,USA,Michigan,Standard,25.47,Desktop,1.0,1,3.27601201623901,0,2023,4,28,4
29.0,Other,Canada,Nova Scotia,Standard,4.86,Desktop,3.0,0,1.7681496035889213,0,2025,1,3,4
33.0,Female,Canada,Ontario,Premium+,7.4,Laptop,2.0,0,2.128231705849268,0,2024,3,4,0
23.0,Female,Canada,Prince Edward Island,Basic,5.83,Tablet,2.0,0,1.9213246735826988,0,2024,10,19,5
39.0,Other,USA,Arizona,Standard,15.59,Laptop,4.0,0,2.808800104202353,0,2022,9,13,1
25.0,Male,USA,Missouri,Premium+,7.24,Tablet,7.0,0,2.1090003439213802,0,2022,11,27,6
30.0,Other,USA,Massachusetts,Premium,10.4,Gaming Console,2.0,0,2.4336133554004498,0,2024,9,16,0
22.0,Female,USA,Pennsylvania,Premium,27.19,Mobile,2.0,0,3.338967305126021,0,2023,12,11,0
32.0,Female,USA,Arizona,Standard,9.92,Laptop,1.0,0,2.390595970316759,0,2023,2,16,3
39.0,Other,USA,Washington,Standard,19.07,Desktop,3.0,0,2.9992261628082466,0,2025,3,31,0
39.0,Female,USA,Wisconsin,Standard,5.64,Gaming Console,4.0,0,1.8931119634883424,0,2025,5,16,4
20.0,Other,USA,Illinois,Premium,7.65,Mobile,1.0,0,2.157559320943788,0,2024,4,9,1
27.0,Male,Canada,Manitoba,Premium,9.59,Tablet,0.0,0,2.359910159613315,1,2022,9,18,6
25.0,Female,USA,Florida,Basic,19.53,Smart TV,2.0,0,3.0218872310308424,0,2024,3,8,4
15.0,Other,Canada,Quebec,Basic,18.27,Smart TV,1.0,0,2.958549482426275,0,2022,8,27,5
30.0,Other,USA,Michigan,Premium+,7.19,Smart TV,2.0,0,2.1029138978649784,0,2024,5,22,2
35.0,Male,USA,Ohio,Premium,15.92,Desktop,1.0,0,2.8284963541780774,0,2023,8,28,0
36.0,Male,USA,Florida,Standard,21.47,Smart TV,3.0,0,3.112181086197238,0,2023,5,29,0
24.0,Male,USA,Washington,Basic,13.0,Tablet,3.0,0,2.6390573296152584,0,2024,10,6,6
39.0,Male,Canada,New Brunswick,Premium,6.36,Mobile,0.0,0,1.9960599327407849,1,2024,2,7,2
31.0,Other,USA,Wisconsin,Premium,6.1,Laptop,4.0,0,1.9600947840472698,0,2024,8,26,0
36.0,Female,USA,Illinois,Premium,1.45,Smart TV,2.0,0,0.8960880245566356,0,2025,4,27,6
16.0,Male,Canada,Manitoba,Standard,10.9,Desktop,2.0,1,2.4765384001174837,0,2025,4,25,4
20.0,Female,USA,Massachusetts,Standard,14.58,Laptop,0.0,0,2.7459880404426023,1,2024,9,29,6
40.0,Male,USA,North Carolina,Standard,28.91,Mobile,4.0,0,3.398192872641857,0,2022,9,8,3
40.0,Male,Canada,British Columbia,Standard,19.81,Gaming Console,0.0,0,3.035433640405543,1,2024,7,7,6
33.0,Male,USA,New Jersey,Premium,34.15,Tablet,2.0,0,3.5596246182566738,0,2024,1,19,4
34.0,Female,USA,Florida,Premium,25.82,Laptop,4.0,0,3.2891478778535324,0,2023,7,25,1
33.0,Male,Canada,Prince Edward Island,Premium,6.32,Smart TV,3.0,0,1.9906103279732201,0,2022,11,11,4
46.0,Male,Canada,British Columbia,Premium,3.73,Tablet,0.0,0,1.5539252025038417,1,2025,6,28,5
40.0,Female,Canada,Nova Scotia,Standard,17.25,Laptop,1.0,0,2.9041650800285006,0,2024,7,3,2
49.0,Female,USA,Virginia,Premium,31.95,Smart TV,2.0,0,3.4949912609485163,0,2025,5,7,2
40.0,Female,USA,Ohio,Standard,21.94,Desktop,2.0,0,3.1328821117012247,0,2023,6,13,1
28.0,Male,USA,Missouri,Standard,22.854736059479553,Smart TV,6.0,0,3.1719827745379456,0,2025,7,24,3
32.0,Female,USA,Ohio,Basic,26.58,Laptop,3.0,0,3.3170908723651555,0,2022,8,7,6
28.0,Other,USA,Virginia,Premium+,14.66,Laptop,2.0,0,2.751109690562657,0,2025,1,2,3
49.0,Male,USA,New York,Standard,29.27,Mobile,0.0,0,3.410157123033627,1,2023,12,20,2
48.0,Other,USA,Ohio,Premium,30.25,Mobile,2.0,0,3.4420193761824107,0,2024,12,3,1
28.0,Male,USA,Arizona,Standard,33.17,Mobile,4.0,0,3.5313480661272005,0,2024,10,26,5
24.0,Female,Canada,Newfoundland and Labrador,Standard,22.854736059479553,Smart TV,1.0,0,3.1719827745379456,0,2023,5,2,1
38.0,Other,Canada,British Columbia,Premium+,2.33,Gaming Console,1.0,0,1.2029723039923526,0,2023,9,27,2
47.0,Male,Canada,Nova Scotia,Premium,14.37,Tablet,2.0,0,2.7324175575505043,0,2024,6,20,3
35.0,Male,USA,Virginia,Standard,22.854736059479553,Desktop,2.0,0,3.1719827745379456,0,2024,5,30,3
41.0,Female,USA,Virginia,Standard,50.81,Mobile,5.0,0,3.947583180826697,0,2024,3,3,6
26.0,Female,Canada,New Brunswick,Premium,12.9,Smart TV,3.0,0,2.631888840136646,0,2022,12,8,3
13.0,Female,USA,Georgia,Premium,21.811017452655033,Smart TV,2.0,1,3.1272436408541084,0,2023,12,13,2
44.0,Male,USA,New Jersey,Premium,16.66,Smart TV,2.0,0,2.8713021951758138,0,2023,2,26,6
30.0,Male,USA,Illinois,Basic,38.55,Mobile,3.0,1,3.677565694213663,0,2025,2,18,1
37.0,Male,USA,Georgia,Premium,8.18,Gaming Console,7.0,0,2.217027204632399,0,2023,2,9,3
44.0,Other,USA,Massachusetts,Basic,14.62,Smart TV,0.0,1,2.7485521444115397,1,2024,12,26,3
51.0,Female,USA,Michigan,Basic,14.89,Gaming Console,3.0,0,2.7656899805486246,0,2024,8,4,6
30.0,Male,Canada,Prince Edward Island,Basic,9.23,Mobile,1.0,0,2.325324579963535,0,2023,3,21,1
56.0,Male,USA,California,Standard,23.43,Laptop,6.0,1,3.195811885269649,0,2023,10,17,1
26.0,Other,USA,Missouri,Standard,18.69,Smart TV,0.0,0,2.9801108926510342,1,2024,2,24,5
42.0,Female,USA,Virginia,Standard,4.29,Tablet,2.0,0,1.665818245870208,0,2024,7,19,4
33.0,Male,Canada,Ontario,Standard,11.5,Desktop,4.0,0,2.5257286443082556,0,2023,6,4,6
44.0,Male,Canada,Quebec,Basic,10.36,Smart TV,3.0,1,2.4300984132930052,0,2024,12,14,5
31.0,Female,USA,Florida,Premium,33.67,Desktop,4.0,0,3.545874759696932,0,2025,1,12,6
51.0,Other,USA,Washington,Premium,18.9,Tablet,5.0,0,2.990719731730447,0,2024,5,8,2
26.0,Male,USA,Arizona,Premium,22.23,Laptop,2.0,0,3.145444546782318,0,2025,3,16,6
27.0,Male,USA,Pennsylvania,Premium,17.87,Gaming Console,0.0,1,2.9375733593804587,1,2023,7,8,5
33.0,Male,USA,Virginia,Basic,17.35,Desktop,0.0,0,2.9096295745005794,1,2022,11,4,4
43.0,Male,USA,Maryland,Standard,22.854736059479553,Desktop,4.0,1,3.1719827745379456,0,2022,10,2,6
57.0,Male,USA,Florida,Basic,13.11,Tablet,5.0,0,2.6468837658647226,0,2024,2,15,3
43.0,Female,USA,Florida,Standard,29.48,Laptop,1.0,0,3.4170707308184456,0,2022,10,9,6
36.0,Female,USA,Massachusetts,Premium+,14.02,Gaming Console,3.0,0,2.7093826463359885,0,2023,10,31,1
24.0,Male,USA,North Carolina,Standard,15.46,Desktop,0.0,0,2.800933195248924,1,2024,3,28,3
14.0,Female,USA,Pennsylvania,Standard,42.52,Desktop,0.0,0,3.773220602547687,1,2023,8,2,2
50.0,Female,Canada,Nova Scotia,Standard,31.46,Laptop,2.0,1,3.480008562086445,0,2023,1,14,5
41.0,Female,USA,North Carolina,Standard,22.854736059479553,Desktop,5.0,0,3.1719827745379456,0,2024,6,21,4
33.0,Female,Canada,Quebec,Standard,13.57,Laptop,2.0,0,2.6789646202071133,0,2024,1,2,1
48.0,Female,USA,Ohio,Premium,3.6,Mobile,0.0,0,1.5260563034950492,1,2023,11,11,5
19.0,Female,USA,Massachusetts,Premium,16.5,Desktop,2.0,0,2.8622008809294686,0,2023,9,23,5
36.0,Male,Canada,Ontario,Premium,5.65,Gaming Console,3.0,0,1.8946168546677629,0,2024,10,10,3
33.0,Male,Canada,Manitoba,Premium,832.81,Tablet,3.0,0,6.726005558658539,0,2024,3,25,0
48.0,Male,Canada,New Brunswick,Standard,18.22,Desktop,5.0,0,2.9559514035421466,0,2023,2,24,4
48.0,Female,USA,Tennessee,Standard,3.98,Mobile,2.0,0,1.6054298910365616,0,2022,8,4,3
29.0,Male,USA,Washington,Standard,63.16,Tablet,1.0,0,4.161379963558259,0,2024,3,5,1
50.0,Female,Canada,Alberta,Premium,15.46,Desktop,2.0,0,2.800933195248924,0,2025,7,16,2
51.0,Female,USA,North Carolina,Premium,11.93,Tablet,3.0,0,2.559550192783766,0,2022,11,3,3
46.0,Other,USA,New Jersey,Standard,35.41,Laptop,2.0,0,3.594843462187342,0,2023,11,1,2
34.0,Other,USA,Tennessee,Standard,74.64,Tablet,4.0,0,4.325985243790257,0,2023,8,28,0
37.0,Female,Canada,Ontario,Premium,5.7,Desktop,4.0,1,1.9021075263969205,0,2023,5,4,3
42.0,Female,USA,Maryland,Premium,15.07,Tablet,2.0,0,2.776954179749421,0,2023,9,3,6
46.0,Male,USA,Texas,Premium,21.811017452655033,Gaming Console,6.0,1,3.1272436408541084,0,2025,5,12,0
20.0,Male,USA,Illinois,Basic,6.55,Laptop,0.0,0,2.0215475632609334,1,2023,8,6,6
45.0,Other,USA,New York,Standard,14.21,Mobile,2.0,1,2.7219531062712017,0,2023,6,8,3
47.0,Male,USA,Maryland,Standard,15.04,Gaming Console,4.0,0,2.7750856024383683,0,2022,10,29,5
17.0,Other,Canada,Manitoba,Basic,6.05,Gaming Console,2.0,0,1.9530276168241774,0,2022,9,11,6
24.0,Female,Canada,Ontario,Standard,22.854736059479553,Desktop,5.0,0,3.1719827745379456,0,2024,11,22,4
24.0,Female,Canada,Alberta,Premium,2.3,Gaming Console,2.0,0,1.1939224684724346,0,2022,11,13,6
37.0,Male,USA,Michigan,Standard,11.96,Desktop,0.0,0,2.561867690924129,1,2023,4,21,4
53.0,Female,Canada,Alberta,Basic,22.73,Gaming Console,0.0,0,3.166740070447672,1,2025,4,15,1
19.0,Female,Canada,Ontario,Premium,20.76,Smart TV,0.0,0,3.080073421987742,1,2023,4,15,5
49.0,Female,USA,New Jersey,Premium,12.0,Laptop,0.0,0,2.5649493574615367,1,2022,12,6,1
19.0,Other,USA,Virginia,Premium,2.0,Laptop,2.0,0,1.0986122886681098,0,2023,10,19,3
31.0,Female,USA,Arizona,Premium+,19.675352862849536,Laptop,2.0,0,3.0289423078910556,0,2024,8,3,5
23.0,Female,USA,Texas,Basic,20.136172344689378,Desktop,1.0,1,3.0509859018293035,0,2024,5,30,3
32.0,Male,USA,Georgia,Standard,32.32,Desktop,0.0,0,3.506157817298642,1,2024,9,6,4
36.0,Female,Canada,New Brunswick,Premium,14.88,Laptop,1.0,0,2.7650604558189897,0,2023,11,7,1
37.0,Male,USA,Ohio,Standard,6.57,Tablet,5.0,1,2.0241930674493576,0,2023,12,13,2
32.0,Male,Canada,British Columbia,Standard,21.41,Desktop,7.0,0,3.1095072878128356,0,2022,9,5,0
36.0,Male,USA,California,Premium+,2.58,Desktop,1.0,0,1.275362800412609,0,2022,12,31,5
31.0,Male,USA,Missouri,Premium,4.15,Mobile,0.0,1,1.6389967146756448,1,2024,11,27,2
37.0,Male,Canada,Alberta,Basic,8.39,Smart TV,2.0,0,2.2396452932201716,0,2025,5,6,1
51.0,Female,USA,Pennsylvania,Basic,26.39,Tablet,0.0,0,3.3101779832749867,1,2024,3,30,5
17.0,Female,USA,Washington,Premium,10.82,Laptop,1.0,0,2.469793011977952,0,2024,11,25,0
23.0,Male,Canada,Newfoundland and Labrador,Standard,6.85,Gaming Console,4.0,0,2.060513531794317,0,2024,7,26,4
37.0,Female,USA,North Carolina,Standard,22.854736059479553,Mobile,4.0,0,3.1719827745379456,0,2024,5,3,4
31.0,Other,USA,Wisconsin,Standard,27.71,Laptop,5.0,0,3.3572454941329726,0,2024,12,30,0
32.0,Male,USA,Texas,Standard,5.52,Desktop,2.0,0,1.8748743759385615,0,2025,2,27,3
23.0,Female,Canada,Saskatchewan,Standard,5.42,Desktop,5.0,0,1.8594181177018698,0,2023,2,20,0
36.0,Female,USA,Georgia,Premium,7.25,Laptop,5.0,0,2.1102132003465894,0,2024,7,4,3
34.0,Female,USA,Florida,Premium,21.55,Gaming Console,3.0,0,3.1157350659486873,0,2024,3,4,0
41.0,Female,USA,New York,Premium,29.95,Smart TV,0.0,0,3.432372999130605,1,2025,3,9,6
49.0,Other,USA,New York,Premium,26.42,Gaming Console,4.0,0,3.3112726741341683,0,2023,7,5,2
43.0,Female,USA,Georgia,Standard,14.63,Laptop,0.0,0,2.749192144433385,1,2024,4,30,1
48.0,Male,Canada,Quebec,Standard,22.89,Smart TV,1.0,0,3.173459961337718,0,2023,11,30,3
40.0,Female,Canada,Prince Edward Island,Premium,32.09,Desktop,7.0,0,3.499231121933521,0,2024,9,26,3
30.0,Female,Canada,Ontario,Premium,22.98,Tablet,4.0,0,3.177220149599368,0,2025,4,20,6
58.0,Female,USA,Florida,Premium,33.06,Desktop,3.0,0,3.5281236752345424,0,2024,11,3,6
47.0,Male,USA,New Jersey,Basic,20.136172344689378,Gaming Console,2.0,1,3.0509859018293035,0,2024,4,1,0
45.0,Other,USA,Florida,Basic,6.09,Laptop,1.0,0,1.958685340544036,0,2024,8,28,2
38.0,Male,USA,California,Standard,22.04,Laptop,2.0,0,3.1372318358276905,0,2025,1,7,1
58.0,Male,USA,Washington,Basic,7.74,Smart TV,0.0,0,2.167910189667444,1,2025,6,28,5
39.0,Female,USA,Missouri,Standard,21.35,Mobile,4.0,0,3.106826321059578,0,2022,9,16,4
52.0,Female,USA,New York,Standard,39.0,Laptop,1.0,0,3.6888794541139363,0,2024,3,8,4
42.0,Male,Canada,Nova Scotia,Premium,8.9,Laptop,3.0,0,2.2925347571405443,0,2024,7,2,1
31.0,Other,USA,Virginia,Basic,13.27,Laptop,3.0,0,2.658159431488745,0,2024,5,31,4
21.0,Female,Canada,British Columbia,Premium,21.811017452655033,Mobile,0.0,0,3.1272436408541084,1,2022,10,2,6
24.0,Other,USA,Georgia,Standard,18.16,Gaming Console,2.0,0,2.9528247725427144,0,2025,3,11,1
23.0,Female,Canada,Quebec,Standard,22.854736059479553,Tablet,3.0,0,3.1719827745379456,0,2023,5,27,5
31.0,Female,USA,Massachusetts,Premium,12.06,Tablet,3.0,0,2.569554123848285,0,2023,8,15,1
11.0,Female,Canada,Prince Edward Island,Premium+,1.36,Gaming Console,2.0,0,0.8586616190375187,0,2025,3,28,4
26.0,Male,USA,Ohio,Standard,21.3,Smart TV,0.0,0,3.104586678466073,1,2022,10,16,6
26.0,Male,USA,Arizona,Premium,5.67,Desktop,2.0,1,1.8976198599275322,0,2025,3,15,5
21.0,Male,USA,Massachusetts,Premium+,28.73,Smart TV,4.0,0,3.3921566370100065,0,2023,12,30,5
52.0,Other,USA,California,Premium+,15.65,Desktop,4.0,0,2.8124102164264526,0,2024,2,28,2
56.0,Female,USA,Arizona,Basic,20.136172344689378,Laptop,2.0,0,3.0509859018293035,0,2023,5,13,5
29.0,Male,Canada,Ontario,Premium,9.77,Laptop,6.0,0,2.3767644911682972,0,2024,8,30,4
49.0,Male,Canada,Prince Edward Island,Premium,2.03,Tablet,1.0,0,1.1085626195212777,0,2024,10,3,3
39.0,Male,USA,Florida,Premium+,8.31,Tablet,2.0,0,2.231089091288976,0,2024,4,11,3
25.0,Male,USA,Arizona,Premium,9.12,Mobile,0.0,0,2.3145136638593193,1,2024,4,24,2
29.0,Female,Canada,British Columbia,Standard,10.03,Smart TV,0.0,0,2.400618833265411,1,2025,7,3,3
19.0,Male,USA,Illinois,Standard,8.19,Desktop,0.0,0,2.2181159363675955,1,2022,12,9,4
24.0,Other,Canada,Ontario,Premium,23.63,Laptop,0.0,1,3.2039652121324464,1,2022,8,18,3
48.0,Female,USA,Indiana,Basic,21.47,Gaming Console,3.0,1,3.112181086197238,0,2025,1,19,6
24.0,Male,USA,California,Basic,22.21,Tablet,0.0,0,3.1445832202863455,1,2023,12,30,5
21.0,Female,USA,New York,Standard,14.29,Mobile,1.0,0,2.727199019940971,0,2023,12,20,2
17.0,Female,USA,Virginia,Basic,5.93,Laptop,2.0,0,1.9358598132018119,0,2023,11,18,5
43.0,Female,USA,Indiana,Standard,11.38,Tablet,5.0,0,2.5160822672564502,0,2023,12,28,3
17.0,Female,Canada,British Columbia,Basic,1.71,Tablet,4.0,0,0.9969486348916096,0,2025,6,3,1
47.0,Female,USA,Missouri,Standard,25.95,Tablet,4.0,0,3.2939832973550063,0,2023,9,25,0
30.0,Other,Canada,Saskatchewan,Premium,24.07,Mobile,2.0,0,3.221671912170202,0,2024,12,5,3
40.0,Male,USA,North Carolina,Premium,3.64,Tablet,2.0,0,1.534714366238164,0,2023,12,30,5
22.0,Female,USA,Georgia,Basic,12.82,Gaming Console,2.0,1,2.626116818339524,0,2022,8,4,3
37.0,Male,USA,Massachusetts,Basic,8.83,Gaming Console,3.0,0,2.285438934159075,0,2025,3,28,4
36.0,Female,USA,California,Premium+,7.57,Tablet,1.0,0,2.1482677326096886,0,2022,9,30,4
57.0,Female,USA,Michigan,Premium,12.72,Laptop,1.0,0,2.6188546222977394,0,2024,9,29,6
28.0,Male,Canada,Nova Scotia,Basic,9.9,Smart TV,2.0,0,2.388762789235098,0,2024,4,26,4
31.0,Female,USA,Georgia,Standard,19.91,Gaming Console,3.0,0,3.0402275134405423,0,2023,5,17,2
32.0,Female,USA,Wisconsin,Basic,4.66,Gaming Console,1.0,0,1.7334238922150915,0,2024,4,15,0
20.0,Female,USA,Tennessee,Premium,18.46,Smart TV,7.0,0,2.968361076757859,0,2022,10,17,0
35.0,Male,USA,Virginia,Premium,40.04,Laptop,0.0,0,3.714547200862514,1,2024,1,19,4
31.0,Male,USA,Washington,Premium,7.04,Gaming Console,3.0,0,2.0844290831908747,0,2022,9,10,5
38.0,Male,USA,North Carolina,Standard,19.02,Gaming Console,2.0,1,2.9967317738870745,0,2023,9,11,0
24.0,Female,USA,New Jersey,Standard,4.1,Tablet,0.0,0,1.62924053973028,1,2023,10,23,0
20.0,Male,Canada,Ontario,Basic,27.95,Desktop,1.0,1,3.3655702040190043,0,2025,6,3,1
36.0,Male,USA,Ohio,Standard,12.16,Desktop,3.0,0,2.5771819258971713,0,2023,11,4,5
33.0,Other,USA,Wisconsin,Premium+,1.99,Laptop,3.0,0,1.095273387402595,0,2022,12,4,6
34.0,Male,USA,Michigan,Premium,2.55,Mobile,2.0,0,1.2669476034873244,0,2025,1,2,3
41.0,Female,Canada,Alberta,Basic,10.36,Smart TV,3.0,0,2.4300984132930052,0,2023,6,9,4
36.0,Other,Canada,Alberta,Standard,21.85,Smart TV,0.0,1,3.128951117340214,1,2023,11,26,6
27.0,Female,USA,Missouri,Premium,19.52,Tablet,1.0,1,3.021400020302569,0,2022,9,12,0
32.0,Female,USA,Pennsylvania,Standard,7.08,Smart TV,5.0,0,2.089391872533004,0,2024,4,23,1
21.0,Other,USA,Missouri,Premium,27.3,Tablet,4.0,0,3.342861804649192,0,2023,1,1,6
28.0,Other,Canada,Prince Edward Island,Premium+,19.675352862849536,Smart TV,2.0,1,3.0289423078910556,0,2022,12,1,3
30.0,Other,USA,Ohio,Premium+,19.45,Mobile,2.0,1,3.017982882488811,0,2024,4,25,3
49.0,Male,USA,New York,Basic,12.22,Tablet,6.0,0,2.5817308344235403,0,2024,1,13,5
35.0,Female,USA,Arizona,Basic,7.3,Smart TV,2.0,0,2.1162555148025524,0,2025,5,4,6
40.0,Female,USA,Virginia,Standard,19.87,Smart TV,3.0,0,3.038312721089109,0,2024,6,10,0
38.0,Male,USA,Arizona,Premium,23.51,Mobile,2.0,0,3.1990811975400213,0,2023,12,17,6
36.0,Female,Canada,Manitoba,Standard,8.92,Desktop,3.0,0,2.2945529212967815,0,2024,5,9,3
31.0,Male,USA,Pennsylvania,Premium+,7.15,Tablet,0.0,0,2.0980179272527715,1,2022,8,13,5
33.0,Male,USA,Wisconsin,Premium,2.4,Gaming Console,4.0,0,1.2237754316221157,0,2024,3,20,2
42.0,Male,USA,Georgia,Premium,7.42,Gaming Console,1.0,0,2.130609828254235,0,2024,5,28,1
28.0,Other,Canada,British Columbia,Standard,20.22,Gaming Console,0.0,0,3.054944133185837,1,2023,7,25,1
16.0,Male,USA,Michigan,Standard,22.72,Desktop,4.0,0,3.1663185741295248,0,2023,8,7,0
54.0,Male,USA,New York,Standard,18.02,Gaming Console,2.0,1,2.9454910571172443,0,2024,8,30,4
24.0,Other,USA,Michigan,Premium,36.47,Smart TV,2.0,0,3.623540612805596,0,2023,8,25,4
25.0,Female,USA,Washington,Premium,14.28,Desktop,3.0,1,2.7265447837383743,0,2022,9,13,1
22.0,Male,USA,North Carolina,Premium,21.51,Tablet,3.0,0,3.113959654918641,0,2023,11,28,1
36.0,Female,USA,Pennsylvania,Basic,5.37,Tablet,0.0,1,1.851599469584072,1,2025,7,4,4
54.0,Other,USA,Georgia,Basic,20.136172344689378,Mobile,0.0,1,3.0509859018293035,1,2024,8,25,6
26.0,Male,Canada,Newfoundland and Labrador,Standard,10.3,Tablet,2.0,0,2.424802725718295,0,2023,6,22,3
22.0,Female,USA,New Jersey,Standard,7.87,Smart TV,2.0,0,2.1826747963214883,0,2024,10,9,2
29.0,Female,Canada,Alberta,Standard,4.98,Mobile,0.0,0,1.7884205679625405,1,2023,4,6,3
40.0,Male,Canada,Quebec,Standard,4.28,Smart TV,2.0,0,1.6639260977181702,0,2025,3,21,4
33.0,Male,USA,Pennsylvania,Premium,890.41,Laptop,1.0,0,6.79280447875781,0,2024,9,1,6
41.0,Female,USA,Pennsylvania,Premium,22.85,Mobile,3.0,0,3.1717842173343502,0,2024,2,3,5
24.0,Female,USA,Arizona,Premium+,21.62,Smart TV,1.0,0,3.1188344706879745,0,2024,7,2,1
54.0,Male,USA,Texas,Premium+,28.8,Tablet,2.0,0,3.3945083935113587,0,2024,10,14,0
37.0,Female,USA,Massachusetts,Standard,22.854736059479553,Laptop,3.0,0,3.1719827745379456,0,2023,3,11,5
44.0,Female,USA,New Jersey,Basic,6.52,Tablet,4.0,0,2.017566137961748,0,2024,4,27,5
27.0,Female,USA,Georgia,Standard,15.57,Smart TV,4.0,0,2.8075938314384716,0,2025,3,17,0
46.0,Female,USA,California,Premium,15.4,Desktop,6.0,0,2.797281334830153,0,2023,2,16,3
29.0,Male,USA,New Jersey,Basic,20.136172344689378,Tablet,3.0,0,3.0509859018293035,0,2022,8,26,4
30.0,Female,Canada,Alberta,Premium,29.14,Tablet,2.0,0,3.4058531931983493,0,2024,3,11,0
27.0,Male,Canada,Prince Edward Island,Premium,15.29,Laptop,1.0,0,2.790551422613954,0,2023,2,13,0
31.0,Female,USA,North Carolina,Premium,5.49,Smart TV,1.0,0,1.8702625307159986,0,2024,2,9,4
50.0,Male,USA,Maryland,Standard,5.55,Gaming Console,1.0,0,1.8794650496471605,0,2024,5,1,2
44.0,Female,USA,Tennessee,Basic,13.24,Gaming Console,1.0,0,2.65605490598383,0,2023,10,16,0
25.0,Male,USA,Florida,Basic,7.62,Laptop,3.0,0,2.154085084675602,0,2022,11,30,2
26.0,Female,USA,Pennsylvania,Premium,2.63,Laptop,0.0,0,1.2892326482767593,1,2023,6,18,6
36.0,Male,USA,New York,Premium+,32.14,Tablet,3.0,1,3.500741011998417,0,2024,12,1,6
39.0,Other,USA,Indiana,Basic,3.27,Tablet,3.0,1,1.451613827240533,0,2025,3,3,0
31.0,Other,Canada,New Brunswick,Basic,6.35,Smart TV,1.0,1,1.9947003132247452,0,2024,9,15,6
35.0,Female,USA,Ohio,Premium,4.84,Gaming Console,3.0,0,1.7647307968401356,0,2025,4,7,0
42.0,Female,USA,Tennessee,Premium,5.34,Smart TV,2.0,0,1.8468787684491346,0,2025,4,30,2
25.0,Other,USA,Arizona,Standard,4.0,Desktop,2.0,0,1.6094379124341003,0,2023,3,13,0
21.0,Male,Canada,Alberta,Premium,7.53,Tablet,2.0,0,2.143589361503588,0,2024,9,27,4
31.0,Female,USA,Missouri,Premium,13.16,Mobile,2.0,0,2.6504210882655737,0,2023,4,3,0
40.0,Female,Canada,Manitoba,Standard,7.88,Smart TV,6.0,0,2.1838015570040787,0,2022,12,24,5
42.0,Male,USA,California,Premium,24.22,Gaming Console,0.0,0,3.2276373305367736,1,2023,6,13,1
41.0,Female,USA,Florida,Standard,11.5,Mobile,2.0,0,2.5257286443082556,0,2023,3,8,2
54.0,Male,USA,Maryland,Premium,15.59,Tablet,2.0,0,2.808800104202353,0,2024,10,7,0
40.0,Other,Canada,Newfoundland and Labrador,Basic,10.25,Smart TV,4.0,0,2.4203681286504293,0,2023,5,23,1
29.0,Female,Canada,Ontario,Standard,22.854736059479553,Smart TV,1.0,0,3.1719827745379456,0,2024,9,14,5
34.0,Female,USA,Michigan,Premium,28.4,Tablet,5.0,0,3.380994674344636,0,2023,2,20,0
15.0,Other,USA,Virginia,Premium+,9.09,Mobile,2.0,1,2.3115448343655176,0,2025,6,22,6
31.0,Male,USA,Pennsylvania,Basic,16.39,Laptop,4.0,0,2.855895328366192,0,2022,8,10,2
47.0,Female,USA,California,Premium,39.79,Smart TV,2.0,0,3.708436953329467,0,2024,6,27,3
35.0,Other,Canada,New Brunswick,Basic,25.7,Gaming Console,0.0,0,3.2846635654062037,1,2025,4,12,5
23.0,Other,USA,Arizona,Standard,23.21,Gaming Console,0.0,0,3.1867657709499673,1,2024,12,10,1
19.0,Female,Canada,Newfoundland and Labrador,Premium+,6.98,Smart TV,2.0,0,2.0769384114617173,0,2024,1,17,2
31.0,Female,Canada,Alberta,Premium,18.65,Desktop,4.0,0,2.9780773383152703,0,2022,12,9,4
17.0,Female,Canada,Manitoba,Standard,6.63,Gaming Console,3.0,0,2.0320878452963655,0,2024,8,26,0
34.0,Female,USA,Maryland,Basic,12.86,Mobile,0.0,0,2.6290069937617573,1,2024,11,13,2
24.0,Female,Canada,New Brunswick,Standard,14.18,Smart TV,2.0,1,2.719978771967484,0,2022,9,11,6
37.0,Male,USA,Massachusetts,Premium,21.811017452655033,Desktop,1.0,0,3.1272436408541084,0,2023,5,8,0
22.0,Male,Canada,British Columbia,Standard,12.94,Gaming Console,4.0,0,2.6347624053323777,0,2023,8,14,0
32.0,Female,Canada,Ontario,Standard,34.61,Tablet,3.0,0,3.5726264972896864,0,2025,7,18,4
40.0,Female,Canada,British Columbia,Premium,15.38,Smart TV,1.0,1,2.7960610784249234,0,2024,12,11,2
39.0,Female,USA,Missouri,Premium,12.0,Mobile,1.0,0,2.5649493574615367,0,2023,9,28,3
41.0,Male,USA,Texas,Premium,6.1,Gaming Console,2.0,1,1.9600947840472698,0,2023,4,17,0
25.0,Female,USA,Wisconsin,Basic,25.0,Tablet,3.0,0,3.258096538021482,0,2022,12,13,1
32.0,Male,USA,Arizona,Premium+,18.75,Tablet,3.0,0,2.9831534913471307,0,2025,1,20,0
33.0,Male,USA,Washington,Standard,19.67,Tablet,1.0,1,3.028683373693677,0,2023,9,25,0
33.0,Female,Canada,Alberta,Standard,15.13,Laptop,2.0,0,2.7806808921371178,0,2023,8,11,4
31.0,Male,Canada,Quebec,Basic,10.62,Tablet,4.0,0,2.4527277514237653,0,2025,1,14,1
31.0,Other,USA,North Carolina,Standard,6.0,Desktop,4.0,0,1.9459101490553132,0,2022,12,25,6
14.0,Female,USA,New Jersey,Standard,4.21,Laptop,2.0,0,1.6505798557652755,0,2023,11,5,6
33.0,Male,Canada,Saskatchewan,Premium,40.38,Mobile,3.0,0,3.722797672317397,0,2025,1,5,6
50.0,Female,USA,Washington,Basic,7.11,Desktop,2.0,0,2.0930978681273213,0,2024,5,13,0
26.0,Other,USA,Tennessee,Basic,7.41,Gaming Console,4.0,0,2.1294214739848565,0,2025,3,23,6
50.0,Male,USA,Indiana,Standard,26.62,Laptop,1.0,0,3.318540147981146,0,2024,1,10,2
44.0,Male,USA,Indiana,Premium,7.81,Smart TV,2.0,0,2.175887439948088,0,2022,9,29,3
29.0,Female,USA,Arizona,Standard,10.15,Desktop,4.0,0,2.411439497906128,0,2025,3,30,6
20.0,Other,USA,Missouri,Basic,3.68,Gaming Console,4.0,0,1.5432981099295553,0,2025,1,18,5
29.0,Other,USA,Ohio,Standard,4.18,Laptop,2.0,0,1.6448050562713916,0,2023,8,25,4
38.0,Male,USA,Virginia,Premium,12.51,Laptop,0.0,0,2.6034301519721073,1,2025,1,30,3
42.0,Female,Canada,Alberta,Premium,8.94,Gaming Console,2.0,0,2.2965670206684825,0,2024,7,1,0
46.0,Male,Canada,Ontario,Standard,19.48,Desktop,0.0,0,3.019448800171307,1,2024,5,22,2
35.0,Female,Canada,Alberta,Standard,2.58,Laptop,2.0,1,1.275362800412609,0,2024,6,17,0
42.0,Female,USA,Texas,Premium+,18.38,Laptop,5.0,0,2.96424160646262,0,2024,6,6,3
35.0,Male,USA,Massachusetts,Premium+,19.675352862849536,Gaming Console,2.0,0,3.0289423078910556,0,2024,1,7,6
30.0,Female,USA,Arizona,Premium+,5.55,Smart TV,5.0,0,1.8794650496471605,0,2024,9,5,3
46.0,Male,USA,Maryland,Standard,22.854736059479553,Desktop,2.0,0,3.1719827745379456,0,2023,7,22,5
45.0,Other,USA,California,Premium,11.54,Smart TV,2.0,0,2.5289235352047745,0,2024,7,4,3
26.0,Male,USA,Maryland,Basic,13.17,Mobile,3.0,1,2.6511270537025893,0,2024,11,4,0
50.0,Female,USA,Illinois,Basic,11.21,Tablet,1.0,0,2.502255288122613,0,2022,12,31,5
38.0,Female,USA,North Carolina,Basic,20.136172344689378,Tablet,0.0,0,3.0509859018293035,1,2024,8,12,0
50.0,Female,Canada,Ontario,Premium+,13.87,Smart TV,0.0,0,2.6993457604720636,1,2022,8,26,4
18.0,Female,Canada,British Columbia,Standard,56.65,Gaming Console,4.0,1,4.054390246715068,0,2023,9,17,6
25.0,Male,Canada,Nova Scotia,Premium,26.0,Mobile,3.0,0,3.295836866004329,0,2024,7,3,2
20.0,Female,Canada,British Columbia,Premium,26.29,Desktop,3.0,0,3.306520334720247,0,2024,5,30,3
59.0,Male,USA,Missouri,Standard,17.71,Desktop,1.0,0,2.9290581402859983,0,2024,8,24,5
42.0,Female,USA,Maryland,Standard,16.66,Smart TV,2.0,0,2.8713021951758138,0,2024,3,10,6
22.0,Male,USA,California,Premium,13.9,Smart TV,3.0,0,2.7013612129514133,0,2024,9,16,0
19.0,Female,USA,Maryland,Basic,5.89,Mobile,0.0,0,1.9300710850255671,1,2024,9,24,1
35.0,Male,USA,Florida,Standard,4.21,Desktop,0.0,0,1.6505798557652755,1,2025,4,17,3
26.0,Female,USA,Indiana,Premium,8.58,Gaming Console,2.0,0,2.259677591982769,0,2023,7,4,1
19.0,Female,Canada,Nova Scotia,Standard,4.89,Mobile,1.0,0,1.7732559976634952,0,2023,2,18,5
21.0,Male,Canada,New Brunswick,Standard,10.2,Gaming Console,3.0,0,2.4159137783010487,0,2025,6,29,6
23.0,Female,USA,Washington,Premium+,28.67,Smart TV,0.0,0,3.3901364343027307,1,2023,12,1,4
33.0,Female,USA,Wisconsin,Premium,9.94,Desktop,3.0,1,2.392425796993835,0,2024,2,12,0
56.0,Other,Canada,British Columbia,Premium,16.65,Desktop,5.0,0,2.8707357833793057,0,2024,5,9,3
25.0,Male,Canada,Saskatchewan,Basic,20.33,Tablet,3.0,0,3.0601145324832593,0,2023,10,29,6
21.0,Female,USA,Michigan,Premium,14.21,Desktop,2.0,0,2.7219531062712017,0,2023,10,4,2
34.0,Other,USA,Massachusetts,Basic,6.54,Laptop,5.0,0,2.020222182019865,0,2025,1,21,1
21.0,Male,USA,Maryland,Standard,16.09,Smart TV,2.0,0,2.8384934971274993,0,2024,4,10,2
20.0,Male,USA,Wisconsin,Premium,15.67,Gaming Console,2.0,0,2.813610696762703,0,2023,7,24,0
54.0,Female,Canada,Newfoundland and Labrador,Standard,22.854736059479553,Laptop,4.0,0,3.1719827745379456,0,2024,3,26,1
24.0,Male,Canada,Newfoundland and Labrador,Standard,5.87,Gaming Console,3.0,0,1.927164106234258,0,2023,2,16,3
32.0,Male,USA,Illinois,Standard,3.74,Laptop,2.0,0,1.556037135706985,0,2024,12,15,6
31.0,Male,USA,Arizona,Basic,18.31,Laptop,2.0,1,2.960623096440423,0,2024,1,19,4
46.0,Female,Canada,Alberta,Premium,36.58,Laptop,2.0,0,3.6264719939853194,0,2022,12,18,6
23.0,Female,USA,Georgia,Premium,21.811017452655033,Tablet,1.0,0,3.1272436408541084,0,2024,6,26,2
46.0,Female,Canada,Quebec,Premium,14.25,Desktop,2.0,1,2.7245795030534206,0,2024,9,16,0
42.0,Female,Canada,British Columbia,Premium,6.15,Tablet,0.0,1,1.9671123567059163,1,2025,1,3,4
49.0,Male,USA,Pennsylvania,Standard,22.854736059479553,Laptop,2.0,0,3.1719827745379456,0,2023,1,30,0
43.0,Male,USA,Wisconsin,Standard,32.12,Smart TV,0.0,0,3.500137329517059,1,2023,12,30,5
21.0,Other,USA,Illinois,Premium,7.61,Desktop,0.0,0,2.152924318439639,1,2024,6,25,1
39.0,Female,USA,Wisconsin,Standard,22.854736059479553,Smart TV,0.0,0,3.1719827745379456,1,2023,6,17,5
27.0,Female,USA,Florida,Basic,12.21,Desktop,5.0,0,2.580974118534234,0,2024,1,2,1
46.0,Male,USA,New York,Premium,62.28,Gaming Console,2.0,0,4.147569323459399,0,2024,9,9,0
43.0,Male,USA,Wisconsin,Standard,35.89,Smart TV,2.0,0,3.607940511608584,0,2023,1,22,6
43.0,Female,Canada,Prince Edward Island,Premium,14.45,Mobile,2.0,0,2.7376090033437546,0,2024,2,6,1
24.0,Male,USA,Pennsylvania,Premium+,20.46,Desktop,2.0,1,3.0661907372025525,0,2024,7,6,5
25.0,Male,Canada,British Columbia,Premium,11.78,Smart TV,4.0,1,2.5478814489493886,0,2024,3,4,0
44.0,Female,USA,Wisconsin,Premium,6.11,Desktop,0.0,0,1.9615022438151495,1,2024,5,11,5
29.0,Other,Canada,British Columbia,Premium,19.64,Mobile,1.0,0,3.027230940613362,0,2024,7,17,2
43.0,Female,USA,Florida,Standard,44.26,Mobile,3.0,0,3.8124236402053913,0,2023,11,8,2
19.0,Male,Canada,Newfoundland and Labrador,Standard,22.854736059479553,Gaming Console,3.0,0,3.1719827745379456,0,2022,9,7,2
50.0,Female,USA,Florida,Premium,20.54,Mobile,4.0,1,3.0699116717282426,0,2022,12,6,1
40.0,Male,USA,Illinois,Basic,20.34,Gaming Console,1.0,0,3.060583245873607,0,2023,10,26,3
53.0,Female,USA,New Jersey,Basic,21.82,Mobile,4.0,1,3.1276373444339294,0,2024,4,28,6
24.0,Male,USA,Pennsylvania,Premium+,12.53,Laptop,2.0,0,2.604909442182697,0,2025,5,15,3
17.0,Female,USA,New York,Standard,13.61,Smart TV,2.0,0,2.681706225762608,0,2023,9,21,3
28.0,Female,USA,New York,Premium,18.44,Desktop,5.0,0,2.967332799032293,0,2024,1,15,0
25.0,Male,USA,Virginia,Premium,1.66,Desktop,4.0,0,0.9783261227936076,0,2023,7,2,6
34.0,Other,Canada,Prince Edward Island,Premium,12.1,Desktop,2.0,0,2.5726122302071057,0,2024,8,15,3
40.0,Female,USA,Wisconsin,Premium,9.09,Laptop,6.0,0,2.3115448343655176,0,2023,4,2,6
29.0,Female,USA,New York,Standard,20.94,Tablet,5.0,1,3.088311454847084,0,2025,3,27,3
39.0,Female,USA,Indiana,Standard,10.7,Gaming Console,2.0,0,2.4595888418037104,0,2023,10,24,1
35.0,Male,Canada,Ontario,Basic,14.37,Desktop,0.0,0,2.7324175575505043,1,2023,12,5,1
39.0,Other,USA,Georgia,Premium+,7.85,Laptop,2.0,0,2.180417459019838,0,2023,7,14,4
44.0,Other,USA,New York,Premium,34.22,Smart TV,3.0,0,3.56161410306806,0,2024,12,15,6
41.0,Male,USA,Massachusetts,Standard,525.37,Smart TV,3.0,0,6.266004387505607,0,2024,3,9,5
43.0,Male,USA,New Jersey,Basic,20.136172344689378,Tablet,1.0,0,3.0509859018293035,0,2024,4,24,2
48.0,Female,USA,Massachusetts,Standard,22.854736059479553,Desktop,1.0,0,3.1719827745379456,0,2024,9,1,6
41.0,Other,Canada,Alberta,Premium,17.3,Smart TV,2.0,1,2.9069010598473755,0,2023,3,15,2
27.0,Female,USA,Washington,Standard,27.37,Mobile,5.0,0,3.34533224882076,0,2024,3,20,2
16.0,Female,USA,North Carolina,Basic,23.14,Gaming Console,2.0,0,3.1838702156693857,0,2022,11,17,3
22.0,Male,USA,Maryland,Premium,37.71,Gaming Console,2.0,0,3.6560979645895566,0,2023,10,16,0
43.0,Female,USA,New Jersey,Standard,22.854736059479553,Smart TV,3.0,1,3.1719827745379456,0,2023,12,20,2
44.0,Female,USA,New York,Standard,22.854736059479553,Smart TV,6.0,0,3.1719827745379456,0,2025,4,19,5
36.0,Male,USA,Texas,Premium,26.52,Laptop,0.0,1,3.314913013065143,1,2023,10,17,1
42.0,Male,USA,New York,Standard,11.36,Smart TV,2.0,0,2.514465452029545,0,2024,12,4,2
10.0,Female,Canada,Quebec,Premium,3.68,Desktop,1.0,0,1.5432981099295553,0,2025,5,28,2
23.0,Male,USA,Virginia,Basic,14.9,Smart TV,3.0,0,2.766319109226186,0,2022,8,5,4
36.0,Male,Canada,Newfoundland and Labrador,Premium,21.811017452655033,Smart TV,2.0,0,3.1272436408541084,0,2024,10,8,1
36.0,Female,USA,Texas,Premium+,11.33,Mobile,3.0,0,2.512035317176253,0,2023,4,23,6
48.0,Other,Canada,Newfoundland and Labrador,Basic,18.58,Desktop,0.0,0,2.9745086371023644,1,2024,11,19,1
51.0,Other,USA,Illinois,Premium,7.7,Laptop,4.0,0,2.163323025660538,0,2024,8,30,4
30.0,Female,USA,Wisconsin,Premium,7.77,Mobile,0.0,0,2.1713368063840917,1,2025,7,30,2
19.0,Female,Canada,Manitoba,Standard,40.22,Tablet,1.0,1,3.718923575462313,0,2022,12,21,2
60.0,Female,USA,Arizona,Standard,5.26,Desktop,1.0,0,1.8341801851120072,0,2024,4,28,6
22.0,Female,Canada,Newfoundland and Labrador,Premium,51.19,Laptop,0.0,0,3.9548909056553216,1,2022,9,11,6
19.0,Female,USA,California,Premium,380.34,Smart TV,5.0,1,5.943691365636298,0,2023,3,16,3
37.0,Male,USA,Arizona,Premium,25.67,Laptop,2.0,0,3.283539338193923,0,2023,11,15,2
36.0,Male,USA,California,Standard,3.99,Mobile,3.0,0,1.6074359097634274,0,2024,9,17,1
26.0,Female,Canada,Ontario,Premium+,11.75,Laptop,3.0,0,2.545531271604435,0,2023,12,16,5
40.0,Female,USA,Tennessee,Premium,11.32,Gaming Console,0.0,1,2.511223958105374,1,2024,1,13,5
34.0,Male,USA,Texas,Standard,30.77,Tablet,3.0,0,3.4585224482814247,0,2022,10,23,6
38.0,Female,USA,Missouri,Standard,22.854736059479553,Tablet,3.0,0,3.1719827745379456,0,2025,1,19,6
18.0,Male,USA,Tennessee,Premium+,19.675352862849536,Tablet,1.0,0,3.0289423078910556,0,2023,7,31,0
41.0,Other,Canada,Quebec,Premium,2.51,Gaming Console,7.0,0,1.2556160374777743,0,2022,9,15,3
27.0,Male,Canada,Newfoundland and Labrador,Basic,20.136172344689378,Desktop,2.0,0,3.0509859018293035,0,2025,2,23,6
50.0,Female,USA,Michigan,Standard,14.49,Laptop,1.0,0,2.740194654428777,0,2025,5,19,0
42.0,Female,Canada,British Columbia,Premium,4.82,Desktop,0.0,0,1.7613002617433464,1,2022,9,27,1
14.0,Female,USA,North Carolina,Premium,19.26,Desktop,1.0,1,3.0086484988205373,0,2025,3,28,4
45.0,Female,Canada,British Columbia,Standard,18.5,Smart TV,2.0,0,2.970414465569701,0,2023,8,19,5
41.0,Other,USA,Texas,Standard,22.854736059479553,Smart TV,3.0,0,3.1719827745379456,0,2022,9,12,0
41.0,Female,Canada,Newfoundland and Labrador,Premium,12.13,Tablet,0.0,0,2.574899688314705,1,2022,12,22,3
54.0,Male,USA,North Carolina,Premium,5.26,Gaming Console,3.0,0,1.8341801851120072,0,2025,6,24,1
40.0,Female,Canada,Nova Scotia,Basic,10.5,Mobile,2.0,0,2.4423470353692043,0,2025,6,23,0
35.0,Male,Canada,Newfoundland and Labrador,Basic,23.31,Gaming Console,0.0,0,3.1908877883280318,1,2022,12,9,4
33.0,Female,USA,Michigan,Premium,21.811017452655033,Gaming Console,3.0,0,3.1272436408541084,0,2023,10,19,3
41.0,Male,USA,California,Premium,13.52,Mobile,1.0,0,2.67552700939665,0,2023,8,1,1
45.0,Male,Canada,Alberta,Standard,7.78,Mobile,3.0,0,2.1724764076470255,0,2023,10,11,2
58.0,Female,USA,Indiana,Premium,5.38,Mobile,5.0,0,1.8531680973566984,0,2025,2,24,0
27.0,Female,USA,Washington,Premium,8.34,Laptop,0.0,0,2.234306252240751,1,2022,11,29,1
56.0,Male,USA,Georgia,Premium,9.0,Smart TV,2.0,0,2.302585092994046,0,2023,10,29,6
25.0,Female,USA,Virginia,Premium+,20.39,Gaming Console,2.0,0,3.062923523094314,0,2023,6,17,5
35.0,Male,USA,Massachusetts,Premium,710.55,Tablet,3.0,0,6.567445689129669,0,2025,4,30,2
37.0,Female,USA,Tennessee,Premium,13.93,Mobile,1.0,0,2.703372611551099,0,2022,12,6,1
14.0,Male,USA,New York,Basic,3.32,Mobile,2.0,0,1.463255402256019,0,2024,2,15,3
52.0,Female,USA,Georgia,Standard,7.13,Smart TV,5.0,0,2.0955609235597192,0,2023,10,28,5
21.0,Male,USA,Tennessee,Premium,18.34,Laptop,4.0,0,2.9621754900251482,0,2024,7,2,1
39.0,Male,USA,Michigan,Premium,1.49,Smart TV,2.0,0,0.9122827104766162,0,2025,2,17,0
25.0,Other,USA,North Carolina,Standard,8.46,Gaming Console,5.0,0,2.247072383063787,0,2024,12,18,2
25.0,Female,USA,North Carolina,Premium,10.43,Mobile,4.0,0,2.4362414778067194,0,2023,8,24,3
26.0,Other,USA,North Carolina,Basic,3.11,Gaming Console,2.0,0,1.413423028508143,0,2024,2,22,3
35.0,Other,Canada,Nova Scotia,Standard,18.54,Mobile,1.0,0,2.972463646614637,0,2024,7,5,4
26.0,Female,USA,Ohio,Standard,29.47,Laptop,0.0,0,3.416742592997618,1,2022,12,29,3
48.0,Male,USA,New York,Standard,10.73,Gaming Console,0.0,0,2.462149662665384,1,2024,5,30,3
42.0,Female,USA,Virginia,Standard,10.31,Tablet,3.0,0,2.425687290128029,0,2024,1,21,6
30.0,Male,Canada,Quebec,Standard,9.88,Laptop,1.0,1,2.3869262414277967,0,2025,5,12,0
48.0,Female,Canada,British Columbia,Premium,7.67,Gaming Console,4.0,0,2.1598687907924505,0,2022,10,19,2
24.0,Male,Canada,Nova Scotia,Standard,7.43,Desktop,4.0,0,2.131796772013764,0,2025,6,20,4
34.0,Female,USA,Maryland,Standard,15.06,Smart TV,3.0,0,2.7763317085186157,0,2024,1,19,4
53.0,Female,Canada,New Brunswick,Standard,19.27,Desktop,3.0,1,3.0091419604639085,0,2024,10,2,2
41.0,Female,USA,Indiana,Standard,22.854736059479553,Smart TV,1.0,0,3.1719827745379456,0,2024,1,12,4
43.0,Female,USA,North Carolina,Premium,3.2,Tablet,3.0,1,1.4350845252893227,0,2023,1,23,0
37.0,Female,Canada,Ontario,Standard,22.854736059479553,Desktop,0.0,1,3.1719827745379456,1,2024,6,26,2
50.0,Female,Canada,British Columbia,Premium,21.811017452655033,Desktop,1.0,0,3.1272436408541084,0,2023,4,5,2
41.0,Other,Canada,Prince Edward Island,Standard,20.34,Tablet,0.0,0,3.060583245873607,1,2023,4,3,0
32.0,Female,Canada,Nova Scotia,Premium,12.36,Mobile,5.0,0,2.5922651681085,0,2025,2,3,0
52.0,Male,Canada,Prince Edward Island,Premium+,5.73,Mobile,1.0,0,1.9065751436566365,0,2023,4,15,5
45.0,Other,USA,Massachusetts,Standard,12.86,Gaming Console,1.0,0,2.6290069937617573,0,2024,7,29,0
18.0,Other,USA,Tennessee,Premium,9.5,Tablet,4.0,0,2.3513752571634776,0,2023,11,9,3
37.0,Male,Canada,Prince Edward Island,Premium,13.7,Laptop,2.0,0,2.6878474937846906,0,2022,11,17,3
12.0,Female,USA,Virginia,Premium+,6.53,Mobile,3.0,1,2.018895041811802,0,2023,9,26,1
19.0,Male,USA,Michigan,Standard,7.79,Smart TV,3.0,0,2.1736147116970854,0,2022,9,26,0
58.0,Female,USA,New Jersey,Premium,12.19,Tablet,4.0,0,2.579458966729223,0,2024,7,11,3
46.0,Female,USA,Ohio,Premium+,2.6,Tablet,0.0,0,1.2809338454620642,1,2024,11,4,0
37.0,Male,USA,Massachusetts,Premium+,16.58,Mobile,6.0,0,2.866761892257031,0,2023,3,22,2
56.0,Male,USA,New York,Standard,12.82,Tablet,2.0,1,2.626116818339524,0,2023,11,10,4
34.0,Female,Canada,Prince Edward Island,Standard,26.2,Tablet,2.0,0,3.3032169733019514,0,2024,3,12,1
13.0,Male,USA,North Carolina,Standard,28.12,Laptop,2.0,0,3.3714252233284854,0,2023,2,7,1
45.0,Female,USA,Virginia,Standard,3.83,Tablet,2.0,1,1.5748464676644813,0,2024,4,14,6
60.0,Male,Canada,Manitoba,Premium,5.88,Laptop,3.0,0,1.9286186519452522,0,2024,2,13,1
36.0,Male,USA,Pennsylvania,Premium,21.811017452655033,Smart TV,3.0,1,3.1272436408541084,0,2023,11,15,2
38.0,Male,Canada,Prince Edward Island,Premium+,8.18,Smart TV,2.0,0,2.217027204632399,0,2024,9,3,1
30.0,Female,USA,Pennsylvania,Premium,31.75,Smart TV,3.0,0,3.488902962081261,0,2022,9,20,1
34.0,Female,USA,Arizona,Standard,3.59,Laptop,5.0,0,1.5238800240724537,0,2024,6,8,5
31.0,Female,USA,Michigan,Standard,311.84,Laptop,0.0,0,5.74569187773341,1,2025,3,9,6
42.0,Female,Canada,Newfoundland and Labrador,Premium,16.63,Tablet,5.0,0,2.869601996409779,0,2023,9,8,4
56.0,Female,USA,Massachusetts,Premium,7.68,Smart TV,2.0,0,2.1610215286722587,0,2023,2,22,2
44.0,Male,USA,Pennsylvania,Standard,14.34,Smart TV,0.0,0,2.73046379593911,1,2024,5,29,2
22.0,Female,USA,Michigan,Standard,3.53,Mobile,3.0,0,1.5107219394949425,0,2025,5,12,0
32.0,Other,USA,Texas,Premium,8.47,Smart TV,1.0,0,2.248128907197987,0,2023,11,25,5
33.0,Female,Canada,Newfoundland and Labrador,Standard,18.91,Desktop,4.0,0,2.991222118076105,0,2024,12,14,5
33.0,Female,USA,Illinois,Standard,12.4,Laptop,3.0,0,2.5952547069568657,0,2022,9,1,3
51.0,Other,USA,Massachusetts,Basic,20.136172344689378,Tablet,2.0,1,3.0509859018293035,0,2023,7,16,6
30.0,Male,USA,Michigan,Premium+,7.72,Gaming Console,0.0,0,2.1656192379208883,1,2025,6,28,5
52.0,Female,USA,North Carolina,Premium+,5.79,Desktop,3.0,0,1.9154509415706047,0,2025,5,21,2
25.0,Female,Canada,Manitoba,Standard,50.97,Desktop,5.0,1,3.9506666290203505,0,2024,5,31,4
34.0,Male,USA,Massachusetts,Standard,7.63,Smart TV,1.0,0,2.1552445050953364,0,2023,3,20,0
26.0,Female,USA,Maryland,Premium,10.24,Laptop,2.0,0,2.419478844465545,0,2023,1,28,5
43.0,Male,USA,California,Standard,37.31,Smart TV,1.0,0,3.6457109587125576,0,2024,4,6,5
51.0,Female,USA,North Carolina,Standard,17.9,Tablet,2.0,0,2.9391619220655967,0,2024,11,5,1
50.0,Male,USA,Pennsylvania,Basic,20.136172344689378,Laptop,3.0,0,3.0509859018293035,0,2024,3,22,4
28.0,Female,USA,Georgia,Premium,12.69,Mobile,1.0,1,2.6166656393003573,0,2025,1,10,4
36.0,Other,USA,Wisconsin,Premium,20.88,Mobile,1.0,0,3.0855729775537806,0,2024,10,15,1
35.0,Female,USA,Virginia,Standard,9.08,Desktop,4.0,0,2.3105532626432224,0,2023,4,22,5
54.0,Other,USA,North Carolina,Premium,16.07,Mobile,2.0,0,2.837322536806349,0,2024,4,17,2
11.0,Other,Canada,Manitoba,Premium,5.4,Laptop,0.0,0,1.8562979903656263,1,2023,12,30,5
38.0,Female,USA,California,Standard,14.66,Smart TV,2.0,1,2.751109690562657,0,2022,12,6,1
33.0,Other,USA,Ohio,Standard,12.33,Laptop,3.0,0,2.5900171341906173,0,2025,4,26,5
49.0,Male,USA,New Jersey,Premium,11.71,Mobile,3.0,0,2.542389085201363,0,2023,4,22,5
60.0,Male,USA,New York,Basic,3.87,Tablet,4.0,0,1.5830939370944985,0,2025,2,1,5
38.0,Female,Canada,Nova Scotia,Premium,13.96,Laptop,2.0,1,2.7053799725463312,0,2024,2,16,4
32.0,Male,Canada,Quebec,Premium,3.74,Laptop,1.0,1,1.556037135706985,0,2025,5,11,6
41.0,Male,USA,California,Premium,6.74,Gaming Console,2.0,0,2.046401687601636,0,2023,7,13,3
35.0,Male,Canada,Saskatchewan,Premium,18.23,Laptop,0.0,0,2.9564715596006885,1,2025,5,18,6
43.0,Other,USA,Michigan,Basic,8.2,Laptop,4.0,0,2.2192034840549946,0,2023,4,25,1
30.0,Male,USA,New York,Standard,20.66,Laptop,1.0,0,3.0754672415728446,0,2022,8,11,3
17.0,Male,USA,New York,Premium,25.87,Mobile,4.0,0,3.2910104226273997,0,2022,11,5,5
39.0,Male,Canada,New Brunswick,Basic,29.61,Laptop,3.0,0,3.421326752957321,0,2023,7,18,1
27.0,Other,USA,Indiana,Standard,30.65,Mobile,0.0,0,3.4547381485901854,1,2023,2,7,1
42.0,Female,USA,Wisconsin,Premium,13.33,Laptop,0.0,0,2.6623552418400807,1,2025,5,7,2
51.0,Male,Canada,British Columbia,Standard,7.38,Laptop,4.0,1,2.1258479144939915,0,2025,1,29,2
38.0,Female,USA,Illinois,Basic,13.62,Gaming Console,2.0,0,2.6823904543216326,0,2025,1,6,0
30.0,Other,USA,Indiana,Premium,11.55,Mobile,2.0,0,2.529720665577793,0,2024,10,11,4
27.0,Male,Canada,Prince Edward Island,Premium,17.38,Gaming Console,3.0,0,2.911263116927541,0,2023,5,26,4
41.0,Other,USA,Texas,Premium,5.21,Mobile,4.0,0,1.8261608959453874,0,2023,2,6,0
27.0,Male,USA,Tennessee,Basic,20.136172344689378,Tablet,2.0,1,3.0509859018293035,0,2025,1,4,5
34.0,Other,USA,Arizona,Standard,0.76,Gaming Console,4.0,0,0.5653138090500605,0,2022,9,9,4
26.0,Male,USA,Michigan,Standard,4.6,Mobile,5.0,1,1.7227665977411035,0,2024,1,15,0
33.0,Female,USA,California,Basic,12.85,Tablet,6.0,0,2.6282852326333477,0,2023,6,26,0
46.0,Other,USA,Texas,Standard,9.94,Smart TV,3.0,0,2.392425796993835,0,2022,11,1,1
44.0,Male,USA,New York,Standard,10.82,Desktop,1.0,0,2.469793011977952,0,2023,1,13,4
26.0,Other,Canada,Alberta,Premium,4.5,Gaming Console,4.0,0,1.7047480922384253,0,2023,9,13,2
32.0,Other,USA,Wisconsin,Premium,22.74,Desktop,3.0,0,3.167161389181522,0,2023,8,11,4
41.0,Male,USA,Pennsylvania,Premium,11.68,Laptop,0.0,0,2.5400259490090797,1,2025,4,2,2
47.0,Female,USA,North Carolina,Premium,8.51,Laptop,4.0,0,2.252343876557299,0,2023,2,21,1
42.0,Female,USA,Pennsylvania,Premium+,17.49,Tablet,4.0,0,2.9172300453990334,0,2022,10,3,0
22.0,Male,Canada,Quebec,Premium+,27.22,Desktop,1.0,0,3.340030946424668,0,2025,3,9,6
47.0,Male,USA,California,Premium,9.6,Laptop,5.0,0,2.3608540011180215,0,2022,12,9,4
55.0,Male,USA,California,Premium,22.11,Desktop,0.0,0,3.1402654242862895,1,2022,10,26,2
26.0,Male,USA,Pennsylvania,Basic,16.63,Gaming Console,1.0,0,2.869601996409779,0,2023,11,23,3
56.0,Male,USA,Washington,Standard,5.92,Smart TV,1.0,1,1.9344157696295783,0,2024,8,19,0
49.0,Male,Canada,Quebec,Basic,7.18,Desktop,2.0,0,2.1016921506146558,0,2024,7,7,6
42.0,Female,USA,Illinois,Standard,30.05,Smart TV,5.0,0,3.435598808379488,0,2024,8,31,5
20.0,Other,USA,New York,Premium,14.17,Gaming Console,0.0,0,2.719319793360441,1,2023,1,12,3
39.0,Other,USA,Missouri,Standard,260.04,Mobile,3.0,1,5.564673652285065,0,2023,3,23,3
33.0,Female,Canada,Nova Scotia,Basic,35.74,Mobile,0.0,0,3.6038660797869797,1,2023,6,25,6
40.0,Female,Canada,Nova Scotia,Premium,20.35,Laptop,2.0,0,3.0610517396746335,0,2024,1,24,2
41.0,Female,USA,New Jersey,Basic,7.56,Smart TV,2.0,1,2.1471001901536506,0,2022,12,24,5
58.0,Other,Canada,Newfoundland and Labrador,Premium,6.81,Gaming Console,0.0,0,2.0554049638515948,1,2025,5,1,3
54.0,Female,USA,Missouri,Basic,20.136172344689378,Tablet,4.0,1,3.0509859018293035,0,2023,5,27,5
31.0,Male,USA,Florida,Premium+,8.65,Laptop,4.0,0,2.2669579153508947,0,2024,1,4,3
22.0,Other,USA,Michigan,Standard,2.67,Laptop,4.0,1,1.3001916620664788,0,2023,2,8,2
40.0,Male,USA,Pennsylvania,Premium,29.65,Tablet,2.0,0,3.4226326623822203,0,2023,8,24,3
25.0,Female,Canada,British Columbia,Premium,8.15,Laptop,0.0,0,2.21375387928743,1,2024,4,30,1
21.0,Male,Canada,Manitoba,Premium,3.78,Smart TV,4.0,1,1.5644405465033644,0,2024,1,4,3
25.0,Male,Canada,New Brunswick,Standard,13.65,Tablet,2.0,0,2.6844403354630764,0,2023,1,12,3
16.0,Female,USA,Missouri,Basic,20.136172344689378,Smart TV,7.0,0,3.0509859018293035,0,2023,3,7,1
18.0,Other,Canada,Prince Edward Island,Premium+,3.71,Smart TV,0.0,0,1.5496879080283263,1,2022,11,5,5
29.0,Male,USA,Virginia,Premium,6.46,Tablet,1.0,0,2.0095554142156695,0,2023,12,17,6
36.0,Female,USA,Arizona,Premium,28.3,Gaming Console,0.0,0,3.3775875160230218,1,2022,10,4,1
25.0,Female,USA,North Carolina,Premium,6.38,Desktop,2.0,0,1.998773638612381,0,2022,8,9,1
33.0,Female,USA,New York,Premium,21.97,Desktop,1.0,0,3.134189016701007,0,2025,5,22,3
42.0,Male,Canada,Manitoba,Premium+,0.72,Smart TV,8.0,0,0.5423242908253617,0,2023,5,5,4
42.0,Female,USA,Wisconsin,Premium,3.04,Tablet,2.0,0,1.3962446919730587,0,2024,4,4,3
37.0,Male,USA,Massachusetts,Premium,46.91,Gaming Console,0.0,0,3.8693242508950307,1,2025,2,11,1
37.0,Male,USA,Virginia,Standard,19.18,Gaming Console,2.0,0,3.004692014925463,0,2024,8,10,5
40.0,Female,USA,Florida,Standard,12.5,Gaming Console,0.0,0,2.6026896854443837,1,2024,1,19,4
35.0,Male,USA,Massachusetts,Premium+,18.31,Tablet,0.0,0,2.960623096440423,1,2024,12,30,0
44.0,Female,Canada,New Brunswick,Premium+,12.84,Desktop,4.0,0,2.6275629501895237,0,2024,4,17,2
28.0,Female,USA,Texas,Premium+,5.19,Gaming Console,7.0,0,1.8229350866965048,0,2022,12,12,0
28.0,Male,USA,Indiana,Standard,24.29,Smart TV,1.0,0,3.2304090606818736,0,2024,6,27,3
31.0,Male,USA,Massachusetts,Premium+,18.73,Mobile,6.0,0,2.982140320034524,0,2022,12,21,2
27.0,Male,USA,Missouri,Premium,24.37,Tablet,4.0,1,3.2335673736111907,0,2025,3,1,5
41.0,Female,USA,Arizona,Standard,42.84,Desktop,1.0,1,3.7805466426397603,0,2024,2,23,4
30.0,Other,USA,Maryland,Standard,19.32,Desktop,1.0,1,3.011605622710281,0,2025,5,13,1
28.0,Female,USA,Massachusetts,Standard,22.854736059479553,Gaming Console,3.0,1,3.1719827745379456,0,2024,5,28,1
39.0,Male,USA,Pennsylvania,Basic,4.86,Tablet,1.0,0,1.7681496035889213,0,2025,6,10,1
42.0,Other,USA,Missouri,Premium+,16.45,Desktop,2.0,0,2.859339648648436,0,2023,8,17,3
50.0,Other,USA,Pennsylvania,Standard,22.854736059479553,Mobile,4.0,0,3.1719827745379456,0,2025,6,28,5
18.0,Male,USA,North Carolina,Premium,27.79,Mobile,4.0,0,3.3600281046240843,0,2024,8,30,4
46.0,Male,USA,North Carolina,Premium,10.61,Desktop,3.0,1,2.4518667957098,0,2024,1,9,1
40.0,Male,USA,Tennessee,Premium,21.811017452655033,Tablet,0.0,0,3.1272436408541084,1,2024,7,3,2
27.0,Female,USA,New Jersey,Premium,2.52,Desktop,0.0,0,1.2584609896100056,1,2025,3,26,2
46.0,Male,USA,Wisconsin,Basic,40.63,Desktop,2.0,0,3.728821061206884,0,2024,8,19,0
44.0,Other,Canada,Nova Scotia,Premium,16.89,Tablet,4.0,0,2.884241897520628,0,2025,6,8,6
59.0,Male,USA,Tennessee,Premium,21.811017452655033,Desktop,2.0,0,3.1272436408541084,0,2023,5,16,1
46.0,Female,USA,Texas,Premium+,2.64,Gaming Console,5.0,0,1.2919836816486494,0,2023,11,3,4
26.0,Male,USA,Maryland,Standard,18.72,Gaming Console,3.0,0,2.9816333491744893,0,2022,8,20,5
45.0,Female,USA,Massachusetts,Standard,4.58,Mobile,2.0,0,1.7191887763932197,0,2023,6,27,1
28.0,Female,USA,Georgia,Standard,27.19,Laptop,6.0,1,3.338967305126021,0,2024,9,20,4
48.0,Male,Canada,Saskatchewan,Standard,33.79,Laptop,3.0,0,3.5493299891638506,0,2023,11,7,1
35.0,Other,USA,Arizona,Premium,21.811017452655033,Smart TV,2.0,0,3.1272436408541084,0,2023,4,9,6
36.0,Female,USA,California,Basic,20.136172344689378,Desktop,3.0,0,3.0509859018293035,0,2024,4,11,3
32.0,Other,USA,New Jersey,Basic,8.78,Gaming Console,2.0,1,2.280339484046726,0,2024,12,21,5
35.0,Male,USA,Michigan,Standard,41.28,Smart TV,3.0,0,3.7443141610020367,0,2024,8,14,2
37.0,Female,USA,Missouri,Standard,16.16,Tablet,3.0,0,2.8425810940598164,0,2024,4,15,0
43.0,Female,Canada,Newfoundland and Labrador,Standard,43.88,Desktop,0.0,0,3.803992261214441,1,2023,7,30,6
29.0,Other,USA,Maryland,Standard,16.74,Gaming Console,4.0,0,2.8758219768814333,0,2025,4,26,5
13.0,Male,Canada,Quebec,Basic,12.16,Smart TV,4.0,0,2.5771819258971713,0,2025,5,2,4
22.0,Male,Canada,Prince Edward Island,Standard,14.47,Tablet,6.0,0,2.738902664584975,0,2025,7,26,5
51.0,Other,USA,Virginia,Premium,17.25,Desktop,6.0,0,2.9041650800285006,0,2025,5,6,1
34.0,Female,USA,North Carolina,Basic,44.03,Desktop,6.0,0,3.8073289343134804,0,2024,9,8,6
36.0,Other,USA,Georgia,Premium,13.97,Gaming Console,3.0,0,2.706048198431537,0,2023,8,15,1
28.0,Female,USA,Massachusetts,Basic,4.79,Gaming Console,0.0,0,1.7561322915849038,1,2024,11,28,3
25.0,Female,USA,Virginia,Premium+,11.88,Tablet,0.0,0,2.5556757206762075,1,2024,4,27,5
30.0,Female,USA,North Carolina,Basic,20.136172344689378,Gaming Console,3.0,0,3.0509859018293035,0,2023,3,20,0
53.0,Female,USA,Tennessee,Basic,20.136172344689378,Tablet,4.0,0,3.0509859018293035,0,2023,1,11,2
32.0,Female,Canada,Nova Scotia,Basic,32.69,Desktop,1.0,0,3.5172010574184616,0,2025,4,11,4
27.0,Female,Canada,Ontario,Basic,20.136172344689378,Tablet,2.0,0,3.0509859018293035,0,2024,7,4,3
21.0,Female,USA,California,Premium+,4.7,Smart TV,1.0,0,1.7404661748405046,0,2023,10,29,6
22.0,Male,Canada,Prince Edward Island,Standard,12.66,Smart TV,0.0,0,2.614471854142644,1,2023,2,6,0
45.0,Other,Canada,Nova Scotia,Standard,8.35,Tablet,0.0,0,2.2353763433005955,1,2025,2,15,5
36.0,Male,USA,Pennsylvania,Standard,30.83,Laptop,0.0,0,3.4604092412940015,1,2024,10,8,1
24.0,Male,USA,Virginia,Basic,33.53,Smart TV,4.0,0,3.541828511401901,0,2023,3,13,0
28.0,Female,Canada,Saskatchewan,Premium+,19.675352862849536,Gaming Console,5.0,0,3.0289423078910556,0,2023,2,15,2
41.0,Female,USA,Massachusetts,Premium,20.07,Mobile,7.0,0,3.0478502278160975,0,2024,11,14,3
22.0,Male,Canada,Newfoundland and Labrador,Premium,18.5,Laptop,2.0,0,2.970414465569701,0,2023,11,3,4
39.0,Male,USA,Washington,Standard,40.59,Mobile,2.0,0,3.7278597537548204,0,2024,9,3,1
46.0,Female,USA,New Jersey,Premium,11.71,Mobile,7.0,0,2.542389085201363,0,2025,3,11,1
55.0,Male,USA,Massachusetts,Premium,10.31,Gaming Console,2.0,0,2.425687290128029,0,2024,5,1,2
28.0,Male,USA,Massachusetts,Basic,2.77,Gaming Console,4.0,0,1.3270750014599193,0,2022,11,17,3
43.0,Female,USA,New York,Standard,71.24,Tablet,1.0,1,4.27999390910873,0,2023,9,12,1
24.0,Female,USA,Washington,Standard,3.32,Laptop,2.0,0,1.463255402256019,0,2024,10,12,5
28.0,Female,USA,Michigan,Standard,22.854736059479553,Mobile,2.0,0,3.1719827745379456,0,2022,8,28,6
35.0,Male,USA,Massachusetts,Basic,9.16,Gaming Console,1.0,0,2.318458442150336,0,2025,4,26,5
52.0,Male,USA,Virginia,Standard,10.18,Gaming Console,2.0,0,2.414126467726953,0,2022,8,19,4
25.0,Male,USA,Washington,Premium,12.74,Tablet,3.0,0,2.620311286794203,0,2023,2,22,2
19.0,Female,Canada,New Brunswick,Standard,4.06,Laptop,4.0,0,1.6213664832993742,0,2024,12,10,1
12.0,Female,USA,Georgia,Basic,32.51,Gaming Console,0.0,0,3.511843901749219,1,2024,5,24,4
39.0,Other,Canada,New Brunswick,Standard,22.854736059479553,Gaming Console,3.0,0,3.1719827745379456,0,2025,2,27,3
37.0,Female,Canada,Quebec,Standard,19.69,Gaming Console,2.0,0,3.029650491757452,0,2024,7,29,0
38.0,Female,Canada,Ontario,Standard,16.07,Mobile,4.0,0,2.837322536806349,0,2022,9,6,1
38.0,Female,USA,North Carolina,Premium,4.81,Smart TV,0.0,0,1.7595805708638197,1,2024,8,14,2
28.0,Male,USA,Missouri,Premium+,19.675352862849536,Tablet,0.0,0,3.0289423078910556,1,2024,2,13,1
40.0,Male,USA,Texas,Standard,18.74,Desktop,0.0,0,2.9826470340053355,1,2024,2,17,5
50.0,Male,Canada,New Brunswick,Premium,14.15,Smart TV,1.0,1,2.7180005319553784,0,2023,10,17,1
37.0,Male,Canada,Nova Scotia,Standard,22.854736059479553,Mobile,2.0,0,3.1719827745379456,0,2024,11,21,3
25.0,Male,USA,Missouri,Premium,10.31,Laptop,2.0,0,2.425687290128029,0,2023,4,7,4
42.0,Female,Canada,Manitoba,Standard,27.87,Tablet,6.0,0,3.3628029936748436,0,2024,2,25,6
51.0,Other,USA,Wisconsin,Premium,21.811017452655033,Desktop,5.0,0,3.1272436408541084,0,2022,12,3,5
45.0,Female,Canada,British Columbia,Standard,13.56,Laptop,6.0,0,2.67827804276854,0,2023,4,4,1
34.0,Male,USA,Florida,Basic,6.56,Desktop,3.0,1,2.0228711901914416,0,2022,12,27,1
31.0,Male,USA,Georgia,Standard,22.854736059479553,Gaming Console,0.0,0,3.1719827745379456,1,2025,1,26,6
25.0,Female,USA,Ohio,Premium+,7.92,Laptop,2.0,1,2.188295946591918,0,2022,10,30,6
48.0,Male,USA,New Jersey,Premium,10.36,Mobile,1.0,0,2.4300984132930052,0,2024,2,14,2
44.0,Male,USA,Pennsylvania,Standard,47.62,Gaming Console,5.0,0,3.884034968887977,0,2022,9,9,4
10.0,Male,Canada,Nova Scotia,Premium,5.04,Laptop,6.0,0,1.7984040119467235,0,2024,7,18,3
10.0,Other,USA,California,Premium,21.811017452655033,Gaming Console,2.0,0,3.1272436408541084,0,2024,11,26,1
23.0,Female,USA,Virginia,Premium+,6.3,Gaming Console,1.0,1,1.9878743481543455,0,2023,3,24,4
41.0,Female,USA,Maryland,Basic,12.22,Mobile,0.0,0,2.5817308344235403,1,2025,5,16,4
29.0,Male,USA,Washington,Standard,12.6,Mobile,4.0,0,2.6100697927420065,0,2025,3,19,2
58.0,Female,Canada,Nova Scotia,Premium,5.61,Gaming Console,3.0,0,1.888583653863595,0,2024,11,29,4
14.0,Male,Canada,Alberta,Premium,25.91,Gaming Console,0.0,0,3.2924979647388146,1,2022,11,4,4
30.0,Male,USA,Arizona,Premium,19.1,Mobile,2.0,0,3.0007198150650303,0,2025,7,7,0
39.0,Male,USA,North Carolina,Premium,21.811017452655033,Mobile,1.0,0,3.1272436408541084,0,2024,2,20,1
24.0,Female,USA,California,Standard,5.5,Smart TV,0.0,0,1.8718021769015913,1,2024,8,24,5
34.0,Female,USA,Washington,Premium,18.17,Smart TV,4.0,1,2.9533465570575532,0,2024,6,28,4
44.0,Other,USA,Michigan,Standard,9.33,Tablet,3.0,0,2.3350522831315472,0,2024,7,18,3
26.0,Other,USA,Georgia,Standard,27.99,Desktop,1.0,0,3.3669509429335642,0,2024,5,21,1
43.0,Female,USA,Washington,Standard,12.76,Laptop,2.0,0,2.6217658325051976,0,2024,10,25,4
43.0,Male,Canada,Prince Edward Island,Premium,23.64,Gaming Console,1.0,0,3.204371138665319,0,2024,5,27,0
39.0,Other,USA,New York,Premium+,14.23,Smart TV,1.0,0,2.7232671669070703,0,2025,3,23,6
35.0,Male,Canada,Manitoba,Standard,29.84,Smart TV,2.0,0,3.4288125486951286,0,2023,8,2,2
34.0,Female,USA,Pennsylvania,Standard,22.94,Gaming Console,1.0,0,3.1755507001298273,0,2025,5,30,4
40.0,Female,USA,Missouri,Premium+,7.86,Desktop,3.0,0,2.1815467646169897,0,2024,10,8,1
47.0,Female,USA,Washington,Basic,8.43,Mobile,4.0,0,2.2438960966453663,0,2023,4,14,4
33.0,Female,USA,New Jersey,Premium,4.04,Smart TV,3.0,0,1.6174060820832772,0,2023,6,8,3
47.0,Male,Canada,New Brunswick,Standard,20.49,Desktop,0.0,0,3.067587710654419,1,2024,1,31,2
39.0,Female,USA,New York,Premium,20.53,Gaming Console,3.0,0,3.0694473113762717,0,2023,11,18,5
45.0,Female,USA,Washington,Standard,6.6,Desktop,4.0,0,2.028148247292285,0,2024,4,26,4
27.0,Other,USA,Pennsylvania,Premium,21.811017452655033,Gaming Console,3.0,0,3.1272436408541084,0,2024,3,7,3
28.0,Male,Canada,Ontario,Basic,34.43,Tablet,4.0,0,3.5675589188773804,0,2023,1,19,3
32.0,Female,Canada,Prince Edward Island,Premium,24.79,Tablet,1.0,1,3.2499868198932536,0,2024,8,5,0
37.0,Male,USA,Virginia,Basic,12.06,Desktop,1.0,0,2.569554123848285,0,2023,8,13,6
48.0,Female,Canada,Manitoba,Standard,8.23,Gaming Console,2.0,0,2.222459048514761,0,2024,8,26,0
33.0,Male,USA,Pennsylvania,Standard,11.58,Tablet,1.0,0,2.5321082512722946,0,2023,10,6,4
46.0,Other,Canada,Ontario,Premium+,10.66,Mobile,3.0,0,2.4561641809223462,0,2024,9,5,3
60.0,Female,Canada,Quebec,Standard,18.57,Desktop,2.0,0,2.9739977814079848,0,2025,6,28,5
26.0,Male,USA,Michigan,Standard,14.86,Desktop,4.0,0,2.7638002162067017,0,2024,3,18,0
19.0,Female,USA,Texas,Standard,10.8,Desktop,5.0,0,2.468099531471619,0,2023,6,12,0
31.0,Other,USA,Illinois,Premium,14.1,Smart TV,0.0,0,2.714694743820879,1,2025,2,25,1
24.0,Male,Canada,Prince Edward Island,Basic,12.6,Laptop,4.0,0,2.6100697927420065,0,2023,8,29,1
42.0,Male,USA,Washington,Basic,28.42,Desktop,2.0,0,3.3816747151732915,0,2024,8,3,5
15.0,Other,USA,Pennsylvania,Premium,11.45,Laptop,3.0,0,2.5217206229107165,0,2024,10,10,3
23.0,Male,USA,Maryland,Premium+,3.52,Desktop,4.0,0,1.5085119938441398,0,2023,1,6,4
42.0,Female,Canada,Ontario,Premium,4.89,Smart TV,3.0,1,1.7732559976634952,0,2023,10,21,5
37.0,Other,Canada,British Columbia,Premium,43.57,Mobile,3.0,1,3.7970609869584644,0,2025,6,28,5
50.0,Female,USA,Texas,Standard,25.51,Desktop,5.0,0,3.277522020300934,0,2022,10,9,6
15.0,Male,USA,Massachusetts,Premium+,22.11,Laptop,0.0,0,3.1402654242862895,1,2023,5,21,6
23.0,Male,Canada,Prince Edward Island,Premium,5.41,Desktop,0.0,0,1.8578592709325787,1,2023,4,23,6
36.0,Male,USA,Indiana,Standard,22.854736059479553,Desktop,1.0,0,3.1719827745379456,0,2023,12,19,1
42.0,Male,USA,Tennessee,Standard,3.0,Gaming Console,1.0,0,1.3862943611198906,0,2025,7,27,6
41.0,Female,USA,Florida,Premium,21.811017452655033,Mobile,1.0,0,3.1272436408541084,0,2024,8,24,5
44.0,Other,USA,Pennsylvania,Standard,11.43,Gaming Console,3.0,0,2.5201129055226197,0,2024,1,18,3
33.0,Male,Canada,Nova Scotia,Standard,21.72,Tablet,1.0,0,3.1232455938529506,0,2025,3,23,6
31.0,Male,USA,Texas,Standard,2.65,Smart TV,3.0,0,1.2947271675944,0,2024,10,31,3
24.0,Female,Canada,Saskatchewan,Standard,25.11,Smart TV,1.0,0,3.2623183827110376,0,2025,7,28,0
18.0,Female,USA,Arizona,Premium,23.0,Desktop,3.0,0,3.1780538303479458,0,2023,11,10,4
28.0,Female,USA,Maryland,Premium,21.811017452655033,Tablet,2.0,0,3.1272436408541084,0,2023,5,1,0
30.0,Female,USA,Tennessee,Premium,24.96,Mobile,3.0,0,3.2565568918358894,0,2024,10,15,1
29.0,Female,Canada,Ontario,Basic,11.25,Smart TV,0.0,1,2.505525936990736,1,2024,10,8,1
58.0,Male,Canada,Manitoba,Standard,6.0,Tablet,4.0,0,1.9459101490553132,0,2023,10,29,6
24.0,Other,Canada,New Brunswick,Premium,16.5,Mobile,1.0,0,2.8622008809294686,0,2023,10,6,4
21.0,Female,USA,Pennsylvania,Standard,13.79,Tablet,3.0,1,2.6939512767227085,0,2023,8,21,0
46.0,Male,USA,Massachusetts,Basic,11.39,Smart TV,3.0,0,2.516889695641051,0,2024,4,15,0
26.0,Other,USA,Georgia,Standard,10.06,Gaming Console,4.0,0,2.403334996094189,0,2022,8,30,1
24.0,Female,Canada,Newfoundland and Labrador,Premium,9.27,Gaming Console,2.0,0,2.329227023940467,0,2025,7,5,5
28.0,Other,USA,Pennsylvania,Premium,14.71,Desktop,5.0,1,2.75429745226753,0,2023,10,8,6
32.0,Female,USA,Pennsylvania,Premium,21.18,Gaming Console,5.0,0,3.099190981922221,0,2025,4,3,3
45.0,Female,Canada,Ontario,Premium,24.99,Laptop,0.0,0,3.2577118486533987,1,2025,7,20,6
49.0,Female,Canada,New Brunswick,Premium,4.65,Smart TV,2.0,0,1.7316555451583497,0,2024,12,5,3
58.0,Female,USA,New Jersey,Standard,15.53,Laptop,0.0,0,2.805176911832933,1,2023,7,5,2
50.0,Female,USA,Wisconsin,Standard,27.43,Desktop,2.0,0,3.3474449256629084,0,2024,7,7,6
26.0,Male,USA,Texas,Premium+,5.31,Desktop,2.0,0,1.8421356765531218,0,2025,5,21,2
22.0,Male,USA,Michigan,Standard,15.28,Smart TV,0.0,0,2.7899373605743945,1,2023,7,22,5
42.0,Male,USA,Maryland,Premium+,47.24,Desktop,4.0,0,3.87618855241893,0,2023,8,7,0
22.0,Male,USA,Washington,Premium,21.811017452655033,Desktop,5.0,0,3.1272436408541084,0,2023,11,24,4
38.0,Female,USA,Michigan,Standard,6.85,Tablet,4.0,0,2.060513531794317,0,2024,5,3,4
56.0,Other,USA,Maryland,Basic,1.26,Tablet,1.0,0,0.8153648132841945,0,2025,6,26,3
53.0,Male,Canada,Manitoba,Premium,13.67,Smart TV,2.0,0,2.6858045921548905,0,2023,9,9,5
30.0,Female,USA,North Carolina,Premium,39.26,Smart TV,4.0,0,3.695358420211645,0,2025,1,26,6
57.0,Other,USA,New Jersey,Standard,8.12,Tablet,2.0,1,2.21046980408624,0,2022,11,26,5
24.0,Male,USA,New Jersey,Standard,21.04,Desktop,3.0,1,3.092858984284714,0,2024,3,27,2
30.0,Male,Canada,New Brunswick,Premium,21.89,Gaming Console,4.0,0,3.1307001339644756,0,2025,3,30,6
30.0,Female,USA,North Carolina,Basic,37.27,Gaming Console,0.0,0,3.644666299437611,1,2025,2,24,0
30.0,Female,USA,Michigan,Premium,18.87,Laptop,3.0,0,2.9892110565637253,0,2024,8,3,5
51.0,Male,USA,New York,Basic,9.08,Gaming Console,0.0,1,2.3105532626432224,1,2023,10,22,6
33.0,Male,Canada,New Brunswick,Premium,6.65,Desktop,5.0,0,2.0347056478384444,0,2022,8,6,5
30.0,Male,USA,Wisconsin,Premium,17.4,Smart TV,2.0,0,2.91235066461494,0,2023,11,25,5
32.0,Female,USA,Virginia,Premium,11.95,Mobile,4.0,1,2.5610957881455465,0,2024,1,26,4
49.0,Other,USA,Texas,Premium,32.1,Laptop,2.0,0,3.4995332823830174,0,2025,6,23,0
55.0,Male,USA,California,Premium,11.66,Desktop,4.0,0,2.5384474167160302,0,2022,8,10,2
19.0,Female,Canada,British Columbia,Standard,22.854736059479553,Gaming Console,3.0,0,3.1719827745379456,0,2024,8,11,6
40.0,Female,USA,Michigan,Premium,16.96,Gaming Console,2.0,0,2.8881470628740535,0,2023,10,28,5
20.0,Male,USA,Maryland,Basic,5.61,Desktop,0.0,0,1.888583653863595,1,2022,10,8,5
51.0,Female,USA,Massachusetts,Premium+,5.58,Smart TV,5.0,1,1.884034745337226,0,2025,2,6,3
41.0,Other,Canada,New Brunswick,Basic,16.38,Tablet,3.0,0,2.8553201198372458,0,2023,11,28,1
41.0,Female,USA,Michigan,Basic,5.0,Desktop,1.0,0,1.791759469228055,0,2023,10,27,4
30.0,Female,Canada,Alberta,Standard,4.48,Tablet,3.0,0,1.7011051009599243,0,2023,11,8,2
30.0,Female,Canada,New Brunswick,Standard,20.45,Smart TV,5.0,0,3.065724645374026,0,2025,1,5,6
27.0,Female,USA,Arizona,Premium,24.76,Desktop,3.0,0,3.248822901236153,0,2024,9,9,0
35.0,Female,USA,New Jersey,Premium,23.97,Mobile,0.0,0,3.217675104291682,1,2023,6,10,5
42.0,Female,USA,Arizona,Premium,11.4,Tablet,2.0,1,2.517696472610991,0,2024,2,14,2
13.0,Male,Canada,Newfoundland and Labrador,Standard,21.09,Tablet,2.0,0,3.095125017432026,0,2024,11,2,5
29.0,Female,USA,Texas,Premium,7.92,Tablet,4.0,0,2.188295946591918,0,2023,9,28,3
31.0,Male,USA,Ohio,Standard,12.08,Desktop,1.0,0,2.5710843460290524,0,2023,3,28,1
17.0,Male,USA,Wisconsin,Premium+,26.34,Desktop,4.0,0,3.3083508312958037,0,2025,6,2,0
42.0,Female,USA,Washington,Premium+,19.675352862849536,Gaming Console,6.0,0,3.0289423078910556,0,2023,3,2,3
13.0,Female,USA,California,Premium,13.63,Desktop,3.0,1,2.683074215032033,0,2023,12,6,2
36.0,Female,USA,Maryland,Premium,11.66,Desktop,0.0,0,2.5384474167160302,1,2023,2,4,5
49.0,Male,USA,California,Standard,26.95,Smart TV,2.0,0,3.3304171996011083,0,2023,11,18,5
26.0,Female,Canada,Alberta,Standard,22.854736059479553,Laptop,2.0,1,3.1719827745379456,0,2023,6,3,5
24.0,Male,Canada,Quebec,Standard,33.05,Smart TV,2.0,1,3.527830032595521,0,2023,9,5,1
29.0,Other,USA,Washington,Basic,27.57,Tablet,2.0,0,3.3523572162426816,0,2025,3,15,5
42.0,Female,USA,California,Premium+,7.24,Gaming Console,0.0,0,2.1090003439213802,1,2024,8,28,2
20.0,Other,USA,North Carolina,Basic,9.89,Desktop,2.0,0,2.387844936944869,0,2024,2,4,6
22.0,Female,USA,Tennessee,Standard,18.83,Laptop,1.0,0,2.9871959425317045,0,2024,9,20,4
19.0,Other,USA,Illinois,Standard,7.37,Laptop,0.0,1,2.124653884501384,1,2025,6,9,0
36.0,Female,Canada,Manitoba,Basic,9.85,Smart TV,4.0,1,2.3841650799864684,0,2024,11,22,4
44.0,Female,USA,Arizona,Standard,50.3,Gaming Console,1.0,0,3.937690752176724,0,2025,1,5,6
35.0,Female,USA,North Carolina,Premium+,28.72,Desktop,2.0,1,3.391820219849558,0,2025,2,8,5
36.0,Male,USA,Missouri,Premium,19.95,Desktop,1.0,0,3.0421386463681466,0,2024,7,11,3
35.0,Male,USA,Indiana,Premium,8.9,Laptop,5.0,0,2.2925347571405443,0,2024,5,24,4
20.0,Other,Canada,Nova Scotia,Standard,8.15,Gaming Console,2.0,0,2.21375387928743,0,2024,11,26,1
27.0,Female,USA,Arizona,Standard,23.2,Tablet,1.0,0,3.186352633162641,0,2025,4,7,0
37.0,Female,USA,Massachusetts,Standard,20.54,Laptop,0.0,0,3.0699116717282426,1,2023,4,17,0
30.0,Male,USA,Ohio,Standard,3.05,Gaming Console,0.0,0,1.3987168811184478,1,2023,11,25,5
13.0,Male,Canada,Nova Scotia,Standard,27.67,Tablet,2.0,0,3.3558512798952784,0,2025,2,18,1
58.0,Male,USA,Maryland,Standard,5.53,Smart TV,0.0,0,1.8764069432883397,1,2025,7,29,1
24.0,Female,USA,Georgia,Standard,7.1,Mobile,0.0,0,2.0918640616783932,1,2024,10,29,1
35.0,Female,USA,New York,Premium,20.05,Smart TV,4.0,0,3.0469005601283903,0,2023,8,29,1
41.0,Male,USA,Missouri,Premium,21.28,Laptop,1.0,0,3.1036894150590832,0,2024,12,1,6
17.0,Male,USA,Washington,Premium,4.19,Laptop,7.0,0,1.6467336971777973,0,2023,5,28,6
36.0,Male,Canada,British Columbia,Basic,19.7,Gaming Console,0.0,0,3.0301337002713233,1,2023,12,9,5
28.0,Male,USA,Virginia,Premium+,10.93,Tablet,2.0,1,2.4790562361098245,0,2023,4,29,5
27.0,Male,USA,Missouri,Basic,4.94,Laptop,0.0,0,1.7817091333745536,1,2025,2,5,2
44.0,Male,Canada,Manitoba,Premium,3.31,Laptop,2.0,0,1.4609379041156565,0,2023,8,4,4
39.0,Female,USA,New Jersey,Basic,12.52,Laptop,3.0,0,2.604170070614818,0,2024,7,14,6
26.0,Male,USA,Arizona,Premium,13.52,Smart TV,0.0,1,2.67552700939665,1,2023,10,20,4
27.0,Other,Canada,Prince Edward Island,Standard,2.26,Tablet,3.0,0,1.1817271953786161,0,2023,12,24,6
49.0,Female,Canada,New Brunswick,Premium+,6.27,Smart TV,1.0,0,1.9837562915454279,0,2024,3,10,6
19.0,Female,USA,Tennessee,Standard,13.02,Desktop,2.0,0,2.640484881606444,0,2024,11,10,6
33.0,Female,USA,Florida,Premium,14.18,Smart TV,3.0,0,2.719978771967484,0,2024,10,6,6
16.0,Female,USA,Arizona,Premium+,9.06,Tablet,4.0,0,2.3085671646715933,0,2023,3,3,4
16.0,Male,USA,Virginia,Standard,22.854736059479553,Gaming Console,1.0,0,3.1719827745379456,0,2023,5,19,4
41.0,Other,USA,Washington,Premium,13.94,Laptop,4.0,0,2.7040421797046714,0,2022,9,12,0
16.0,Male,Canada,Alberta,Basic,9.32,Mobile,0.0,0,2.334083760053417,1,2025,6,14,5
33.0,Male,USA,Texas,Premium,30.15,Smart TV,2.0,0,3.4388142452334622,0,2024,9,5,3
47.0,Other,Canada,Ontario,Standard,14.21,Smart TV,1.0,0,2.7219531062712017,0,2023,5,6,5
42.0,Male,USA,Wisconsin,Premium,5.06,Smart TV,4.0,0,1.801709800081223,0,2023,9,7,3
50.0,Female,USA,Maryland,Premium,20.58,Smart TV,4.0,1,3.0717669598299886,0,2023,1,22,6
35.0,Male,USA,Texas,Premium,3.2,Smart TV,1.0,1,1.4350845252893227,0,2022,11,20,6
28.0,Other,Canada,Newfoundland and Labrador,Premium,8.98,Gaming Console,1.0,0,2.300583090323373,0,2024,5,1,2
20.0,Female,USA,Washington,Standard,33.98,Desktop,3.0,0,3.554776469590456,0,2022,11,13,6
53.0,Other,USA,Maryland,Standard,12.09,Laptop,3.0,1,2.5718485799218085,0,2024,8,9,4
12.0,Other,Canada,Quebec,Basic,25.09,Desktop,7.0,0,3.261552099148637,0,2024,10,1,1
14.0,Female,USA,Massachusetts,Premium+,17.89,Desktop,0.0,0,2.9386326815134183,1,2025,1,13,0
49.0,Female,Canada,Ontario,Standard,13.15,Desktop,4.0,0,2.649714624089247,0,2025,3,27,3
18.0,Other,USA,Washington,Standard,11.88,Desktop,0.0,0,2.5556757206762075,1,2025,2,8,5
31.0,Other,USA,New Jersey,Standard,37.23,Mobile,1.0,0,3.6436205477083212,0,2025,4,25,4
37.0,Female,USA,Wisconsin,Standard,10.82,Laptop,2.0,0,2.469793011977952,0,2024,1,14,6
43.0,Other,USA,Washington,Premium,8.35,Tablet,4.0,0,2.2353763433005955,0,2023,7,14,4
32.0,Other,USA,Ohio,Premium,6.84,Mobile,2.0,0,2.0592388343623163,0,2025,5,17,5
46.0,Male,USA,Virginia,Standard,8.82,Desktop,4.0,0,2.2844211223663744,0,2024,3,8,4
43.0,Other,USA,Pennsylvania,Premium,4.99,Smart TV,1.0,0,1.7900914121273581,0,2024,3,24,6
20.0,Other,USA,New Jersey,Standard,7.33,Smart TV,5.0,0,2.1198634561787513,0,2022,10,7,4
38.0,Other,USA,Massachusetts,Standard,3.08,Desktop,3.0,0,1.4060969884160703,0,2023,3,17,4
41.0,Other,USA,Tennessee,Premium,8.56,Mobile,2.0,0,2.25758772706331,0,2024,5,24,4
35.0,Female,USA,Massachusetts,Premium,24.08,Smart TV,5.0,0,3.22207071576472,0,2024,7,23,1
20.0,Male,Canada,Prince Edward Island,Premium+,10.58,Tablet,6.0,1,2.449279472144849,0,2023,7,16,6
24.0,Female,USA,Ohio,Standard,6.29,Tablet,0.0,0,1.986503546020567,1,2022,11,29,1
37.0,Male,USA,Georgia,Premium,4.79,Laptop,2.0,0,1.7561322915849038,0,2024,3,16,5
34.0,Female,USA,Ohio,Standard,10.8,Mobile,0.0,0,2.468099531471619,1,2023,8,17,3
37.0,Male,USA,Maryland,Premium,21.811017452655033,Desktop,3.0,0,3.1272436408541084,0,2024,9,22,6
56.0,Female,Canada,Alberta,Standard,20.85,Laptop,5.0,0,3.084200921541599,0,2024,10,30,2
41.0,Male,USA,North Carolina,Basic,10.33,Gaming Console,5.0,0,2.427454075039915,0,2023,9,14,3
13.0,Male,USA,Georgia,Premium,32.49,Smart TV,1.0,0,3.5112468868061133,0,2024,4,11,3
36.0,Male,Canada,Ontario,Premium,14.9,Laptop,4.0,0,2.766319109226186,0,2022,12,15,3
24.0,Other,USA,Massachusetts,Premium,9.29,Tablet,2.0,0,2.331172549845958,0,2024,2,3,5
27.0,Male,USA,Wisconsin,Premium,21.811017452655033,Gaming Console,3.0,0,3.1272436408541084,0,2025,1,31,4
23.0,Female,Canada,Saskatchewan,Standard,22.854736059479553,Laptop,1.0,0,3.1719827745379456,0,2024,11,16,5
35.0,Female,USA,Wisconsin,Premium,39.33,Gaming Console,2.0,1,3.697095608885277,0,2025,7,14,0
38.0,Male,USA,Tennessee,Basic,27.4,Mobile,2.0,1,3.3463891451671604,0,2022,10,9,6
34.0,Female,USA,New York,Premium,21.28,Smart TV,0.0,0,3.1036894150590832,1,2025,2,2,6
29.0,Other,Canada,New Brunswick,Basic,29.09,Desktop,4.0,0,3.4041928906419536,0,2025,1,10,4
54.0,Female,Canada,Alberta,Standard,21.63,Smart TV,2.0,0,3.119276459645446,0,2022,10,31,0
53.0,Male,USA,Missouri,Premium+,23.34,Tablet,0.0,0,3.1921210875593813,1,2022,10,18,1
21.0,Other,USA,Florida,Premium,8.13,Mobile,2.0,0,2.211565694606877,0,2024,4,13,5
27.0,Male,USA,Washington,Premium,11.99,Laptop,3.0,0,2.5641798306825083,0,2023,3,7,1
18.0,Female,Canada,Nova Scotia,Premium,4.74,Mobile,2.0,0,1.747459210331475,0,2024,3,13,2
40.0,Male,USA,Pennsylvania,Standard,22.854736059479553,Desktop,4.0,0,3.1719827745379456,0,2023,11,17,4
52.0,Male,USA,Florida,Standard,13.81,Tablet,2.0,0,2.6953026282797072,0,2023,8,24,3
22.0,Female,USA,Texas,Standard,12.77,Mobile,1.0,0,2.6224923127405635,0,2024,8,18,6
36.0,Other,USA,North Carolina,Basic,26.24,Laptop,6.0,0,3.3046864812813115,0,2025,4,23,2
37.0,Other,Canada,Alberta,Premium+,14.83,Laptop,3.0,0,2.761906873892921,0,2025,5,20,1
48.0,Female,USA,New Jersey,Premium+,28.77,Mobile,5.0,1,3.393501175027685,0,2024,4,18,3
21.0,Female,USA,Missouri,Premium,8.89,Smart TV,1.0,0,2.2915241456346207,0,2024,5,5,6
17.0,Male,Canada,British Columbia,Standard,26.87,Tablet,2.0,0,3.327550841493857,0,2024,6,5,2
56.0,Male,USA,Michigan,Premium,21.811017452655033,Smart TV,1.0,0,3.1272436408541084,0,2023,5,10,2
39.0,Male,USA,Massachusetts,Standard,8.9,Mobile,5.0,0,2.2925347571405443,0,2023,12,22,4
38.0,Female,USA,Pennsylvania,Premium,21.82,Tablet,0.0,1,3.1276373444339294,1,2024,11,12,1
12.0,Male,USA,Massachusetts,Standard,8.54,Laptop,0.0,1,2.255493485460195,1,2025,3,19,2
35.0,Male,USA,Massachusetts,Premium,4.95,Laptop,0.0,0,1.7833912195575383,1,2024,9,3,1
24.0,Female,Canada,New Brunswick,Basic,16.41,Gaming Console,4.0,0,2.8570447537800976,0,2022,9,21,2
40.0,Male,Canada,Quebec,Premium+,23.5,Smart TV,1.0,0,3.1986731175506815,0,2022,9,13,1
20.0,Male,USA,Illinois,Standard,16.74,Mobile,6.0,0,2.8758219768814333,0,2025,4,20,6
26.0,Female,Canada,Prince Edward Island,Premium+,10.29,Gaming Console,3.0,0,2.4239173781615704,0,2023,7,11,1
23.0,Female,Canada,New Brunswick,Premium,13.88,Desktop,1.0,0,2.700018029404946,0,2024,4,19,4
32.0,Male,Canada,New Brunswick,Standard,11.39,Desktop,1.0,0,2.516889695641051,0,2024,5,10,4
39.0,Female,USA,New Jersey,Premium,2.22,Gaming Console,2.0,0,1.169381359556317,0,2023,12,6,2
60.0,Other,Canada,British Columbia,Premium+,10.12,Laptop,0.0,0,2.4087452888224363,1,2022,11,14,0
44.0,Other,Canada,Saskatchewan,Standard,9.75,Smart TV,5.0,0,2.3749057545736716,0,2022,8,13,5
55.0,Female,USA,Michigan,Basic,20.136172344689378,Laptop,2.0,0,3.0509859018293035,0,2024,8,6,1
30.0,Female,USA,Texas,Premium+,6.15,Mobile,6.0,0,1.9671123567059163,0,2023,7,8,5
15.0,Male,USA,Georgia,Basic,13.47,Desktop,2.0,0,2.6720775406433925,0,2024,12,7,5
47.0,Female,USA,Massachusetts,Standard,9.77,Gaming Console,1.0,1,2.3767644911682972,0,2023,5,14,6
28.0,Male,Canada,Manitoba,Basic,4.74,Smart TV,2.0,0,1.747459210331475,0,2025,5,14,2
45.0,Male,Canada,Prince Edward Island,Standard,5.63,Mobile,0.0,0,1.891604804197771,1,2025,6,25,2
44.0,Female,USA,Ohio,Standard,13.31,Smart TV,4.0,0,2.6609585935683597,0,2023,6,7,2
30.0,Female,USA,New Jersey,Standard,25.05,Laptop,3.0,0,3.260017768199376,0,2023,1,25,2
18.0,Female,USA,Michigan,Premium,18.5,Desktop,0.0,1,2.970414465569701,1,2025,5,16,4
36.0,Other,Canada,Prince Edward Island,Premium,13.86,Gaming Console,3.0,0,2.698673039289613,0,2024,7,31,2
25.0,Female,USA,Ohio,Premium,29.42,Mobile,5.0,0,3.4151002868311466,0,2023,4,29,5
37.0,Male,Canada,British Columbia,Premium,6.98,Mobile,1.0,0,2.0769384114617173,0,2024,7,18,3
28.0,Female,Canada,Saskatchewan,Standard,3.82,Laptop,1.0,0,1.572773928062509,0,2022,9,20,1
13.0,Female,USA,Michigan,Premium,4.77,Laptop,4.0,0,1.7526720805200082,0,2022,8,29,0
19.0,Female,Canada,Newfoundland and Labrador,Basic,5.23,Gaming Console,0.0,0,1.8293763327993617,1,2024,10,7,0
42.0,Male,Canada,Alberta,Premium,24.56,Mobile,2.0,0,3.241028629509334,0,2025,5,22,3
45.0,Female,USA,Arizona,Standard,37.32,Tablet,2.0,0,3.6459719531026598,0,2023,4,10,0
48.0,Male,Canada,Saskatchewan,Premium,14.58,Gaming Console,6.0,1,2.7459880404426023,0,2025,7,23,2
10.0,Male,USA,Indiana,Premium,11.96,Tablet,3.0,1,2.561867690924129,0,2025,2,19,2
46.0,Female,USA,Ohio,Premium,9.52,Tablet,2.0,1,2.3532782073095637,0,2023,2,4,5
35.0,Female,Canada,Ontario,Standard,13.38,Desktop,4.0,0,2.6658383522929006,0,2024,3,24,6
47.0,Male,USA,New York,Standard,27.84,Mobile,1.0,1,3.3617633124167483,0,2022,12,27,1
37.0,Female,USA,Pennsylvania,Basic,32.47,Gaming Console,1.0,1,3.510649515223235,0,2023,6,20,1
20.0,Male,USA,Texas,Premium,13.53,Tablet,6.0,0,2.6762154775821916,0,2022,11,1,1
38.0,Male,Canada,Manitoba,Premium+,18.11,Gaming Console,1.0,1,2.950211758252182,0,2023,8,7,0
26.0,Male,USA,New York,Basic,20.136172344689378,Gaming Console,7.0,1,3.0509859018293035,0,2023,1,25,2
53.0,Other,USA,Wisconsin,Premium,39.78,Laptop,2.0,0,3.708191765146309,0,2023,6,19,0
24.0,Female,USA,New York,Standard,30.88,Mobile,3.0,1,3.461978853922014,0,2023,12,9,5
30.0,Female,USA,Ohio,Premium,21.811017452655033,Tablet,0.0,0,3.1272436408541084,1,2024,11,28,3
41.0,Male,USA,Washington,Standard,18.28,Mobile,5.0,0,2.9590682891823996,0,2025,3,2,6
33.0,Female,Canada,British Columbia,Premium,49.56,Laptop,0.0,0,3.923160749838602,1,2023,4,14,4
46.0,Male,USA,Michigan,Standard,41.2,Laptop,3.0,0,3.742420221041966,0,2025,4,15,1
14.0,Male,Canada,Saskatchewan,Premium,20.99,Tablet,2.0,0,3.09058780456667,0,2025,5,10,5
47.0,Female,USA,Missouri,Standard,14.07,Tablet,0.0,0,2.712706012638404,1,2025,7,30,2
36.0,Male,USA,Illinois,Premium,5.22,Desktop,4.0,0,1.827769906751088,0,2025,5,14,2
42.0,Male,USA,Texas,Standard,7.6,Mobile,1.0,0,2.151762203259462,0,2023,2,24,4
36.0,Male,USA,Illinois,Premium+,6.96,Mobile,0.0,0,2.0744289998562917,1,2025,4,3,3
43.0,Other,Canada,British Columbia,Standard,15.68,Tablet,5.0,1,2.8142103969306005,0,2023,4,3,0
34.0,Female,USA,Wisconsin,Standard,11.26,Smart TV,5.0,0,2.506341930508065,0,2024,10,29,1
43.0,Male,USA,Michigan,Basic,9.42,Desktop,7.0,0,2.343727036325221,0,2023,12,12,1
21.0,Female,USA,Ohio,Standard,15.4,Smart TV,1.0,0,2.797281334830153,0,2024,3,22,4
43.0,Male,USA,Wisconsin,Basic,0.86,Gaming Console,4.0,0,0.6205764877251099,0,2025,7,8,1
41.0,Male,USA,Ohio,Premium,21.811017452655033,Desktop,0.0,0,3.1272436408541084,1,2023,11,20,0
42.0,Female,Canada,British Columbia,Premium,26.3,Mobile,2.0,0,3.3068867021909143,0,2024,9,15,6
34.0,Other,USA,Illinois,Standard,4.64,Desktop,1.0,0,1.7298840655099674,0,2023,8,10,3
41.0,Female,USA,Maryland,Premium+,33.73,Gaming Console,2.0,0,3.5476038667559826,0,2022,9,24,5
39.0,Male,Canada,British Columbia,Premium+,31.7,Laptop,3.0,0,3.487375077903208,0,2024,6,24,0
22.0,Male,Canada,Prince Edward Island,Standard,7.3,Smart TV,3.0,0,2.1162555148025524,0,2024,10,3,3
41.0,Male,USA,Ohio,Standard,22.854736059479553,Mobile,3.0,0,3.1719827745379456,0,2025,6,18,2
20.0,Male,USA,New Jersey,Basic,10.0,Gaming Console,2.0,1,2.3978952727983707,0,2022,8,2,1
47.0,Male,USA,Indiana,Premium,7.55,Laptop,2.0,0,2.145931282948669,0,2023,7,10,0
35.0,Male,Canada,Alberta,Premium,6.49,Tablet,3.0,0,2.0135687975291283,0,2025,6,26,3
49.0,Other,Canada,British Columbia,Standard,22.854736059479553,Tablet,4.0,0,3.1719827745379456,0,2022,8,12,4
14.0,Male,USA,Illinois,Standard,43.73,Tablet,2.0,1,3.8006444174447567,0,2025,7,21,0
34.0,Other,USA,New Jersey,Premium+,5.99,Mobile,2.0,1,1.944480556245719,0,2024,11,3,6
40.0,Female,Canada,British Columbia,Premium,11.07,Laptop,3.0,0,2.4907230351094403,0,2023,10,20,4
37.0,Male,USA,Georgia,Premium,1.12,Desktop,0.0,1,0.7514160886839212,1,2022,8,2,1
50.0,Female,USA,Maryland,Premium,4.1,Tablet,3.0,0,1.62924053973028,0,2025,7,8,1
32.0,Male,Canada,Alberta,Premium+,1.01,Laptop,2.0,1,0.6981347220709844,0,2023,9,6,2
59.0,Female,USA,Washington,Standard,18.91,Desktop,0.0,0,2.991222118076105,1,2024,2,29,3
45.0,Female,Canada,Newfoundland and Labrador,Standard,37.27,Smart TV,2.0,0,3.644666299437611,0,2023,2,15,2
34.0,Other,USA,Tennessee,Premium,19.99,Tablet,4.0,0,3.0440461338325417,0,2024,1,23,1
32.0,Female,USA,Florida,Premium,12.72,Smart TV,1.0,0,2.6188546222977394,0,2024,4,24,2
37.0,Other,USA,Michigan,Premium+,29.07,Desktop,1.0,0,3.4035279970004377,0,2025,6,29,6
46.0,Female,USA,Missouri,Premium,58.07,Tablet,0.0,0,4.078723181319144,1,2024,8,16,4
28.0,Female,USA,Georgia,Premium,11.56,Gaming Console,4.0,0,2.5305171610400525,0,2025,2,3,0
33.0,Male,Canada,Nova Scotia,Basic,8.17,Mobile,2.0,1,2.2159372862683733,0,2023,8,26,5
21.0,Female,Canada,Nova Scotia,Basic,40.99,Mobile,1.0,0,3.737431494696102,0,2022,11,4,4
35.0,Male,USA,North Carolina,Premium,16.58,Tablet,1.0,0,2.866761892257031,0,2022,8,16,1
31.0,Other,USA,Texas,Standard,22.854736059479553,Gaming Console,1.0,0,3.1719827745379456,0,2025,3,28,4
45.0,Other,Canada,Manitoba,Premium,5.34,Desktop,4.0,0,1.8468787684491346,0,2023,6,25,6
52.0,Male,USA,Massachusetts,Premium,19.54,Laptop,0.0,0,3.0223742045004123,1,2024,10,14,0
29.0,Female,Canada,Nova Scotia,Premium,21.811017452655033,Desktop,3.0,1,3.1272436408541084,0,2024,9,21,5
55.0,Female,USA,Michigan,Premium+,10.03,Laptop,1.0,1,2.400618833265411,0,2024,2,12,0
23.0,Female,Canada,Quebec,Premium+,3.02,Smart TV,4.0,0,1.3912819026309295,0,2024,10,10,3
29.0,Male,Canada,Saskatchewan,Standard,29.36,Mobile,1.0,0,3.4131259525274293,0,2025,6,10,1
27.0,Male,Canada,Nova Scotia,Standard,17.67,Laptop,4.0,0,2.9269179575536315,0,2025,6,7,5
46.0,Female,Canada,New Brunswick,Standard,10.47,Laptop,1.0,0,2.4397349311412793,0,2022,9,16,4
18.0,Other,Canada,Manitoba,Premium,10.54,Desktop,4.0,0,2.4458192610799534,0,2024,1,6,5
35.0,Female,Canada,Quebec,Standard,3.28,Laptop,0.0,0,1.4539530095937052,1,2024,1,14,6
42.0,Female,USA,Ohio,Premium,7.11,Tablet,4.0,0,2.0930978681273213,0,2024,6,3,0
11.0,Female,USA,Michigan,Standard,3.1,Tablet,1.0,0,1.410986973710262,0,2024,5,19,6
57.0,Female,USA,Illinois,Standard,62.58,Laptop,1.0,0,4.152298955482657,0,2025,1,19,6
26.0,Male,USA,New Jersey,Basic,6.68,Tablet,1.0,0,2.038619547159581,0,2024,9,21,5
58.0,Male,Canada,Quebec,Premium,14.51,Tablet,1.0,0,2.7414849771884473,0,2023,7,30,6
35.0,Female,Canada,Newfoundland and Labrador,Premium,3.14,Tablet,6.0,0,1.420695787837223,0,2022,11,7,0
30.0,Male,USA,California,Premium,16.73,Desktop,5.0,0,2.8752581200861167,0,2024,9,16,0
39.0,Other,USA,Missouri,Premium,5.59,Laptop,2.0,0,1.8855533485144158,0,2023,2,3,4
25.0,Male,USA,California,Basic,3.66,Laptop,0.0,0,1.5390154481375546,1,2023,10,25,2
31.0,Other,USA,Massachusetts,Standard,15.83,Tablet,3.0,0,2.8231630082027146,0,2024,1,13,5
41.0,Male,USA,Georgia,Premium+,16.6,Gaming Console,0.0,0,2.8678989020441064,1,2025,5,9,4
36.0,Male,USA,Michigan,Premium,11.13,Desktop,4.0,0,2.495681722955959,0,2023,4,1,5
14.0,Female,USA,Tennessee,Basic,4.07,Mobile,2.0,0,1.623340817603092,0,2023,5,6,5
42.0,Female,Canada,Prince Edward Island,Basic,9.98,Gaming Console,2.0,1,2.3960754360813845,0,2024,9,2,0
52.0,Male,USA,North Carolina,Basic,14.75,Gaming Console,1.0,0,2.7568403652716422,0,2023,11,24,4
20.0,Female,USA,Texas,Basic,3.88,Tablet,0.0,0,1.5851452198650557,1,2024,6,25,1
33.0,Female,USA,Ohio,Premium,8.2,Desktop,3.0,0,2.2192034840549946,0,2025,5,16,4
45.0,Male,Canada,British Columbia,Premium,15.89,Gaming Console,4.0,0,2.826721730819709,0,2022,8,3,2
53.0,Other,USA,Ohio,Basic,22.72,Tablet,1.0,0,3.1663185741295248,0,2024,5,25,5
31.0,Female,USA,Texas,Standard,4.22,Desktop,2.0,0,1.6524974018945473,0,2024,3,17,6
45.0,Female,USA,California,Standard,13.75,Desktop,1.0,0,2.691243082785829,0,2024,5,9,3
40.0,Female,USA,Pennsylvania,Premium,10.94,Mobile,0.0,0,2.479894107964456,1,2023,9,1,4
26.0,Other,USA,Pennsylvania,Basic,47.33,Laptop,2.0,0,3.8780524858569927,0,2023,3,16,3
37.0,Other,USA,Indiana,Premium+,7.52,Laptop,0.0,0,2.1424163408412245,1,2024,3,18,0
16.0,Male,USA,Texas,Standard,20.36,Mobile,1.0,0,3.061520014091994,0,2024,1,22,0
30.0,Female,Canada,Prince Edward Island,Standard,22.854736059479553,Desktop,3.0,0,3.1719827745379456,0,2023,1,8,6
32.0,Male,USA,North Carolina,Standard,24.74,Gaming Console,4.0,0,3.2480462021679806,0,2023,6,12,0
36.0,Other,USA,Virginia,Premium,15.04,Mobile,2.0,0,2.7750856024383683,0,2024,3,8,4
51.0,Female,USA,Virginia,Basic,10.7,Smart TV,1.0,1,2.4595888418037104,0,2023,6,15,3
15.0,Male,USA,Ohio,Basic,10.62,Desktop,2.0,1,2.4527277514237653,0,2024,7,20,5
18.0,Female,Canada,Quebec,Premium,5.91,Mobile,1.0,0,1.9329696377795786,0,2023,2,22,2
33.0,Male,USA,Massachusetts,Premium,28.5,Desktop,2.0,1,3.3843902633457743,0,2023,9,13,2
47.0,Other,USA,New Jersey,Standard,7.97,Desktop,0.0,0,2.1938856760707046,1,2023,9,5,1
24.0,Female,USA,Arizona,Standard,71.02,Gaming Console,0.0,0,4.276943858220729,1,2025,7,22,1
47.0,Male,USA,Arizona,Standard,18.36,Mobile,1.0,0,2.963209081848431,0,2023,5,27,5
49.0,Male,USA,Texas,Standard,4.73,Smart TV,2.0,0,1.7457155307266483,0,2025,3,26,2
29.0,Female,USA,New Jersey,Premium,28.03,Laptop,2.0,0,3.3683297780365384,0,2022,10,19,2
43.0,Male,USA,Indiana,Standard,22.854736059479553,Tablet,2.0,0,3.1719827745379456,0,2023,10,3,1
52.0,Male,USA,New Jersey,Standard,19.88,Mobile,1.0,0,3.038791763014438,0,2023,1,4,2
50.0,Male,Canada,British Columbia,Standard,11.29,Tablet,3.0,0,2.5087859235779435,0,2023,1,14,5
37.0,Female,Canada,Ontario,Premium,7.54,Tablet,4.0,1,2.1447610078004784,0,2025,2,14,4
18.0,Male,USA,Washington,Standard,30.36,Smart TV,4.0,0,3.445533195482207,0,2024,6,24,0
56.0,Male,USA,Texas,Standard,25.93,Mobile,4.0,0,3.2932409068235073,0,2024,2,4,6
26.0,Female,Canada,Quebec,Standard,22.854736059479553,Smart TV,2.0,0,3.1719827745379456,0,2024,1,17,2
21.0,Male,Canada,Alberta,Premium,27.63,Desktop,2.0,0,3.354455119110024,0,2022,12,25,6
40.0,Male,Canada,Quebec,Standard,20.49,Tablet,1.0,0,3.067587710654419,0,2023,4,5,2
13.0,Female,Canada,British Columbia,Premium+,19.675352862849536,Mobile,4.0,0,3.0289423078910556,0,2023,5,17,2
31.0,Male,USA,Ohio,Premium,23.87,Laptop,1.0,1,3.2136622578153133,0,2023,11,21,1
30.0,Other,USA,Georgia,Premium,6.66,Mobile,5.0,0,2.0360119837525,0,2022,9,23,4
49.0,Male,Canada,Saskatchewan,Basic,4.4,Desktop,5.0,1,1.6863989535702288,0,2025,6,1,6
44.0,Female,USA,New York,Standard,22.854736059479553,Laptop,5.0,0,3.1719827745379456,0,2024,6,20,3
55.0,Female,USA,Georgia,Standard,7.67,Gaming Console,3.0,0,2.1598687907924505,0,2023,11,17,4
26.0,Male,USA,Washington,Premium,21.811017452655033,Laptop,0.0,0,3.1272436408541084,1,2023,5,6,5
22.0,Male,Canada,New Brunswick,Standard,27.55,Smart TV,1.0,0,3.351656936102019,0,2024,5,23,3
51.0,Female,USA,Florida,Standard,27.29,Smart TV,2.0,0,3.342508385313476,0,2023,10,28,5
27.0,Other,USA,Massachusetts,Standard,22.854736059479553,Desktop,2.0,0,3.1719827745379456,0,2025,4,5,5
35.0,Female,USA,Virginia,Premium+,9.45,Smart TV,6.0,0,2.34660197841082,0,2024,3,1,4
40.0,Female,USA,Wisconsin,Basic,37.38,Tablet,2.0,0,3.647536490579554,0,2023,8,13,6
44.0,Female,USA,Pennsylvania,Premium,11.62,Desktop,1.0,0,2.5352828571130672,0,2024,5,11,5
28.0,Female,USA,Washington,Standard,2.81,Gaming Console,2.0,0,1.3376291891386096,0,2022,11,23,2
46.0,Male,USA,Pennsylvania,Premium,6.13,Laptop,2.0,0,1.9643112344262046,0,2022,10,24,0
27.0,Female,USA,Texas,Premium,12.94,Gaming Console,3.0,0,2.6347624053323777,0,2023,9,18,0
35.0,Male,USA,Georgia,Premium,27.34,Smart TV,3.0,0,3.3442742342625342,0,2022,12,10,5
32.0,Female,USA,Wisconsin,Premium,8.29,Mobile,1.0,0,2.2289385528257473,0,2025,3,5,2
40.0,Other,Canada,Nova Scotia,Premium+,7.45,Gaming Console,2.0,0,2.134166441369082,0,2024,12,20,4
45.0,Male,USA,Wisconsin,Basic,4.74,Gaming Console,0.0,0,1.747459210331475,1,2023,7,9,6
34.0,Other,USA,Maryland,Basic,20.136172344689378,Desktop,0.0,0,3.0509859018293035,1,2023,6,5,0
36.0,Female,USA,Tennessee,Premium+,22.56,Smart TV,3.0,0,3.159550358783386,0,2022,9,13,1
36.0,Female,USA,Maryland,Basic,11.86,Mobile,1.0,0,2.554121718809473,0,2024,7,1,0
48.0,Female,USA,California,Basic,2.67,Laptop,3.0,0,1.3001916620664788,0,2023,2,11,5
35.0,Male,Canada,Quebec,Basic,21.47,Desktop,3.0,0,3.112181086197238,0,2024,12,27,4
40.0,Female,USA,Florida,Premium,15.95,Gaming Console,0.0,0,2.830267833826459,1,2025,4,23,2
28.0,Female,USA,California,Premium+,28.22,Desktop,4.0,0,3.3748534063225533,0,2024,7,28,6
45.0,Male,USA,Texas,Standard,14.8,Mobile,2.0,0,2.760009940032921,0,2023,8,24,3
22.0,Female,USA,Florida,Premium,13.93,Mobile,2.0,0,2.703372611551099,0,2023,3,16,3
35.0,Female,USA,New York,Basic,27.04,Laptop,4.0,1,3.3336320621663895,0,2025,6,12,3
28.0,Female,Canada,British Columbia,Standard,9.36,Smart TV,2.0,0,2.337952236831337,0,2023,1,17,1
23.0,Male,USA,Texas,Premium,22.67,Tablet,1.0,1,3.1642084235258925,0,2023,4,12,2
32.0,Female,USA,Texas,Premium,14.51,Smart TV,4.0,0,2.7414849771884473,0,2025,5,16,4
16.0,Female,Canada,Saskatchewan,Standard,19.22,Smart TV,3.0,0,3.006672213592325,0,2025,6,16,0
31.0,Female,USA,Washington,Basic,8.28,Gaming Console,6.0,0,2.2278615467981093,0,2023,1,12,3
45.0,Male,USA,Arizona,Basic,5.51,Tablet,2.0,0,1.873339456220478,0,2022,10,24,0
48.0,Male,Canada,Prince Edward Island,Premium,14.92,Laptop,7.0,1,2.767576180416237,0,2023,11,10,4
32.0,Other,USA,North Carolina,Standard,22.854736059479553,Gaming Console,1.0,0,3.1719827745379456,0,2025,7,7,0
32.0,Other,USA,Missouri,Standard,7.45,Desktop,4.0,0,2.134166441369082,0,2024,5,5,6
35.0,Female,USA,Wisconsin,Basic,10.41,Laptop,5.0,0,2.4344901638739844,0,2023,3,2,3
42.0,Female,USA,Tennessee,Standard,17.72,Desktop,2.0,0,2.929592471049446,0,2023,10,29,6
16.0,Female,USA,Florida,Premium,15.1,Laptop,2.0,0,2.7788192719904172,0,2025,6,17,1
47.0,Male,USA,Maryland,Basic,17.44,Desktop,2.0,0,2.914522218128448,0,2023,3,20,0
33.0,Other,Canada,Manitoba,Standard,14.33,Laptop,3.0,0,2.7298116928837226,0,2025,3,16,6
47.0,Female,USA,Florida,Standard,22.854736059479553,Desktop,3.0,1,3.1719827745379456,0,2024,1,24,2
13.0,Male,USA,Massachusetts,Premium,2.57,Mobile,4.0,1,1.2725655957915476,0,2023,3,9,3
32.0,Male,USA,Indiana,Premium,9.39,Gaming Console,0.0,0,2.340843805111136,1,2024,11,7,3
44.0,Other,USA,Illinois,Basic,17.34,Tablet,3.0,0,2.9090844668283187,0,2025,4,16,2
40.0,Female,USA,Missouri,Basic,8.76,Mobile,2.0,0,2.278292400425001,0,2023,4,12,2
34.0,Female,USA,Arizona,Premium,21.811017452655033,Tablet,0.0,0,3.1272436408541084,1,2024,7,9,1
42.0,Female,USA,California,Premium,27.48,Smart TV,0.0,0,3.349202086543775,1,2023,10,3,1
31.0,Male,USA,Georgia,Premium,10.06,Smart TV,0.0,0,2.403334996094189,1,2022,10,27,3
26.0,Female,USA,North Carolina,Basic,10.36,Smart TV,4.0,0,2.4300984132930052,0,2023,7,19,2
21.0,Male,USA,Washington,Basic,12.14,Laptop,3.0,0,2.5756610130564646,0,2024,12,9,0
42.0,Female,USA,Missouri,Standard,33.92,Smart TV,3.0,0,3.5530597309714014,0,2024,9,11,2
33.0,Female,Canada,Saskatchewan,Basic,6.24,Gaming Console,1.0,0,1.979621206397625,0,2024,6,24,0
52.0,Female,USA,Tennessee,Basic,3.05,Tablet,2.0,0,1.3987168811184478,0,2022,11,12,5
16.0,Female,USA,Georgia,Standard,20.39,Desktop,3.0,0,3.062923523094314,0,2025,2,20,3
40.0,Female,Canada,Quebec,Premium,21.811017452655033,Desktop,4.0,0,3.1272436408541084,0,2023,8,3,3
39.0,Male,USA,Missouri,Standard,8.89,Tablet,0.0,0,2.2915241456346207,1,2024,7,28,6
50.0,Male,USA,New Jersey,Premium+,16.25,Smart TV,1.0,0,2.847812143477369,0,2024,8,2,4
21.0,Male,Canada,British Columbia,Premium+,7.89,Smart TV,2.0,0,2.1849270495258133,0,2024,11,10,6
26.0,Male,USA,Florida,Basic,21.87,Mobile,4.0,0,3.12982600803469,0,2023,1,14,5
43.0,Female,USA,Maryland,Standard,1.44,Mobile,0.0,0,0.8919980393051105,1,2024,1,1,0
50.0,Male,Canada,Quebec,Premium,19.99,Laptop,3.0,0,3.0440461338325417,0,2023,6,7,2
60.0,Other,USA,Michigan,Standard,4.69,Mobile,0.0,0,1.7387102481382397,1,2024,3,27,2
35.0,Male,Canada,Manitoba,Premium,25.46,Desktop,2.0,0,3.2756341586868096,0,2025,4,28,0
26.0,Female,Canada,Prince Edward Island,Premium,25.7,Mobile,1.0,0,3.2846635654062037,0,2024,9,13,4
40.0,Male,USA,Georgia,Premium,9.87,Gaming Console,4.0,0,2.386006701133118,0,2025,2,26,2
37.0,Female,USA,California,Standard,19.39,Mobile,1.0,0,3.015044584586364,0,2024,10,5,5
29.0,Male,USA,Maryland,Standard,16.33,Smart TV,2.0,0,2.8524391037275145,0,2024,5,21,1
12.0,Male,USA,Indiana,Standard,18.26,Gaming Console,1.0,0,2.9580304063699794,0,2022,12,3,5
33.0,Female,Canada,Manitoba,Premium+,6.45,Smart TV,4.0,1,2.0082140323914683,0,2023,2,2,3
40.0,Other,Canada,Saskatchewan,Premium,22.17,Tablet,4.0,0,3.142858338444285,0,2025,4,26,5
30.0,Female,Canada,Newfoundland and Labrador,Basic,15.19,Smart TV,2.0,0,2.7843937676895436,0,2022,11,11,4
26.0,Other,USA,Texas,Premium,13.22,Gaming Console,6.0,0,2.6546494243750947,0,2025,4,5,5
35.0,Other,Canada,Saskatchewan,Standard,1.84,Smart TV,3.0,0,1.0438040521731147,0,2022,8,8,0
40.0,Other,Canada,Quebec,Premium+,4.71,Gaming Console,1.0,0,1.742219023667919,0,2025,7,6,6
11.0,Male,Canada,Nova Scotia,Standard,18.41,Tablet,3.0,0,2.9657883971809187,0,2024,7,22,0
39.0,Male,USA,Florida,Premium,15.94,Tablet,1.0,0,2.8296776892239084,0,2024,4,17,2
37.0,Male,USA,Massachusetts,Standard,13.77,Mobile,1.0,0,2.6925980965432883,0,2023,9,26,1
26.0,Female,USA,Texas,Standard,7.22,Desktop,0.0,0,2.1065702090680882,1,2023,2,4,5
35.0,Male,USA,California,Premium+,30.04,Smart TV,0.0,1,3.435276695315018,1,2024,7,20,5
26.0,Male,Canada,Nova Scotia,Premium+,31.32,Gaming Console,2.0,0,3.4756862336528944,0,2023,7,22,5
32.0,Female,USA,Texas,Standard,8.04,Desktop,0.0,0,2.201659174404085,1,2022,8,7,6
36.0,Male,Canada,Newfoundland and Labrador,Premium,33.61,Laptop,4.0,0,3.544142657647253,0,2023,1,18,2
49.0,Female,Canada,Prince Edward Island,Standard,41.52,Gaming Console,1.0,0,3.749974553473747,0,2023,12,3,6
49.0,Other,Canada,New Brunswick,Standard,12.98,Laptop,2.0,0,2.637627736805664,0,2023,1,19,3
38.0,Female,USA,Ohio,Premium,15.27,Gaming Console,1.0,0,2.7893229212309465,0,2022,8,6,5
34.0,Male,USA,Georgia,Standard,22.854736059479553,Gaming Console,4.0,1,3.1719827745379456,0,2025,6,1,6
44.0,Female,USA,Texas,Premium,4.97,Laptop,3.0,0,1.7867469274045107,0,2025,6,12,3
26.0,Male,USA,California,Premium+,7.5,Tablet,1.0,0,2.1400661634962708,0,2023,4,8,5
35.0,Female,Canada,Nova Scotia,Standard,34.64,Laptop,2.0,0,3.573468602602609,0,2022,11,17,3
23.0,Other,USA,New Jersey,Basic,2.6,Mobile,6.0,0,1.2809338454620642,0,2024,10,12,5
30.0,Female,USA,Indiana,Premium+,11.07,Desktop,4.0,0,2.4907230351094403,0,2023,12,31,6
42.0,Other,USA,Massachusetts,Premium+,25.17,Desktop,3.0,0,3.2646137165420543,0,2024,6,30,6
33.0,Male,Canada,Alberta,Basic,2.32,Desktop,6.0,0,1.199964782928397,0,2024,10,22,1
23.0,Male,USA,Georgia,Standard,22.854736059479553,Laptop,0.0,1,3.1719827745379456,1,2024,10,13,6
30.0,Female,Canada,Newfoundland and Labrador,Standard,1.62,Tablet,3.0,0,0.9631743177730056,0,2025,6,17,1
30.0,Other,USA,North Carolina,Basic,37.89,Tablet,5.0,0,3.660737148167656,0,2024,4,30,1
44.0,Other,Canada,Nova Scotia,Standard,24.6,Tablet,0.0,0,3.242592351485517,1,2024,9,18,2
48.0,Male,USA,Missouri,Standard,4.7,Gaming Console,2.0,0,1.7404661748405046,0,2024,6,4,1
40.0,Female,USA,Florida,Standard,7.52,Smart TV,2.0,0,2.1424163408412245,0,2023,7,19,2
48.0,Female,Canada,Saskatchewan,Basic,49.67,Mobile,2.0,0,3.9253340194878183,0,2024,12,14,5
19.0,Male,USA,Massachusetts,Premium,16.72,Laptop,0.0,0,2.8746939451769347,1,2022,10,18,1
48.0,Female,USA,New Jersey,Basic,12.72,Laptop,0.0,0,2.6188546222977394,1,2022,9,3,5
38.0,Male,USA,Texas,Standard,14.6,Mobile,2.0,0,2.747270914255491,0,2023,10,1,6
28.0,Male,USA,Tennessee,Premium,19.76,Smart TV,6.0,0,3.033028058297688,0,2024,8,21,2
45.0,Female,USA,California,Standard,19.43,Gaming Console,1.0,0,3.0170044088295307,0,2022,9,7,2
31.0,Other,Canada,Prince Edward Island,Standard,14.69,Smart TV,1.0,1,2.753023566744941,0,2022,11,20,6
12.0,Male,USA,Florida,Basic,25.3,Laptop,3.0,1,3.269568939183719,0,2022,10,22,5
37.0,Male,USA,Tennessee,Standard,19.38,Gaming Console,1.0,0,3.0145540277945786,0,2022,8,6,5
30.0,Female,USA,North Carolina,Standard,11.57,Laptop,2.0,0,2.531313022602156,0,2023,6,26,0
15.0,Male,USA,Tennessee,Premium,484.66,Laptop,7.0,0,6.185508790596917,0,2022,8,7,6
43.0,Female,USA,California,Premium,2.39,Mobile,1.0,0,1.220829921392359,0,2023,3,21,1
22.0,Male,USA,Missouri,Basic,3.44,Gaming Console,2.0,0,1.4906543764441333,0,2025,2,26,2
24.0,Female,Canada,Newfoundland and Labrador,Standard,14.38,Laptop,2.0,0,2.733067964077498,0,2023,2,10,4
53.0,Male,USA,Tennessee,Premium,13.03,Gaming Console,3.0,0,2.6411978941143697,0,2025,3,21,4
40.0,Male,Canada,Nova Scotia,Premium,5.39,Laptop,6.0,0,1.8547342683894434,0,2025,2,22,5
51.0,Female,USA,Illinois,Standard,24.83,Desktop,2.0,0,3.251536607107749,0,2022,8,9,1
39.0,Female,USA,New Jersey,Premium,66.08,Laptop,0.0,0,4.205885936955008,1,2023,8,9,2
16.0,Other,USA,Illinois,Premium,7.42,Desktop,1.0,0,2.130609828254235,0,2024,3,24,6
51.0,Male,USA,Maryland,Premium,9.82,Gaming Console,0.0,0,2.3813962734183356,1,2024,12,20,4
13.0,Female,USA,New York,Standard,15.81,Desktop,2.0,0,2.8219739474205245,0,2023,3,9,3
34.0,Male,Canada,Ontario,Standard,26.57,Laptop,6.0,0,3.3167282250357055,0,2022,12,12,0
31.0,Male,USA,Wisconsin,Standard,2.57,Smart TV,2.0,1,1.2725655957915476,0,2025,7,23,2
56.0,Other,USA,Wisconsin,Standard,16.68,Tablet,2.0,0,2.8724340572094973,0,2024,12,23,0
32.0,Female,USA,Georgia,Basic,8.39,Mobile,1.0,0,2.2396452932201716,0,2024,6,19,2
35.0,Female,Canada,Prince Edward Island,Standard,4.13,Laptop,0.0,0,1.6351056591826783,1,2023,7,19,2
47.0,Female,USA,Florida,Standard,28.27,Tablet,0.0,0,3.3765631007037946,1,2025,6,25,2
14.0,Female,Canada,Quebec,Premium,6.44,Tablet,0.0,0,2.0068708488450007,1,2025,1,14,1
21.0,Male,Canada,Nova Scotia,Premium,10.97,Smart TV,2.0,0,2.482403519569882,0,2023,3,14,1
15.0,Other,USA,Pennsylvania,Premium,18.74,Mobile,0.0,1,2.9826470340053355,1,2023,12,29,4
35.0,Female,USA,Florida,Premium,1.15,Smart TV,2.0,1,0.7654678421395714,0,2025,4,2,2
39.0,Female,USA,North Carolina,Basic,3.85,Desktop,0.0,0,1.5789787049493917,1,2023,10,19,3
29.0,Male,Canada,Nova Scotia,Basic,27.39,Tablet,3.0,0,3.34603697048488,0,2024,11,19,1
28.0,Female,USA,Washington,Premium,6.65,Smart TV,0.0,0,2.0347056478384444,1,2024,5,11,5
42.0,Other,Canada,British Columbia,Standard,4.43,Tablet,0.0,0,1.691939133945844,1,2023,2,14,1
31.0,Female,USA,New York,Basic,4.61,Tablet,3.0,0,1.724550719534605,0,2024,11,7,3
53.0,Female,USA,North Carolina,Basic,20.136172344689378,Laptop,4.0,0,3.0509859018293035,0,2025,1,7,1
40.0,Male,USA,Texas,Standard,22.854736059479553,Laptop,4.0,0,3.1719827745379456,0,2023,1,28,5
42.0,Male,USA,Georgia,Basic,8.06,Smart TV,3.0,0,2.203869120054888,0,2022,10,17,0
33.0,Male,USA,Michigan,Premium,14.15,Smart TV,4.0,0,2.7180005319553784,0,2022,10,3,0
41.0,Male,USA,Missouri,Premium+,19.69,Mobile,3.0,0,3.029650491757452,0,2024,1,9,1
30.0,Female,Canada,Saskatchewan,Standard,1.31,Smart TV,5.0,0,0.8372475245337022,0,2023,12,22,4
15.0,Other,USA,California,Premium+,14.65,Mobile,0.0,0,2.750470916986162,1,2024,8,16,4
59.0,Female,USA,New York,Standard,6.88,Desktop,2.0,0,2.064327903869788,0,2025,3,9,6
30.0,Female,USA,Maryland,Standard,20.99,Smart TV,0.0,0,3.09058780456667,1,2025,1,22,2
25.0,Male,USA,North Carolina,Standard,7.82,Desktop,4.0,0,2.1770218700187,0,2023,2,28,1
59.0,Male,USA,Pennsylvania,Standard,5.43,Laptop,5.0,0,1.860974538249528,0,2023,10,28,5
39.0,Female,Canada,Newfoundland and Labrador,Standard,20.09,Tablet,2.0,0,3.0487989944906833,0,2024,5,26,6
41.0,Female,Canada,Newfoundland and Labrador,Premium,21.811017452655033,Desktop,6.0,0,3.1272436408541084,0,2024,6,16,6
32.0,Male,USA,Virginia,Premium,13.67,Desktop,1.0,0,2.6858045921548905,0,2024,1,3,2
33.0,Female,USA,Maryland,Basic,20.136172344689378,Gaming Console,0.0,0,3.0509859018293035,1,2022,12,18,6
25.0,Other,USA,Michigan,Standard,8.81,Mobile,3.0,0,2.2834022735772717,0,2024,10,30,2
42.0,Female,USA,Massachusetts,Premium,24.99,Desktop,5.0,0,3.2577118486533987,0,2023,8,21,0
24.0,Other,USA,Wisconsin,Basic,15.4,Desktop,2.0,1,2.797281334830153,0,2024,9,6,4
33.0,Female,USA,Illinois,Standard,20.65,Laptop,0.0,0,3.075005454448499,1,2024,7,19,4
34.0,Female,Canada,Quebec,Standard,35.87,Gaming Console,2.0,0,3.607398212246053,0,2025,7,8,1
47.0,Male,Canada,Prince Edward Island,Premium+,5.27,Laptop,2.0,0,1.8357763546448294,0,2022,10,16,6
34.0,Female,Canada,British Columbia,Basic,7.26,Gaming Console,3.0,0,2.1114245875328868,0,2023,9,15,4
30.0,Female,USA,Pennsylvania,Premium,15.09,Laptop,3.0,0,2.7781979610042917,0,2022,9,19,0
19.0,Male,USA,Maryland,Premium,21.811017452655033,Laptop,3.0,1,3.1272436408541084,0,2025,6,1,6
35.0,Other,Canada,Ontario,Standard,4.48,Laptop,6.0,0,1.7011051009599243,0,2023,5,4,3
12.0,Other,USA,Missouri,Basic,2.72,Smart TV,3.0,0,1.3137236682850553,0,2025,1,19,6
35.0,Female,USA,North Carolina,Premium,28.53,Gaming Console,0.0,0,3.3854066957558313,1,2022,12,8,3
48.0,Male,USA,Virginia,Basic,27.28,Tablet,2.0,1,3.342154841028372,0,2022,11,12,5
29.0,Male,USA,Arizona,Premium,8.13,Tablet,3.0,0,2.211565694606877,0,2024,7,10,2
25.0,Male,USA,California,Standard,4.78,Gaming Console,2.0,0,1.7544036826842861,0,2024,7,9,1
20.0,Other,USA,Florida,Premium,10.48,Smart TV,0.0,0,2.4406063908914204,1,2022,10,5,2
42.0,Female,USA,New Jersey,Standard,42.42,Gaming Console,4.0,0,3.7709201644501458,0,2023,10,10,1
27.0,Male,Canada,Ontario,Standard,22.854736059479553,Smart TV,2.0,1,3.1719827745379456,0,2023,11,9,3
37.0,Male,USA,Washington,Premium,7.09,Smart TV,4.0,0,2.0906287310704004,0,2022,8,30,1
27.0,Male,USA,Wisconsin,Basic,15.08,Gaming Console,0.0,1,2.77757626375082,1,2025,6,3,1
24.0,Male,USA,Ohio,Premium,22.88,Tablet,2.0,0,3.1730412885244013,0,2024,11,18,0
40.0,Male,Canada,Manitoba,Premium,14.31,Desktop,2.0,0,2.7285062096695922,0,2023,5,4,3
21.0,Female,USA,California,Standard,2.01,Laptop,4.0,0,1.1019400787607843,0,2024,5,21,1
44.0,Male,USA,Massachusetts,Basic,8.31,Tablet,0.0,0,2.231089091288976,1,2023,10,25,2
30.0,Male,USA,Michigan,Standard,9.76,Smart TV,2.0,0,2.3758355547336385,0,2024,11,28,3
43.0,Other,Canada,Ontario,Basic,3.84,Gaming Console,4.0,0,1.5769147207285403,0,2025,3,14,4
36.0,Female,USA,Washington,Standard,9.17,Laptop,3.0,0,2.3194422100604686,0,2023,3,22,2
39.0,Male,USA,California,Premium+,56.0,Tablet,1.0,1,4.04305126783455,0,2023,7,26,2
36.0,Male,USA,Maryland,Premium,5.19,Desktop,4.0,1,1.8229350866965048,0,2024,10,2,2
41.0,Male,Canada,Quebec,Premium,23.25,Gaming Console,5.0,0,3.188416617383492,0,2025,3,29,5
40.0,Male,USA,Indiana,Premium,33.94,Gaming Console,1.0,1,3.5536323047059106,0,2023,5,25,3
30.0,Other,Canada,Nova Scotia,Premium,25.4,Gaming Console,1.0,0,3.2733640101522705,0,2024,1,4,3
14.0,Male,USA,Arizona,Basic,0.25,Gaming Console,4.0,0,0.22314355131420976,0,2023,5,27,5
55.0,Male,USA,New York,Standard,18.34,Laptop,6.0,0,2.9621754900251482,0,2025,2,25,1
51.0,Female,USA,Maryland,Premium,21.811017452655033,Laptop,2.0,0,3.1272436408541084,0,2023,1,31,1
34.0,Male,Canada,Manitoba,Premium,28.35,Tablet,1.0,0,3.3792925462741055,0,2024,2,4,6
27.0,Female,Canada,Manitoba,Premium,21.811017452655033,Desktop,4.0,0,3.1272436408541084,0,2023,4,14,4
28.0,Female,USA,Massachusetts,Standard,18.09,Gaming Console,2.0,0,2.949164637737656,0,2023,4,11,1
26.0,Other,USA,Washington,Premium,11.17,Smart TV,2.0,0,2.498973906999436,0,2025,5,26,0
34.0,Other,USA,Georgia,Premium,6.5,Smart TV,1.0,0,2.0149030205422647,0,2023,7,16,6
33.0,Male,USA,Florida,Premium+,26.69,Smart TV,5.0,0,3.3210713371828704,0,2023,4,24,0
34.0,Female,Canada,Prince Edward Island,Premium,21.811017452655033,Laptop,0.0,0,3.1272436408541084,1,2024,6,29,5
34.0,Female,USA,New York,Premium,8.49,Mobile,0.0,0,2.2502386126218363,1,2023,12,14,3
20.0,Other,USA,Georgia,Standard,24.73,Smart TV,3.0,0,3.2476576262936527,0,2023,12,13,2
38.0,Female,USA,Virginia,Standard,8.25,Desktop,5.0,0,2.224623551524334,0,2023,10,23,0
24.0,Male,USA,California,Standard,22.95,Smart TV,4.0,1,3.175968323856924,0,2023,8,6,6
37.0,Other,Canada,British Columbia,Standard,22.3,Smart TV,1.0,0,3.1484533605716547,0,2023,9,28,3
40.0,Female,Canada,Saskatchewan,Premium,14.15,Laptop,8.0,0,2.7180005319553784,0,2025,6,26,3
37.0,Female,USA,Michigan,Premium,29.13,Tablet,3.0,0,3.40552135314221,0,2023,9,6,2
22.0,Other,USA,Pennsylvania,Standard,0.67,Desktop,0.0,1,0.5128236264286639,1,2022,9,10,5
48.0,Female,Canada,Prince Edward Island,Standard,16.81,Smart TV,2.0,0,2.87976009730157,0,2022,11,8,1
26.0,Other,USA,Tennessee,Premium,2.65,Gaming Console,1.0,0,1.2947271675944,0,2023,5,19,4
31.0,Female,Canada,Ontario,Standard,27.28,Gaming Console,2.0,0,3.342154841028372,0,2023,5,13,5
20.0,Male,Canada,Prince Edward Island,Basic,19.52,Desktop,1.0,0,3.021400020302569,0,2024,2,5,0
39.0,Male,USA,Michigan,Premium,6.37,Desktop,2.0,0,1.9974177062012453,0,2024,7,29,0
39.0,Female,USA,Georgia,Premium+,31.05,Gaming Console,3.0,0,3.467297183366679,0,2023,9,7,3
24.0,Male,USA,New Jersey,Standard,21.71,Laptop,4.0,0,3.122805356117467,0,2022,10,4,1
35.0,Female,USA,Tennessee,Premium,13.07,Mobile,2.0,0,2.644044871126298,0,2023,11,20,0
43.0,Female,Canada,Manitoba,Premium,10.17,Mobile,4.0,0,2.413231613081109,0,2022,10,28,4
45.0,Female,USA,Michigan,Standard,12.85,Mobile,1.0,0,2.6282852326333477,0,2024,6,2,6
30.0,Female,USA,Georgia,Premium,7.78,Mobile,6.0,0,2.1724764076470255,0,2023,3,7,1
50.0,Female,Canada,British Columbia,Standard,31.94,Desktop,0.0,0,3.494687724749494,1,2024,2,1,3
39.0,Male,USA,Tennessee,Premium+,9.68,Smart TV,2.0,0,2.3683728335320486,0,2024,3,16,5
44.0,Other,USA,New Jersey,Premium,12.94,Desktop,0.0,0,2.6347624053323777,1,2025,1,10,4
34.0,Male,Canada,British Columbia,Standard,15.34,Smart TV,3.0,1,2.7936160894318567,0,2024,11,28,3
36.0,Other,Canada,Nova Scotia,Premium,5.64,Desktop,1.0,1,1.8931119634883424,0,2025,7,16,2
25.0,Female,USA,North Carolina,Standard,34.98,Mobile,2.0,0,3.582963228522387,0,2024,3,6,2
20.0,Male,Canada,Ontario,Premium,22.72,Desktop,0.0,0,3.1663185741295248,1,2023,9,16,5
43.0,Other,USA,California,Premium,9.9,Tablet,3.0,0,2.388762789235098,0,2022,9,19,0
29.0,Other,USA,Arizona,Premium,5.98,Mobile,1.0,0,1.9430489167742813,0,2023,11,5,6
16.0,Female,Canada,Prince Edward Island,Standard,13.68,Gaming Console,4.0,0,2.6864860231863696,0,2022,8,15,0
37.0,Female,USA,Illinois,Premium,11.97,Smart TV,4.0,0,2.5626389983283526,0,2024,2,4,6
24.0,Male,USA,Georgia,Basic,22.4,Mobile,1.0,1,3.152736022363656,0,2023,5,20,5
18.0,Female,Canada,Quebec,Basic,15.23,Gaming Console,5.0,0,2.7868613815264998,0,2023,8,21,0
21.0,Female,USA,Illinois,Premium+,19.7,Desktop,0.0,1,3.0301337002713233,1,2025,2,18,1
33.0,Female,USA,Ohio,Standard,22.854736059479553,Desktop,0.0,0,3.1719827745379456,1,2025,7,8,1
26.0,Other,USA,Wisconsin,Basic,3.6,Desktop,1.0,0,1.5260563034950492,0,2024,3,19,1
34.0,Male,USA,Massachusetts,Basic,15.72,Gaming Console,0.0,0,2.8166056076565553,1,2025,5,31,5
39.0,Other,USA,California,Basic,0.98,Tablet,1.0,0,0.6830968447064438,0,2022,8,24,2
36.0,Male,USA,Arizona,Standard,16.73,Laptop,2.0,0,2.8752581200861167,0,2022,9,28,2
43.0,Other,Canada,British Columbia,Basic,17.61,Desktop,2.0,0,2.9236990706541595,0,2023,8,21,0
34.0,Male,USA,Illinois,Basic,383.3,Mobile,2.0,0,5.951423497570798,0,2022,8,28,6
42.0,Male,USA,Virginia,Premium,13.89,Gaming Console,4.0,0,2.7006898466959175,0,2025,5,9,4
44.0,Other,USA,Texas,Standard,48.22,Desktop,6.0,0,3.89630004496291,0,2022,9,18,6
40.0,Male,Canada,Saskatchewan,Premium,18.22,Gaming Console,3.0,0,2.9559514035421466,0,2025,4,4,4
30.0,Other,Canada,Ontario,Premium,7.82,Desktop,2.0,1,2.1770218700187,0,2023,7,26,2
45.0,Female,USA,Pennsylvania,Basic,22.12,Smart TV,3.0,0,3.1406980438041767,0,2023,2,18,5
34.0,Female,USA,Washington,Basic,26.93,Laptop,2.0,0,3.3297013799570854,0,2024,11,18,0
28.0,Other,USA,Virginia,Standard,17.53,Laptop,0.0,0,2.9193910402972683,1,2023,6,12,0
23.0,Female,Canada,Prince Edward Island,Basic,14.16,Gaming Console,6.0,0,2.7186603802142257,0,2024,8,5,0
42.0,Female,Canada,Alberta,Basic,3.73,Tablet,2.0,0,1.5539252025038417,0,2023,6,1,3
36.0,Other,USA,California,Premium+,19.675352862849536,Mobile,0.0,0,3.0289423078910556,1,2023,6,14,2
44.0,Other,Canada,Manitoba,Standard,19.79,Laptop,1.0,0,3.0344721018699214,0,2022,11,3,3
26.0,Male,Canada,Ontario,Basic,1.19,Desktop,4.0,1,0.7839015438284094,0,2022,9,25,6
54.0,Male,Canada,Alberta,Premium,17.92,Tablet,4.0,0,2.9402195636237325,0,2024,2,19,0
22.0,Male,USA,Indiana,Standard,11.12,Tablet,2.0,1,2.4948569806411682,0,2024,1,9,1
40.0,Female,USA,Georgia,Standard,7.54,Laptop,2.0,0,2.1447610078004784,0,2025,2,14,4
12.0,Female,Canada,Saskatchewan,Premium,14.27,Laptop,1.0,0,2.725890119230541,0,2024,4,14,6
59.0,Female,USA,Washington,Premium,19.05,Mobile,0.0,0,2.998229153752578,1,2024,6,1,5
52.0,Male,USA,Virginia,Basic,52.53,Smart TV,2.0,0,3.98024224440529,0,2023,8,16,2
44.0,Female,USA,California,Premium+,8.61,Mobile,0.0,0,2.262804222982201,1,2023,11,9,3
40.0,Female,USA,Missouri,Premium,27.25,Laptop,3.0,0,3.34109345759245,0,2025,5,27,1
32.0,Male,USA,Arizona,Premium,15.22,Desktop,2.0,1,2.7862450486872667,0,2023,9,5,1
33.0,Female,USA,North Carolina,Premium,11.58,Desktop,3.0,0,2.5321082512722946,0,2022,10,22,5
28.0,Female,Canada,Nova Scotia,Standard,9.55,Mobile,4.0,0,2.3561258599220753,0,2023,8,26,5
29.0,Female,USA,Ohio,Standard,2.57,Smart TV,4.0,0,1.2725655957915476,0,2024,11,12,1
19.0,Female,USA,Massachusetts,Premium,12.35,Mobile,2.0,0,2.5915163848462583,0,2023,11,7,1
31.0,Male,USA,Virginia,Standard,10.44,Gaming Console,0.0,0,2.437115985951652,1,2023,10,4,2
39.0,Male,USA,Wisconsin,Basic,5.7,Desktop,4.0,0,1.9021075263969205,0,2023,1,28,5
49.0,Other,Canada,Nova Scotia,Premium+,8.55,Gaming Console,3.0,0,2.256541154492639,0,2023,9,13,2
51.0,Male,USA,Maryland,Standard,22.854736059479553,Laptop,2.0,0,3.1719827745379456,0,2023,10,12,3
41.0,Female,USA,North Carolina,Standard,24.81,Desktop,3.0,1,3.2507620137305224,0,2023,1,1,6
57.0,Female,USA,Ohio,Premium+,6.54,Laptop,2.0,0,2.020222182019865,0,2023,10,31,1
31.0,Female,USA,Washington,Premium,19.43,Gaming Console,0.0,1,3.0170044088295307,1,2023,9,10,6
32.0,Female,Canada,Prince Edward Island,Premium,15.94,Desktop,0.0,0,2.8296776892239084,1,2022,9,12,0
32.0,Female,Canada,Alberta,Standard,19.63,Smart TV,2.0,0,3.0267463270831603,0,2024,5,3,4
29.0,Male,USA,Maryland,Premium,35.61,Mobile,3.0,0,3.600321427132145,0,2023,8,25,4
30.0,Male,USA,New York,Standard,10.22,Tablet,2.0,0,2.4176979000945504,0,2024,5,1,2
26.0,Female,USA,New Jersey,Standard,8.08,Smart TV,2.0,0,2.206074192613202,0,2023,1,21,5
11.0,Other,Canada,Saskatchewan,Premium+,7.32,Tablet,2.0,0,2.1186622548331173,0,2024,8,28,2
24.0,Male,Canada,Manitoba,Basic,16.79,Smart TV,4.0,0,2.8786365016777435,0,2022,12,10,5
31.0,Female,USA,North Carolina,Basic,20.94,Mobile,6.0,0,3.088311454847084,0,2024,1,14,6
37.0,Male,USA,Ohio,Standard,32.86,Tablet,5.0,0,3.522234376704989,0,2024,3,12,1
53.0,Male,Canada,Alberta,Basic,8.3,Gaming Console,5.0,0,2.2300144001592104,0,2025,4,22,1
46.0,Male,Canada,Prince Edward Island,Standard,7.09,Mobile,1.0,0,2.0906287310704004,0,2025,4,1,1
39.0,Other,USA,Florida,Premium+,19.675352862849536,Tablet,5.0,0,3.0289423078910556,0,2022,8,31,2
13.0,Male,USA,Ohio,Premium,21.811017452655033,Laptop,5.0,1,3.1272436408541084,0,2024,4,20,5
35.0,Male,USA,Georgia,Basic,6.53,Tablet,8.0,0,2.018895041811802,0,2022,12,16,4
46.0,Female,USA,New York,Basic,9.0,Smart TV,2.0,0,2.302585092994046,0,2024,10,31,3
57.0,Other,USA,Georgia,Basic,9.65,Gaming Console,4.0,0,2.365559892155434,0,2023,1,2,0
48.0,Male,USA,Washington,Standard,5.98,Gaming Console,3.0,0,1.9430489167742813,0,2023,12,6,2
52.0,Male,Canada,Alberta,Premium,6.84,Tablet,1.0,1,2.0592388343623163,0,2022,9,17,5
45.0,Male,USA,Massachusetts,Premium+,24.1,Mobile,3.0,0,3.2228678461377385,0,2024,5,31,4
52.0,Female,Canada,Nova Scotia,Premium,13.44,Gaming Console,2.0,0,2.67000213346468,0,2024,5,5,6
15.0,Female,USA,Illinois,Standard,21.57,Tablet,2.0,0,3.1166215908294443,0,2025,1,25,5
48.0,Male,Canada,Newfoundland and Labrador,Standard,12.18,Laptop,5.0,0,2.578700529074361,0,2025,1,8,2
11.0,Male,USA,Missouri,Standard,27.05,Desktop,1.0,0,3.3339886319687055,0,2024,7,18,3
38.0,Female,USA,Virginia,Premium,4.3,Desktop,2.0,0,1.667706820558076,0,2023,4,25,1
27.0,Female,USA,Ohio,Basic,5.25,Tablet,1.0,0,1.8325814637483102,0,2025,6,25,2
30.0,Male,Canada,Quebec,Basic,13.02,Laptop,1.0,0,2.640484881606444,0,2024,4,2,1
50.0,Female,USA,Arizona,Premium+,23.46,Mobile,4.0,0,3.1970391302590264,0,2024,4,3,2
31.0,Other,USA,Washington,Basic,15.88,Laptop,2.0,0,2.826129489167811,0,2023,7,15,5
12.0,Female,Canada,Nova Scotia,Standard,16.27,Laptop,3.0,0,2.848970892158587,0,2025,5,19,0
31.0,Male,USA,Michigan,Premium+,6.6,Laptop,2.0,0,2.028148247292285,0,2022,11,17,3
31.0,Female,USA,California,Premium,9.64,Laptop,0.0,0,2.3646204839134985,1,2023,8,20,6
55.0,Female,USA,Massachusetts,Premium,15.72,Mobile,5.0,0,2.8166056076565553,0,2022,10,9,6
14.0,Female,Canada,Ontario,Premium,21.811017452655033,Laptop,2.0,0,3.1272436408541084,0,2023,1,23,0
40.0,Male,Canada,Saskatchewan,Premium,7.04,Desktop,3.0,1,2.0844290831908747,0,2024,1,24,2
27.0,Female,USA,California,Premium,3.71,Smart TV,4.0,0,1.5496879080283263,0,2023,8,7,0
32.0,Female,USA,Georgia,Standard,3.83,Gaming Console,0.0,0,1.5748464676644813,1,2025,6,18,2
43.0,Male,Canada,British Columbia,Basic,20.136172344689378,Desktop,4.0,0,3.0509859018293035,0,2022,8,30,1
12.0,Male,Canada,Newfoundland and Labrador,Basic,20.136172344689378,Laptop,1.0,0,3.0509859018293035,0,2024,8,28,2
35.0,Other,Canada,Manitoba,Basic,22.55,Desktop,2.0,0,3.159125820462427,0,2024,6,3,0
24.0,Male,Canada,Nova Scotia,Basic,5.25,Mobile,2.0,0,1.8325814637483102,0,2022,11,21,0
40.0,Male,USA,Arizona,Premium,15.28,Laptop,3.0,0,2.7899373605743945,0,2024,2,6,1
37.0,Male,USA,Tennessee,Basic,12.4,Desktop,1.0,1,2.5952547069568657,0,2024,8,1,3
29.0,Female,USA,New York,Standard,8.58,Mobile,2.0,0,2.259677591982769,0,2022,10,6,3
36.0,Male,Canada,New Brunswick,Premium,3.74,Mobile,2.0,0,1.556037135706985,0,2022,11,18,4
37.0,Other,Canada,Manitoba,Basic,32.55,Tablet,0.0,0,3.5130368634176907,1,2025,4,12,5
40.0,Female,USA,Missouri,Basic,21.54,Smart TV,5.0,0,3.11529150861163,0,2025,6,15,6
23.0,Male,USA,Texas,Premium,9.37,Mobile,2.0,0,2.3389170222414357,0,2023,5,6,5
44.0,Female,USA,Georgia,Standard,9.66,Mobile,1.0,0,2.3664984187376983,0,2023,11,13,0
25.0,Female,Canada,Saskatchewan,Standard,14.54,Mobile,2.0,0,2.7434173449395014,0,2025,7,8,1
51.0,Female,Canada,New Brunswick,Standard,6.76,Laptop,2.0,0,2.048982334195127,0,2023,8,21,0
41.0,Male,USA,Massachusetts,Standard,12.72,Laptop,0.0,0,2.6188546222977394,1,2023,1,12,3
33.0,Male,USA,Ohio,Premium,26.55,Gaming Console,3.0,0,3.3160025355989236,0,2022,10,28,4
22.0,Female,USA,New Jersey,Premium,24.81,Desktop,3.0,0,3.2507620137305224,0,2022,8,9,1
43.0,Male,USA,Illinois,Standard,70.67,Mobile,3.0,1,4.272072250005828,0,2022,8,22,0
44.0,Male,USA,Indiana,Premium,20.1,Smart TV,2.0,0,3.0492730404820207,0,2025,4,12,5
36.0,Other,Canada,Manitoba,Premium+,19.675352862849536,Mobile,2.0,0,3.0289423078910556,0,2023,10,18,2
41.0,Male,Canada,Prince Edward Island,Standard,22.854736059479553,Desktop,5.0,1,3.1719827745379456,0,2024,6,12,2
39.0,Other,USA,New York,Standard,1.17,Gaming Console,2.0,0,0.7747271675523681,0,2023,5,28,6
17.0,Male,USA,Maryland,Standard,16.64,Smart TV,2.0,0,2.8701690505786455,0,2024,5,6,0
42.0,Female,Canada,Saskatchewan,Premium,769.44,Mobile,5.0,0,6.646961780216022,0,2023,4,29,5
51.0,Other,USA,Florida,Standard,22.854736059479553,Desktop,3.0,0,3.1719827745379456,0,2024,2,27,1
24.0,Male,USA,Georgia,Premium,17.38,Desktop,2.0,1,2.911263116927541,0,2022,12,17,5
54.0,Male,USA,New York,Premium,1.93,Smart TV,1.0,0,1.0750024230289759,0,2023,7,30,6
33.0,Other,Canada,Saskatchewan,Standard,2.02,Gaming Console,0.0,1,1.1052568313867783,1,2024,5,12,6
47.0,Male,USA,Florida,Basic,20.136172344689378,Tablet,2.0,0,3.0509859018293035,0,2025,2,28,4
48.0,Female,USA,Virginia,Premium+,73.54,Smart TV,2.0,0,4.311335894051113,0,2024,3,6,2
58.0,Male,USA,Ohio,Standard,20.81,Tablet,2.0,0,3.0823685802135374,0,2024,12,29,6
20.0,Male,USA,Michigan,Standard,4.68,Laptop,0.0,0,1.7369512327330598,1,2024,11,3,6
45.0,Male,Canada,New Brunswick,Standard,5.39,Mobile,5.0,0,1.8547342683894434,0,2024,2,17,5
22.0,Male,Canada,British Columbia,Standard,8.81,Mobile,0.0,0,2.2834022735772717,1,2024,6,15,5
38.0,Other,USA,Georgia,Premium,7.54,Mobile,4.0,0,2.1447610078004784,0,2023,3,25,5
38.0,Male,USA,Massachusetts,Standard,10.74,Desktop,1.0,0,2.4630018143999504,0,2024,3,29,4
55.0,Male,USA,Georgia,Premium,46.23,Desktop,2.0,0,3.8550292839080256,0,2025,6,5,3
38.0,Female,Canada,British Columbia,Standard,19.71,Smart TV,5.0,0,3.030616675407493,0,2023,6,19,0
57.0,Female,USA,California,Premium+,7.56,Desktop,3.0,0,2.1471001901536506,0,2024,2,15,3
39.0,Female,Canada,Ontario,Basic,17.92,Laptop,4.0,1,2.9402195636237325,0,2024,4,16,1
27.0,Male,USA,Washington,Premium,8.74,Mobile,0.0,0,2.2762411176544437,1,2025,2,28,4
50.0,Male,USA,Indiana,Basic,10.64,Smart TV,3.0,0,2.454447442303292,0,2024,1,19,4
36.0,Male,Canada,Saskatchewan,Basic,14.97,Mobile,2.0,0,2.770711962226921,0,2025,1,18,5
34.0,Female,Canada,Alberta,Standard,67.31,Laptop,5.0,0,4.224056168743758,0,2024,2,19,0
48.0,Female,USA,Michigan,Premium,21.811017452655033,Gaming Console,3.0,0,3.1272436408541084,0,2024,12,15,6
16.0,Female,Canada,Alberta,Premium,22.35,Laptop,0.0,0,3.150596984114906,1,2023,7,21,4
31.0,Other,USA,Maryland,Premium,412.29,Smart TV,2.0,0,6.024149525725334,0,2025,1,5,6
35.0,Female,USA,Arizona,Standard,11.15,Gaming Console,4.0,0,2.4973291697865574,0,2022,8,20,5
35.0,Female,USA,Arizona,Standard,12.08,Desktop,3.0,0,2.5710843460290524,0,2022,8,12,4
36.0,Male,USA,Ohio,Standard,11.1,Desktop,0.0,0,2.4932054526026954,1,2025,5,15,3
46.0,Male,USA,New York,Premium,24.73,Laptop,3.0,0,3.2476576262936527,0,2023,9,3,6
56.0,Female,Canada,Alberta,Standard,4.5,Mobile,2.0,0,1.7047480922384253,0,2022,12,17,5
25.0,Male,Canada,Quebec,Basic,29.89,Laptop,4.0,0,3.43043250693049,0,2024,10,30,2
30.0,Other,USA,Pennsylvania,Standard,3.75,Tablet,2.0,0,1.55814461804655,0,2022,12,10,5
17.0,Male,USA,Maryland,Standard,22.854736059479553,Smart TV,0.0,0,3.1719827745379456,1,2024,12,16,0
46.0,Male,USA,Virginia,Standard,22.854736059479553,Mobile,1.0,0,3.1719827745379456,0,2024,11,12,1
30.0,Male,USA,Texas,Basic,17.35,Gaming Console,1.0,0,2.9096295745005794,0,2025,3,24,0
39.0,Male,USA,Texas,Standard,21.22,Tablet,6.0,0,3.100992784211484,0,2024,2,7,2
32.0,Male,Canada,Ontario,Basic,12.65,Tablet,0.0,0,2.613739521630969,1,2025,1,26,6
43.0,Female,USA,Arizona,Premium,21.811017452655033,Mobile,0.0,0,3.1272436408541084,1,2023,7,10,0
16.0,Male,USA,Florida,Premium,4.06,Mobile,3.0,0,1.6213664832993742,0,2025,5,15,3
34.0,Female,Canada,Newfoundland and Labrador,Premium,8.49,Desktop,4.0,1,2.2502386126218363,0,2023,6,5,0
37.0,Male,USA,Indiana,Basic,13.59,Mobile,2.0,0,2.6803363625346943,0,2024,8,28,2
41.0,Male,Canada,British Columbia,Premium,16.47,Laptop,7.0,0,2.8604851241459652,0,2024,12,5,3
22.0,Female,Canada,Nova Scotia,Premium,22.75,Gaming Console,4.0,0,3.1675825304806504,0,2025,3,26,2
51.0,Male,Canada,Newfoundland and Labrador,Premium,13.9,Gaming Console,0.0,0,2.7013612129514133,1,2023,3,4,5
29.0,Female,Canada,Prince Edward Island,Premium,1.26,Mobile,2.0,0,0.8153648132841945,0,2023,9,12,1
24.0,Male,USA,Maryland,Standard,17.3,Tablet,5.0,1,2.9069010598473755,0,2023,7,16,6
28.0,Male,USA,California,Standard,10.98,Smart TV,2.0,0,2.4832385926873033,0,2023,8,10,3
31.0,Other,Canada,New Brunswick,Premium,19.27,Gaming Console,3.0,0,3.0091419604639085,0,2024,8,24,5
26.0,Male,USA,New York,Standard,540.57,Desktop,3.0,0,6.2944723286311115,0,2022,12,3,5
50.0,Female,USA,Texas,Basic,19.82,Gaming Console,4.0,0,3.035914063186823,0,2022,11,23,2
52.0,Male,USA,New Jersey,Premium+,11.4,Desktop,3.0,0,2.517696472610991,0,2023,1,29,6
31.0,Other,USA,Michigan,Premium+,18.73,Mobile,1.0,1,2.982140320034524,0,2025,1,24,4
35.0,Male,Canada,Newfoundland and Labrador,Basic,26.41,Gaming Console,3.0,0,3.3109079103146946,0,2022,8,7,6
20.0,Female,Canada,Nova Scotia,Premium,2.1,Mobile,2.0,0,1.1314021114911006,0,2023,9,13,2
43.0,Male,USA,Virginia,Basic,10.6,Laptop,3.0,0,2.451005098112319,0,2024,8,7,2
49.0,Female,Canada,Newfoundland and Labrador,Premium,7.64,Tablet,1.0,0,2.1564025828159643,0,2023,10,23,0
41.0,Female,USA,Massachusetts,Premium,21.811017452655033,Smart TV,3.0,0,3.1272436408541084,0,2022,9,18,6
38.0,Female,Canada,Ontario,Premium,27.77,Tablet,2.0,1,3.3593331775634567,0,2024,9,16,0
11.0,Male,USA,Wisconsin,Basic,58.7,Smart TV,0.0,1,4.089332020398556,1,2024,2,3,5
21.0,Female,USA,Indiana,Basic,15.44,Mobile,6.0,0,2.7997173896280336,0,2024,11,3,6
38.0,Male,USA,Florida,Premium+,10.47,Mobile,1.0,1,2.4397349311412793,0,2023,1,25,2
22.0,Female,USA,Washington,Premium+,1.74,Gaming Console,5.0,0,1.007957920399979,0,2024,10,1,1
24.0,Male,USA,Tennessee,Standard,18.48,Smart TV,4.0,0,2.969388298214389,0,2022,11,1,1
35.0,Female,USA,Illinois,Standard,7.42,Mobile,1.0,0,2.130609828254235,0,2023,4,7,4
47.0,Male,Canada,Newfoundland and Labrador,Standard,4.15,Laptop,0.0,0,1.6389967146756448,1,2023,3,8,2
35.0,Male,Canada,Saskatchewan,Standard,8.69,Gaming Console,3.0,1,2.2710944259026746,0,2022,9,2,4
40.0,Female,USA,Tennessee,Standard,4.81,Laptop,2.0,0,1.7595805708638197,0,2023,4,16,6
44.0,Male,USA,Ohio,Premium,21.811017452655033,Laptop,1.0,0,3.1272436408541084,0,2023,4,9,6
28.0,Female,USA,North Carolina,Standard,15.95,Smart TV,2.0,1,2.830267833826459,0,2025,1,21,1
38.0,Female,USA,Maryland,Premium,3.65,Laptop,0.0,0,1.536867219599265,1,2025,7,19,5
42.0,Male,Canada,Alberta,Standard,15.67,Laptop,0.0,1,2.813610696762703,1,2024,12,28,5
35.0,Male,USA,Wisconsin,Premium,8.81,Desktop,3.0,0,2.2834022735772717,0,2024,11,22,4
32.0,Female,Canada,Quebec,Basic,20.136172344689378,Mobile,4.0,0,3.0509859018293035,0,2024,4,12,4
30.0,Male,Canada,Saskatchewan,Basic,22.89,Gaming Console,5.0,1,3.173459961337718,0,2024,4,5,4
19.0,Other,Canada,New Brunswick,Basic,6.13,Laptop,3.0,0,1.9643112344262046,0,2024,1,25,3
27.0,Female,USA,Massachusetts,Premium,18.22,Desktop,2.0,0,2.9559514035421466,0,2023,4,9,6
35.0,Female,USA,Michigan,Premium,14.05,Desktop,0.0,0,2.711377991194885,1,2025,4,17,3
25.0,Other,USA,Massachusetts,Premium,16.44,Mobile,3.0,0,2.8587664184808337,0,2025,5,5,0
16.0,Other,USA,Wisconsin,Standard,4.23,Desktop,2.0,0,1.6544112780768316,0,2024,5,10,4
47.0,Female,USA,Maryland,Premium,9.86,Tablet,1.0,0,2.3850863145057892,0,2022,12,23,4
18.0,Male,USA,Texas,Standard,15.38,Smart TV,0.0,0,2.7960610784249234,1,2023,1,6,4
51.0,Female,USA,Michigan,Standard,18.83,Tablet,2.0,0,2.9871959425317045,0,2023,2,4,5
49.0,Male,USA,Illinois,Standard,33.71,Laptop,3.0,0,3.547027829873695,0,2023,7,24,0
23.0,Female,Canada,New Brunswick,Premium,14.59,Gaming Console,4.0,0,2.7466296830696852,0,2025,6,17,1
24.0,Female,USA,Arizona,Standard,23.98,Laptop,3.0,1,3.2180755046974316,0,2025,5,12,0
14.0,Female,Canada,Ontario,Standard,22.854736059479553,Mobile,7.0,0,3.1719827745379456,0,2025,5,22,3
18.0,Male,Canada,British Columbia,Standard,2.65,Gaming Console,2.0,0,1.2947271675944,0,2022,8,3,2
25.0,Male,USA,Texas,Standard,54.39,Smart TV,2.0,0,4.014399072045013,0,2024,2,19,0
28.0,Female,Canada,Quebec,Premium,26.88,Mobile,4.0,0,3.327909585892323,0,2023,4,12,2
35.0,Female,USA,North Carolina,Premium,8.65,Laptop,0.0,0,2.2669579153508947,1,2022,8,7,6
35.0,Female,USA,Massachusetts,Premium,11.84,Mobile,2.0,0,2.552565298261815,0,2025,2,11,1
41.0,Female,USA,Texas,Standard,5.87,Desktop,2.0,0,1.927164106234258,0,2023,5,17,2
37.0,Female,Canada,New Brunswick,Premium,9.97,Smart TV,0.0,1,2.395164274287139,1,2024,2,24,5
26.0,Other,USA,Virginia,Premium,18.51,Desktop,5.0,0,2.97092715463502,0,2025,6,9,0
43.0,Other,USA,Texas,Standard,38.83,Mobile,3.0,0,3.684620397193553,0,2022,9,23,4
24.0,Female,USA,Texas,Basic,3.27,Desktop,2.0,1,1.451613827240533,0,2023,6,16,4
57.0,Male,USA,Ohio,Premium,35.07,Gaming Console,3.0,0,3.5854614949154477,0,2023,1,31,1
29.0,Other,USA,Missouri,Premium,20.47,Tablet,2.0,0,3.0666566118906897,0,2023,3,1,2
33.0,Female,Canada,Alberta,Premium,20.95,Tablet,4.0,0,3.08876713952118,0,2025,5,7,2
29.0,Male,Canada,British Columbia,Standard,25.45,Smart TV,2.0,0,3.2752561583043085,0,2023,5,2,1
30.0,Male,Canada,Newfoundland and Labrador,Premium,6.8,Smart TV,0.0,0,2.0541237336955462,1,2023,2,27,0
38.0,Other,USA,Maryland,Standard,1.31,Tablet,1.0,0,0.8372475245337022,0,2025,6,2,0
58.0,Male,USA,Arizona,Standard,498.41,Gaming Console,3.0,0,6.213427401674029,0,2025,4,16,2
19.0,Female,USA,Arizona,Basic,15.87,Desktop,4.0,0,2.825536896557877,0,2024,12,9,0
58.0,Female,Canada,British Columbia,Premium,18.93,Smart TV,2.0,0,2.9922261342247034,0,2024,12,19,3
28.0,Female,USA,Georgia,Premium,7.23,Laptop,2.0,0,2.1077860146889784,0,2022,11,23,2
50.0,Male,USA,New York,Premium,0.83,Gaming Console,2.0,1,0.6043159668533294,0,2023,11,11,5
31.0,Other,USA,Tennessee,Premium,3.37,Desktop,3.0,1,1.4747630091074988,0,2022,11,1,1
39.0,Other,Canada,Newfoundland and Labrador,Standard,28.27,Smart TV,2.0,0,3.3765631007037946,0,2023,9,7,3
39.0,Female,USA,Maryland,Premium+,13.35,Tablet,2.0,0,2.66374994220563,0,2022,9,4,6
24.0,Female,USA,Pennsylvania,Standard,9.91,Desktop,6.0,0,2.3896797998449792,0,2025,5,17,5
56.0,Female,USA,Tennessee,Standard,22.854736059479553,Tablet,0.0,0,3.1719827745379456,1,2025,6,14,5
55.0,Male,USA,Indiana,Basic,10.71,Tablet,2.0,0,2.460443177609626,0,2024,7,10,2
38.0,Male,USA,California,Standard,22.854736059479553,Laptop,5.0,0,3.1719827745379456,0,2023,4,20,3
19.0,Male,USA,Virginia,Premium,6.27,Gaming Console,2.0,0,1.9837562915454279,0,2025,4,24,3
29.0,Male,Canada,Nova Scotia,Basic,20.136172344689378,Tablet,3.0,0,3.0509859018293035,0,2022,12,14,2
22.0,Male,USA,Indiana,Premium+,19.4,Smart TV,0.0,1,3.0155349008501706,1,2023,4,28,4
23.0,Male,USA,Missouri,Premium,21.43,Desktop,2.0,0,3.110399348532117,0,2025,5,15,3
45.0,Male,USA,Massachusetts,Standard,19.84,Mobile,3.0,0,3.0368742168851663,0,2023,5,15,0
11.0,Female,USA,Florida,Basic,7.24,Gaming Console,2.0,1,2.1090003439213802,0,2025,6,10,1
54.0,Male,USA,Maryland,Premium,7.08,Mobile,0.0,0,2.089391872533004,1,2023,11,30,3
35.0,Male,Canada,Alberta,Standard,11.15,Smart TV,3.0,0,2.4973291697865574,0,2023,1,26,3
34.0,Female,USA,Wisconsin,Standard,17.47,Mobile,4.0,0,2.9161477942111484,0,2023,6,12,0
39.0,Female,Canada,Prince Edward Island,Standard,10.03,Tablet,3.0,0,2.400618833265411,0,2022,12,30,4
37.0,Female,USA,Ohio,Standard,12.77,Mobile,1.0,1,2.6224923127405635,0,2023,8,13,6
50.0,Female,USA,Arizona,Standard,31.72,Smart TV,2.0,0,3.487986511734546,0,2022,8,12,4
35.0,Male,USA,Washington,Basic,30.95,Gaming Console,3.0,1,3.4641721808235437,0,2024,3,8,4
40.0,Female,USA,Washington,Premium,15.68,Tablet,4.0,0,2.8142103969306005,0,2025,2,1,5
45.0,Male,Canada,Newfoundland and Labrador,Standard,10.18,Gaming Console,2.0,1,2.414126467726953,0,2023,2,21,1
38.0,Female,Canada,British Columbia,Basic,20.136172344689378,Tablet,0.0,0,3.0509859018293035,1,2023,8,19,5
55.0,Other,Canada,Manitoba,Standard,3.62,Desktop,5.0,0,1.5303947050936475,0,2023,9,6,2
33.0,Other,USA,North Carolina,Premium+,0.6,Gaming Console,3.0,0,0.4700036292457356,0,2022,9,8,3
44.0,Other,USA,Illinois,Standard,13.73,Mobile,2.0,0,2.689886230474539,0,2024,1,19,4
51.0,Female,USA,Maryland,Basic,14.73,Laptop,5.0,0,2.7555697170701863,0,2025,2,20,3
42.0,Female,USA,Illinois,Premium,30.04,Gaming Console,2.0,0,3.435276695315018,0,2024,6,16,6
35.0,Other,USA,Maryland,Premium,11.14,Smart TV,3.0,0,2.4965057856313524,0,2024,3,12,1
26.0,Female,USA,Virginia,Basic,20.33,Mobile,2.0,0,3.0601145324832593,0,2023,12,14,3
24.0,Other,USA,Michigan,Basic,2.06,Smart TV,4.0,0,1.1184149159642893,0,2023,8,15,1
14.0,Other,USA,Georgia,Basic,2.87,Desktop,2.0,1,1.3532545070416904,0,2023,10,8,6
27.0,Female,Canada,Ontario,Standard,22.854736059479553,Mobile,3.0,0,3.1719827745379456,0,2022,11,1,1
46.0,Male,USA,Massachusetts,Premium,18.79,Smart TV,3.0,0,2.9851767596144745,0,2025,5,20,1
38.0,Female,USA,Georgia,Basic,35.47,Laptop,2.0,0,3.596490004820589,0,2023,8,12,5
52.0,Male,Canada,Alberta,Basic,6.48,Laptop,4.0,0,2.012232791986386,0,2024,2,2,4
45.0,Male,USA,California,Basic,16.26,Tablet,0.0,0,2.848391685655282,1,2022,9,20,1
27.0,Other,USA,Missouri,Premium,6.02,Laptop,1.0,0,1.9487632180377197,0,2023,6,6,1
37.0,Other,Canada,British Columbia,Premium,22.51,Mobile,1.0,0,3.157425862551978,0,2022,8,10,2
26.0,Male,USA,Arizona,Premium,19.69,Mobile,1.0,1,3.029650491757452,0,2023,8,8,1
49.0,Male,Canada,Alberta,Premium,10.83,Laptop,0.0,0,2.4706386779902956,1,2023,7,29,5
42.0,Male,USA,Texas,Standard,22.854736059479553,Laptop,0.0,1,3.1719827745379456,1,2024,2,8,3
45.0,Female,USA,Wisconsin,Basic,18.72,Laptop,3.0,0,2.9816333491744893,0,2023,11,2,3
51.0,Male,USA,Washington,Standard,7.4,Gaming Console,5.0,0,2.128231705849268,0,2023,10,21,5
45.0,Male,USA,Texas,Premium,12.77,Desktop,3.0,0,2.6224923127405635,0,2023,4,26,2
40.0,Female,USA,Illinois,Standard,1.05,Tablet,2.0,0,0.7178397931503169,0,2024,6,22,5
51.0,Female,USA,Missouri,Standard,14.11,Smart TV,1.0,0,2.715356776284648,0,2024,9,27,4
42.0,Female,USA,Virginia,Basic,3.36,Gaming Console,0.0,0,1.4724720573609429,1,2024,7,9,1
53.0,Male,USA,Pennsylvania,Premium,20.36,Laptop,2.0,0,3.061520014091994,0,2023,5,20,5
43.0,Male,Canada,Manitoba,Standard,10.3,Desktop,0.0,1,2.424802725718295,1,2023,5,27,5
20.0,Male,USA,Tennessee,Standard,33.83,Tablet,2.0,0,3.5504790843779097,0,2023,1,1,6
32.0,Female,USA,Michigan,Basic,29.53,Gaming Console,5.0,0,3.4187098067467865,0,2023,11,22,2
31.0,Male,USA,California,Premium+,8.5,Desktop,2.0,0,2.2512917986064953,0,2025,2,18,1
33.0,Female,USA,Indiana,Premium,6.11,Desktop,4.0,0,1.9615022438151495,0,2023,3,16,3
38.0,Other,USA,Arizona,Premium,8.16,Smart TV,4.0,0,2.214846178686039,0,2023,6,21,2
35.0,Male,USA,New York,Basic,2.73,Mobile,1.0,0,1.3164082336557241,0,2024,12,19,3
46.0,Female,USA,California,Premium,27.03,Desktop,4.0,1,3.333275365176697,0,2023,10,3,1
52.0,Female,USA,Missouri,Premium,23.32,Desktop,0.0,1,3.1912990570979662,1,2024,1,13,5
38.0,Male,USA,Illinois,Premium+,23.86,Mobile,4.0,0,3.213260086082565,0,2022,9,20,1
24.0,Female,USA,New Jersey,Premium,26.02,Laptop,5.0,0,3.2965773325320527,0,2025,7,9,2
47.0,Female,Canada,Alberta,Standard,8.26,Gaming Console,3.0,0,2.225704048658088,0,2025,1,2,3
18.0,Male,Canada,Quebec,Basic,18.49,Laptop,1.0,0,2.9699015135194693,0,2023,12,19,1
44.0,Male,USA,Tennessee,Premium+,2.39,Laptop,0.0,0,1.220829921392359,1,2022,9,1,3
29.0,Other,USA,Missouri,Basic,49.61,Gaming Console,1.0,0,3.9241491852259864,0,2022,8,12,4
42.0,Female,USA,Illinois,Premium+,3.55,Smart TV,0.0,0,1.5151272329628591,1,2022,12,17,5
41.0,Male,USA,Florida,Premium,21.811017452655033,Gaming Console,3.0,1,3.1272436408541084,0,2022,8,6,5
30.0,Female,USA,Ohio,Standard,7.52,Desktop,1.0,0,2.1424163408412245,0,2025,3,28,4
21.0,Female,Canada,British Columbia,Basic,2.14,Laptop,0.0,0,1.144222799920162,1,2024,6,27,3
36.0,Other,USA,Indiana,Standard,13.95,Laptop,2.0,0,2.7047112998366956,0,2025,2,11,1
37.0,Other,USA,Maryland,Basic,448.53,Desktop,1.0,0,6.108202592507742,0,2023,10,29,6
38.0,Female,Canada,Newfoundland and Labrador,Standard,30.89,Smart TV,3.0,0,3.4622924810219664,0,2024,8,27,1
58.0,Male,USA,Michigan,Standard,3.28,Gaming Console,1.0,0,1.4539530095937052,0,2024,5,30,3
21.0,Male,USA,Wisconsin,Standard,3.48,Laptop,4.0,0,1.4996230464268938,0,2024,2,21,2
53.0,Other,USA,Florida,Standard,10.82,Desktop,4.0,0,2.469793011977952,0,2023,10,22,6
30.0,Male,USA,Washington,Premium,14.29,Gaming Console,1.0,0,2.727199019940971,0,2024,4,22,0
26.0,Female,Canada,Nova Scotia,Basic,813.9,Gaming Console,1.0,0,6.703065406326174,0,2024,3,11,0
44.0,Male,USA,New York,Basic,31.68,Mobile,3.0,1,3.486763269991802,0,2025,1,15,2
54.0,Male,USA,Arizona,Standard,21.06,Mobile,3.0,0,3.0937660138253564,0,2023,2,24,4
28.0,Female,USA,Arizona,Standard,22.41,Laptop,3.0,0,3.1531632815028194,0,2022,10,19,2
35.0,Female,USA,New Jersey,Standard,12.61,Desktop,1.0,0,2.6108048166633746,0,2023,9,1,4
37.0,Other,USA,North Carolina,Standard,4.55,Gaming Console,4.0,0,1.713797927758343,0,2024,11,6,2
50.0,Male,USA,Indiana,Basic,10.65,Desktop,6.0,0,2.4553061800117097,0,2024,4,4,3
27.0,Male,USA,Tennessee,Premium,22.98,Desktop,1.0,0,3.177220149599368,0,2023,12,21,3
22.0,Male,USA,California,Premium,12.58,Desktop,0.0,0,2.60859812213055,1,2023,9,20,2
32.0,Male,USA,New Jersey,Standard,12.83,Laptop,1.0,0,2.626840145676667,0,2023,11,15,2
48.0,Male,Canada,Saskatchewan,Premium,10.65,Gaming Console,4.0,0,2.4553061800117097,0,2025,6,4,2
36.0,Other,USA,Ohio,Standard,7.82,Gaming Console,4.0,0,2.1770218700187,0,2022,11,1,1
30.0,Female,Canada,Ontario,Basic,4.0,Laptop,3.0,0,1.6094379124341003,0,2024,3,16,5
31.0,Male,USA,Michigan,Basic,8.71,Desktop,3.0,0,2.2731562823032334,0,2024,9,20,4
43.0,Male,USA,Missouri,Standard,22.854736059479553,Tablet,2.0,0,3.1719827745379456,0,2022,8,23,1
21.0,Female,USA,New York,Standard,31.98,Smart TV,4.0,0,3.495901317131453,0,2025,3,9,6
44.0,Female,USA,Arizona,Standard,46.48,Desktop,1.0,0,3.860308569741467,0,2023,12,20,2
42.0,Male,Canada,Ontario,Premium+,19.675352862849536,Mobile,1.0,0,3.0289423078910556,0,2025,6,6,4
49.0,Female,Canada,Nova Scotia,Premium+,2.36,Tablet,2.0,1,1.2119409739751128,0,2023,9,14,3
41.0,Male,USA,Tennessee,Premium,10.93,Smart TV,4.0,1,2.4790562361098245,0,2023,9,14,3
51.0,Female,USA,Illinois,Premium,21.44,Laptop,2.0,0,3.110845080654496,0,2024,2,16,4
18.0,Other,USA,Florida,Basic,12.57,Laptop,4.0,0,2.6078614738467776,0,2023,12,2,5
35.0,Other,Canada,New Brunswick,Premium+,21.86,Mobile,5.0,1,3.1293886583666644,0,2023,10,21,5
28.0,Male,Canada,Manitoba,Standard,14.84,Laptop,1.0,0,2.7625383863862796,0,2022,8,20,5
22.0,Male,USA,Missouri,Standard,18.7,Tablet,2.0,0,2.9806186357439426,0,2024,11,29,4
16.0,Male,USA,Florida,Basic,25.98,Laptop,1.0,0,3.2950958507796098,0,2024,5,21,1
30.0,Male,Canada,Manitoba,Basic,10.78,Mobile,4.0,0,2.4664031782234406,0,2023,7,26,2
29.0,Male,Canada,Newfoundland and Labrador,Premium,22.41,Laptop,3.0,0,3.1531632815028194,0,2024,10,25,4
10.0,Female,Canada,New Brunswick,Basic,12.02,Mobile,4.0,0,2.5664866367804233,0,2023,11,13,0
55.0,Female,USA,Arizona,Standard,21.24,Tablet,1.0,0,3.1018924693823817,0,2022,11,15,1
47.0,Other,Canada,Prince Edward Island,Premium,10.6,Smart TV,2.0,0,2.451005098112319,0,2023,9,2,5
38.0,Male,USA,New York,Standard,16.86,Smart TV,0.0,0,2.882563575448353,1,2024,11,28,3
32.0,Female,USA,North Carolina,Premium+,10.29,Smart TV,4.0,0,2.4239173781615704,0,2023,8,10,3
54.0,Male,USA,Virginia,Standard,10.29,Laptop,1.0,0,2.4239173781615704,0,2023,11,18,5
50.0,Other,USA,New York,Basic,13.47,Laptop,3.0,0,2.6720775406433925,0,2025,5,5,0
27.0,Male,USA,New York,Premium,5.27,Tablet,0.0,0,1.8357763546448294,1,2023,1,15,6
28.0,Male,USA,Texas,Standard,17.07,Smart TV,0.0,0,2.8942531046041373,1,2024,12,24,1
22.0,Other,Canada,Manitoba,Basic,8.06,Tablet,1.0,1,2.203869120054888,0,2024,6,14,4
41.0,Female,USA,Michigan,Standard,2.88,Smart TV,4.0,0,1.355835153635182,0,2024,8,1,3
47.0,Male,USA,Florida,Basic,21.93,Smart TV,0.0,0,3.132446096869813,1,2022,8,27,5
48.0,Other,USA,Pennsylvania,Standard,3.72,Desktop,6.0,0,1.551808799597464,0,2023,5,27,5
40.0,Female,USA,Florida,Basic,3.06,Mobile,2.0,0,1.4011829736136414,0,2025,6,12,3
31.0,Female,USA,New Jersey,Basic,7.84,Desktop,3.0,0,2.179286876649552,0,2023,5,12,4
46.0,Male,USA,Tennessee,Premium,8.28,Gaming Console,1.0,0,2.2278615467981093,0,2023,1,8,6
20.0,Female,USA,Ohio,Basic,28.18,Smart TV,2.0,0,3.3734835430946397,0,2025,4,11,4
28.0,Female,USA,Washington,Premium+,6.92,Mobile,4.0,0,2.0693912058263346,0,2024,11,19,1
43.0,Female,USA,Arizona,Premium,26.25,Gaming Console,1.0,0,3.305053521109253,0,2025,5,5,0
28.0,Other,USA,New Jersey,Standard,15.17,Gaming Console,2.0,0,2.783157673589016,0,2024,7,17,2
20.0,Female,USA,Ohio,Basic,4.85,Laptop,0.0,1,1.766441661243765,1,2023,6,1,3
47.0,Female,USA,Virginia,Premium,12.76,Gaming Console,2.0,0,2.6217658325051976,0,2024,12,23,0
33.0,Male,USA,New York,Standard,41.95,Mobile,3.0,0,3.7600366484302645,0,2024,3,30,5
50.0,Other,Canada,New Brunswick,Standard,22.854736059479553,Mobile,2.0,0,3.1719827745379456,0,2025,4,25,4
31.0,Male,Canada,Saskatchewan,Standard,20.89,Desktop,4.0,0,3.0860299115347716,0,2023,1,25,2
26.0,Female,Canada,Ontario,Basic,3.42,Gaming Console,1.0,0,1.4861396960896067,0,2023,9,30,5
28.0,Male,Canada,Ontario,Basic,17.47,Laptop,3.0,0,2.9161477942111484,0,2024,4,28,6
42.0,Female,USA,Illinois,Standard,12.19,Mobile,3.0,0,2.579458966729223,0,2024,5,12,6
39.0,Other,USA,Georgia,Basic,7.13,Mobile,1.0,0,2.0955609235597192,0,2024,10,5,5
39.0,Female,USA,New Jersey,Standard,14.36,Smart TV,4.0,0,2.731766727719526,0,2024,1,29,0
29.0,Male,Canada,Newfoundland and Labrador,Standard,2.86,Tablet,2.0,0,1.3506671834767394,0,2024,10,25,4
44.0,Other,Canada,Manitoba,Premium,46.71,Laptop,1.0,0,3.8651410195280156,0,2025,2,2,6
36.0,Female,USA,Pennsylvania,Basic,31.61,Desktop,4.0,0,3.484618989801228,0,2022,9,21,2
49.0,Male,USA,Illinois,Premium+,1.4,Smart TV,3.0,0,0.8754687373538999,0,2025,6,15,6
44.0,Female,USA,Virginia,Premium,2.9,Smart TV,3.0,0,1.3609765531356006,0,2024,8,20,1
55.0,Female,USA,Wisconsin,Standard,5.36,Desktop,5.0,0,1.8500283773520307,0,2023,1,26,3
38.0,Female,Canada,New Brunswick,Standard,11.64,Laptop,3.0,0,2.5368663887187113,0,2024,9,1,6
46.0,Female,USA,Massachusetts,Basic,11.69,Smart TV,2.0,0,2.540814281726296,0,2025,1,7,1
25.0,Female,USA,Massachusetts,Standard,4.28,Mobile,6.0,1,1.6639260977181702,0,2023,9,27,2
58.0,Male,Canada,Prince Edward Island,Standard,12.02,Smart TV,2.0,0,2.5664866367804233,0,2025,1,18,5
17.0,Male,Canada,Alberta,Premium,10.42,Laptop,2.0,0,2.435366204227864,0,2024,3,25,0
43.0,Female,USA,Indiana,Standard,7.84,Gaming Console,2.0,0,2.179286876649552,0,2025,2,21,4
53.0,Female,Canada,Quebec,Basic,8.63,Smart TV,0.0,0,2.2648832258100344,1,2025,1,1,2
34.0,Other,Canada,British Columbia,Standard,11.94,Gaming Console,2.0,0,2.5603232890727545,0,2023,3,15,2
32.0,Female,Canada,New Brunswick,Standard,22.854736059479553,Gaming Console,3.0,0,3.1719827745379456,0,2024,1,18,3
27.0,Male,USA,Missouri,Premium,0.88,Mobile,1.0,0,0.6312717768418579,0,2024,7,17,2
53.0,Other,Canada,New Brunswick,Premium,10.12,Mobile,0.0,0,2.4087452888224363,1,2025,4,28,0
47.0,Male,USA,Pennsylvania,Basic,6.29,Smart TV,5.0,0,1.986503546020567,0,2023,2,28,1
44.0,Male,USA,Indiana,Basic,14.88,Smart TV,0.0,0,2.7650604558189897,1,2023,4,22,5
49.0,Female,USA,New York,Basic,9.15,Tablet,2.0,0,2.3174737054877963,0,2023,7,23,6
37.0,Male,USA,New York,Standard,3.54,Laptop,4.0,0,1.5129270120532565,0,2024,4,4,3
29.0,Female,USA,Pennsylvania,Premium,13.39,Gaming Console,3.0,0,2.6665335208992764,0,2023,1,29,6
12.0,Female,USA,Florida,Basic,29.93,Desktop,0.0,0,3.4317265866969784,1,2024,10,23,2
23.0,Male,Canada,Nova Scotia,Standard,16.66,Smart TV,0.0,0,2.8713021951758138,1,2024,5,18,5
24.0,Female,USA,Indiana,Premium,14.77,Desktop,4.0,0,2.758109400974947,0,2024,1,6,5
37.0,Other,USA,Ohio,Basic,1.88,Tablet,2.0,0,1.0577902941478545,0,2024,4,18,3
42.0,Male,USA,Missouri,Premium,17.1,Laptop,1.0,0,2.89591193827178,0,2022,9,9,4
35.0,Female,USA,Virginia,Standard,26.22,Tablet,2.0,0,3.30395199722332,0,2025,2,8,5
28.0,Male,Canada,Manitoba,Premium,7.81,Desktop,6.0,1,2.175887439948088,0,2024,8,9,4
42.0,Male,USA,Indiana,Premium,21.811017452655033,Smart TV,4.0,0,3.1272436408541084,0,2023,3,11,5
40.0,Female,USA,Georgia,Premium,25.56,Desktop,3.0,0,3.279406324608233,0,2025,2,13,3
32.0,Female,USA,California,Standard,22.2,Gaming Console,2.0,1,3.1441522786722644,0,2025,4,6,6
22.0,Other,USA,Wisconsin,Premium,27.48,Gaming Console,4.0,0,3.349202086543775,0,2024,3,14,3
19.0,Male,Canada,Alberta,Premium,16.1,Desktop,1.0,1,2.8390784635086144,0,2024,7,1,0
17.0,Other,USA,Michigan,Standard,0.53,Smart TV,6.0,0,0.4252677354043441,0,2022,10,1,5
39.0,Male,USA,Washington,Premium+,4.87,Smart TV,3.0,0,1.7698546338400052,0,2023,5,18,3
14.0,Female,Canada,Newfoundland and Labrador,Standard,13.68,Tablet,3.0,0,2.6864860231863696,0,2025,6,6,4
24.0,Female,Canada,Nova Scotia,Basic,28.1,Tablet,1.0,0,3.370738174177447,0,2025,2,25,1
23.0,Male,USA,California,Premium+,19.675352862849536,Desktop,1.0,0,3.0289423078910556,0,2023,11,15,2
33.0,Other,Canada,Ontario,Standard,22.854736059479553,Gaming Console,5.0,0,3.1719827745379456,0,2023,5,14,6
40.0,Other,USA,New Jersey,Standard,22.04,Smart TV,5.0,0,3.1372318358276905,0,2023,1,17,1
50.0,Male,Canada,Prince Edward Island,Standard,20.93,Desktop,4.0,0,3.0878555624297968,0,2024,12,1,6
22.0,Female,Canada,Nova Scotia,Standard,18.13,Mobile,1.0,0,2.9512577834521614,0,2025,2,16,6
38.0,Female,USA,New Jersey,Premium,4.85,Gaming Console,1.0,0,1.766441661243765,0,2022,12,5,0
22.0,Male,USA,Florida,Basic,10.54,Mobile,2.0,1,2.4458192610799534,0,2024,3,28,3
15.0,Other,Canada,Ontario,Basic,15.52,Laptop,1.0,0,2.804571768092832,0,2025,3,15,5
16.0,Male,Canada,Nova Scotia,Basic,39.6,Smart TV,1.0,0,3.703768066607687,0,2023,12,22,4
21.0,Male,Canada,British Columbia,Premium,6.23,Tablet,7.0,0,1.9782390361706734,0,2025,6,4,2
26.0,Female,USA,Illinois,Basic,20.136172344689378,Smart TV,1.0,1,3.0509859018293035,0,2024,9,20,4
53.0,Male,Canada,Manitoba,Premium+,19.675352862849536,Desktop,3.0,0,3.0289423078910556,0,2022,9,17,5
40.0,Female,Canada,New Brunswick,Premium,56.12,Desktop,1.0,0,4.0451543180313285,0,2023,10,20,4
41.0,Female,Canada,Manitoba,Premium+,9.03,Smart TV,2.0,0,2.305580601973844,0,2024,11,26,1
31.0,Female,USA,Wisconsin,Premium+,4.81,Smart TV,3.0,0,1.7595805708638197,0,2024,9,19,3
37.0,Female,USA,Arizona,Premium,21.11,Gaming Console,2.0,0,3.096029994869355,0,2024,2,16,4
41.0,Male,USA,California,Standard,4.64,Mobile,0.0,0,1.7298840655099674,1,2024,11,28,3
34.0,Female,USA,New Jersey,Standard,21.15,Mobile,6.0,0,3.0978374964911444,0,2022,10,27,3
37.0,Male,USA,Georgia,Premium,3.02,Laptop,2.0,0,1.3912819026309295,0,2022,9,10,5
35.0,Male,USA,Maryland,Standard,10.12,Smart TV,2.0,0,2.4087452888224363,0,2023,12,27,2
38.0,Female,USA,Michigan,Standard,11.07,Smart TV,3.0,0,2.4907230351094403,0,2024,1,11,3
41.0,Male,USA,Indiana,Premium,4.85,Smart TV,3.0,0,1.766441661243765,0,2025,4,2,2
43.0,Other,USA,Indiana,Premium,8.48,Smart TV,3.0,1,2.2491843162669305,0,2023,2,7,1
35.0,Other,USA,Pennsylvania,Premium+,14.61,Desktop,2.0,0,2.7479117345273405,0,2023,12,22,4
25.0,Female,Canada,Quebec,Basic,17.84,Desktop,1.0,0,2.935982269148217,0,2023,11,30,3
10.0,Other,Canada,Nova Scotia,Standard,15.27,Mobile,2.0,0,2.7893229212309465,0,2022,12,15,3
26.0,Female,Canada,Newfoundland and Labrador,Premium+,9.49,Tablet,1.0,0,2.3504224224082058,0,2024,7,21,6
25.0,Other,Canada,Newfoundland and Labrador,Premium,3.12,Laptop,2.0,0,1.415853163361435,0,2024,12,23,0
26.0,Female,USA,Florida,Standard,9.29,Desktop,2.0,0,2.331172549845958,0,2024,10,20,6
39.0,Male,USA,Tennessee,Standard,20.85,Tablet,2.0,0,3.084200921541599,0,2023,11,15,2
42.0,Male,Canada,Nova Scotia,Premium,42.3,Mobile,1.0,0,3.768152635008444,0,2025,1,10,4
26.0,Female,USA,Massachusetts,Premium,6.79,Laptop,4.0,0,2.052840859882657,0,2022,12,4,6
38.0,Female,Canada,Alberta,Standard,22.854736059479553,Mobile,2.0,0,3.1719827745379456,0,2025,2,18,1
32.0,Male,USA,New Jersey,Basic,21.56,Laptop,4.0,0,3.1161784266298582,0,2023,12,6,2
12.0,Female,USA,Massachusetts,Basic,4.43,Desktop,3.0,1,1.691939133945844,0,2024,12,1,6
37.0,Male,USA,Wisconsin,Standard,2.1,Desktop,0.0,0,1.1314021114911006,1,2025,7,10,3
37.0,Male,USA,Massachusetts,Basic,20.136172344689378,Tablet,2.0,0,3.0509859018293035,0,2023,9,25,0
18.0,Female,Canada,Alberta,Standard,10.62,Laptop,1.0,0,2.4527277514237653,0,2024,10,24,3
36.0,Male,USA,Tennessee,Standard,22.854736059479553,Gaming Console,3.0,0,3.1719827745379456,0,2025,5,4,6
34.0,Male,USA,New Jersey,Premium,6.83,Smart TV,2.0,0,2.057962510002712,0,2024,7,21,6
36.0,Male,USA,Tennessee,Premium,18.07,Tablet,1.0,1,2.9481164196123277,0,2025,3,31,0
29.0,Male,USA,Ohio,Standard,5.37,Desktop,2.0,0,1.851599469584072,0,2023,11,1,2
31.0,Other,USA,Texas,Standard,19.43,Mobile,1.0,0,3.0170044088295307,0,2023,3,23,3
30.0,Female,Canada,Ontario,Premium+,6.37,Tablet,2.0,0,1.9974177062012453,0,2024,9,2,0
20.0,Male,USA,Georgia,Premium,26.68,Desktop,5.0,0,3.3207101307494686,0,2024,12,28,5
48.0,Male,USA,Arizona,Standard,7.05,Smart TV,3.0,0,2.0856720914304723,0,2024,7,6,5
53.0,Male,USA,Washington,Premium,10.43,Laptop,3.0,0,2.4362414778067194,0,2024,1,7,6
31.0,Male,USA,Wisconsin,Standard,10.62,Smart TV,0.0,0,2.4527277514237653,1,2024,8,2,4
46.0,Female,USA,Ohio,Premium,20.08,Gaming Console,3.0,0,3.0483247236731614,0,2024,6,16,6
20.0,Female,USA,New Jersey,Premium+,27.59,Desktop,4.0,0,3.3530570063342204,0,2023,7,17,0
32.0,Female,USA,Florida,Premium,11.54,Gaming Console,2.0,1,2.5289235352047745,0,2025,4,24,3
50.0,Other,USA,Florida,Standard,16.47,Laptop,2.0,0,2.8604851241459652,0,2023,9,20,2
23.0,Other,USA,Indiana,Premium,23.25,Smart TV,3.0,0,3.188416617383492,0,2022,10,6,3
35.0,Female,USA,Ohio,Basic,15.44,Laptop,1.0,0,2.7997173896280336,0,2023,12,26,1
27.0,Female,USA,Georgia,Premium,13.31,Gaming Console,4.0,0,2.6609585935683597,0,2024,8,18,6
20.0,Male,Canada,Nova Scotia,Premium,2.4,Desktop,2.0,0,1.2237754316221157,0,2024,3,19,1
39.0,Male,USA,Arizona,Standard,5.31,Smart TV,2.0,0,1.8421356765531218,0,2023,8,19,5
42.0,Other,Canada,British Columbia,Standard,18.34,Tablet,1.0,0,2.9621754900251482,0,2024,12,15,6
29.0,Female,USA,Pennsylvania,Premium,8.28,Desktop,4.0,0,2.2278615467981093,0,2024,3,19,1
31.0,Other,USA,New Jersey,Basic,27.44,Gaming Console,1.0,0,3.34779660493504,0,2022,10,26,2
47.0,Female,Canada,New Brunswick,Premium,9.77,Desktop,0.0,0,2.3767644911682972,1,2024,11,2,5
46.0,Female,USA,Virginia,Standard,9.76,Mobile,2.0,0,2.3758355547336385,0,2024,3,2,5
46.0,Male,USA,New Jersey,Premium+,3.84,Tablet,0.0,0,1.5769147207285403,1,2025,3,29,5
40.0,Female,USA,New York,Premium+,19.675352862849536,Gaming Console,5.0,0,3.0289423078910556,0,2024,11,11,0
22.0,Other,USA,California,Standard,21.8,Gaming Console,2.0,1,3.126760535960395,0,2023,12,7,3
42.0,Male,Canada,British Columbia,Premium+,7.15,Desktop,5.0,1,2.0980179272527715,0,2022,10,10,0
29.0,Female,USA,Wisconsin,Standard,41.08,Mobile,4.0,0,3.7395725684294545,0,2025,5,12,0
41.0,Female,USA,Missouri,Premium,4.66,Gaming Console,2.0,0,1.7334238922150915,0,2024,6,25,1
33.0,Female,USA,Ohio,Premium,11.94,Tablet,4.0,0,2.5603232890727545,0,2023,1,21,5
22.0,Male,USA,Arizona,Premium,36.66,Gaming Console,4.0,0,3.628598523229006,0,2025,2,11,1
27.0,Male,Canada,New Brunswick,Basic,24.31,Laptop,0.0,0,3.2311995745570328,1,2025,5,4,6
35.0,Other,USA,California,Basic,13.2,Laptop,3.0,0,2.653241964607215,0,2024,11,1,4
29.0,Male,Canada,Saskatchewan,Premium,16.04,Mobile,4.0,0,2.8355635214011694,0,2023,1,8,6
39.0,Female,USA,Virginia,Basic,14.82,Tablet,4.0,0,2.761274962339508,0,2023,2,21,1
27.0,Other,Canada,Ontario,Premium,22.24,Laptop,4.0,0,3.1458749319837103,0,2022,10,6,3
42.0,Male,USA,Arizona,Premium+,5.18,Laptop,1.0,1,1.8213182714695995,0,2023,6,28,2
37.0,Female,USA,North Carolina,Basic,13.76,Smart TV,2.0,1,2.6919208191723265,0,2022,9,27,1
50.0,Male,USA,Ohio,Premium,20.53,Tablet,4.0,0,3.0694473113762717,0,2022,8,22,0
12.0,Female,Canada,Alberta,Standard,10.91,Desktop,2.0,0,2.477378383367209,0,2024,2,4,6
25.0,Other,Canada,Prince Edward Island,Premium,23.32,Tablet,0.0,0,3.1912990570979662,1,2024,8,28,2
38.0,Other,USA,California,Premium+,19.675352862849536,Desktop,1.0,0,3.0289423078910556,0,2024,12,8,6
31.0,Male,USA,Tennessee,Premium,10.46,Laptop,3.0,0,2.4388627112865935,0,2022,12,31,5
41.0,Male,Canada,Saskatchewan,Standard,4.49,Gaming Console,3.0,1,1.7029282555214393,0,2023,3,13,0
43.0,Female,USA,Indiana,Premium+,19.675352862849536,Smart TV,0.0,1,3.0289423078910556,1,2025,6,25,2
31.0,Male,USA,Missouri,Premium,18.7,Laptop,5.0,0,2.9806186357439426,0,2023,11,9,3
16.0,Male,USA,Indiana,Basic,39.04,Smart TV,1.0,0,3.68987895444702,0,2023,6,1,3
29.0,Other,USA,Texas,Premium+,19.675352862849536,Tablet,0.0,0,3.0289423078910556,1,2023,8,25,4
23.0,Male,USA,North Carolina,Standard,13.94,Smart TV,6.0,0,2.7040421797046714,0,2022,12,7,2
32.0,Male,USA,Pennsylvania,Basic,13.85,Laptop,0.0,0,2.6979998652487085,1,2024,3,5,1
46.0,Female,USA,Maryland,Premium+,5.34,Laptop,1.0,0,1.8468787684491346,0,2024,11,27,2
20.0,Other,Canada,British Columbia,Basic,16.04,Gaming Console,3.0,1,2.8355635214011694,0,2022,12,29,3
39.0,Female,USA,Illinois,Basic,16.37,Mobile,6.0,1,2.854744580253014,0,2024,2,2,4
39.0,Female,Canada,Newfoundland and Labrador,Basic,15.21,Gaming Console,0.0,0,2.785628335747585,1,2025,8,1,4
25.0,Female,USA,New York,Standard,25.42,Desktop,4.0,1,3.2741212990941793,0,2023,4,4,1
36.0,Male,USA,Pennsylvania,Basic,20.136172344689378,Desktop,5.0,0,3.0509859018293035,0,2023,10,6,4
45.0,Female,Canada,Saskatchewan,Premium,17.09,Laptop,0.0,0,2.895359299407204,1,2022,10,3,0
49.0,Male,USA,Wisconsin,Premium,9.74,Mobile,3.0,0,2.3739750890807185,0,2024,1,26,4
37.0,Female,USA,Ohio,Premium,20.73,Smart TV,1.0,0,3.078693794268338,0,2024,6,4,1
20.0,Other,USA,Wisconsin,Premium+,19.23,Smart TV,5.0,0,3.007166651179654,0,2022,12,12,0
41.0,Female,USA,New Jersey,Premium,20.46,Smart TV,0.0,0,3.0661907372025525,1,2023,5,26,4
31.0,Female,USA,California,Standard,11.5,Tablet,1.0,0,2.5257286443082556,0,2023,6,28,2
27.0,Female,USA,Missouri,Premium,2.99,Desktop,2.0,0,1.3837912309017721,0,2025,3,8,5
14.0,Female,USA,Tennessee,Premium,21.811017452655033,Desktop,4.0,0,3.1272436408541084,0,2023,5,28,6
43.0,Female,USA,Ohio,Premium,18.57,Desktop,3.0,0,2.9739977814079848,0,2023,8,4,4
15.0,Male,Canada,Manitoba,Standard,474.6,Mobile,3.0,0,6.1645771648166265,0,2025,3,15,5
43.0,Female,Canada,Ontario,Basic,7.46,Mobile,1.0,0,2.135349173618132,0,2024,12,24,1
36.0,Female,USA,New Jersey,Premium,32.7,Tablet,3.0,0,3.517497837358316,0,2024,2,24,5
42.0,Female,USA,Pennsylvania,Premium,3.56,Gaming Console,6.0,0,1.5173226235262949,0,2023,5,26,4
38.0,Male,USA,Georgia,Standard,23.33,Tablet,2.0,0,3.1917101567954314,0,2023,6,1,3
40.0,Male,Canada,Quebec,Standard,13.03,Gaming Console,2.0,1,2.6411978941143697,0,2025,6,15,6
39.0,Female,Canada,New Brunswick,Premium,11.62,Desktop,4.0,0,2.5352828571130672,0,2025,4,6,6
48.0,Female,USA,Missouri,Standard,2.63,Smart TV,2.0,0,1.2892326482767593,0,2024,9,29,6
54.0,Female,USA,Michigan,Basic,7.62,Smart TV,0.0,0,2.154085084675602,1,2024,12,1,6
45.0,Female,USA,Georgia,Premium+,23.93,Mobile,3.0,0,3.2160718975354663,0,2024,3,1,4
46.0,Male,USA,Washington,Basic,17.0,Gaming Console,4.0,1,2.8903717578961645,0,2023,7,17,0
34.0,Female,USA,Indiana,Basic,21.44,Gaming Console,3.0,0,3.110845080654496,0,2023,7,6,3
49.0,Other,USA,Florida,Premium,35.4,Gaming Console,1.0,0,3.594568774642695,0,2025,6,22,6
44.0,Male,Canada,Quebec,Premium,34.25,Gaming Console,4.0,0,3.5624655292582776,0,2025,3,16,6
31.0,Other,USA,Michigan,Premium,7.53,Smart TV,0.0,0,2.143589361503588,1,2025,7,14,0
40.0,Female,USA,Tennessee,Standard,22.854736059479553,Smart TV,3.0,0,3.1719827745379456,0,2025,6,3,1
46.0,Female,USA,New Jersey,Standard,36.88,Smart TV,3.0,0,3.6344232683178777,0,2025,7,2,2
32.0,Female,USA,North Carolina,Basic,22.35,Smart TV,2.0,0,3.150596984114906,0,2024,12,17,1
57.0,Other,USA,Indiana,Premium,28.99,Desktop,0.0,0,3.4008639927609177,1,2023,11,30,3
49.0,Male,USA,California,Standard,9.4,Laptop,4.0,0,2.341805806147327,0,2023,5,16,1
29.0,Other,USA,Michigan,Basic,6.38,Tablet,2.0,1,1.998773638612381,0,2024,4,20,5
33.0,Female,Canada,Manitoba,Premium,9.06,Laptop,2.0,0,2.3085671646715933,0,2023,4,26,2
27.0,Male,Canada,Nova Scotia,Premium,19.54,Smart TV,2.0,0,3.0223742045004123,0,2022,12,9,4
28.0,Male,USA,Indiana,Premium,1.7,Tablet,2.0,0,0.9932517730102833,0,2023,1,22,6
45.0,Other,Canada,New Brunswick,Premium,21.811017452655033,Tablet,2.0,0,3.1272436408541084,0,2025,4,3,3
18.0,Male,USA,Virginia,Standard,10.48,Tablet,4.0,0,2.4406063908914204,0,2025,7,21,0
47.0,Male,USA,Michigan,Premium,33.22,Desktop,8.0,0,3.5328102684640474,0,2025,6,25,2
33.0,Male,Canada,Saskatchewan,Basic,9.3,Smart TV,0.0,0,2.33214389523559,1,2025,6,15,6
38.0,Male,USA,Massachusetts,Premium,28.05,Laptop,3.0,0,3.3690184832979204,0,2023,1,18,2
24.0,Female,USA,Ohio,Standard,13.58,Laptop,1.0,1,2.6796507265805123,0,2024,5,7,1
32.0,Male,USA,Texas,Premium,6.25,Laptop,3.0,0,1.9810014688665833,0,2023,3,31,4
23.0,Female,USA,Georgia,Basic,27.27,Tablet,0.0,0,3.341801171705499,1,2024,1,20,5
39.0,Female,Canada,Prince Edward Island,Premium,15.23,Mobile,3.0,0,2.7868613815264998,0,2023,9,22,4
24.0,Female,USA,New Jersey,Standard,14.82,Gaming Console,5.0,0,2.761274962339508,0,2024,8,27,1
31.0,Female,USA,Missouri,Premium+,4.52,Desktop,1.0,0,1.7083778602890038,0,2024,4,8,0
44.0,Male,Canada,Quebec,Standard,8.5,Laptop,2.0,1,2.2512917986064953,0,2024,1,5,4
40.0,Female,USA,Arizona,Basic,844.61,Mobile,3.0,0,6.740058260408524,0,2024,5,3,4
46.0,Male,USA,Maryland,Premium,12.36,Tablet,3.0,0,2.5922651681085,0,2024,12,28,5
29.0,Other,USA,Wisconsin,Standard,2.56,Desktop,3.0,0,1.269760544863939,0,2022,10,22,5
28.0,Female,USA,Missouri,Premium,7.91,Tablet,3.0,0,2.187174241482718,0,2023,12,21,3
34.0,Male,USA,California,Premium,21.811017452655033,Tablet,3.0,1,3.1272436408541084,0,2022,10,24,0
29.0,Male,USA,California,Basic,2.96,Tablet,2.0,0,1.3762440252663892,0,2023,5,27,5
49.0,Male,USA,North Carolina,Premium,14.84,Tablet,5.0,0,2.7625383863862796,0,2023,10,6,4
51.0,Other,USA,Pennsylvania,Basic,3.47,Mobile,3.0,0,1.4973884086254776,0,2023,2,15,2
22.0,Male,USA,Indiana,Standard,18.06,Desktop,2.0,0,2.947591898226056,0,2024,8,13,1
45.0,Male,USA,New York,Basic,19.73,Tablet,0.0,0,3.0315819264476884,1,2022,9,20,1
33.0,Other,USA,Michigan,Premium,15.87,Mobile,0.0,0,2.825536896557877,1,2022,9,18,6
26.0,Male,USA,Massachusetts,Standard,11.56,Mobile,3.0,0,2.5305171610400525,0,2022,9,25,6
35.0,Female,USA,Maryland,Premium,18.86,Desktop,0.0,1,2.9887076586170265,1,2024,5,7,1
40.0,Other,USA,Florida,Standard,15.58,Smart TV,2.0,0,2.8081971497071487,0,2022,12,31,5
48.0,Male,Canada,Nova Scotia,Standard,22.854736059479553,Desktop,2.0,1,3.1719827745379456,0,2024,3,14,3
48.0,Other,USA,Georgia,Premium,10.55,Mobile,1.0,0,2.446685436967803,0,2024,1,30,1
26.0,Male,USA,Florida,Premium,21.811017452655033,Smart TV,5.0,0,3.1272436408541084,0,2022,8,5,4
37.0,Female,USA,New York,Premium,12.93,Laptop,4.0,0,2.6340447877917144,0,2024,3,1,4
20.0,Male,USA,Massachusetts,Premium,28.34,Gaming Console,2.0,1,3.3789517727148355,0,2023,8,25,4
19.0,Male,Canada,Manitoba,Premium,17.58,Desktop,2.0,0,2.922085733385692,0,2025,1,27,0
43.0,Male,USA,Florida,Standard,18.95,Mobile,2.0,0,2.9932291433358724,0,2024,9,2,0
45.0,Male,USA,Illinois,Premium,39.42,Laptop,4.0,0,3.699324711975475,0,2022,11,29,1
16.0,Female,USA,New Jersey,Premium,7.0,Tablet,3.0,0,2.0794415416798357,0,2024,8,26,0
25.0,Male,USA,New Jersey,Premium,21.89,Desktop,6.0,0,3.1307001339644756,0,2023,8,25,4
17.0,Female,USA,Texas,Premium,13.92,Mobile,5.0,0,2.702702594775615,0,2024,3,12,1
45.0,Other,USA,Michigan,Standard,22.854736059479553,Smart TV,3.0,0,3.1719827745379456,0,2023,2,19,6
19.0,Female,USA,Indiana,Standard,10.13,Tablet,2.0,0,2.4096441652874536,0,2023,3,18,5
28.0,Female,Canada,British Columbia,Basic,20.136172344689378,Desktop,5.0,1,3.0509859018293035,0,2024,9,9,0
38.0,Other,USA,New Jersey,Premium+,19.675352862849536,Desktop,1.0,0,3.0289423078910556,0,2023,8,27,6
45.0,Female,USA,Indiana,Premium,20.0,Mobile,4.0,0,3.044522437723423,0,2025,7,23,2
41.0,Female,Canada,British Columbia,Basic,22.4,Smart TV,3.0,0,3.152736022363656,0,2024,2,26,0
24.0,Female,USA,Georgia,Basic,2.53,Laptop,4.0,0,1.2612978709452054,0,2024,3,8,4
46.0,Male,Canada,Newfoundland and Labrador,Standard,22.854736059479553,Desktop,0.0,0,3.1719827745379456,1,2025,2,24,0
10.0,Male,USA,Florida,Standard,20.09,Gaming Console,3.0,0,3.0487989944906833,0,2025,1,30,3
22.0,Female,USA,North Carolina,Standard,12.12,Tablet,4.0,0,2.574137783515943,0,2024,11,3,6
49.0,Other,USA,Missouri,Standard,18.25,Tablet,4.0,0,2.9575110607337933,0,2024,10,7,0
49.0,Female,USA,Illinois,Basic,15.36,Mobile,2.0,0,2.794839331174601,0,2022,12,22,3
42.0,Female,USA,Indiana,Standard,22.854736059479553,Mobile,2.0,0,3.1719827745379456,0,2022,9,29,3
17.0,Female,USA,Michigan,Premium,855.74,Desktop,2.0,0,6.753134488670259,0,2023,7,3,0
47.0,Male,USA,Virginia,Basic,9.3,Smart TV,1.0,0,2.33214389523559,0,2023,6,29,3
22.0,Male,USA,California,Premium,13.28,Mobile,2.0,0,2.658859956911438,0,2025,1,24,4
15.0,Male,USA,Virginia,Standard,60.21,Laptop,0.0,0,4.114310574862978,1,2025,1,28,1
31.0,Other,USA,Illinois,Standard,31.56,Tablet,7.0,0,3.4830845411343394,0,2022,9,26,0
29.0,Female,USA,Washington,Premium,21.811017452655033,Desktop,2.0,0,3.1272436408541084,0,2022,9,24,5
40.0,Other,USA,Illinois,Premium,15.97,Gaming Console,3.0,0,2.831447079246135,0,2024,11,27,2
35.0,Female,USA,California,Standard,20.74,Laptop,1.0,0,3.0791538816930633,0,2025,6,12,3
46.0,Male,USA,New Jersey,Standard,24.25,Tablet,1.0,0,3.228826155721369,0,2023,7,1,5
33.0,Other,USA,Indiana,Standard,21.26,Laptop,2.0,0,3.102791345847399,0,2024,12,20,4
41.0,Female,USA,Michigan,Standard,11.16,Smart TV,5.0,0,2.498151876538021,0,2024,9,30,0
36.0,Male,USA,Virginia,Standard,18.75,Desktop,0.0,0,2.9831534913471307,1,2022,9,6,1
30.0,Other,USA,Pennsylvania,Basic,12.83,Gaming Console,3.0,0,2.626840145676667,0,2022,12,5,0
22.0,Female,USA,Washington,Standard,9.1,Desktop,0.0,0,2.312535423847214,1,2024,9,21,5
15.0,Male,USA,Virginia,Premium,8.63,Smart TV,4.0,0,2.2648832258100344,0,2025,3,27,3
39.0,Other,Canada,Saskatchewan,Basic,7.2,Desktop,3.0,0,2.1041341542702074,0,2023,8,7,0
41.0,Female,USA,New York,Premium,4.07,Mobile,2.0,0,1.623340817603092,0,2023,1,30,0
39.0,Female,USA,Wisconsin,Premium,10.32,Tablet,1.0,0,2.4265710727750367,0,2025,3,1,5
48.0,Male,USA,Washington,Premium,7.9,Desktop,1.0,0,2.186051276738094,0,2023,2,19,6
31.0,Other,USA,Pennsylvania,Standard,22.854736059479553,Smart TV,0.0,0,3.1719827745379456,1,2025,4,15,1
44.0,Female,Canada,Ontario,Premium,1.36,Laptop,1.0,0,0.8586616190375187,0,2024,8,9,4
46.0,Male,USA,Texas,Premium,8.41,Tablet,3.0,1,2.2417729535972883,0,2024,9,18,2
34.0,Male,Canada,Quebec,Premium,17.33,Laptop,1.0,0,2.9085390618516134,0,2025,1,1,2
38.0,Female,USA,Maryland,Standard,21.85,Desktop,4.0,0,3.128951117340214,0,2024,12,15,6
28.0,Female,Canada,Saskatchewan,Standard,12.97,Desktop,0.0,0,2.6369121732688705,1,2023,6,25,6
40.0,Male,USA,Massachusetts,Basic,13.82,Smart TV,3.0,0,2.695977619867941,0,2024,11,13,2
35.0,Other,USA,New Jersey,Basic,2.01,Tablet,2.0,0,1.1019400787607843,0,2025,6,19,3
16.0,Male,USA,Maryland,Standard,29.39,Tablet,3.0,0,3.414113606928702,0,2023,7,21,4
47.0,Female,USA,California,Premium,24.67,Tablet,1.0,0,3.245322994883049,0,2024,4,3,2
24.0,Female,USA,Ohio,Standard,21.79,Tablet,0.0,0,3.126321843257593,1,2025,6,4,2
43.0,Female,USA,New York,Standard,31.77,Laptop,0.0,0,3.489513462710723,1,2024,9,17,1
37.0,Female,USA,California,Basic,27.57,Laptop,2.0,0,3.3523572162426816,0,2025,3,12,2
39.0,Male,USA,Indiana,Premium+,12.51,Desktop,2.0,1,2.6034301519721073,0,2023,5,1,0
25.0,Female,USA,Michigan,Basic,10.2,Desktop,2.0,0,2.4159137783010487,0,2024,7,9,1
50.0,Female,USA,Ohio,Standard,8.62,Smart TV,3.0,0,2.263844264677615,0,2024,3,12,1
52.0,Female,Canada,Ontario,Premium+,5.74,Desktop,2.0,0,1.9080599249242156,0,2025,2,7,4
13.0,Female,USA,Illinois,Premium,11.66,Smart TV,2.0,1,2.5384474167160302,0,2023,6,14,2
20.0,Female,USA,Texas,Standard,19.36,Tablet,0.0,0,3.013572191682322,1,2024,2,14,2
37.0,Other,USA,Maryland,Premium,21.811017452655033,Laptop,1.0,0,3.1272436408541084,0,2024,1,9,1
13.0,Female,Canada,Manitoba,Basic,31.02,Desktop,4.0,0,3.4663607075685685,0,2023,1,1,6
20.0,Other,USA,Missouri,Basic,7.5,Mobile,2.0,0,2.1400661634962708,0,2025,1,3,4
36.0,Male,Canada,Saskatchewan,Premium,3.84,Desktop,2.0,0,1.5769147207285403,0,2023,8,11,4
21.0,Other,Canada,Alberta,Premium,12.08,Tablet,6.0,0,2.5710843460290524,0,2024,6,3,0
39.0,Female,USA,Georgia,Premium,26.86,Mobile,0.0,0,3.3271919683516598,1,2025,6,19,3
34.0,Female,USA,Pennsylvania,Standard,10.57,Desktop,1.0,0,2.448415541205585,0,2024,11,15,4
45.0,Female,USA,Wisconsin,Premium+,32.06,Desktop,3.0,0,3.498324092392878,0,2022,10,9,6
48.0,Male,Canada,Newfoundland and Labrador,Standard,8.99,Laptop,6.0,0,2.301584592660462,0,2024,1,31,2
39.0,Male,USA,Massachusetts,Standard,25.35,Smart TV,0.0,0,3.2714682749873716,1,2025,7,8,1
29.0,Female,Canada,Manitoba,Premium,12.32,Tablet,0.0,0,2.589266665112243,1,2024,8,21,2
12.0,Female,USA,Illinois,Standard,5.99,Gaming Console,4.0,1,1.944480556245719,0,2023,4,19,2
35.0,Female,USA,New York,Standard,22.66,Mobile,3.0,0,3.1637858585502405,0,2025,4,16,2
42.0,Female,USA,New York,Standard,6.27,Laptop,2.0,0,1.9837562915454279,0,2023,10,15,6
24.0,Other,USA,Pennsylvania,Premium,11.31,Mobile,5.0,0,2.510411940196362,0,2024,3,30,5
29.0,Male,Canada,Ontario,Premium+,13.5,Tablet,0.0,1,2.6741486494265287,1,2024,1,14,6
45.0,Male,Canada,Quebec,Standard,12.28,Desktop,3.0,1,2.5862591440482876,0,2023,2,23,3
31.0,Female,USA,Wisconsin,Standard,22.854736059479553,Smart TV,2.0,0,3.1719827745379456,0,2025,4,9,2
40.0,Female,USA,Wisconsin,Basic,20.136172344689378,Mobile,1.0,0,3.0509859018293035,0,2024,3,11,0
29.0,Male,USA,Wisconsin,Standard,25.66,Desktop,3.0,0,3.2831643147505627,0,2024,5,21,1
13.0,Female,USA,Tennessee,Premium+,11.64,Tablet,2.0,0,2.5368663887187113,0,2025,1,24,4
53.0,Other,USA,Wisconsin,Standard,13.78,Mobile,0.0,0,2.6932749155200555,1,2023,2,26,6
42.0,Other,USA,Indiana,Standard,3.8,Mobile,2.0,1,1.5686159179138452,0,2025,3,19,2
29.0,Female,Canada,Prince Edward Island,Premium,4.3,Gaming Console,3.0,0,1.667706820558076,0,2022,8,24,2
43.0,Male,USA,Pennsylvania,Premium,14.1,Laptop,3.0,0,2.714694743820879,0,2022,9,15,3
20.0,Male,USA,Michigan,Premium,1.41,Smart TV,2.0,0,0.8796267475025635,0,2022,12,25,6
36.0,Male,USA,Georgia,Standard,11.36,Gaming Console,1.0,0,2.514465452029545,0,2024,1,24,2
53.0,Male,USA,New Jersey,Premium,4.29,Laptop,3.0,0,1.665818245870208,0,2023,3,20,0
44.0,Other,USA,Virginia,Basic,20.136172344689378,Laptop,0.0,0,3.0509859018293035,1,2025,1,23,3
31.0,Female,USA,Massachusetts,Premium,6.61,Laptop,4.0,0,2.0294631718735947,0,2023,6,10,5
30.0,Male,USA,Tennessee,Standard,3.36,Smart TV,2.0,0,1.4724720573609429,0,2025,4,10,3
40.0,Male,Canada,Quebec,Standard,5.26,Mobile,1.0,0,1.8341801851120072,0,2023,2,7,1
18.0,Male,USA,Texas,Premium,12.94,Tablet,2.0,0,2.6347624053323777,0,2022,10,8,5
48.0,Male,USA,Wisconsin,Premium+,8.97,Gaming Console,2.0,0,2.299580583973747,0,2023,1,26,3
42.0,Female,Canada,Manitoba,Basic,5.88,Smart TV,2.0,0,1.9286186519452522,0,2024,6,6,3
34.0,Male,USA,Maryland,Standard,19.8,Laptop,0.0,0,3.0349529867072724,1,2023,8,18,4
30.0,Male,Canada,Prince Edward Island,Premium,6.76,Desktop,0.0,0,2.048982334195127,1,2022,9,19,0
36.0,Male,USA,Arizona,Premium+,26.95,Smart TV,4.0,1,3.3304171996011083,0,2025,3,20,3
32.0,Male,USA,Virginia,Standard,7.64,Smart TV,2.0,0,2.1564025828159643,0,2023,6,19,0
40.0,Female,USA,Wisconsin,Standard,18.54,Mobile,2.0,0,2.972463646614637,0,2022,10,18,1
34.0,Female,USA,Pennsylvania,Basic,18.68,Smart TV,3.0,0,2.9796028916241073,0,2024,9,28,5
48.0,Male,USA,California,Premium,29.37,Smart TV,3.0,1,3.4134552790576573,0,2023,10,4,2
36.0,Male,USA,Florida,Basic,14.94,Smart TV,3.0,0,2.768831673362069,0,2024,8,10,5
45.0,Female,USA,North Carolina,Basic,11.79,Laptop,3.0,0,2.548663615590751,0,2025,7,6,6
25.0,Other,USA,Maryland,Premium+,19.675352862849536,Tablet,0.0,0,3.0289423078910556,1,2023,10,5,3
58.0,Female,USA,Wisconsin,Premium,2.89,Tablet,2.0,0,1.358409157630355,0,2024,1,12,4
43.0,Other,Canada,New Brunswick,Premium,9.15,Mobile,4.0,0,2.3174737054877963,0,2025,1,2,3
14.0,Female,USA,California,Premium,1.22,Smart TV,1.0,0,0.7975071958841881,0,2024,5,13,0
40.0,Male,Canada,New Brunswick,Premium,26.69,Gaming Console,2.0,0,3.3210713371828704,0,2025,4,28,0
55.0,Other,Canada,British Columbia,Standard,21.53,Desktop,5.0,1,3.114847754444153,0,2024,8,21,2
20.0,Male,Canada,Quebec,Standard,8.42,Tablet,2.0,0,2.2428350885882717,0,2025,5,25,6
19.0,Other,USA,Maryland,Standard,10.81,Desktop,3.0,0,2.468946630209271,0,2023,8,13,6
25.0,Other,Canada,Ontario,Standard,6.94,Mobile,4.0,0,2.0719132752590443,0,2023,3,8,2
36.0,Female,USA,Michigan,Basic,13.55,Tablet,0.0,0,2.6775909936175015,1,2024,11,13,2
22.0,Male,USA,Virginia,Premium,21.811017452655033,Desktop,1.0,0,3.1272436408541084,0,2023,9,20,2
43.0,Male,Canada,Quebec,Standard,18.39,Mobile,1.0,0,2.9647574692545606,0,2023,10,9,0
37.0,Female,Canada,Alberta,Standard,22.66,Smart TV,5.0,0,3.1637858585502405,0,2024,12,30,0
48.0,Female,Canada,Prince Edward Island,Standard,44.44,Laptop,3.0,0,3.816392774412896,0,2022,9,8,3
23.0,Male,Canada,Nova Scotia,Basic,9.61,Smart TV,1.0,0,2.3617969526258915,0,2022,10,9,6
39.0,Male,USA,Indiana,Standard,25.71,Smart TV,1.0,0,3.2850380271218693,0,2023,6,15,3
16.0,Female,USA,Florida,Premium+,19.675352862849536,Smart TV,0.0,0,3.0289423078910556,1,2023,7,14,4
30.0,Male,USA,Tennessee,Standard,6.09,Mobile,2.0,0,1.958685340544036,0,2023,9,13,2
22.0,Other,USA,Washington,Premium+,25.38,Tablet,0.0,0,3.2726061472891685,1,2023,9,2,5
26.0,Female,Canada,New Brunswick,Premium,21.811017452655033,Mobile,2.0,0,3.1272436408541084,0,2023,5,21,6
48.0,Male,USA,Tennessee,Basic,13.6,Laptop,1.0,0,2.681021528714291,0,2024,5,21,1
41.0,Female,Canada,Prince Edward Island,Basic,10.64,Desktop,8.0,0,2.454447442303292,0,2024,8,6,1
12.0,Female,Canada,Saskatchewan,Premium,19.43,Smart TV,3.0,0,3.0170044088295307,0,2025,6,27,4
39.0,Female,USA,Michigan,Standard,16.98,Smart TV,2.0,0,2.8892600290434745,0,2024,12,3,1
48.0,Female,Canada,Newfoundland and Labrador,Standard,9.38,Laptop,0.0,1,2.3398808777377424,1,2023,3,1,2
18.0,Female,USA,Ohio,Standard,50.81,Mobile,2.0,0,3.947583180826697,0,2024,12,31,1
24.0,Female,USA,Pennsylvania,Standard,11.6,Laptop,1.0,0,2.533696813957432,0,2024,10,16,2
44.0,Other,USA,Ohio,Standard,6.01,Tablet,3.0,1,1.9473377010464987,0,2024,9,7,5
15.0,Other,USA,Wisconsin,Standard,3.05,Smart TV,4.0,0,1.3987168811184478,0,2024,8,27,1
40.0,Female,USA,New York,Basic,10.77,Desktop,3.0,0,2.4655539212721855,0,2022,10,18,1
49.0,Male,USA,New York,Premium+,19.675352862849536,Laptop,1.0,0,3.0289423078910556,0,2024,5,12,6
44.0,Male,Canada,Newfoundland and Labrador,Standard,10.08,Smart TV,4.0,1,2.405141681319138,0,2024,2,28,2
20.0,Female,USA,Arizona,Standard,29.88,Laptop,2.0,0,3.4301087251565754,0,2023,12,4,0
19.0,Male,USA,Maryland,Premium,42.32,Smart TV,4.0,0,3.76861442213279,0,2024,5,3,4
35.0,Female,Canada,Nova Scotia,Premium,3.06,Gaming Console,0.0,0,1.4011829736136414,1,2023,12,5,1
55.0,Male,USA,Georgia,Standard,25.72,Laptop,3.0,0,3.285412348668445,0,2025,5,26,0
48.0,Female,USA,Missouri,Basic,7.6,Smart TV,2.0,0,2.151762203259462,0,2022,12,11,6
45.0,Female,USA,North Carolina,Premium,24.64,Laptop,2.0,0,3.2441536320524693,0,2024,5,1,2
15.0,Female,USA,Florida,Premium,31.38,Mobile,0.0,1,3.477540948249489,1,2024,1,6,5
32.0,Female,USA,North Carolina,Premium,25.52,Desktop,3.0,0,3.277899165317662,0,2025,7,7,0
16.0,Male,USA,Virginia,Premium,6.24,Desktop,3.0,1,1.979621206397625,0,2024,1,28,6
38.0,Other,USA,Indiana,Standard,11.89,Tablet,6.0,0,2.556451816951096,0,2023,10,1,6
41.0,Male,Canada,Saskatchewan,Basic,18.31,Laptop,4.0,0,2.960623096440423,0,2024,5,14,1
49.0,Other,USA,New York,Premium,21.811017452655033,Desktop,2.0,0,3.1272436408541084,0,2024,6,12,2
38.0,Male,Canada,Nova Scotia,Standard,16.58,Desktop,0.0,0,2.866761892257031,1,2025,1,8,2
33.0,Female,USA,Indiana,Standard,9.89,Desktop,1.0,1,2.387844936944869,0,2023,8,21,0
48.0,Other,Canada,Ontario,Standard,1.48,Tablet,3.0,0,0.9082585601768908,0,2025,1,3,4
38.0,Other,Canada,Ontario,Standard,23.98,Laptop,4.0,0,3.2180755046974316,0,2024,4,8,0
23.0,Female,USA,Washington,Premium,20.49,Gaming Console,3.0,0,3.067587710654419,0,2024,10,28,0
59.0,Female,USA,Florida,Standard,22.854736059479553,Smart TV,3.0,1,3.1719827745379456,0,2023,10,30,0
42.0,Other,Canada,Newfoundland and Labrador,Standard,39.49,Mobile,2.0,0,3.7010550300440697,0,2022,9,4,6
27.0,Female,Canada,Saskatchewan,Standard,22.854736059479553,Gaming Console,0.0,0,3.1719827745379456,1,2023,11,16,3
24.0,Female,USA,Maryland,Premium,8.28,Laptop,5.0,0,2.2278615467981093,0,2022,11,28,0
27.0,Other,USA,Pennsylvania,Basic,13.85,Mobile,0.0,0,2.6979998652487085,1,2022,10,26,2
37.0,Male,USA,Massachusetts,Standard,17.35,Desktop,3.0,0,2.9096295745005794,0,2024,8,26,0
57.0,Other,USA,Maryland,Standard,43.26,Smart TV,2.0,0,3.7900813346229034,0,2025,7,18,4
29.0,Male,Canada,Saskatchewan,Standard,22.854736059479553,Tablet,1.0,0,3.1719827745379456,0,2023,6,13,1
30.0,Female,USA,California,Premium+,5.07,Smart TV,1.0,1,1.803358605071407,0,2024,3,28,3
36.0,Female,Canada,Ontario,Premium+,19.675352862849536,Mobile,0.0,0,3.0289423078910556,1,2024,4,12,4
45.0,Other,USA,Virginia,Premium,9.9,Smart TV,3.0,0,2.388762789235098,0,2025,4,16,2
14.0,Female,USA,Pennsylvania,Premium,21.811017452655033,Smart TV,2.0,0,3.1272436408541084,0,2023,4,27,3
38.0,Female,Canada,Manitoba,Standard,10.4,Gaming Console,6.0,0,2.4336133554004498,0,2023,3,11,5
32.0,Male,Canada,Quebec,Standard,6.27,Tablet,3.0,0,1.9837562915454279,0,2023,10,23,0
29.0,Female,Canada,Saskatchewan,Premium+,12.58,Tablet,3.0,0,2.60859812213055,0,2022,9,1,3
49.0,Male,USA,Missouri,Premium,17.78,Smart TV,1.0,0,2.932792473780117,0,2025,1,25,5
51.0,Male,USA,Virginia,Premium,8.79,Mobile,1.0,0,2.281361456542419,0,2024,11,21,3
34.0,Male,USA,Wisconsin,Premium,11.02,Gaming Console,2.0,0,2.4865719291070616,0,2022,8,7,6
32.0,Female,USA,Georgia,Premium,18.74,Desktop,2.0,0,2.9826470340053355,0,2023,12,31,6
27.0,Male,Canada,Prince Edward Island,Premium,4.41,Mobile,4.0,0,1.6882490928583902,0,2024,8,7,2
52.0,Male,USA,California,Premium,23.52,Laptop,2.0,0,3.1994891110680106,0,2022,9,15,3
28.0,Male,USA,New York,Standard,45.87,Gaming Console,2.0,0,3.847377811934615,0,2023,7,27,3
25.0,Other,USA,Indiana,Premium,6.79,Gaming Console,2.0,0,2.052840859882657,0,2023,10,15,6
44.0,Other,USA,Ohio,Premium,2.43,Gaming Console,1.0,0,1.2325602611778486,0,2023,1,9,0
53.0,Female,USA,Texas,Standard,4.2,Smart TV,5.0,0,1.6486586255873816,0,2023,6,27,1
40.0,Other,USA,Georgia,Standard,18.67,Gaming Console,2.0,0,2.979094632400968,0,2023,8,8,1
29.0,Other,USA,Pennsylvania,Premium,4.29,Tablet,2.0,1,1.665818245870208,0,2023,11,4,5
28.0,Female,USA,Indiana,Premium+,1.59,Desktop,8.0,1,0.9516578757114464,0,2023,4,27,3
37.0,Male,USA,Ohio,Standard,23.46,Gaming Console,2.0,0,3.1970391302590264,0,2025,3,14,4
31.0,Male,USA,Florida,Premium,21.811017452655033,Smart TV,3.0,0,3.1272436408541084,0,2024,4,22,0
17.0,Female,USA,North Carolina,Standard,843.35,Desktop,1.0,0,6.738567100578146,0,2025,4,29,1
44.0,Male,Canada,Nova Scotia,Standard,15.44,Desktop,2.0,0,2.7997173896280336,0,2022,9,22,3
47.0,Male,USA,Massachusetts,Premium,21.811017452655033,Mobile,0.0,0,3.1272436408541084,1,2024,5,26,6
31.0,Male,USA,Texas,Standard,3.76,Tablet,3.0,0,1.5602476682433286,0,2023,8,5,5
55.0,Male,USA,Florida,Premium,15.58,Laptop,2.0,0,2.8081971497071487,0,2023,5,13,5
52.0,Female,USA,Missouri,Premium,5.33,Smart TV,1.0,0,1.8453002361560848,0,2022,11,12,5
46.0,Male,USA,California,Premium,25.78,Mobile,4.0,0,3.2876553402630266,0,2023,9,5,1
51.0,Female,USA,New York,Premium,3.68,Mobile,5.0,0,1.5432981099295553,0,2024,7,11,3
28.0,Male,USA,New Jersey,Premium+,19.675352862849536,Desktop,4.0,0,3.0289423078910556,0,2023,10,18,2
41.0,Male,USA,Maryland,Basic,6.98,Tablet,3.0,0,2.0769384114617173,0,2025,1,9,3
38.0,Other,USA,Missouri,Premium,33.41,Tablet,2.0,1,3.538347219809389,0,2025,6,14,5
27.0,Female,Canada,Prince Edward Island,Standard,17.3,Laptop,0.0,0,2.9069010598473755,1,2024,4,17,2
22.0,Other,Canada,Prince Edward Island,Basic,20.136172344689378,Gaming Console,0.0,0,3.0509859018293035,1,2024,1,18,3
48.0,Female,USA,New York,Standard,22.854736059479553,Desktop,2.0,1,3.1719827745379456,0,2025,5,3,5
21.0,Female,USA,Virginia,Premium+,7.35,Desktop,1.0,0,2.122261538862764,0,2023,7,22,5
26.0,Male,USA,Ohio,Premium,3.38,Tablet,2.0,0,1.4770487243883548,0,2024,4,5,4
36.0,Other,USA,Michigan,Premium+,19.675352862849536,Smart TV,4.0,1,3.0289423078910556,0,2024,12,17,1
31.0,Female,USA,Indiana,Premium,7.63,Tablet,0.0,0,2.1552445050953364,1,2024,4,7,6
36.0,Male,USA,Virginia,Premium,21.811017452655033,Tablet,2.0,0,3.1272436408541084,0,2024,10,23,2
41.0,Male,USA,North Carolina,Basic,23.75,Smart TV,0.0,0,3.2088254890146994,1,2023,2,3,4
35.0,Other,USA,Arizona,Premium,17.79,Smart TV,4.0,0,2.933324813425374,0,2023,8,28,0
38.0,Female,USA,California,Premium,22.7,Smart TV,5.0,0,3.1654750481410856,0,2025,1,22,2
31.0,Male,USA,Florida,Basic,36.06,Smart TV,2.0,0,3.6125382208572137,0,2022,12,4,6
43.0,Male,USA,Massachusetts,Premium,4.34,Mobile,2.0,0,1.6752256529721035,0,2022,12,1,3
48.0,Female,USA,Michigan,Standard,29.59,Gaming Console,2.0,0,3.420673158162812,0,2025,7,20,6
26.0,Other,Canada,Nova Scotia,Standard,15.16,Desktop,3.0,0,2.7825390530929495,0,2024,12,1,6
50.0,Female,Canada,Nova Scotia,Standard,4.89,Gaming Console,5.0,1,1.7732559976634952,0,2023,3,2,3
28.0,Male,USA,Texas,Premium+,6.4,Laptop,1.0,0,2.0014800002101243,0,2022,8,23,1
37.0,Male,USA,Tennessee,Standard,22.854736059479553,Mobile,3.0,0,3.1719827745379456,0,2023,6,21,2
35.0,Male,USA,Ohio,Premium,543.57,Desktop,0.0,0,6.2999964924204805,1,2025,5,5,0
17.0,Female,USA,New York,Standard,8.82,Desktop,5.0,0,2.2844211223663744,0,2022,8,31,2
26.0,Female,Canada,British Columbia,Premium,11.7,Desktop,0.0,0,2.5416019934645457,1,2023,11,19,6
49.0,Male,Canada,New Brunswick,Basic,4.99,Desktop,3.0,1,1.7900914121273581,0,2025,3,16,6
30.0,Female,Canada,Quebec,Premium,29.09,Desktop,6.0,1,3.4041928906419536,0,2024,5,16,3
49.0,Other,Canada,Newfoundland and Labrador,Premium,14.4,Laptop,1.0,0,2.7343675094195836,0,2023,10,21,5
52.0,Female,Canada,Newfoundland and Labrador,Premium+,22.43,Gaming Console,4.0,0,3.1540172525197043,0,2023,12,23,5
45.0,Male,USA,New Jersey,Basic,834.72,Mobile,3.0,0,6.7282936287540505,0,2025,3,31,0
28.0,Male,Canada,Alberta,Standard,3.1,Desktop,2.0,0,1.410986973710262,0,2025,1,14,1
35.0,Other,USA,New York,Standard,22.7,Mobile,2.0,0,3.1654750481410856,0,2025,6,3,1
30.0,Female,Canada,Prince Edward Island,Standard,3.84,Smart TV,2.0,0,1.5769147207285403,0,2022,10,4,1
28.0,Female,USA,Washington,Premium,22.44,Gaming Console,3.0,0,3.154443964708812,0,2023,4,10,0
21.0,Male,USA,Texas,Standard,8.98,Gaming Console,1.0,0,2.300583090323373,0,2023,5,9,1
59.0,Female,USA,Georgia,Premium,14.76,Gaming Console,0.0,0,2.757475084429733,1,2023,12,27,2
47.0,Male,Canada,British Columbia,Standard,12.48,Tablet,3.0,1,2.601207105484161,0,2022,9,29,3
26.0,Male,USA,Arizona,Basic,24.68,Laptop,2.0,0,3.2457124788217606,0,2022,12,9,4
24.0,Female,Canada,Alberta,Basic,20.136172344689378,Smart TV,0.0,0,3.0509859018293035,1,2024,5,20,0
32.0,Male,USA,California,Standard,19.55,Desktop,1.0,0,3.022860940942244,0,2025,3,31,0
40.0,Male,Canada,Saskatchewan,Premium,22.58,Gaming Console,1.0,0,3.160398895109225,0,2023,8,18,4
38.0,Male,USA,Michigan,Basic,8.78,Mobile,3.0,0,2.280339484046726,0,2022,9,28,2
33.0,Male,USA,New Jersey,Premium,21.811017452655033,Gaming Console,1.0,0,3.1272436408541084,0,2022,10,7,4
36.0,Male,USA,Illinois,Standard,6.84,Laptop,0.0,1,2.0592388343623163,1,2023,11,23,3
14.0,Female,USA,Ohio,Premium,26.63,Smart TV,0.0,0,3.318902138935325,1,2022,9,6,1
40.0,Male,Canada,New Brunswick,Standard,19.88,Gaming Console,5.0,1,3.038791763014438,0,2025,2,8,5
30.0,Other,Canada,Newfoundland and Labrador,Premium,10.23,Mobile,2.0,0,2.418588768750352,0,2024,3,4,0
43.0,Female,USA,Florida,Premium,22.91,Smart TV,1.0,0,3.1742967814702334,0,2024,5,16,3
24.0,Female,USA,Florida,Basic,10.7,Desktop,1.0,0,2.4595888418037104,0,2024,3,8,4
17.0,Female,USA,New Jersey,Premium+,19.675352862849536,Mobile,3.0,0,3.0289423078910556,0,2024,6,24,0
33.0,Other,USA,Tennessee,Premium,15.46,Laptop,1.0,1,2.800933195248924,0,2023,9,10,6
53.0,Male,USA,Michigan,Premium,9.36,Desktop,0.0,1,2.337952236831337,1,2024,1,29,0
17.0,Female,USA,Ohio,Premium+,12.06,Mobile,2.0,0,2.569554123848285,0,2024,12,19,3
18.0,Other,USA,Maryland,Standard,12.19,Gaming Console,0.0,1,2.579458966729223,1,2022,10,21,4
31.0,Male,USA,Pennsylvania,Premium,1.8,Mobile,1.0,0,1.0296194171811581,0,2022,12,5,0
14.0,Female,USA,New Jersey,Standard,22.854736059479553,Desktop,2.0,0,3.1719827745379456,0,2023,7,21,4
38.0,Female,USA,Indiana,Premium,10.61,Smart TV,0.0,1,2.4518667957098,1,2022,11,16,2
42.0,Male,USA,Washington,Standard,6.16,Gaming Console,3.0,0,1.9685099809725544,0,2024,3,16,5
41.0,Female,Canada,Manitoba,Standard,10.77,Tablet,2.0,0,2.4655539212721855,0,2024,2,14,2
42.0,Male,USA,California,Premium,21.811017452655033,Tablet,4.0,0,3.1272436408541084,0,2023,5,23,1
55.0,Male,USA,Ohio,Premium,38.58,Laptop,4.0,0,3.6783239401744194,0,2023,7,29,5
40.0,Female,USA,Virginia,Standard,31.19,Laptop,4.0,0,3.4716558453107167,0,2024,2,17,5
54.0,Other,USA,Illinois,Basic,6.42,Mobile,3.0,0,2.004179057179289,0,2024,10,6,6
49.0,Male,Canada,Newfoundland and Labrador,Standard,18.71,Mobile,0.0,0,2.9811261211646287,1,2024,5,16,3
43.0,Male,USA,Massachusetts,Premium,2.78,Mobile,2.0,0,1.3297240096314962,0,2024,8,10,5
16.0,Male,USA,Virginia,Basic,4.55,Gaming Console,2.0,0,1.713797927758343,0,2025,6,3,1
44.0,Female,USA,Indiana,Standard,30.73,Mobile,4.0,0,3.4572626055951043,0,2024,7,21,6
59.0,Female,USA,New York,Basic,1.34,Laptop,0.0,0,0.8501509293696101,1,2025,5,19,0
41.0,Male,Canada,Manitoba,Standard,6.73,Laptop,1.0,0,2.0451088625993306,0,2022,11,4,4
55.0,Male,Canada,Alberta,Premium,21.811017452655033,Desktop,4.0,0,3.1272436408541084,0,2024,2,27,1
32.0,Female,Canada,British Columbia,Basic,12.16,Desktop,3.0,1,2.5771819258971713,0,2024,4,12,4
15.0,Male,USA,Indiana,Premium,13.21,Tablet,1.0,0,2.6539459421090092,0,2023,1,14,5
53.0,Other,USA,Virginia,Basic,5.68,Desktop,1.0,0,1.8991179875485542,0,2023,4,2,6
34.0,Female,USA,Washington,Standard,34.74,Laptop,2.0,0,3.576270509731282,0,2022,8,26,4
27.0,Female,Canada,Ontario,Standard,41.54,Desktop,6.0,0,3.750444809772091,0,2025,4,21,0
31.0,Female,Canada,Nova Scotia,Premium+,20.06,Smart TV,2.0,0,3.0473755067058295,0,2024,7,21,6
19.0,Female,USA,Arizona,Premium+,5.61,Laptop,3.0,0,1.888583653863595,0,2022,11,29,1
10.0,Female,USA,Missouri,Standard,37.13,Tablet,4.0,0,3.6410013738694724,0,2022,8,30,1
21.0,Male,USA,Texas,Premium,27.59,Gaming Console,4.0,1,3.3530570063342204,0,2025,7,2,2
23.0,Female,Canada,Saskatchewan,Premium,11.71,Desktop,3.0,1,2.542389085201363,0,2023,12,16,5
41.0,Male,USA,Illinois,Basic,5.09,Gaming Console,0.0,0,1.8066480817218056,1,2025,4,28,0
25.0,Male,USA,Wisconsin,Premium,7.49,Mobile,2.0,0,2.138889000323256,0,2024,2,13,1
31.0,Female,USA,Maryland,Basic,20.136172344689378,Laptop,1.0,0,3.0509859018293035,0,2022,11,17,3
32.0,Male,USA,Virginia,Premium+,4.52,Laptop,0.0,0,1.7083778602890038,1,2024,3,25,0
40.0,Female,USA,Missouri,Premium+,33.47,Laptop,0.0,0,3.540089380528774,1,2024,1,16,1
19.0,Male,USA,Washington,Premium,15.58,Mobile,2.0,0,2.8081971497071487,0,2025,2,3,0
32.0,Male,USA,North Carolina,Premium,14.89,Laptop,0.0,0,2.7656899805486246,1,2024,11,28,3
29.0,Female,Canada,Quebec,Premium,53.9,Gaming Console,2.0,0,4.005513348515485,0,2022,12,17,5
36.0,Female,USA,North Carolina,Premium,20.93,Mobile,4.0,0,3.0878555624297968,0,2024,12,27,4
35.0,Male,Canada,Ontario,Premium+,14.16,Desktop,4.0,0,2.7186603802142257,0,2024,8,4,6
27.0,Female,USA,Illinois,Premium+,27.04,Desktop,2.0,0,3.3336320621663895,0,2025,7,12,5
30.0,Other,USA,New Jersey,Basic,15.73,Smart TV,4.0,0,2.8172035149987327,0,2023,7,29,5
33.0,Male,USA,Florida,Standard,5.05,Mobile,1.0,0,1.80005827204275,0,2024,9,17,1
26.0,Female,Canada,Nova Scotia,Premium,12.12,Desktop,2.0,0,2.574137783515943,0,2025,4,28,0
45.0,Female,USA,New Jersey,Standard,3.7,Mobile,3.0,1,1.547562508716013,0,2023,1,21,5
40.0,Female,USA,New Jersey,Basic,2.16,Tablet,1.0,0,1.1505720275988207,0,2025,2,18,1
33.0,Male,Canada,Saskatchewan,Basic,17.9,Mobile,4.0,0,2.9391619220655967,0,2023,7,12,2
27.0,Female,Canada,Quebec,Premium,23.88,Desktop,4.0,0,3.2140642678709788,0,2023,9,19,1
51.0,Male,USA,Texas,Basic,21.91,Gaming Console,4.0,0,3.1315734964654043,0,2023,11,5,6
50.0,Other,USA,New Jersey,Premium,7.22,Gaming Console,0.0,0,2.1065702090680882,1,2022,8,28,6
36.0,Female,USA,Massachusetts,Standard,2.35,Laptop,0.0,0,1.208960345836975,1,2022,12,17,5
38.0,Female,USA,Missouri,Standard,22.854736059479553,Laptop,1.0,1,3.1719827745379456,0,2023,9,24,6
15.0,Male,USA,Georgia,Standard,15.15,Desktop,3.0,0,2.7819200496686656,0,2024,2,9,4
41.0,Male,Canada,Manitoba,Standard,18.95,Tablet,6.0,0,2.9932291433358724,0,2024,5,10,4
19.0,Male,USA,Pennsylvania,Standard,22.854736059479553,Mobile,3.0,0,3.1719827745379456,0,2025,2,1,5
19.0,Male,USA,Michigan,Standard,16.24,Laptop,0.0,1,2.847232265235547,1,2023,7,28,4
18.0,Other,USA,Michigan,Premium,41.04,Desktop,2.0,1,3.7386215460087504,0,2024,1,15,0
48.0,Female,USA,Wisconsin,Standard,17.98,Laptop,0.0,0,2.9433857931817817,1,2023,9,14,3
29.0,Male,USA,Maryland,Premium,11.74,Laptop,1.0,1,2.5447466501440172,0,2024,2,7,2
51.0,Female,USA,Indiana,Premium,13.4,Desktop,2.0,0,2.667228206581955,0,2024,4,14,6
22.0,Male,Canada,Prince Edward Island,Premium,21.811017452655033,Mobile,3.0,1,3.1272436408541084,0,2023,6,11,6
12.0,Male,USA,Indiana,Premium,17.15,Smart TV,5.0,0,2.8986705607108596,0,2023,3,1,2
21.0,Female,USA,New York,Premium,17.99,Laptop,2.0,0,2.9439125248241944,0,2025,6,26,3
17.0,Female,USA,North Carolina,Premium+,13.1,Smart TV,1.0,0,2.6461747973841225,0,2023,1,31,1
52.0,Female,USA,Maryland,Basic,21.71,Tablet,4.0,0,3.122805356117467,0,2024,9,18,2
51.0,Male,Canada,Manitoba,Basic,20.41,Mobile,2.0,0,3.0638581026015914,0,2025,7,19,5
41.0,Female,USA,Michigan,Basic,10.19,Mobile,0.0,0,2.4150205223238337,1,2024,7,22,0
17.0,Male,USA,Illinois,Standard,16.65,Tablet,1.0,0,2.8707357833793057,0,2025,3,5,2
33.0,Other,Canada,Alberta,Premium,8.31,Smart TV,2.0,0,2.231089091288976,0,2023,4,14,4
38.0,Male,Canada,Ontario,Basic,10.67,Smart TV,2.0,0,2.4570214462984645,0,2023,3,12,6
12.0,Female,USA,Florida,Standard,18.71,Laptop,2.0,0,2.9811261211646287,0,2023,3,6,0
19.0,Male,USA,Illinois,Standard,11.0,Mobile,0.0,0,2.4849066497880004,1,2024,8,25,6
14.0,Other,USA,Virginia,Premium,2.05,Smart TV,3.0,1,1.1151415906193203,0,2025,6,16,0
38.0,Female,USA,Florida,Premium,3.99,Laptop,3.0,0,1.6074359097634274,0,2023,12,16,5
53.0,Male,USA,Virginia,Basic,32.78,Laptop,2.0,0,3.519868911379654,0,2022,9,14,2
42.0,Other,USA,Virginia,Basic,28.62,Desktop,4.0,0,3.3884498088396526,0,2024,12,6,4
33.0,Female,USA,Florida,Standard,3.34,Tablet,2.0,0,1.4678743481123135,0,2024,5,4,5
50.0,Female,USA,Missouri,Premium,6.93,Gaming Console,2.0,1,2.0706530356467567,0,2023,5,2,1
50.0,Male,USA,California,Premium,10.63,Smart TV,3.0,0,2.453587966530573,0,2025,4,7,0
51.0,Female,Canada,Manitoba,Standard,19.87,Tablet,2.0,0,3.038312721089109,0,2023,2,14,1
23.0,Male,USA,Indiana,Premium,12.0,Tablet,2.0,0,2.5649493574615367,0,2024,5,11,5
26.0,Male,USA,Pennsylvania,Premium,4.73,Smart TV,6.0,0,1.7457155307266483,0,2025,4,23,2
42.0,Female,USA,Georgia,Standard,6.2,Tablet,4.0,0,1.9740810260220096,0,2025,3,2,6
59.0,Male,USA,Texas,Standard,16.94,Desktop,0.0,0,2.88703285663065,1,2025,6,21,5
24.0,Male,USA,Wisconsin,Standard,13.79,Smart TV,5.0,1,2.6939512767227085,0,2023,6,12,0
55.0,Male,USA,Illinois,Standard,33.24,Gaming Console,5.0,1,3.5333945512735414,0,2023,4,8,5
48.0,Female,USA,North Carolina,Standard,8.85,Tablet,3.0,0,2.2874714551839976,0,2023,5,3,2
44.0,Other,USA,Wisconsin,Premium,20.39,Laptop,2.0,0,3.062923523094314,0,2024,7,17,2
35.0,Female,USA,North Carolina,Premium,28.13,Tablet,5.0,0,3.3717685709713434,0,2025,1,30,3
37.0,Other,USA,Pennsylvania,Premium+,11.14,Desktop,2.0,0,2.4965057856313524,0,2025,7,7,0
47.0,Female,Canada,Nova Scotia,Basic,11.16,Tablet,4.0,0,2.498151876538021,0,2022,8,17,2
27.0,Male,Canada,Quebec,Premium+,32.3,Gaming Console,3.0,0,3.505557396986398,0,2024,5,16,3
36.0,Female,Canada,Ontario,Basic,20.46,Tablet,1.0,0,3.0661907372025525,0,2023,10,11,2
15.0,Male,USA,Tennessee,Standard,7.08,Tablet,3.0,0,2.089391872533004,0,2022,8,19,4
45.0,Male,USA,Michigan,Premium+,21.37,Laptop,2.0,0,3.107720775502038,0,2025,1,14,1
22.0,Female,USA,Illinois,Standard,11.23,Laptop,2.0,0,2.503891949699081,0,2023,1,9,0
15.0,Female,USA,Ohio,Standard,17.81,Smart TV,4.0,0,2.934388643312939,0,2023,3,7,1
42.0,Female,Canada,Ontario,Basic,34.64,Laptop,1.0,0,3.573468602602609,0,2023,9,23,5
51.0,Female,Canada,Newfoundland and Labrador,Premium,5.98,Desktop,2.0,0,1.9430489167742813,0,2025,1,24,4
41.0,Female,USA,Washington,Standard,43.2,Smart TV,3.0,0,3.7887247890836524,0,2023,1,24,1
55.0,Male,USA,Maryland,Premium,25.21,Laptop,8.0,0,3.266141017335315,0,2024,8,25,6
26.0,Female,USA,Wisconsin,Basic,12.36,Gaming Console,5.0,0,2.5922651681085,0,2023,12,5,1
32.0,Female,USA,Tennessee,Standard,24.23,Laptop,3.0,0,3.2280337626529665,0,2025,2,3,0
37.0,Female,USA,North Carolina,Premium,3.62,Mobile,3.0,0,1.5303947050936475,0,2024,9,3,1
23.0,Male,USA,Maryland,Premium+,23.04,Desktop,3.0,0,3.179719109667007,0,2023,12,5,1
39.0,Female,USA,Florida,Premium,15.08,Mobile,1.0,0,2.77757626375082,0,2023,3,5,6
28.0,Other,USA,Texas,Premium+,5.41,Desktop,4.0,0,1.8578592709325787,0,2025,6,23,0
41.0,Female,Canada,Nova Scotia,Premium,21.811017452655033,Desktop,3.0,0,3.1272436408541084,0,2025,1,17,4
59.0,Female,USA,California,Standard,26.68,Mobile,0.0,0,3.3207101307494686,1,2023,7,22,5
54.0,Male,USA,New Jersey,Premium,10.92,Laptop,5.0,0,2.4782176616372036,0,2023,3,19,6
26.0,Male,Canada,Prince Edward Island,Standard,4.97,Gaming Console,4.0,0,1.7867469274045107,0,2023,8,9,2
35.0,Male,USA,Pennsylvania,Premium+,8.57,Mobile,5.0,0,2.258633205464863,0,2024,11,4,0
35.0,Male,USA,Washington,Standard,10.97,Gaming Console,0.0,0,2.482403519569882,1,2023,11,16,3
29.0,Female,USA,Massachusetts,Standard,657.09,Gaming Console,1.0,0,6.489341700087545,0,2023,5,8,0
28.0,Female,USA,Michigan,Standard,0.83,Laptop,1.0,0,0.6043159668533294,0,2023,8,27,6
36.0,Female,USA,Michigan,Standard,4.8,Desktop,3.0,0,1.7578579175523736,0,2025,4,24,3
21.0,Male,Canada,New Brunswick,Standard,3.26,Laptop,4.0,0,1.449269160281279,0,2025,1,8,2
31.0,Male,Canada,Manitoba,Premium+,9.89,Mobile,5.0,0,2.387844936944869,0,2024,9,26,3
33.0,Female,USA,Georgia,Premium,5.79,Smart TV,2.0,1,1.9154509415706047,0,2022,11,5,5
26.0,Female,USA,Illinois,Basic,20.136172344689378,Laptop,2.0,1,3.0509859018293035,0,2023,4,30,6
43.0,Male,Canada,British Columbia,Basic,4.04,Tablet,2.0,0,1.6174060820832772,0,2024,6,12,2
55.0,Female,USA,Tennessee,Premium,10.34,Smart TV,2.0,0,2.428336298299606,0,2025,3,3,0
43.0,Male,USA,Pennsylvania,Basic,4.03,Gaming Console,1.0,1,1.6154199841116479,0,2024,6,15,5
33.0,Female,USA,Washington,Standard,9.11,Mobile,3.0,0,2.3135250330323798,0,2023,4,7,4
15.0,Male,USA,Virginia,Premium,24.78,Desktop,1.0,0,3.2495989975110415,0,2023,1,16,0
39.0,Male,USA,Maryland,Premium,14.71,Desktop,6.0,0,2.75429745226753,0,2023,12,28,3
30.0,Female,Canada,Saskatchewan,Premium,17.71,Tablet,2.0,0,2.9290581402859983,0,2022,9,13,1
52.0,Male,Canada,Newfoundland and Labrador,Premium,17.72,Tablet,5.0,0,2.929592471049446,0,2023,10,10,1
45.0,Male,Canada,New Brunswick,Basic,20.136172344689378,Mobile,0.0,0,3.0509859018293035,1,2024,10,15,1
27.0,Female,Canada,Prince Edward Island,Premium+,15.3,Desktop,4.0,0,2.791165107812717,0,2023,8,19,5
29.0,Other,USA,Wisconsin,Premium,11.91,Desktop,2.0,0,2.558002204858551,0,2023,4,19,2
47.0,Female,USA,Florida,Standard,17.67,Laptop,3.0,0,2.9269179575536315,0,2024,8,24,5
26.0,Female,USA,Maryland,Basic,5.64,Desktop,3.0,0,1.8931119634883424,0,2023,11,29,2
37.0,Female,USA,Wisconsin,Standard,28.31,Smart TV,3.0,0,3.377928754722801,0,2024,9,12,3
30.0,Other,USA,Arizona,Premium,13.19,Mobile,5.0,0,2.6525374911719513,0,2023,6,26,0
33.0,Male,USA,Pennsylvania,Premium,10.4,Smart TV,2.0,1,2.4336133554004498,0,2024,6,29,5
37.0,Other,USA,Michigan,Standard,7.68,Gaming Console,1.0,0,2.1610215286722587,0,2024,10,23,2
51.0,Male,USA,Arizona,Premium,21.811017452655033,Tablet,4.0,0,3.1272436408541084,0,2025,4,13,6
47.0,Male,Canada,British Columbia,Premium,21.84,Gaming Console,5.0,0,3.1285133847878095,0,2025,2,14,4
38.0,Female,USA,Indiana,Premium+,12.73,Mobile,4.0,0,2.6195832197798796,0,2024,4,10,2
39.0,Female,USA,Missouri,Basic,4.91,Desktop,1.0,0,1.776645831418007,0,2023,6,12,0
57.0,Male,USA,Ohio,Basic,3.64,Smart TV,5.0,0,1.534714366238164,0,2023,6,25,6
33.0,Female,USA,Illinois,Standard,1.0,Mobile,5.0,1,0.6931471805599453,0,2025,1,2,3
31.0,Male,Canada,Saskatchewan,Basic,13.4,Gaming Console,4.0,0,2.667228206581955,0,2024,8,17,5
46.0,Female,USA,Texas,Premium+,5.13,Desktop,2.0,0,1.81319474994812,0,2024,7,9,1
33.0,Male,USA,North Carolina,Standard,12.1,Smart TV,2.0,0,2.5726122302071057,0,2023,10,4,2
30.0,Female,Canada,British Columbia,Premium,14.73,Desktop,1.0,0,2.7555697170701863,0,2025,5,12,0
40.0,Male,Canada,Ontario,Premium,17.95,Desktop,1.0,0,2.9418039315284354,0,2022,9,26,0
